solid relay_module_5v_1ch
  facet normal 0.000000 -1.000000 0.000000
    outer loop
      vertex -25.000000 1.600000 -13.000000
      vertex 25.000000 1.600000 -13.000000
      vertex 25.000000 1.600000 13.000000
    endloop
  endfacet
  facet normal 0.000000 -1.000000 0.000000
    outer loop
      vertex -25.000000 1.600000 -13.000000
      vertex 25.000000 1.600000 13.000000
      vertex -25.000000 1.600000 13.000000
    endloop
  endfacet
  facet normal 0.000000 1.000000 0.000000
    outer loop
      vertex -25.000000 0.000000 13.000000
      vertex 25.000000 0.000000 13.000000
      vertex 25.000000 0.000000 -13.000000
    endloop
  endfacet
  facet normal 0.000000 1.000000 0.000000
    outer loop
      vertex -25.000000 0.000000 13.000000
      vertex 25.000000 0.000000 -13.000000
      vertex -25.000000 0.000000 -13.000000
    endloop
  endfacet
  facet normal 0.000000 0.000000 -1.000000
    outer loop
      vertex -25.000000 1.600000 13.000000
      vertex 25.000000 1.600000 13.000000
      vertex 25.000000 0.000000 13.000000
    endloop
  endfacet
  facet normal 0.000000 0.000000 -1.000000
    outer loop
      vertex -25.000000 1.600000 13.000000
      vertex 25.000000 0.000000 13.000000
      vertex -25.000000 0.000000 13.000000
    endloop
  endfacet
  facet normal 0.000000 0.000000 1.000000
    outer loop
      vertex 25.000000 0.000000 -13.000000
      vertex 25.000000 1.600000 -13.000000
      vertex -25.000000 1.600000 -13.000000
    endloop
  endfacet
  facet normal 0.000000 0.000000 1.000000
    outer loop
      vertex 25.000000 0.000000 -13.000000
      vertex -25.000000 1.600000 -13.000000
      vertex -25.000000 0.000000 -13.000000
    endloop
  endfacet
  facet normal -1.000000 0.000000 0.000000
    outer loop
      vertex 25.000000 0.000000 13.000000
      vertex 25.000000 1.600000 13.000000
      vertex 25.000000 1.600000 -13.000000
    endloop
  endfacet
  facet normal -1.000000 0.000000 0.000000
    outer loop
      vertex 25.000000 0.000000 13.000000
      vertex 25.000000 1.600000 -13.000000
      vertex 25.000000 0.000000 -13.000000
    endloop
  endfacet
  facet normal 1.000000 0.000000 0.000000
    outer loop
      vertex -25.000000 0.000000 -13.000000
      vertex -25.000000 1.600000 -13.000000
      vertex -25.000000 1.600000 13.000000
    endloop
  endfacet
  facet normal 1.000000 0.000000 0.000000
    outer loop
      vertex -25.000000 0.000000 -13.000000
      vertex -25.000000 1.600000 13.000000
      vertex -25.000000 0.000000 13.000000
    endloop
  endfacet
  facet normal 0.000000 -1.000000 0.000000
    outer loop
      vertex -7.450000 7.225000 -11.560000
      vertex -5.250000 7.225000 -11.560000
      vertex -5.250000 7.225000 -9.360000
    endloop
  endfacet
  facet normal 0.000000 -1.000000 0.000000
    outer loop
      vertex -7.450000 7.225000 -11.560000
      vertex -5.250000 7.225000 -9.360000
      vertex -7.450000 7.225000 -9.360000
    endloop
  endfacet
  facet normal 0.000000 1.000000 0.000000
    outer loop
      vertex -7.450000 5.675000 -9.360000
      vertex -5.250000 5.675000 -9.360000
      vertex -5.250000 5.675000 -11.560000
    endloop
  endfacet
  facet normal 0.000000 1.000000 0.000000
    outer loop
      vertex -7.450000 5.675000 -9.360000
      vertex -5.250000 5.675000 -11.560000
      vertex -7.450000 5.675000 -11.560000
    endloop
  endfacet
  facet normal 0.000000 0.000000 -1.000000
    outer loop
      vertex -7.450000 7.225000 -9.360000
      vertex -5.250000 7.225000 -9.360000
      vertex -5.250000 5.675000 -9.360000
    endloop
  endfacet
  facet normal 0.000000 0.000000 -1.000000
    outer loop
      vertex -7.450000 7.225000 -9.360000
      vertex -5.250000 5.675000 -9.360000
      vertex -7.450000 5.675000 -9.360000
    endloop
  endfacet
  facet normal 0.000000 0.000000 1.000000
    outer loop
      vertex -5.250000 5.675000 -11.560000
      vertex -5.250000 7.225000 -11.560000
      vertex -7.450000 7.225000 -11.560000
    endloop
  endfacet
  facet normal 0.000000 0.000000 1.000000
    outer loop
      vertex -5.250000 5.675000 -11.560000
      vertex -7.450000 7.225000 -11.560000
      vertex -7.450000 5.675000 -11.560000
    endloop
  endfacet
  facet normal -1.000000 0.000000 0.000000
    outer loop
      vertex -5.250000 5.675000 -9.360000
      vertex -5.250000 7.225000 -9.360000
      vertex -5.250000 7.225000 -11.560000
    endloop
  endfacet
  facet normal -1.000000 0.000000 0.000000
    outer loop
      vertex -5.250000 5.675000 -9.360000
      vertex -5.250000 7.225000 -11.560000
      vertex -5.250000 5.675000 -11.560000
    endloop
  endfacet
  facet normal 1.000000 0.000000 0.000000
    outer loop
      vertex -7.450000 5.675000 -11.560000
      vertex -7.450000 7.225000 -11.560000
      vertex -7.450000 7.225000 -9.360000
    endloop
  endfacet
  facet normal 1.000000 0.000000 0.000000
    outer loop
      vertex -7.450000 5.675000 -11.560000
      vertex -7.450000 7.225000 -9.360000
      vertex -7.450000 5.675000 -9.360000
    endloop
  endfacet
  facet normal 0.000000 -1.000000 0.000000
    outer loop
      vertex -6.680000 11.200000 -10.790000
      vertex -6.020000 11.200000 -10.790000
      vertex -6.020000 11.200000 -10.130000
    endloop
  endfacet
  facet normal 0.000000 -1.000000 0.000000
    outer loop
      vertex -6.680000 11.200000 -10.790000
      vertex -6.020000 11.200000 -10.130000
      vertex -6.680000 11.200000 -10.130000
    endloop
  endfacet
  facet normal 0.000000 1.000000 0.000000
    outer loop
      vertex -6.680000 6.000000 -10.130000
      vertex -6.020000 6.000000 -10.130000
      vertex -6.020000 6.000000 -10.790000
    endloop
  endfacet
  facet normal 0.000000 1.000000 0.000000
    outer loop
      vertex -6.680000 6.000000 -10.130000
      vertex -6.020000 6.000000 -10.790000
      vertex -6.680000 6.000000 -10.790000
    endloop
  endfacet
  facet normal 0.000000 0.000000 -1.000000
    outer loop
      vertex -6.680000 11.200000 -10.130000
      vertex -6.020000 11.200000 -10.130000
      vertex -6.020000 6.000000 -10.130000
    endloop
  endfacet
  facet normal 0.000000 0.000000 -1.000000
    outer loop
      vertex -6.680000 11.200000 -10.130000
      vertex -6.020000 6.000000 -10.130000
      vertex -6.680000 6.000000 -10.130000
    endloop
  endfacet
  facet normal 0.000000 0.000000 1.000000
    outer loop
      vertex -6.020000 6.000000 -10.790000
      vertex -6.020000 11.200000 -10.790000
      vertex -6.680000 11.200000 -10.790000
    endloop
  endfacet
  facet normal 0.000000 0.000000 1.000000
    outer loop
      vertex -6.020000 6.000000 -10.790000
      vertex -6.680000 11.200000 -10.790000
      vertex -6.680000 6.000000 -10.790000
    endloop
  endfacet
  facet normal -1.000000 0.000000 0.000000
    outer loop
      vertex -6.020000 6.000000 -10.130000
      vertex -6.020000 11.200000 -10.130000
      vertex -6.020000 11.200000 -10.790000
    endloop
  endfacet
  facet normal -1.000000 0.000000 0.000000
    outer loop
      vertex -6.020000 6.000000 -10.130000
      vertex -6.020000 11.200000 -10.790000
      vertex -6.020000 6.000000 -10.790000
    endloop
  endfacet
  facet normal 1.000000 0.000000 0.000000
    outer loop
      vertex -6.680000 6.000000 -10.790000
      vertex -6.680000 11.200000 -10.790000
      vertex -6.680000 11.200000 -10.130000
    endloop
  endfacet
  facet normal 1.000000 0.000000 0.000000
    outer loop
      vertex -6.680000 6.000000 -10.790000
      vertex -6.680000 11.200000 -10.130000
      vertex -6.680000 6.000000 -10.130000
    endloop
  endfacet
  facet normal 0.000000 -1.000000 0.000000
    outer loop
      vertex -4.910000 7.225000 -11.560000
      vertex -2.710000 7.225000 -11.560000
      vertex -2.710000 7.225000 -9.360000
    endloop
  endfacet
  facet normal 0.000000 -1.000000 0.000000
    outer loop
      vertex -4.910000 7.225000 -11.560000
      vertex -2.710000 7.225000 -9.360000
      vertex -4.910000 7.225000 -9.360000
    endloop
  endfacet
  facet normal 0.000000 1.000000 0.000000
    outer loop
      vertex -4.910000 5.675000 -9.360000
      vertex -2.710000 5.675000 -9.360000
      vertex -2.710000 5.675000 -11.560000
    endloop
  endfacet
  facet normal 0.000000 1.000000 0.000000
    outer loop
      vertex -4.910000 5.675000 -9.360000
      vertex -2.710000 5.675000 -11.560000
      vertex -4.910000 5.675000 -11.560000
    endloop
  endfacet
  facet normal 0.000000 0.000000 -1.000000
    outer loop
      vertex -4.910000 7.225000 -9.360000
      vertex -2.710000 7.225000 -9.360000
      vertex -2.710000 5.675000 -9.360000
    endloop
  endfacet
  facet normal 0.000000 0.000000 -1.000000
    outer loop
      vertex -4.910000 7.225000 -9.360000
      vertex -2.710000 5.675000 -9.360000
      vertex -4.910000 5.675000 -9.360000
    endloop
  endfacet
  facet normal 0.000000 0.000000 1.000000
    outer loop
      vertex -2.710000 5.675000 -11.560000
      vertex -2.710000 7.225000 -11.560000
      vertex -4.910000 7.225000 -11.560000
    endloop
  endfacet
  facet normal 0.000000 0.000000 1.000000
    outer loop
      vertex -2.710000 5.675000 -11.560000
      vertex -4.910000 7.225000 -11.560000
      vertex -4.910000 5.675000 -11.560000
    endloop
  endfacet
  facet normal -1.000000 0.000000 0.000000
    outer loop
      vertex -2.710000 5.675000 -9.360000
      vertex -2.710000 7.225000 -9.360000
      vertex -2.710000 7.225000 -11.560000
    endloop
  endfacet
  facet normal -1.000000 0.000000 0.000000
    outer loop
      vertex -2.710000 5.675000 -9.360000
      vertex -2.710000 7.225000 -11.560000
      vertex -2.710000 5.675000 -11.560000
    endloop
  endfacet
  facet normal 1.000000 0.000000 0.000000
    outer loop
      vertex -4.910000 5.675000 -11.560000
      vertex -4.910000 7.225000 -11.560000
      vertex -4.910000 7.225000 -9.360000
    endloop
  endfacet
  facet normal 1.000000 0.000000 0.000000
    outer loop
      vertex -4.910000 5.675000 -11.560000
      vertex -4.910000 7.225000 -9.360000
      vertex -4.910000 5.675000 -9.360000
    endloop
  endfacet
  facet normal 0.000000 -1.000000 0.000000
    outer loop
      vertex -4.140000 11.200000 -10.790000
      vertex -3.480000 11.200000 -10.790000
      vertex -3.480000 11.200000 -10.130000
    endloop
  endfacet
  facet normal 0.000000 -1.000000 0.000000
    outer loop
      vertex -4.140000 11.200000 -10.790000
      vertex -3.480000 11.200000 -10.130000
      vertex -4.140000 11.200000 -10.130000
    endloop
  endfacet
  facet normal 0.000000 1.000000 0.000000
    outer loop
      vertex -4.140000 6.000000 -10.130000
      vertex -3.480000 6.000000 -10.130000
      vertex -3.480000 6.000000 -10.790000
    endloop
  endfacet
  facet normal 0.000000 1.000000 0.000000
    outer loop
      vertex -4.140000 6.000000 -10.130000
      vertex -3.480000 6.000000 -10.790000
      vertex -4.140000 6.000000 -10.790000
    endloop
  endfacet
  facet normal 0.000000 0.000000 -1.000000
    outer loop
      vertex -4.140000 11.200000 -10.130000
      vertex -3.480000 11.200000 -10.130000
      vertex -3.480000 6.000000 -10.130000
    endloop
  endfacet
  facet normal 0.000000 0.000000 -1.000000
    outer loop
      vertex -4.140000 11.200000 -10.130000
      vertex -3.480000 6.000000 -10.130000
      vertex -4.140000 6.000000 -10.130000
    endloop
  endfacet
  facet normal 0.000000 0.000000 1.000000
    outer loop
      vertex -3.480000 6.000000 -10.790000
      vertex -3.480000 11.200000 -10.790000
      vertex -4.140000 11.200000 -10.790000
    endloop
  endfacet
  facet normal 0.000000 0.000000 1.000000
    outer loop
      vertex -3.480000 6.000000 -10.790000
      vertex -4.140000 11.200000 -10.790000
      vertex -4.140000 6.000000 -10.790000
    endloop
  endfacet
  facet normal -1.000000 0.000000 0.000000
    outer loop
      vertex -3.480000 6.000000 -10.130000
      vertex -3.480000 11.200000 -10.130000
      vertex -3.480000 11.200000 -10.790000
    endloop
  endfacet
  facet normal -1.000000 0.000000 0.000000
    outer loop
      vertex -3.480000 6.000000 -10.130000
      vertex -3.480000 11.200000 -10.790000
      vertex -3.480000 6.000000 -10.790000
    endloop
  endfacet
  facet normal 1.000000 0.000000 0.000000
    outer loop
      vertex -4.140000 6.000000 -10.790000
      vertex -4.140000 11.200000 -10.790000
      vertex -4.140000 11.200000 -10.130000
    endloop
  endfacet
  facet normal 1.000000 0.000000 0.000000
    outer loop
      vertex -4.140000 6.000000 -10.790000
      vertex -4.140000 11.200000 -10.130000
      vertex -4.140000 6.000000 -10.130000
    endloop
  endfacet
  facet normal 0.000000 -1.000000 0.000000
    outer loop
      vertex -2.370000 7.225000 -11.560000
      vertex -0.170000 7.225000 -11.560000
      vertex -0.170000 7.225000 -9.360000
    endloop
  endfacet
  facet normal 0.000000 -1.000000 0.000000
    outer loop
      vertex -2.370000 7.225000 -11.560000
      vertex -0.170000 7.225000 -9.360000
      vertex -2.370000 7.225000 -9.360000
    endloop
  endfacet
  facet normal 0.000000 1.000000 0.000000
    outer loop
      vertex -2.370000 5.675000 -9.360000
      vertex -0.170000 5.675000 -9.360000
      vertex -0.170000 5.675000 -11.560000
    endloop
  endfacet
  facet normal 0.000000 1.000000 0.000000
    outer loop
      vertex -2.370000 5.675000 -9.360000
      vertex -0.170000 5.675000 -11.560000
      vertex -2.370000 5.675000 -11.560000
    endloop
  endfacet
  facet normal 0.000000 0.000000 -1.000000
    outer loop
      vertex -2.370000 7.225000 -9.360000
      vertex -0.170000 7.225000 -9.360000
      vertex -0.170000 5.675000 -9.360000
    endloop
  endfacet
  facet normal 0.000000 0.000000 -1.000000
    outer loop
      vertex -2.370000 7.225000 -9.360000
      vertex -0.170000 5.675000 -9.360000
      vertex -2.370000 5.675000 -9.360000
    endloop
  endfacet
  facet normal 0.000000 0.000000 1.000000
    outer loop
      vertex -0.170000 5.675000 -11.560000
      vertex -0.170000 7.225000 -11.560000
      vertex -2.370000 7.225000 -11.560000
    endloop
  endfacet
  facet normal 0.000000 0.000000 1.000000
    outer loop
      vertex -0.170000 5.675000 -11.560000
      vertex -2.370000 7.225000 -11.560000
      vertex -2.370000 5.675000 -11.560000
    endloop
  endfacet
  facet normal -1.000000 0.000000 0.000000
    outer loop
      vertex -0.170000 5.675000 -9.360000
      vertex -0.170000 7.225000 -9.360000
      vertex -0.170000 7.225000 -11.560000
    endloop
  endfacet
  facet normal -1.000000 0.000000 0.000000
    outer loop
      vertex -0.170000 5.675000 -9.360000
      vertex -0.170000 7.225000 -11.560000
      vertex -0.170000 5.675000 -11.560000
    endloop
  endfacet
  facet normal 1.000000 0.000000 0.000000
    outer loop
      vertex -2.370000 5.675000 -11.560000
      vertex -2.370000 7.225000 -11.560000
      vertex -2.370000 7.225000 -9.360000
    endloop
  endfacet
  facet normal 1.000000 0.000000 0.000000
    outer loop
      vertex -2.370000 5.675000 -11.560000
      vertex -2.370000 7.225000 -9.360000
      vertex -2.370000 5.675000 -9.360000
    endloop
  endfacet
  facet normal 0.000000 -1.000000 0.000000
    outer loop
      vertex -1.600000 11.200000 -10.790000
      vertex -0.940000 11.200000 -10.790000
      vertex -0.940000 11.200000 -10.130000
    endloop
  endfacet
  facet normal 0.000000 -1.000000 0.000000
    outer loop
      vertex -1.600000 11.200000 -10.790000
      vertex -0.940000 11.200000 -10.130000
      vertex -1.600000 11.200000 -10.130000
    endloop
  endfacet
  facet normal 0.000000 1.000000 0.000000
    outer loop
      vertex -1.600000 6.000000 -10.130000
      vertex -0.940000 6.000000 -10.130000
      vertex -0.940000 6.000000 -10.790000
    endloop
  endfacet
  facet normal 0.000000 1.000000 0.000000
    outer loop
      vertex -1.600000 6.000000 -10.130000
      vertex -0.940000 6.000000 -10.790000
      vertex -1.600000 6.000000 -10.790000
    endloop
  endfacet
  facet normal 0.000000 0.000000 -1.000000
    outer loop
      vertex -1.600000 11.200000 -10.130000
      vertex -0.940000 11.200000 -10.130000
      vertex -0.940000 6.000000 -10.130000
    endloop
  endfacet
  facet normal 0.000000 0.000000 -1.000000
    outer loop
      vertex -1.600000 11.200000 -10.130000
      vertex -0.940000 6.000000 -10.130000
      vertex -1.600000 6.000000 -10.130000
    endloop
  endfacet
  facet normal 0.000000 0.000000 1.000000
    outer loop
      vertex -0.940000 6.000000 -10.790000
      vertex -0.940000 11.200000 -10.790000
      vertex -1.600000 11.200000 -10.790000
    endloop
  endfacet
  facet normal 0.000000 0.000000 1.000000
    outer loop
      vertex -0.940000 6.000000 -10.790000
      vertex -1.600000 11.200000 -10.790000
      vertex -1.600000 6.000000 -10.790000
    endloop
  endfacet
  facet normal -1.000000 0.000000 0.000000
    outer loop
      vertex -0.940000 6.000000 -10.130000
      vertex -0.940000 11.200000 -10.130000
      vertex -0.940000 11.200000 -10.790000
    endloop
  endfacet
  facet normal -1.000000 0.000000 0.000000
    outer loop
      vertex -0.940000 6.000000 -10.130000
      vertex -0.940000 11.200000 -10.790000
      vertex -0.940000 6.000000 -10.790000
    endloop
  endfacet
  facet normal 1.000000 0.000000 0.000000
    outer loop
      vertex -1.600000 6.000000 -10.790000
      vertex -1.600000 11.200000 -10.790000
      vertex -1.600000 11.200000 -10.130000
    endloop
  endfacet
  facet normal 1.000000 0.000000 0.000000
    outer loop
      vertex -1.600000 6.000000 -10.790000
      vertex -1.600000 11.200000 -10.130000
      vertex -1.600000 6.000000 -10.130000
    endloop
  endfacet
  facet normal 0.000000 -1.000000 0.000000
    outer loop
      vertex 0.170000 7.225000 -11.560000
      vertex 2.370000 7.225000 -11.560000
      vertex 2.370000 7.225000 -9.360000
    endloop
  endfacet
  facet normal 0.000000 -1.000000 0.000000
    outer loop
      vertex 0.170000 7.225000 -11.560000
      vertex 2.370000 7.225000 -9.360000
      vertex 0.170000 7.225000 -9.360000
    endloop
  endfacet
  facet normal 0.000000 1.000000 0.000000
    outer loop
      vertex 0.170000 5.675000 -9.360000
      vertex 2.370000 5.675000 -9.360000
      vertex 2.370000 5.675000 -11.560000
    endloop
  endfacet
  facet normal 0.000000 1.000000 0.000000
    outer loop
      vertex 0.170000 5.675000 -9.360000
      vertex 2.370000 5.675000 -11.560000
      vertex 0.170000 5.675000 -11.560000
    endloop
  endfacet
  facet normal 0.000000 0.000000 -1.000000
    outer loop
      vertex 0.170000 7.225000 -9.360000
      vertex 2.370000 7.225000 -9.360000
      vertex 2.370000 5.675000 -9.360000
    endloop
  endfacet
  facet normal 0.000000 0.000000 -1.000000
    outer loop
      vertex 0.170000 7.225000 -9.360000
      vertex 2.370000 5.675000 -9.360000
      vertex 0.170000 5.675000 -9.360000
    endloop
  endfacet
  facet normal 0.000000 0.000000 1.000000
    outer loop
      vertex 2.370000 5.675000 -11.560000
      vertex 2.370000 7.225000 -11.560000
      vertex 0.170000 7.225000 -11.560000
    endloop
  endfacet
  facet normal 0.000000 0.000000 1.000000
    outer loop
      vertex 2.370000 5.675000 -11.560000
      vertex 0.170000 7.225000 -11.560000
      vertex 0.170000 5.675000 -11.560000
    endloop
  endfacet
  facet normal -1.000000 0.000000 0.000000
    outer loop
      vertex 2.370000 5.675000 -9.360000
      vertex 2.370000 7.225000 -9.360000
      vertex 2.370000 7.225000 -11.560000
    endloop
  endfacet
  facet normal -1.000000 0.000000 0.000000
    outer loop
      vertex 2.370000 5.675000 -9.360000
      vertex 2.370000 7.225000 -11.560000
      vertex 2.370000 5.675000 -11.560000
    endloop
  endfacet
  facet normal 1.000000 0.000000 0.000000
    outer loop
      vertex 0.170000 5.675000 -11.560000
      vertex 0.170000 7.225000 -11.560000
      vertex 0.170000 7.225000 -9.360000
    endloop
  endfacet
  facet normal 1.000000 0.000000 0.000000
    outer loop
      vertex 0.170000 5.675000 -11.560000
      vertex 0.170000 7.225000 -9.360000
      vertex 0.170000 5.675000 -9.360000
    endloop
  endfacet
  facet normal 0.000000 -1.000000 0.000000
    outer loop
      vertex 0.940000 11.200000 -10.790000
      vertex 1.600000 11.200000 -10.790000
      vertex 1.600000 11.200000 -10.130000
    endloop
  endfacet
  facet normal 0.000000 -1.000000 0.000000
    outer loop
      vertex 0.940000 11.200000 -10.790000
      vertex 1.600000 11.200000 -10.130000
      vertex 0.940000 11.200000 -10.130000
    endloop
  endfacet
  facet normal 0.000000 1.000000 0.000000
    outer loop
      vertex 0.940000 6.000000 -10.130000
      vertex 1.600000 6.000000 -10.130000
      vertex 1.600000 6.000000 -10.790000
    endloop
  endfacet
  facet normal 0.000000 1.000000 0.000000
    outer loop
      vertex 0.940000 6.000000 -10.130000
      vertex 1.600000 6.000000 -10.790000
      vertex 0.940000 6.000000 -10.790000
    endloop
  endfacet
  facet normal 0.000000 0.000000 -1.000000
    outer loop
      vertex 0.940000 11.200000 -10.130000
      vertex 1.600000 11.200000 -10.130000
      vertex 1.600000 6.000000 -10.130000
    endloop
  endfacet
  facet normal 0.000000 0.000000 -1.000000
    outer loop
      vertex 0.940000 11.200000 -10.130000
      vertex 1.600000 6.000000 -10.130000
      vertex 0.940000 6.000000 -10.130000
    endloop
  endfacet
  facet normal 0.000000 0.000000 1.000000
    outer loop
      vertex 1.600000 6.000000 -10.790000
      vertex 1.600000 11.200000 -10.790000
      vertex 0.940000 11.200000 -10.790000
    endloop
  endfacet
  facet normal 0.000000 0.000000 1.000000
    outer loop
      vertex 1.600000 6.000000 -10.790000
      vertex 0.940000 11.200000 -10.790000
      vertex 0.940000 6.000000 -10.790000
    endloop
  endfacet
  facet normal -1.000000 0.000000 0.000000
    outer loop
      vertex 1.600000 6.000000 -10.130000
      vertex 1.600000 11.200000 -10.130000
      vertex 1.600000 11.200000 -10.790000
    endloop
  endfacet
  facet normal -1.000000 0.000000 0.000000
    outer loop
      vertex 1.600000 6.000000 -10.130000
      vertex 1.600000 11.200000 -10.790000
      vertex 1.600000 6.000000 -10.790000
    endloop
  endfacet
  facet normal 1.000000 0.000000 0.000000
    outer loop
      vertex 0.940000 6.000000 -10.790000
      vertex 0.940000 11.200000 -10.790000
      vertex 0.940000 11.200000 -10.130000
    endloop
  endfacet
  facet normal 1.000000 0.000000 0.000000
    outer loop
      vertex 0.940000 6.000000 -10.790000
      vertex 0.940000 11.200000 -10.130000
      vertex 0.940000 6.000000 -10.130000
    endloop
  endfacet
  facet normal 0.000000 -1.000000 0.000000
    outer loop
      vertex 2.710000 7.225000 -11.560000
      vertex 4.910000 7.225000 -11.560000
      vertex 4.910000 7.225000 -9.360000
    endloop
  endfacet
  facet normal 0.000000 -1.000000 0.000000
    outer loop
      vertex 2.710000 7.225000 -11.560000
      vertex 4.910000 7.225000 -9.360000
      vertex 2.710000 7.225000 -9.360000
    endloop
  endfacet
  facet normal 0.000000 1.000000 0.000000
    outer loop
      vertex 2.710000 5.675000 -9.360000
      vertex 4.910000 5.675000 -9.360000
      vertex 4.910000 5.675000 -11.560000
    endloop
  endfacet
  facet normal 0.000000 1.000000 0.000000
    outer loop
      vertex 2.710000 5.675000 -9.360000
      vertex 4.910000 5.675000 -11.560000
      vertex 2.710000 5.675000 -11.560000
    endloop
  endfacet
  facet normal 0.000000 0.000000 -1.000000
    outer loop
      vertex 2.710000 7.225000 -9.360000
      vertex 4.910000 7.225000 -9.360000
      vertex 4.910000 5.675000 -9.360000
    endloop
  endfacet
  facet normal 0.000000 0.000000 -1.000000
    outer loop
      vertex 2.710000 7.225000 -9.360000
      vertex 4.910000 5.675000 -9.360000
      vertex 2.710000 5.675000 -9.360000
    endloop
  endfacet
  facet normal 0.000000 0.000000 1.000000
    outer loop
      vertex 4.910000 5.675000 -11.560000
      vertex 4.910000 7.225000 -11.560000
      vertex 2.710000 7.225000 -11.560000
    endloop
  endfacet
  facet normal 0.000000 0.000000 1.000000
    outer loop
      vertex 4.910000 5.675000 -11.560000
      vertex 2.710000 7.225000 -11.560000
      vertex 2.710000 5.675000 -11.560000
    endloop
  endfacet
  facet normal -1.000000 0.000000 0.000000
    outer loop
      vertex 4.910000 5.675000 -9.360000
      vertex 4.910000 7.225000 -9.360000
      vertex 4.910000 7.225000 -11.560000
    endloop
  endfacet
  facet normal -1.000000 0.000000 0.000000
    outer loop
      vertex 4.910000 5.675000 -9.360000
      vertex 4.910000 7.225000 -11.560000
      vertex 4.910000 5.675000 -11.560000
    endloop
  endfacet
  facet normal 1.000000 0.000000 0.000000
    outer loop
      vertex 2.710000 5.675000 -11.560000
      vertex 2.710000 7.225000 -11.560000
      vertex 2.710000 7.225000 -9.360000
    endloop
  endfacet
  facet normal 1.000000 0.000000 0.000000
    outer loop
      vertex 2.710000 5.675000 -11.560000
      vertex 2.710000 7.225000 -9.360000
      vertex 2.710000 5.675000 -9.360000
    endloop
  endfacet
  facet normal 0.000000 -1.000000 0.000000
    outer loop
      vertex 3.480000 11.200000 -10.790000
      vertex 4.140000 11.200000 -10.790000
      vertex 4.140000 11.200000 -10.130000
    endloop
  endfacet
  facet normal 0.000000 -1.000000 0.000000
    outer loop
      vertex 3.480000 11.200000 -10.790000
      vertex 4.140000 11.200000 -10.130000
      vertex 3.480000 11.200000 -10.130000
    endloop
  endfacet
  facet normal 0.000000 1.000000 0.000000
    outer loop
      vertex 3.480000 6.000000 -10.130000
      vertex 4.140000 6.000000 -10.130000
      vertex 4.140000 6.000000 -10.790000
    endloop
  endfacet
  facet normal 0.000000 1.000000 0.000000
    outer loop
      vertex 3.480000 6.000000 -10.130000
      vertex 4.140000 6.000000 -10.790000
      vertex 3.480000 6.000000 -10.790000
    endloop
  endfacet
  facet normal 0.000000 0.000000 -1.000000
    outer loop
      vertex 3.480000 11.200000 -10.130000
      vertex 4.140000 11.200000 -10.130000
      vertex 4.140000 6.000000 -10.130000
    endloop
  endfacet
  facet normal 0.000000 0.000000 -1.000000
    outer loop
      vertex 3.480000 11.200000 -10.130000
      vertex 4.140000 6.000000 -10.130000
      vertex 3.480000 6.000000 -10.130000
    endloop
  endfacet
  facet normal 0.000000 0.000000 1.000000
    outer loop
      vertex 4.140000 6.000000 -10.790000
      vertex 4.140000 11.200000 -10.790000
      vertex 3.480000 11.200000 -10.790000
    endloop
  endfacet
  facet normal 0.000000 0.000000 1.000000
    outer loop
      vertex 4.140000 6.000000 -10.790000
      vertex 3.480000 11.200000 -10.790000
      vertex 3.480000 6.000000 -10.790000
    endloop
  endfacet
  facet normal -1.000000 0.000000 0.000000
    outer loop
      vertex 4.140000 6.000000 -10.130000
      vertex 4.140000 11.200000 -10.130000
      vertex 4.140000 11.200000 -10.790000
    endloop
  endfacet
  facet normal -1.000000 0.000000 0.000000
    outer loop
      vertex 4.140000 6.000000 -10.130000
      vertex 4.140000 11.200000 -10.790000
      vertex 4.140000 6.000000 -10.790000
    endloop
  endfacet
  facet normal 1.000000 0.000000 0.000000
    outer loop
      vertex 3.480000 6.000000 -10.790000
      vertex 3.480000 11.200000 -10.790000
      vertex 3.480000 11.200000 -10.130000
    endloop
  endfacet
  facet normal 1.000000 0.000000 0.000000
    outer loop
      vertex 3.480000 6.000000 -10.790000
      vertex 3.480000 11.200000 -10.130000
      vertex 3.480000 6.000000 -10.130000
    endloop
  endfacet
  facet normal 0.000000 -1.000000 0.000000
    outer loop
      vertex 5.250000 7.225000 -11.560000
      vertex 7.450000 7.225000 -11.560000
      vertex 7.450000 7.225000 -9.360000
    endloop
  endfacet
  facet normal 0.000000 -1.000000 0.000000
    outer loop
      vertex 5.250000 7.225000 -11.560000
      vertex 7.450000 7.225000 -9.360000
      vertex 5.250000 7.225000 -9.360000
    endloop
  endfacet
  facet normal 0.000000 1.000000 0.000000
    outer loop
      vertex 5.250000 5.675000 -9.360000
      vertex 7.450000 5.675000 -9.360000
      vertex 7.450000 5.675000 -11.560000
    endloop
  endfacet
  facet normal 0.000000 1.000000 0.000000
    outer loop
      vertex 5.250000 5.675000 -9.360000
      vertex 7.450000 5.675000 -11.560000
      vertex 5.250000 5.675000 -11.560000
    endloop
  endfacet
  facet normal 0.000000 0.000000 -1.000000
    outer loop
      vertex 5.250000 7.225000 -9.360000
      vertex 7.450000 7.225000 -9.360000
      vertex 7.450000 5.675000 -9.360000
    endloop
  endfacet
  facet normal 0.000000 0.000000 -1.000000
    outer loop
      vertex 5.250000 7.225000 -9.360000
      vertex 7.450000 5.675000 -9.360000
      vertex 5.250000 5.675000 -9.360000
    endloop
  endfacet
  facet normal 0.000000 0.000000 1.000000
    outer loop
      vertex 7.450000 5.675000 -11.560000
      vertex 7.450000 7.225000 -11.560000
      vertex 5.250000 7.225000 -11.560000
    endloop
  endfacet
  facet normal 0.000000 0.000000 1.000000
    outer loop
      vertex 7.450000 5.675000 -11.560000
      vertex 5.250000 7.225000 -11.560000
      vertex 5.250000 5.675000 -11.560000
    endloop
  endfacet
  facet normal -1.000000 0.000000 0.000000
    outer loop
      vertex 7.450000 5.675000 -9.360000
      vertex 7.450000 7.225000 -9.360000
      vertex 7.450000 7.225000 -11.560000
    endloop
  endfacet
  facet normal -1.000000 0.000000 0.000000
    outer loop
      vertex 7.450000 5.675000 -9.360000
      vertex 7.450000 7.225000 -11.560000
      vertex 7.450000 5.675000 -11.560000
    endloop
  endfacet
  facet normal 1.000000 0.000000 0.000000
    outer loop
      vertex 5.250000 5.675000 -11.560000
      vertex 5.250000 7.225000 -11.560000
      vertex 5.250000 7.225000 -9.360000
    endloop
  endfacet
  facet normal 1.000000 0.000000 0.000000
    outer loop
      vertex 5.250000 5.675000 -11.560000
      vertex 5.250000 7.225000 -9.360000
      vertex 5.250000 5.675000 -9.360000
    endloop
  endfacet
  facet normal 0.000000 -1.000000 0.000000
    outer loop
      vertex 6.020000 11.200000 -10.790000
      vertex 6.680000 11.200000 -10.790000
      vertex 6.680000 11.200000 -10.130000
    endloop
  endfacet
  facet normal 0.000000 -1.000000 0.000000
    outer loop
      vertex 6.020000 11.200000 -10.790000
      vertex 6.680000 11.200000 -10.130000
      vertex 6.020000 11.200000 -10.130000
    endloop
  endfacet
  facet normal 0.000000 1.000000 0.000000
    outer loop
      vertex 6.020000 6.000000 -10.130000
      vertex 6.680000 6.000000 -10.130000
      vertex 6.680000 6.000000 -10.790000
    endloop
  endfacet
  facet normal 0.000000 1.000000 0.000000
    outer loop
      vertex 6.020000 6.000000 -10.130000
      vertex 6.680000 6.000000 -10.790000
      vertex 6.020000 6.000000 -10.790000
    endloop
  endfacet
  facet normal 0.000000 0.000000 -1.000000
    outer loop
      vertex 6.020000 11.200000 -10.130000
      vertex 6.680000 11.200000 -10.130000
      vertex 6.680000 6.000000 -10.130000
    endloop
  endfacet
  facet normal 0.000000 0.000000 -1.000000
    outer loop
      vertex 6.020000 11.200000 -10.130000
      vertex 6.680000 6.000000 -10.130000
      vertex 6.020000 6.000000 -10.130000
    endloop
  endfacet
  facet normal 0.000000 0.000000 1.000000
    outer loop
      vertex 6.680000 6.000000 -10.790000
      vertex 6.680000 11.200000 -10.790000
      vertex 6.020000 11.200000 -10.790000
    endloop
  endfacet
  facet normal 0.000000 0.000000 1.000000
    outer loop
      vertex 6.680000 6.000000 -10.790000
      vertex 6.020000 11.200000 -10.790000
      vertex 6.020000 6.000000 -10.790000
    endloop
  endfacet
  facet normal -1.000000 0.000000 0.000000
    outer loop
      vertex 6.680000 6.000000 -10.130000
      vertex 6.680000 11.200000 -10.130000
      vertex 6.680000 11.200000 -10.790000
    endloop
  endfacet
  facet normal -1.000000 0.000000 0.000000
    outer loop
      vertex 6.680000 6.000000 -10.130000
      vertex 6.680000 11.200000 -10.790000
      vertex 6.680000 6.000000 -10.790000
    endloop
  endfacet
  facet normal 1.000000 0.000000 0.000000
    outer loop
      vertex 6.020000 6.000000 -10.790000
      vertex 6.020000 11.200000 -10.790000
      vertex 6.020000 11.200000 -10.130000
    endloop
  endfacet
  facet normal 1.000000 0.000000 0.000000
    outer loop
      vertex 6.020000 6.000000 -10.790000
      vertex 6.020000 11.200000 -10.130000
      vertex 6.020000 6.000000 -10.130000
    endloop
  endfacet
  facet normal 0.000000 -1.000000 0.000000
    outer loop
      vertex -1.500000 17.150000 -7.500000
      vertex 17.500000 17.150000 -7.500000
      vertex 17.500000 17.150000 7.500000
    endloop
  endfacet
  facet normal 0.000000 -1.000000 0.000000
    outer loop
      vertex -1.500000 17.150000 -7.500000
      vertex 17.500000 17.150000 7.500000
      vertex -1.500000 17.150000 7.500000
    endloop
  endfacet
  facet normal 0.000000 1.000000 0.000000
    outer loop
      vertex -1.500000 1.650000 7.500000
      vertex 17.500000 1.650000 7.500000
      vertex 17.500000 1.650000 -7.500000
    endloop
  endfacet
  facet normal 0.000000 1.000000 0.000000
    outer loop
      vertex -1.500000 1.650000 7.500000
      vertex 17.500000 1.650000 -7.500000
      vertex -1.500000 1.650000 -7.500000
    endloop
  endfacet
  facet normal 0.000000 0.000000 -1.000000
    outer loop
      vertex -1.500000 17.150000 7.500000
      vertex 17.500000 17.150000 7.500000
      vertex 17.500000 1.650000 7.500000
    endloop
  endfacet
  facet normal 0.000000 0.000000 -1.000000
    outer loop
      vertex -1.500000 17.150000 7.500000
      vertex 17.500000 1.650000 7.500000
      vertex -1.500000 1.650000 7.500000
    endloop
  endfacet
  facet normal 0.000000 0.000000 1.000000
    outer loop
      vertex 17.500000 1.650000 -7.500000
      vertex 17.500000 17.150000 -7.500000
      vertex -1.500000 17.150000 -7.500000
    endloop
  endfacet
  facet normal 0.000000 0.000000 1.000000
    outer loop
      vertex 17.500000 1.650000 -7.500000
      vertex -1.500000 17.150000 -7.500000
      vertex -1.500000 1.650000 -7.500000
    endloop
  endfacet
  facet normal -1.000000 0.000000 0.000000
    outer loop
      vertex 17.500000 1.650000 7.500000
      vertex 17.500000 17.150000 7.500000
      vertex 17.500000 17.150000 -7.500000
    endloop
  endfacet
  facet normal -1.000000 0.000000 0.000000
    outer loop
      vertex 17.500000 1.650000 7.500000
      vertex 17.500000 17.150000 -7.500000
      vertex 17.500000 1.650000 -7.500000
    endloop
  endfacet
  facet normal 1.000000 0.000000 0.000000
    outer loop
      vertex -1.500000 1.650000 -7.500000
      vertex -1.500000 17.150000 -7.500000
      vertex -1.500000 17.150000 7.500000
    endloop
  endfacet
  facet normal 1.000000 0.000000 0.000000
    outer loop
      vertex -1.500000 1.650000 -7.500000
      vertex -1.500000 17.150000 7.500000
      vertex -1.500000 1.650000 7.500000
    endloop
  endfacet
  facet normal 0.000000 -1.000000 0.000000
    outer loop
      vertex -24.250000 11.600000 2.000000
      vertex -7.750000 11.600000 2.000000
      vertex -7.750000 11.600000 10.000000
    endloop
  endfacet
  facet normal 0.000000 -1.000000 0.000000
    outer loop
      vertex -24.250000 11.600000 2.000000
      vertex -7.750000 11.600000 10.000000
      vertex -24.250000 11.600000 10.000000
    endloop
  endfacet
  facet normal 0.000000 1.000000 0.000000
    outer loop
      vertex -24.250000 1.600000 10.000000
      vertex -7.750000 1.600000 10.000000
      vertex -7.750000 1.600000 2.000000
    endloop
  endfacet
  facet normal 0.000000 1.000000 0.000000
    outer loop
      vertex -24.250000 1.600000 10.000000
      vertex -7.750000 1.600000 2.000000
      vertex -24.250000 1.600000 2.000000
    endloop
  endfacet
  facet normal 0.000000 0.000000 -1.000000
    outer loop
      vertex -24.250000 11.600000 10.000000
      vertex -7.750000 11.600000 10.000000
      vertex -7.750000 1.600000 10.000000
    endloop
  endfacet
  facet normal 0.000000 0.000000 -1.000000
    outer loop
      vertex -24.250000 11.600000 10.000000
      vertex -7.750000 1.600000 10.000000
      vertex -24.250000 1.600000 10.000000
    endloop
  endfacet
  facet normal 0.000000 0.000000 1.000000
    outer loop
      vertex -7.750000 1.600000 2.000000
      vertex -7.750000 11.600000 2.000000
      vertex -24.250000 11.600000 2.000000
    endloop
  endfacet
  facet normal 0.000000 0.000000 1.000000
    outer loop
      vertex -7.750000 1.600000 2.000000
      vertex -24.250000 11.600000 2.000000
      vertex -24.250000 1.600000 2.000000
    endloop
  endfacet
  facet normal -1.000000 0.000000 0.000000
    outer loop
      vertex -7.750000 1.600000 10.000000
      vertex -7.750000 11.600000 10.000000
      vertex -7.750000 11.600000 2.000000
    endloop
  endfacet
  facet normal -1.000000 0.000000 0.000000
    outer loop
      vertex -7.750000 1.600000 10.000000
      vertex -7.750000 11.600000 2.000000
      vertex -7.750000 1.600000 2.000000
    endloop
  endfacet
  facet normal 1.000000 0.000000 0.000000
    outer loop
      vertex -24.250000 1.600000 2.000000
      vertex -24.250000 11.600000 2.000000
      vertex -24.250000 11.600000 10.000000
    endloop
  endfacet
  facet normal 1.000000 0.000000 0.000000
    outer loop
      vertex -24.250000 1.600000 2.000000
      vertex -24.250000 11.600000 10.000000
      vertex -24.250000 1.600000 10.000000
    endloop
  endfacet
  facet normal 0.000000 -1.000000 0.000000
    outer loop
      vertex -21.810000 4.050000 -10.250000
      vertex -14.190000 4.050000 -10.250000
      vertex -14.190000 4.050000 -7.750000
    endloop
  endfacet
  facet normal 0.000000 -1.000000 0.000000
    outer loop
      vertex -21.810000 4.050000 -10.250000
      vertex -14.190000 4.050000 -7.750000
      vertex -21.810000 4.050000 -7.750000
    endloop
  endfacet
  facet normal 0.000000 1.000000 0.000000
    outer loop
      vertex -21.810000 1.550000 -7.750000
      vertex -14.190000 1.550000 -7.750000
      vertex -14.190000 1.550000 -10.250000
    endloop
  endfacet
  facet normal 0.000000 1.000000 0.000000
    outer loop
      vertex -21.810000 1.550000 -7.750000
      vertex -14.190000 1.550000 -10.250000
      vertex -21.810000 1.550000 -10.250000
    endloop
  endfacet
  facet normal 0.000000 0.000000 -1.000000
    outer loop
      vertex -21.810000 4.050000 -7.750000
      vertex -14.190000 4.050000 -7.750000
      vertex -14.190000 1.550000 -7.750000
    endloop
  endfacet
  facet normal 0.000000 0.000000 -1.000000
    outer loop
      vertex -21.810000 4.050000 -7.750000
      vertex -14.190000 1.550000 -7.750000
      vertex -21.810000 1.550000 -7.750000
    endloop
  endfacet
  facet normal 0.000000 0.000000 1.000000
    outer loop
      vertex -14.190000 1.550000 -10.250000
      vertex -14.190000 4.050000 -10.250000
      vertex -21.810000 4.050000 -10.250000
    endloop
  endfacet
  facet normal 0.000000 0.000000 1.000000
    outer loop
      vertex -14.190000 1.550000 -10.250000
      vertex -21.810000 4.050000 -10.250000
      vertex -21.810000 1.550000 -10.250000
    endloop
  endfacet
  facet normal -1.000000 0.000000 0.000000
    outer loop
      vertex -14.190000 1.550000 -7.750000
      vertex -14.190000 4.050000 -7.750000
      vertex -14.190000 4.050000 -10.250000
    endloop
  endfacet
  facet normal -1.000000 0.000000 0.000000
    outer loop
      vertex -14.190000 1.550000 -7.750000
      vertex -14.190000 4.050000 -10.250000
      vertex -14.190000 1.550000 -10.250000
    endloop
  endfacet
  facet normal 1.000000 0.000000 0.000000
    outer loop
      vertex -21.810000 1.550000 -10.250000
      vertex -21.810000 4.050000 -10.250000
      vertex -21.810000 4.050000 -7.750000
    endloop
  endfacet
  facet normal 1.000000 0.000000 0.000000
    outer loop
      vertex -21.810000 1.550000 -10.250000
      vertex -21.810000 4.050000 -7.750000
      vertex -21.810000 1.550000 -7.750000
    endloop
  endfacet
  facet normal 0.000000 -1.000000 0.000000
    outer loop
      vertex -7.100000 4.200000 -8.600000
      vertex -1.900000 4.200000 -8.600000
      vertex -1.900000 4.200000 -2.400000
    endloop
  endfacet
  facet normal 0.000000 -1.000000 0.000000
    outer loop
      vertex -7.100000 4.200000 -8.600000
      vertex -1.900000 4.200000 -2.400000
      vertex -7.100000 4.200000 -2.400000
    endloop
  endfacet
  facet normal 0.000000 1.000000 0.000000
    outer loop
      vertex -7.100000 2.200000 -2.400000
      vertex -1.900000 2.200000 -2.400000
      vertex -1.900000 2.200000 -8.600000
    endloop
  endfacet
  facet normal 0.000000 1.000000 0.000000
    outer loop
      vertex -7.100000 2.200000 -2.400000
      vertex -1.900000 2.200000 -8.600000
      vertex -7.100000 2.200000 -8.600000
    endloop
  endfacet
  facet normal 0.000000 0.000000 -1.000000
    outer loop
      vertex -7.100000 4.200000 -2.400000
      vertex -1.900000 4.200000 -2.400000
      vertex -1.900000 2.200000 -2.400000
    endloop
  endfacet
  facet normal 0.000000 0.000000 -1.000000
    outer loop
      vertex -7.100000 4.200000 -2.400000
      vertex -1.900000 2.200000 -2.400000
      vertex -7.100000 2.200000 -2.400000
    endloop
  endfacet
  facet normal 0.000000 0.000000 1.000000
    outer loop
      vertex -1.900000 2.200000 -8.600000
      vertex -1.900000 4.200000 -8.600000
      vertex -7.100000 4.200000 -8.600000
    endloop
  endfacet
  facet normal 0.000000 0.000000 1.000000
    outer loop
      vertex -1.900000 2.200000 -8.600000
      vertex -7.100000 4.200000 -8.600000
      vertex -7.100000 2.200000 -8.600000
    endloop
  endfacet
  facet normal -1.000000 0.000000 0.000000
    outer loop
      vertex -1.900000 2.200000 -2.400000
      vertex -1.900000 4.200000 -2.400000
      vertex -1.900000 4.200000 -8.600000
    endloop
  endfacet
  facet normal -1.000000 0.000000 0.000000
    outer loop
      vertex -1.900000 2.200000 -2.400000
      vertex -1.900000 4.200000 -8.600000
      vertex -1.900000 2.200000 -8.600000
    endloop
  endfacet
  facet normal 1.000000 0.000000 0.000000
    outer loop
      vertex -7.100000 2.200000 -8.600000
      vertex -7.100000 4.200000 -8.600000
      vertex -7.100000 4.200000 -2.400000
    endloop
  endfacet
  facet normal 1.000000 0.000000 0.000000
    outer loop
      vertex -7.100000 2.200000 -8.600000
      vertex -7.100000 4.200000 -2.400000
      vertex -7.100000 2.200000 -2.400000
    endloop
  endfacet
  facet normal 1.000000 0.000000 0.000000
    outer loop
      vertex -6.250000 3.400000 4.500000
      vertex -6.250000 4.200000 4.500000
      vertex -6.250000 4.172741 4.707055
    endloop
  endfacet
  facet normal -1.000000 0.000000 0.000000
    outer loop
      vertex -1.750000 3.400000 4.500000
      vertex -1.750000 4.172741 4.707055
      vertex -1.750000 4.200000 4.500000
    endloop
  endfacet
  facet normal -0.000000 -0.991445 -0.130526
    outer loop
      vertex -1.750000 4.200000 4.500000
      vertex -1.750000 4.172741 4.707055
      vertex -6.250000 4.172741 4.707055
    endloop
  endfacet
  facet normal 0.000000 -0.991445 -0.130526
    outer loop
      vertex -1.750000 4.200000 4.500000
      vertex -6.250000 4.172741 4.707055
      vertex -6.250000 4.200000 4.500000
    endloop
  endfacet
  facet normal 1.000000 0.000000 0.000000
    outer loop
      vertex -6.250000 3.400000 4.500000
      vertex -6.250000 4.172741 4.707055
      vertex -6.250000 4.092820 4.900000
    endloop
  endfacet
  facet normal -1.000000 0.000000 0.000000
    outer loop
      vertex -1.750000 3.400000 4.500000
      vertex -1.750000 4.092820 4.900000
      vertex -1.750000 4.172741 4.707055
    endloop
  endfacet
  facet normal 0.000000 -0.923880 -0.382683
    outer loop
      vertex -1.750000 4.172741 4.707055
      vertex -1.750000 4.092820 4.900000
      vertex -6.250000 4.092820 4.900000
    endloop
  endfacet
  facet normal -0.000000 -0.923880 -0.382683
    outer loop
      vertex -1.750000 4.172741 4.707055
      vertex -6.250000 4.092820 4.900000
      vertex -6.250000 4.172741 4.707055
    endloop
  endfacet
  facet normal 1.000000 0.000000 0.000000
    outer loop
      vertex -6.250000 3.400000 4.500000
      vertex -6.250000 4.092820 4.900000
      vertex -6.250000 3.965685 5.065685
    endloop
  endfacet
  facet normal -1.000000 0.000000 0.000000
    outer loop
      vertex -1.750000 3.400000 4.500000
      vertex -1.750000 3.965685 5.065685
      vertex -1.750000 4.092820 4.900000
    endloop
  endfacet
  facet normal -0.000000 -0.793353 -0.608761
    outer loop
      vertex -1.750000 4.092820 4.900000
      vertex -1.750000 3.965685 5.065685
      vertex -6.250000 3.965685 5.065685
    endloop
  endfacet
  facet normal 0.000000 -0.793353 -0.608761
    outer loop
      vertex -1.750000 4.092820 4.900000
      vertex -6.250000 3.965685 5.065685
      vertex -6.250000 4.092820 4.900000
    endloop
  endfacet
  facet normal 1.000000 0.000000 0.000000
    outer loop
      vertex -6.250000 3.400000 4.500000
      vertex -6.250000 3.965685 5.065685
      vertex -6.250000 3.800000 5.192820
    endloop
  endfacet
  facet normal -1.000000 0.000000 0.000000
    outer loop
      vertex -1.750000 3.400000 4.500000
      vertex -1.750000 3.800000 5.192820
      vertex -1.750000 3.965685 5.065685
    endloop
  endfacet
  facet normal -0.000000 -0.608761 -0.793353
    outer loop
      vertex -1.750000 3.965685 5.065685
      vertex -1.750000 3.800000 5.192820
      vertex -6.250000 3.800000 5.192820
    endloop
  endfacet
  facet normal -0.000000 -0.608761 -0.793353
    outer loop
      vertex -1.750000 3.965685 5.065685
      vertex -6.250000 3.800000 5.192820
      vertex -6.250000 3.965685 5.065685
    endloop
  endfacet
  facet normal 1.000000 0.000000 0.000000
    outer loop
      vertex -6.250000 3.400000 4.500000
      vertex -6.250000 3.800000 5.192820
      vertex -6.250000 3.607055 5.272741
    endloop
  endfacet
  facet normal -1.000000 0.000000 0.000000
    outer loop
      vertex -1.750000 3.400000 4.500000
      vertex -1.750000 3.607055 5.272741
      vertex -1.750000 3.800000 5.192820
    endloop
  endfacet
  facet normal 0.000000 -0.382683 -0.923880
    outer loop
      vertex -1.750000 3.800000 5.192820
      vertex -1.750000 3.607055 5.272741
      vertex -6.250000 3.607055 5.272741
    endloop
  endfacet
  facet normal -0.000000 -0.382683 -0.923880
    outer loop
      vertex -1.750000 3.800000 5.192820
      vertex -6.250000 3.607055 5.272741
      vertex -6.250000 3.800000 5.192820
    endloop
  endfacet
  facet normal 1.000000 0.000000 0.000000
    outer loop
      vertex -6.250000 3.400000 4.500000
      vertex -6.250000 3.607055 5.272741
      vertex -6.250000 3.400000 5.300000
    endloop
  endfacet
  facet normal -1.000000 0.000000 0.000000
    outer loop
      vertex -1.750000 3.400000 4.500000
      vertex -1.750000 3.400000 5.300000
      vertex -1.750000 3.607055 5.272741
    endloop
  endfacet
  facet normal 0.000000 -0.130526 -0.991445
    outer loop
      vertex -1.750000 3.607055 5.272741
      vertex -1.750000 3.400000 5.300000
      vertex -6.250000 3.400000 5.300000
    endloop
  endfacet
  facet normal 0.000000 -0.130526 -0.991445
    outer loop
      vertex -1.750000 3.607055 5.272741
      vertex -6.250000 3.400000 5.300000
      vertex -6.250000 3.607055 5.272741
    endloop
  endfacet
  facet normal 1.000000 0.000000 0.000000
    outer loop
      vertex -6.250000 3.400000 4.500000
      vertex -6.250000 3.400000 5.300000
      vertex -6.250000 3.192945 5.272741
    endloop
  endfacet
  facet normal -1.000000 0.000000 0.000000
    outer loop
      vertex -1.750000 3.400000 4.500000
      vertex -1.750000 3.192945 5.272741
      vertex -1.750000 3.400000 5.300000
    endloop
  endfacet
  facet normal 0.000000 0.130526 -0.991445
    outer loop
      vertex -1.750000 3.400000 5.300000
      vertex -1.750000 3.192945 5.272741
      vertex -6.250000 3.192945 5.272741
    endloop
  endfacet
  facet normal 0.000000 0.130526 -0.991445
    outer loop
      vertex -1.750000 3.400000 5.300000
      vertex -6.250000 3.192945 5.272741
      vertex -6.250000 3.400000 5.300000
    endloop
  endfacet
  facet normal 1.000000 0.000000 0.000000
    outer loop
      vertex -6.250000 3.400000 4.500000
      vertex -6.250000 3.192945 5.272741
      vertex -6.250000 3.000000 5.192820
    endloop
  endfacet
  facet normal -1.000000 0.000000 0.000000
    outer loop
      vertex -1.750000 3.400000 4.500000
      vertex -1.750000 3.000000 5.192820
      vertex -1.750000 3.192945 5.272741
    endloop
  endfacet
  facet normal 0.000000 0.382683 -0.923880
    outer loop
      vertex -1.750000 3.192945 5.272741
      vertex -1.750000 3.000000 5.192820
      vertex -6.250000 3.000000 5.192820
    endloop
  endfacet
  facet normal 0.000000 0.382683 -0.923880
    outer loop
      vertex -1.750000 3.192945 5.272741
      vertex -6.250000 3.000000 5.192820
      vertex -6.250000 3.192945 5.272741
    endloop
  endfacet
  facet normal 1.000000 0.000000 0.000000
    outer loop
      vertex -6.250000 3.400000 4.500000
      vertex -6.250000 3.000000 5.192820
      vertex -6.250000 2.834315 5.065685
    endloop
  endfacet
  facet normal -1.000000 0.000000 0.000000
    outer loop
      vertex -1.750000 3.400000 4.500000
      vertex -1.750000 2.834315 5.065685
      vertex -1.750000 3.000000 5.192820
    endloop
  endfacet
  facet normal 0.000000 0.608761 -0.793353
    outer loop
      vertex -1.750000 3.000000 5.192820
      vertex -1.750000 2.834315 5.065685
      vertex -6.250000 2.834315 5.065685
    endloop
  endfacet
  facet normal 0.000000 0.608761 -0.793353
    outer loop
      vertex -1.750000 3.000000 5.192820
      vertex -6.250000 2.834315 5.065685
      vertex -6.250000 3.000000 5.192820
    endloop
  endfacet
  facet normal 1.000000 0.000000 0.000000
    outer loop
      vertex -6.250000 3.400000 4.500000
      vertex -6.250000 2.834315 5.065685
      vertex -6.250000 2.707180 4.900000
    endloop
  endfacet
  facet normal -1.000000 0.000000 0.000000
    outer loop
      vertex -1.750000 3.400000 4.500000
      vertex -1.750000 2.707180 4.900000
      vertex -1.750000 2.834315 5.065685
    endloop
  endfacet
  facet normal 0.000000 0.793353 -0.608761
    outer loop
      vertex -1.750000 2.834315 5.065685
      vertex -1.750000 2.707180 4.900000
      vertex -6.250000 2.707180 4.900000
    endloop
  endfacet
  facet normal 0.000000 0.793353 -0.608761
    outer loop
      vertex -1.750000 2.834315 5.065685
      vertex -6.250000 2.707180 4.900000
      vertex -6.250000 2.834315 5.065685
    endloop
  endfacet
  facet normal 1.000000 0.000000 0.000000
    outer loop
      vertex -6.250000 3.400000 4.500000
      vertex -6.250000 2.707180 4.900000
      vertex -6.250000 2.627259 4.707055
    endloop
  endfacet
  facet normal -1.000000 0.000000 0.000000
    outer loop
      vertex -1.750000 3.400000 4.500000
      vertex -1.750000 2.627259 4.707055
      vertex -1.750000 2.707180 4.900000
    endloop
  endfacet
  facet normal 0.000000 0.923880 -0.382683
    outer loop
      vertex -1.750000 2.707180 4.900000
      vertex -1.750000 2.627259 4.707055
      vertex -6.250000 2.627259 4.707055
    endloop
  endfacet
  facet normal 0.000000 0.923880 -0.382683
    outer loop
      vertex -1.750000 2.707180 4.900000
      vertex -6.250000 2.627259 4.707055
      vertex -6.250000 2.707180 4.900000
    endloop
  endfacet
  facet normal 1.000000 0.000000 0.000000
    outer loop
      vertex -6.250000 3.400000 4.500000
      vertex -6.250000 2.627259 4.707055
      vertex -6.250000 2.600000 4.500000
    endloop
  endfacet
  facet normal -1.000000 0.000000 0.000000
    outer loop
      vertex -1.750000 3.400000 4.500000
      vertex -1.750000 2.600000 4.500000
      vertex -1.750000 2.627259 4.707055
    endloop
  endfacet
  facet normal 0.000000 0.991445 -0.130526
    outer loop
      vertex -1.750000 2.627259 4.707055
      vertex -1.750000 2.600000 4.500000
      vertex -6.250000 2.600000 4.500000
    endloop
  endfacet
  facet normal 0.000000 0.991445 -0.130526
    outer loop
      vertex -1.750000 2.627259 4.707055
      vertex -6.250000 2.600000 4.500000
      vertex -6.250000 2.627259 4.707055
    endloop
  endfacet
  facet normal 1.000000 0.000000 0.000000
    outer loop
      vertex -6.250000 3.400000 4.500000
      vertex -6.250000 2.600000 4.500000
      vertex -6.250000 2.627259 4.292945
    endloop
  endfacet
  facet normal -1.000000 0.000000 0.000000
    outer loop
      vertex -1.750000 3.400000 4.500000
      vertex -1.750000 2.627259 4.292945
      vertex -1.750000 2.600000 4.500000
    endloop
  endfacet
  facet normal 0.000000 0.991445 0.130526
    outer loop
      vertex -1.750000 2.600000 4.500000
      vertex -1.750000 2.627259 4.292945
      vertex -6.250000 2.627259 4.292945
    endloop
  endfacet
  facet normal 0.000000 0.991445 0.130526
    outer loop
      vertex -1.750000 2.600000 4.500000
      vertex -6.250000 2.627259 4.292945
      vertex -6.250000 2.600000 4.500000
    endloop
  endfacet
  facet normal 1.000000 0.000000 0.000000
    outer loop
      vertex -6.250000 3.400000 4.500000
      vertex -6.250000 2.627259 4.292945
      vertex -6.250000 2.707180 4.100000
    endloop
  endfacet
  facet normal -1.000000 0.000000 0.000000
    outer loop
      vertex -1.750000 3.400000 4.500000
      vertex -1.750000 2.707180 4.100000
      vertex -1.750000 2.627259 4.292945
    endloop
  endfacet
  facet normal 0.000000 0.923880 0.382683
    outer loop
      vertex -1.750000 2.627259 4.292945
      vertex -1.750000 2.707180 4.100000
      vertex -6.250000 2.707180 4.100000
    endloop
  endfacet
  facet normal 0.000000 0.923880 0.382683
    outer loop
      vertex -1.750000 2.627259 4.292945
      vertex -6.250000 2.707180 4.100000
      vertex -6.250000 2.627259 4.292945
    endloop
  endfacet
  facet normal 1.000000 0.000000 0.000000
    outer loop
      vertex -6.250000 3.400000 4.500000
      vertex -6.250000 2.707180 4.100000
      vertex -6.250000 2.834315 3.934315
    endloop
  endfacet
  facet normal -1.000000 0.000000 0.000000
    outer loop
      vertex -1.750000 3.400000 4.500000
      vertex -1.750000 2.834315 3.934315
      vertex -1.750000 2.707180 4.100000
    endloop
  endfacet
  facet normal 0.000000 0.793353 0.608761
    outer loop
      vertex -1.750000 2.707180 4.100000
      vertex -1.750000 2.834315 3.934315
      vertex -6.250000 2.834315 3.934315
    endloop
  endfacet
  facet normal 0.000000 0.793353 0.608761
    outer loop
      vertex -1.750000 2.707180 4.100000
      vertex -6.250000 2.834315 3.934315
      vertex -6.250000 2.707180 4.100000
    endloop
  endfacet
  facet normal 1.000000 0.000000 0.000000
    outer loop
      vertex -6.250000 3.400000 4.500000
      vertex -6.250000 2.834315 3.934315
      vertex -6.250000 3.000000 3.807180
    endloop
  endfacet
  facet normal -1.000000 0.000000 0.000000
    outer loop
      vertex -1.750000 3.400000 4.500000
      vertex -1.750000 3.000000 3.807180
      vertex -1.750000 2.834315 3.934315
    endloop
  endfacet
  facet normal 0.000000 0.608761 0.793353
    outer loop
      vertex -1.750000 2.834315 3.934315
      vertex -1.750000 3.000000 3.807180
      vertex -6.250000 3.000000 3.807180
    endloop
  endfacet
  facet normal 0.000000 0.608761 0.793353
    outer loop
      vertex -1.750000 2.834315 3.934315
      vertex -6.250000 3.000000 3.807180
      vertex -6.250000 2.834315 3.934315
    endloop
  endfacet
  facet normal 1.000000 0.000000 0.000000
    outer loop
      vertex -6.250000 3.400000 4.500000
      vertex -6.250000 3.000000 3.807180
      vertex -6.250000 3.192945 3.727259
    endloop
  endfacet
  facet normal -1.000000 0.000000 0.000000
    outer loop
      vertex -1.750000 3.400000 4.500000
      vertex -1.750000 3.192945 3.727259
      vertex -1.750000 3.000000 3.807180
    endloop
  endfacet
  facet normal 0.000000 0.382683 0.923880
    outer loop
      vertex -1.750000 3.000000 3.807180
      vertex -1.750000 3.192945 3.727259
      vertex -6.250000 3.192945 3.727259
    endloop
  endfacet
  facet normal 0.000000 0.382683 0.923880
    outer loop
      vertex -1.750000 3.000000 3.807180
      vertex -6.250000 3.192945 3.727259
      vertex -6.250000 3.000000 3.807180
    endloop
  endfacet
  facet normal 1.000000 0.000000 0.000000
    outer loop
      vertex -6.250000 3.400000 4.500000
      vertex -6.250000 3.192945 3.727259
      vertex -6.250000 3.400000 3.700000
    endloop
  endfacet
  facet normal -1.000000 0.000000 0.000000
    outer loop
      vertex -1.750000 3.400000 4.500000
      vertex -1.750000 3.400000 3.700000
      vertex -1.750000 3.192945 3.727259
    endloop
  endfacet
  facet normal 0.000000 0.130526 0.991445
    outer loop
      vertex -1.750000 3.192945 3.727259
      vertex -1.750000 3.400000 3.700000
      vertex -6.250000 3.400000 3.700000
    endloop
  endfacet
  facet normal 0.000000 0.130526 0.991445
    outer loop
      vertex -1.750000 3.192945 3.727259
      vertex -6.250000 3.400000 3.700000
      vertex -6.250000 3.192945 3.727259
    endloop
  endfacet
  facet normal 1.000000 0.000000 0.000000
    outer loop
      vertex -6.250000 3.400000 4.500000
      vertex -6.250000 3.400000 3.700000
      vertex -6.250000 3.607055 3.727259
    endloop
  endfacet
  facet normal -1.000000 0.000000 0.000000
    outer loop
      vertex -1.750000 3.400000 4.500000
      vertex -1.750000 3.607055 3.727259
      vertex -1.750000 3.400000 3.700000
    endloop
  endfacet
  facet normal -0.000000 -0.130526 0.991445
    outer loop
      vertex -1.750000 3.400000 3.700000
      vertex -1.750000 3.607055 3.727259
      vertex -6.250000 3.607055 3.727259
    endloop
  endfacet
  facet normal -0.000000 -0.130526 0.991445
    outer loop
      vertex -1.750000 3.400000 3.700000
      vertex -6.250000 3.607055 3.727259
      vertex -6.250000 3.400000 3.700000
    endloop
  endfacet
  facet normal 1.000000 0.000000 0.000000
    outer loop
      vertex -6.250000 3.400000 4.500000
      vertex -6.250000 3.607055 3.727259
      vertex -6.250000 3.800000 3.807180
    endloop
  endfacet
  facet normal -1.000000 0.000000 0.000000
    outer loop
      vertex -1.750000 3.400000 4.500000
      vertex -1.750000 3.800000 3.807180
      vertex -1.750000 3.607055 3.727259
    endloop
  endfacet
  facet normal -0.000000 -0.382683 0.923880
    outer loop
      vertex -1.750000 3.607055 3.727259
      vertex -1.750000 3.800000 3.807180
      vertex -6.250000 3.800000 3.807180
    endloop
  endfacet
  facet normal -0.000000 -0.382683 0.923880
    outer loop
      vertex -1.750000 3.607055 3.727259
      vertex -6.250000 3.800000 3.807180
      vertex -6.250000 3.607055 3.727259
    endloop
  endfacet
  facet normal 1.000000 0.000000 0.000000
    outer loop
      vertex -6.250000 3.400000 4.500000
      vertex -6.250000 3.800000 3.807180
      vertex -6.250000 3.965685 3.934315
    endloop
  endfacet
  facet normal -1.000000 0.000000 0.000000
    outer loop
      vertex -1.750000 3.400000 4.500000
      vertex -1.750000 3.965685 3.934315
      vertex -1.750000 3.800000 3.807180
    endloop
  endfacet
  facet normal 0.000000 -0.608761 0.793353
    outer loop
      vertex -1.750000 3.800000 3.807180
      vertex -1.750000 3.965685 3.934315
      vertex -6.250000 3.965685 3.934315
    endloop
  endfacet
  facet normal -0.000000 -0.608761 0.793353
    outer loop
      vertex -1.750000 3.800000 3.807180
      vertex -6.250000 3.965685 3.934315
      vertex -6.250000 3.800000 3.807180
    endloop
  endfacet
  facet normal 1.000000 0.000000 0.000000
    outer loop
      vertex -6.250000 3.400000 4.500000
      vertex -6.250000 3.965685 3.934315
      vertex -6.250000 4.092820 4.100000
    endloop
  endfacet
  facet normal -1.000000 0.000000 0.000000
    outer loop
      vertex -1.750000 3.400000 4.500000
      vertex -1.750000 4.092820 4.100000
      vertex -1.750000 3.965685 3.934315
    endloop
  endfacet
  facet normal 0.000000 -0.793353 0.608761
    outer loop
      vertex -1.750000 3.965685 3.934315
      vertex -1.750000 4.092820 4.100000
      vertex -6.250000 4.092820 4.100000
    endloop
  endfacet
  facet normal 0.000000 -0.793353 0.608761
    outer loop
      vertex -1.750000 3.965685 3.934315
      vertex -6.250000 4.092820 4.100000
      vertex -6.250000 3.965685 3.934315
    endloop
  endfacet
  facet normal 1.000000 0.000000 0.000000
    outer loop
      vertex -6.250000 3.400000 4.500000
      vertex -6.250000 4.092820 4.100000
      vertex -6.250000 4.172741 4.292945
    endloop
  endfacet
  facet normal -1.000000 0.000000 0.000000
    outer loop
      vertex -1.750000 3.400000 4.500000
      vertex -1.750000 4.172741 4.292945
      vertex -1.750000 4.092820 4.100000
    endloop
  endfacet
  facet normal -0.000000 -0.923880 0.382683
    outer loop
      vertex -1.750000 4.092820 4.100000
      vertex -1.750000 4.172741 4.292945
      vertex -6.250000 4.172741 4.292945
    endloop
  endfacet
  facet normal 0.000000 -0.923880 0.382683
    outer loop
      vertex -1.750000 4.092820 4.100000
      vertex -6.250000 4.172741 4.292945
      vertex -6.250000 4.092820 4.100000
    endloop
  endfacet
  facet normal 1.000000 0.000000 0.000000
    outer loop
      vertex -6.250000 3.400000 4.500000
      vertex -6.250000 4.172741 4.292945
      vertex -6.250000 4.200000 4.500000
    endloop
  endfacet
  facet normal -1.000000 0.000000 0.000000
    outer loop
      vertex -1.750000 3.400000 4.500000
      vertex -1.750000 4.200000 4.500000
      vertex -1.750000 4.172741 4.292945
    endloop
  endfacet
  facet normal 0.000000 -0.991445 0.130526
    outer loop
      vertex -1.750000 4.172741 4.292945
      vertex -1.750000 4.200000 4.500000
      vertex -6.250000 4.200000 4.500000
    endloop
  endfacet
  facet normal -0.000000 -0.991445 0.130526
    outer loop
      vertex -1.750000 4.172741 4.292945
      vertex -6.250000 4.200000 4.500000
      vertex -6.250000 4.172741 4.292945
    endloop
  endfacet
  facet normal 0.000000 -1.000000 0.000000
    outer loop
      vertex -16.000000 3.868000 -1.000000
      vertex -15.248000 3.868000 -1.000000
      vertex -15.266854 3.868000 -0.832664
    endloop
  endfacet
  facet normal 0.000000 1.000000 0.000000
    outer loop
      vertex -16.000000 3.120000 -1.000000
      vertex -15.266854 3.120000 -0.832664
      vertex -15.248000 3.120000 -1.000000
    endloop
  endfacet
  facet normal -0.993712 0.000000 -0.111964
    outer loop
      vertex -15.248000 3.120000 -1.000000
      vertex -15.266854 3.120000 -0.832664
      vertex -15.266854 3.868000 -0.832664
    endloop
  endfacet
  facet normal -0.993712 0.000000 -0.111964
    outer loop
      vertex -15.248000 3.120000 -1.000000
      vertex -15.266854 3.868000 -0.832664
      vertex -15.248000 3.868000 -1.000000
    endloop
  endfacet
  facet normal 0.000000 -1.000000 0.000000
    outer loop
      vertex -16.000000 3.868000 -1.000000
      vertex -15.266854 3.868000 -0.832664
      vertex -15.322471 3.868000 -0.673719
    endloop
  endfacet
  facet normal 0.000000 1.000000 0.000000
    outer loop
      vertex -16.000000 3.120000 -1.000000
      vertex -15.322471 3.120000 -0.673719
      vertex -15.266854 3.120000 -0.832664
    endloop
  endfacet
  facet normal -0.943883 0.000000 -0.330279
    outer loop
      vertex -15.266854 3.120000 -0.832664
      vertex -15.322471 3.120000 -0.673719
      vertex -15.322471 3.868000 -0.673719
    endloop
  endfacet
  facet normal -0.943883 0.000000 -0.330279
    outer loop
      vertex -15.266854 3.120000 -0.832664
      vertex -15.322471 3.868000 -0.673719
      vertex -15.266854 3.868000 -0.832664
    endloop
  endfacet
  facet normal 0.000000 -1.000000 0.000000
    outer loop
      vertex -16.000000 3.868000 -1.000000
      vertex -15.322471 3.868000 -0.673719
      vertex -15.412063 3.868000 -0.531136
    endloop
  endfacet
  facet normal 0.000000 1.000000 0.000000
    outer loop
      vertex -16.000000 3.120000 -1.000000
      vertex -15.412063 3.120000 -0.531136
      vertex -15.322471 3.120000 -0.673719
    endloop
  endfacet
  facet normal -0.846724 0.000000 -0.532032
    outer loop
      vertex -15.322471 3.120000 -0.673719
      vertex -15.412063 3.120000 -0.531136
      vertex -15.412063 3.868000 -0.531136
    endloop
  endfacet
  facet normal -0.846724 0.000000 -0.532032
    outer loop
      vertex -15.322471 3.120000 -0.673719
      vertex -15.412063 3.868000 -0.531136
      vertex -15.322471 3.868000 -0.673719
    endloop
  endfacet
  facet normal 0.000000 -1.000000 0.000000
    outer loop
      vertex -16.000000 3.868000 -1.000000
      vertex -15.412063 3.868000 -0.531136
      vertex -15.531136 3.868000 -0.412063
    endloop
  endfacet
  facet normal 0.000000 1.000000 0.000000
    outer loop
      vertex -16.000000 3.120000 -1.000000
      vertex -15.531136 3.120000 -0.412063
      vertex -15.412063 3.120000 -0.531136
    endloop
  endfacet
  facet normal -0.707107 0.000000 -0.707107
    outer loop
      vertex -15.412063 3.120000 -0.531136
      vertex -15.531136 3.120000 -0.412063
      vertex -15.531136 3.868000 -0.412063
    endloop
  endfacet
  facet normal -0.707107 0.000000 -0.707107
    outer loop
      vertex -15.412063 3.120000 -0.531136
      vertex -15.531136 3.868000 -0.412063
      vertex -15.412063 3.868000 -0.531136
    endloop
  endfacet
  facet normal 0.000000 -1.000000 0.000000
    outer loop
      vertex -16.000000 3.868000 -1.000000
      vertex -15.531136 3.868000 -0.412063
      vertex -15.673719 3.868000 -0.322471
    endloop
  endfacet
  facet normal 0.000000 1.000000 0.000000
    outer loop
      vertex -16.000000 3.120000 -1.000000
      vertex -15.673719 3.120000 -0.322471
      vertex -15.531136 3.120000 -0.412063
    endloop
  endfacet
  facet normal -0.532032 0.000000 -0.846724
    outer loop
      vertex -15.531136 3.120000 -0.412063
      vertex -15.673719 3.120000 -0.322471
      vertex -15.673719 3.868000 -0.322471
    endloop
  endfacet
  facet normal -0.532032 0.000000 -0.846724
    outer loop
      vertex -15.531136 3.120000 -0.412063
      vertex -15.673719 3.868000 -0.322471
      vertex -15.531136 3.868000 -0.412063
    endloop
  endfacet
  facet normal 0.000000 -1.000000 0.000000
    outer loop
      vertex -16.000000 3.868000 -1.000000
      vertex -15.673719 3.868000 -0.322471
      vertex -15.832664 3.868000 -0.266854
    endloop
  endfacet
  facet normal 0.000000 1.000000 0.000000
    outer loop
      vertex -16.000000 3.120000 -1.000000
      vertex -15.832664 3.120000 -0.266854
      vertex -15.673719 3.120000 -0.322471
    endloop
  endfacet
  facet normal -0.330279 0.000000 -0.943883
    outer loop
      vertex -15.673719 3.120000 -0.322471
      vertex -15.832664 3.120000 -0.266854
      vertex -15.832664 3.868000 -0.266854
    endloop
  endfacet
  facet normal -0.330279 0.000000 -0.943883
    outer loop
      vertex -15.673719 3.120000 -0.322471
      vertex -15.832664 3.868000 -0.266854
      vertex -15.673719 3.868000 -0.322471
    endloop
  endfacet
  facet normal 0.000000 -1.000000 0.000000
    outer loop
      vertex -16.000000 3.868000 -1.000000
      vertex -15.832664 3.868000 -0.266854
      vertex -16.000000 3.868000 -0.248000
    endloop
  endfacet
  facet normal 0.000000 1.000000 0.000000
    outer loop
      vertex -16.000000 3.120000 -1.000000
      vertex -16.000000 3.120000 -0.248000
      vertex -15.832664 3.120000 -0.266854
    endloop
  endfacet
  facet normal -0.111964 0.000000 -0.993712
    outer loop
      vertex -15.832664 3.120000 -0.266854
      vertex -16.000000 3.120000 -0.248000
      vertex -16.000000 3.868000 -0.248000
    endloop
  endfacet
  facet normal -0.111964 0.000000 -0.993712
    outer loop
      vertex -15.832664 3.120000 -0.266854
      vertex -16.000000 3.868000 -0.248000
      vertex -15.832664 3.868000 -0.266854
    endloop
  endfacet
  facet normal 0.000000 -1.000000 0.000000
    outer loop
      vertex -16.000000 3.868000 -1.000000
      vertex -16.000000 3.868000 -0.248000
      vertex -16.167336 3.868000 -0.266854
    endloop
  endfacet
  facet normal 0.000000 1.000000 0.000000
    outer loop
      vertex -16.000000 3.120000 -1.000000
      vertex -16.167336 3.120000 -0.266854
      vertex -16.000000 3.120000 -0.248000
    endloop
  endfacet
  facet normal 0.111964 0.000000 -0.993712
    outer loop
      vertex -16.000000 3.120000 -0.248000
      vertex -16.167336 3.120000 -0.266854
      vertex -16.167336 3.868000 -0.266854
    endloop
  endfacet
  facet normal 0.111964 0.000000 -0.993712
    outer loop
      vertex -16.000000 3.120000 -0.248000
      vertex -16.167336 3.868000 -0.266854
      vertex -16.000000 3.868000 -0.248000
    endloop
  endfacet
  facet normal 0.000000 -1.000000 0.000000
    outer loop
      vertex -16.000000 3.868000 -1.000000
      vertex -16.167336 3.868000 -0.266854
      vertex -16.326281 3.868000 -0.322471
    endloop
  endfacet
  facet normal 0.000000 1.000000 0.000000
    outer loop
      vertex -16.000000 3.120000 -1.000000
      vertex -16.326281 3.120000 -0.322471
      vertex -16.167336 3.120000 -0.266854
    endloop
  endfacet
  facet normal 0.330279 0.000000 -0.943883
    outer loop
      vertex -16.167336 3.120000 -0.266854
      vertex -16.326281 3.120000 -0.322471
      vertex -16.326281 3.868000 -0.322471
    endloop
  endfacet
  facet normal 0.330279 0.000000 -0.943883
    outer loop
      vertex -16.167336 3.120000 -0.266854
      vertex -16.326281 3.868000 -0.322471
      vertex -16.167336 3.868000 -0.266854
    endloop
  endfacet
  facet normal 0.000000 -1.000000 0.000000
    outer loop
      vertex -16.000000 3.868000 -1.000000
      vertex -16.326281 3.868000 -0.322471
      vertex -16.468864 3.868000 -0.412063
    endloop
  endfacet
  facet normal 0.000000 1.000000 0.000000
    outer loop
      vertex -16.000000 3.120000 -1.000000
      vertex -16.468864 3.120000 -0.412063
      vertex -16.326281 3.120000 -0.322471
    endloop
  endfacet
  facet normal 0.532032 0.000000 -0.846724
    outer loop
      vertex -16.326281 3.120000 -0.322471
      vertex -16.468864 3.120000 -0.412063
      vertex -16.468864 3.868000 -0.412063
    endloop
  endfacet
  facet normal 0.532032 0.000000 -0.846724
    outer loop
      vertex -16.326281 3.120000 -0.322471
      vertex -16.468864 3.868000 -0.412063
      vertex -16.326281 3.868000 -0.322471
    endloop
  endfacet
  facet normal 0.000000 -1.000000 0.000000
    outer loop
      vertex -16.000000 3.868000 -1.000000
      vertex -16.468864 3.868000 -0.412063
      vertex -16.587937 3.868000 -0.531136
    endloop
  endfacet
  facet normal 0.000000 1.000000 0.000000
    outer loop
      vertex -16.000000 3.120000 -1.000000
      vertex -16.587937 3.120000 -0.531136
      vertex -16.468864 3.120000 -0.412063
    endloop
  endfacet
  facet normal 0.707107 0.000000 -0.707107
    outer loop
      vertex -16.468864 3.120000 -0.412063
      vertex -16.587937 3.120000 -0.531136
      vertex -16.587937 3.868000 -0.531136
    endloop
  endfacet
  facet normal 0.707107 0.000000 -0.707107
    outer loop
      vertex -16.468864 3.120000 -0.412063
      vertex -16.587937 3.868000 -0.531136
      vertex -16.468864 3.868000 -0.412063
    endloop
  endfacet
  facet normal 0.000000 -1.000000 0.000000
    outer loop
      vertex -16.000000 3.868000 -1.000000
      vertex -16.587937 3.868000 -0.531136
      vertex -16.677529 3.868000 -0.673719
    endloop
  endfacet
  facet normal 0.000000 1.000000 0.000000
    outer loop
      vertex -16.000000 3.120000 -1.000000
      vertex -16.677529 3.120000 -0.673719
      vertex -16.587937 3.120000 -0.531136
    endloop
  endfacet
  facet normal 0.846724 0.000000 -0.532032
    outer loop
      vertex -16.587937 3.120000 -0.531136
      vertex -16.677529 3.120000 -0.673719
      vertex -16.677529 3.868000 -0.673719
    endloop
  endfacet
  facet normal 0.846724 0.000000 -0.532032
    outer loop
      vertex -16.587937 3.120000 -0.531136
      vertex -16.677529 3.868000 -0.673719
      vertex -16.587937 3.868000 -0.531136
    endloop
  endfacet
  facet normal 0.000000 -1.000000 0.000000
    outer loop
      vertex -16.000000 3.868000 -1.000000
      vertex -16.677529 3.868000 -0.673719
      vertex -16.733146 3.868000 -0.832664
    endloop
  endfacet
  facet normal 0.000000 1.000000 0.000000
    outer loop
      vertex -16.000000 3.120000 -1.000000
      vertex -16.733146 3.120000 -0.832664
      vertex -16.677529 3.120000 -0.673719
    endloop
  endfacet
  facet normal 0.943883 0.000000 -0.330279
    outer loop
      vertex -16.677529 3.120000 -0.673719
      vertex -16.733146 3.120000 -0.832664
      vertex -16.733146 3.868000 -0.832664
    endloop
  endfacet
  facet normal 0.943883 0.000000 -0.330279
    outer loop
      vertex -16.677529 3.120000 -0.673719
      vertex -16.733146 3.868000 -0.832664
      vertex -16.677529 3.868000 -0.673719
    endloop
  endfacet
  facet normal 0.000000 -1.000000 0.000000
    outer loop
      vertex -16.000000 3.868000 -1.000000
      vertex -16.733146 3.868000 -0.832664
      vertex -16.752000 3.868000 -1.000000
    endloop
  endfacet
  facet normal 0.000000 1.000000 0.000000
    outer loop
      vertex -16.000000 3.120000 -1.000000
      vertex -16.752000 3.120000 -1.000000
      vertex -16.733146 3.120000 -0.832664
    endloop
  endfacet
  facet normal 0.993712 0.000000 -0.111964
    outer loop
      vertex -16.733146 3.120000 -0.832664
      vertex -16.752000 3.120000 -1.000000
      vertex -16.752000 3.868000 -1.000000
    endloop
  endfacet
  facet normal 0.993712 0.000000 -0.111964
    outer loop
      vertex -16.733146 3.120000 -0.832664
      vertex -16.752000 3.868000 -1.000000
      vertex -16.733146 3.868000 -0.832664
    endloop
  endfacet
  facet normal 0.000000 -1.000000 0.000000
    outer loop
      vertex -16.000000 3.868000 -1.000000
      vertex -16.752000 3.868000 -1.000000
      vertex -16.733146 3.868000 -1.167336
    endloop
  endfacet
  facet normal 0.000000 1.000000 0.000000
    outer loop
      vertex -16.000000 3.120000 -1.000000
      vertex -16.733146 3.120000 -1.167336
      vertex -16.752000 3.120000 -1.000000
    endloop
  endfacet
  facet normal 0.993712 0.000000 0.111964
    outer loop
      vertex -16.752000 3.120000 -1.000000
      vertex -16.733146 3.120000 -1.167336
      vertex -16.733146 3.868000 -1.167336
    endloop
  endfacet
  facet normal 0.993712 0.000000 0.111964
    outer loop
      vertex -16.752000 3.120000 -1.000000
      vertex -16.733146 3.868000 -1.167336
      vertex -16.752000 3.868000 -1.000000
    endloop
  endfacet
  facet normal 0.000000 -1.000000 0.000000
    outer loop
      vertex -16.000000 3.868000 -1.000000
      vertex -16.733146 3.868000 -1.167336
      vertex -16.677529 3.868000 -1.326281
    endloop
  endfacet
  facet normal 0.000000 1.000000 0.000000
    outer loop
      vertex -16.000000 3.120000 -1.000000
      vertex -16.677529 3.120000 -1.326281
      vertex -16.733146 3.120000 -1.167336
    endloop
  endfacet
  facet normal 0.943883 0.000000 0.330279
    outer loop
      vertex -16.733146 3.120000 -1.167336
      vertex -16.677529 3.120000 -1.326281
      vertex -16.677529 3.868000 -1.326281
    endloop
  endfacet
  facet normal 0.943883 0.000000 0.330279
    outer loop
      vertex -16.733146 3.120000 -1.167336
      vertex -16.677529 3.868000 -1.326281
      vertex -16.733146 3.868000 -1.167336
    endloop
  endfacet
  facet normal 0.000000 -1.000000 0.000000
    outer loop
      vertex -16.000000 3.868000 -1.000000
      vertex -16.677529 3.868000 -1.326281
      vertex -16.587937 3.868000 -1.468864
    endloop
  endfacet
  facet normal 0.000000 1.000000 0.000000
    outer loop
      vertex -16.000000 3.120000 -1.000000
      vertex -16.587937 3.120000 -1.468864
      vertex -16.677529 3.120000 -1.326281
    endloop
  endfacet
  facet normal 0.846724 0.000000 0.532032
    outer loop
      vertex -16.677529 3.120000 -1.326281
      vertex -16.587937 3.120000 -1.468864
      vertex -16.587937 3.868000 -1.468864
    endloop
  endfacet
  facet normal 0.846724 0.000000 0.532032
    outer loop
      vertex -16.677529 3.120000 -1.326281
      vertex -16.587937 3.868000 -1.468864
      vertex -16.677529 3.868000 -1.326281
    endloop
  endfacet
  facet normal 0.000000 -1.000000 0.000000
    outer loop
      vertex -16.000000 3.868000 -1.000000
      vertex -16.587937 3.868000 -1.468864
      vertex -16.468864 3.868000 -1.587937
    endloop
  endfacet
  facet normal 0.000000 1.000000 0.000000
    outer loop
      vertex -16.000000 3.120000 -1.000000
      vertex -16.468864 3.120000 -1.587937
      vertex -16.587937 3.120000 -1.468864
    endloop
  endfacet
  facet normal 0.707107 0.000000 0.707107
    outer loop
      vertex -16.587937 3.120000 -1.468864
      vertex -16.468864 3.120000 -1.587937
      vertex -16.468864 3.868000 -1.587937
    endloop
  endfacet
  facet normal 0.707107 0.000000 0.707107
    outer loop
      vertex -16.587937 3.120000 -1.468864
      vertex -16.468864 3.868000 -1.587937
      vertex -16.587937 3.868000 -1.468864
    endloop
  endfacet
  facet normal 0.000000 -1.000000 0.000000
    outer loop
      vertex -16.000000 3.868000 -1.000000
      vertex -16.468864 3.868000 -1.587937
      vertex -16.326281 3.868000 -1.677529
    endloop
  endfacet
  facet normal 0.000000 1.000000 0.000000
    outer loop
      vertex -16.000000 3.120000 -1.000000
      vertex -16.326281 3.120000 -1.677529
      vertex -16.468864 3.120000 -1.587937
    endloop
  endfacet
  facet normal 0.532032 0.000000 0.846724
    outer loop
      vertex -16.468864 3.120000 -1.587937
      vertex -16.326281 3.120000 -1.677529
      vertex -16.326281 3.868000 -1.677529
    endloop
  endfacet
  facet normal 0.532032 0.000000 0.846724
    outer loop
      vertex -16.468864 3.120000 -1.587937
      vertex -16.326281 3.868000 -1.677529
      vertex -16.468864 3.868000 -1.587937
    endloop
  endfacet
  facet normal 0.000000 -1.000000 0.000000
    outer loop
      vertex -16.000000 3.868000 -1.000000
      vertex -16.326281 3.868000 -1.677529
      vertex -16.167336 3.868000 -1.733146
    endloop
  endfacet
  facet normal 0.000000 1.000000 0.000000
    outer loop
      vertex -16.000000 3.120000 -1.000000
      vertex -16.167336 3.120000 -1.733146
      vertex -16.326281 3.120000 -1.677529
    endloop
  endfacet
  facet normal 0.330279 0.000000 0.943883
    outer loop
      vertex -16.326281 3.120000 -1.677529
      vertex -16.167336 3.120000 -1.733146
      vertex -16.167336 3.868000 -1.733146
    endloop
  endfacet
  facet normal 0.330279 0.000000 0.943883
    outer loop
      vertex -16.326281 3.120000 -1.677529
      vertex -16.167336 3.868000 -1.733146
      vertex -16.326281 3.868000 -1.677529
    endloop
  endfacet
  facet normal 0.000000 -1.000000 0.000000
    outer loop
      vertex -16.000000 3.868000 -1.000000
      vertex -16.167336 3.868000 -1.733146
      vertex -16.000000 3.868000 -1.752000
    endloop
  endfacet
  facet normal 0.000000 1.000000 0.000000
    outer loop
      vertex -16.000000 3.120000 -1.000000
      vertex -16.000000 3.120000 -1.752000
      vertex -16.167336 3.120000 -1.733146
    endloop
  endfacet
  facet normal 0.111964 0.000000 0.993712
    outer loop
      vertex -16.167336 3.120000 -1.733146
      vertex -16.000000 3.120000 -1.752000
      vertex -16.000000 3.868000 -1.752000
    endloop
  endfacet
  facet normal 0.111964 0.000000 0.993712
    outer loop
      vertex -16.167336 3.120000 -1.733146
      vertex -16.000000 3.868000 -1.752000
      vertex -16.167336 3.868000 -1.733146
    endloop
  endfacet
  facet normal 0.000000 -1.000000 0.000000
    outer loop
      vertex -16.000000 3.868000 -1.000000
      vertex -16.000000 3.868000 -1.752000
      vertex -15.832664 3.868000 -1.733146
    endloop
  endfacet
  facet normal 0.000000 1.000000 0.000000
    outer loop
      vertex -16.000000 3.120000 -1.000000
      vertex -15.832664 3.120000 -1.733146
      vertex -16.000000 3.120000 -1.752000
    endloop
  endfacet
  facet normal -0.111964 0.000000 0.993712
    outer loop
      vertex -16.000000 3.120000 -1.752000
      vertex -15.832664 3.120000 -1.733146
      vertex -15.832664 3.868000 -1.733146
    endloop
  endfacet
  facet normal -0.111964 0.000000 0.993712
    outer loop
      vertex -16.000000 3.120000 -1.752000
      vertex -15.832664 3.868000 -1.733146
      vertex -16.000000 3.868000 -1.752000
    endloop
  endfacet
  facet normal 0.000000 -1.000000 0.000000
    outer loop
      vertex -16.000000 3.868000 -1.000000
      vertex -15.832664 3.868000 -1.733146
      vertex -15.673719 3.868000 -1.677529
    endloop
  endfacet
  facet normal 0.000000 1.000000 0.000000
    outer loop
      vertex -16.000000 3.120000 -1.000000
      vertex -15.673719 3.120000 -1.677529
      vertex -15.832664 3.120000 -1.733146
    endloop
  endfacet
  facet normal -0.330279 0.000000 0.943883
    outer loop
      vertex -15.832664 3.120000 -1.733146
      vertex -15.673719 3.120000 -1.677529
      vertex -15.673719 3.868000 -1.677529
    endloop
  endfacet
  facet normal -0.330279 0.000000 0.943883
    outer loop
      vertex -15.832664 3.120000 -1.733146
      vertex -15.673719 3.868000 -1.677529
      vertex -15.832664 3.868000 -1.733146
    endloop
  endfacet
  facet normal 0.000000 -1.000000 0.000000
    outer loop
      vertex -16.000000 3.868000 -1.000000
      vertex -15.673719 3.868000 -1.677529
      vertex -15.531136 3.868000 -1.587937
    endloop
  endfacet
  facet normal 0.000000 1.000000 0.000000
    outer loop
      vertex -16.000000 3.120000 -1.000000
      vertex -15.531136 3.120000 -1.587937
      vertex -15.673719 3.120000 -1.677529
    endloop
  endfacet
  facet normal -0.532032 0.000000 0.846724
    outer loop
      vertex -15.673719 3.120000 -1.677529
      vertex -15.531136 3.120000 -1.587937
      vertex -15.531136 3.868000 -1.587937
    endloop
  endfacet
  facet normal -0.532032 0.000000 0.846724
    outer loop
      vertex -15.673719 3.120000 -1.677529
      vertex -15.531136 3.868000 -1.587937
      vertex -15.673719 3.868000 -1.677529
    endloop
  endfacet
  facet normal 0.000000 -1.000000 0.000000
    outer loop
      vertex -16.000000 3.868000 -1.000000
      vertex -15.531136 3.868000 -1.587937
      vertex -15.412063 3.868000 -1.468864
    endloop
  endfacet
  facet normal 0.000000 1.000000 0.000000
    outer loop
      vertex -16.000000 3.120000 -1.000000
      vertex -15.412063 3.120000 -1.468864
      vertex -15.531136 3.120000 -1.587937
    endloop
  endfacet
  facet normal -0.707107 0.000000 0.707107
    outer loop
      vertex -15.531136 3.120000 -1.587937
      vertex -15.412063 3.120000 -1.468864
      vertex -15.412063 3.868000 -1.468864
    endloop
  endfacet
  facet normal -0.707107 0.000000 0.707107
    outer loop
      vertex -15.531136 3.120000 -1.587937
      vertex -15.412063 3.868000 -1.468864
      vertex -15.531136 3.868000 -1.587937
    endloop
  endfacet
  facet normal 0.000000 -1.000000 0.000000
    outer loop
      vertex -16.000000 3.868000 -1.000000
      vertex -15.412063 3.868000 -1.468864
      vertex -15.322471 3.868000 -1.326281
    endloop
  endfacet
  facet normal 0.000000 1.000000 0.000000
    outer loop
      vertex -16.000000 3.120000 -1.000000
      vertex -15.322471 3.120000 -1.326281
      vertex -15.412063 3.120000 -1.468864
    endloop
  endfacet
  facet normal -0.846724 0.000000 0.532032
    outer loop
      vertex -15.412063 3.120000 -1.468864
      vertex -15.322471 3.120000 -1.326281
      vertex -15.322471 3.868000 -1.326281
    endloop
  endfacet
  facet normal -0.846724 0.000000 0.532032
    outer loop
      vertex -15.412063 3.120000 -1.468864
      vertex -15.322471 3.868000 -1.326281
      vertex -15.412063 3.868000 -1.468864
    endloop
  endfacet
  facet normal 0.000000 -1.000000 0.000000
    outer loop
      vertex -16.000000 3.868000 -1.000000
      vertex -15.322471 3.868000 -1.326281
      vertex -15.266854 3.868000 -1.167336
    endloop
  endfacet
  facet normal 0.000000 1.000000 0.000000
    outer loop
      vertex -16.000000 3.120000 -1.000000
      vertex -15.266854 3.120000 -1.167336
      vertex -15.322471 3.120000 -1.326281
    endloop
  endfacet
  facet normal -0.943883 0.000000 0.330279
    outer loop
      vertex -15.322471 3.120000 -1.326281
      vertex -15.266854 3.120000 -1.167336
      vertex -15.266854 3.868000 -1.167336
    endloop
  endfacet
  facet normal -0.943883 0.000000 0.330279
    outer loop
      vertex -15.322471 3.120000 -1.326281
      vertex -15.266854 3.868000 -1.167336
      vertex -15.322471 3.868000 -1.326281
    endloop
  endfacet
  facet normal 0.000000 -1.000000 0.000000
    outer loop
      vertex -16.000000 3.868000 -1.000000
      vertex -15.266854 3.868000 -1.167336
      vertex -15.248000 3.868000 -1.000000
    endloop
  endfacet
  facet normal 0.000000 1.000000 0.000000
    outer loop
      vertex -16.000000 3.120000 -1.000000
      vertex -15.248000 3.120000 -1.000000
      vertex -15.266854 3.120000 -1.167336
    endloop
  endfacet
  facet normal -0.993712 0.000000 0.111964
    outer loop
      vertex -15.266854 3.120000 -1.167336
      vertex -15.248000 3.120000 -1.000000
      vertex -15.248000 3.868000 -1.000000
    endloop
  endfacet
  facet normal -0.993712 0.000000 0.111964
    outer loop
      vertex -15.266854 3.120000 -1.167336
      vertex -15.248000 3.868000 -1.000000
      vertex -15.266854 3.868000 -1.167336
    endloop
  endfacet
  facet normal -0.098011 -0.995124 -0.011043
    outer loop
      vertex -16.000000 4.480000 -1.000000
      vertex -15.880605 4.468241 -1.000000
      vertex -15.883598 4.468241 -0.973432
    endloop
  endfacet
  facet normal -0.093096 -0.995124 -0.032576
    outer loop
      vertex -16.000000 4.480000 -1.000000
      vertex -15.883598 4.468241 -0.973432
      vertex -15.892429 4.468241 -0.948196
    endloop
  endfacet
  facet normal -0.083514 -0.995124 -0.052475
    outer loop
      vertex -16.000000 4.480000 -1.000000
      vertex -15.892429 4.468241 -0.948196
      vertex -15.906653 4.468241 -0.925558
    endloop
  endfacet
  facet normal -0.069743 -0.995124 -0.069743
    outer loop
      vertex -16.000000 4.480000 -1.000000
      vertex -15.906653 4.468241 -0.925558
      vertex -15.925558 4.468241 -0.906653
    endloop
  endfacet
  facet normal -0.052475 -0.995124 -0.083514
    outer loop
      vertex -16.000000 4.480000 -1.000000
      vertex -15.925558 4.468241 -0.906653
      vertex -15.948196 4.468241 -0.892429
    endloop
  endfacet
  facet normal -0.032576 -0.995124 -0.093096
    outer loop
      vertex -16.000000 4.480000 -1.000000
      vertex -15.948196 4.468241 -0.892429
      vertex -15.973432 4.468241 -0.883598
    endloop
  endfacet
  facet normal -0.011043 -0.995124 -0.098011
    outer loop
      vertex -16.000000 4.480000 -1.000000
      vertex -15.973432 4.468241 -0.883598
      vertex -16.000000 4.468241 -0.880605
    endloop
  endfacet
  facet normal 0.011043 -0.995124 -0.098011
    outer loop
      vertex -16.000000 4.480000 -1.000000
      vertex -16.000000 4.468241 -0.880605
      vertex -16.026568 4.468241 -0.883598
    endloop
  endfacet
  facet normal 0.032576 -0.995124 -0.093096
    outer loop
      vertex -16.000000 4.480000 -1.000000
      vertex -16.026568 4.468241 -0.883598
      vertex -16.051804 4.468241 -0.892429
    endloop
  endfacet
  facet normal 0.052475 -0.995124 -0.083514
    outer loop
      vertex -16.000000 4.480000 -1.000000
      vertex -16.051804 4.468241 -0.892429
      vertex -16.074442 4.468241 -0.906653
    endloop
  endfacet
  facet normal 0.069743 -0.995124 -0.069743
    outer loop
      vertex -16.000000 4.480000 -1.000000
      vertex -16.074442 4.468241 -0.906653
      vertex -16.093347 4.468241 -0.925558
    endloop
  endfacet
  facet normal 0.083514 -0.995124 -0.052475
    outer loop
      vertex -16.000000 4.480000 -1.000000
      vertex -16.093347 4.468241 -0.925558
      vertex -16.107571 4.468241 -0.948196
    endloop
  endfacet
  facet normal 0.093096 -0.995124 -0.032576
    outer loop
      vertex -16.000000 4.480000 -1.000000
      vertex -16.107571 4.468241 -0.948196
      vertex -16.116402 4.468241 -0.973432
    endloop
  endfacet
  facet normal 0.098011 -0.995124 -0.011043
    outer loop
      vertex -16.000000 4.480000 -1.000000
      vertex -16.116402 4.468241 -0.973432
      vertex -16.119395 4.468241 -1.000000
    endloop
  endfacet
  facet normal 0.098011 -0.995124 0.011043
    outer loop
      vertex -16.000000 4.480000 -1.000000
      vertex -16.119395 4.468241 -1.000000
      vertex -16.116402 4.468241 -1.026568
    endloop
  endfacet
  facet normal 0.093096 -0.995124 0.032576
    outer loop
      vertex -16.000000 4.480000 -1.000000
      vertex -16.116402 4.468241 -1.026568
      vertex -16.107571 4.468241 -1.051804
    endloop
  endfacet
  facet normal 0.083514 -0.995124 0.052475
    outer loop
      vertex -16.000000 4.480000 -1.000000
      vertex -16.107571 4.468241 -1.051804
      vertex -16.093347 4.468241 -1.074442
    endloop
  endfacet
  facet normal 0.069743 -0.995124 0.069743
    outer loop
      vertex -16.000000 4.480000 -1.000000
      vertex -16.093347 4.468241 -1.074442
      vertex -16.074442 4.468241 -1.093347
    endloop
  endfacet
  facet normal 0.052475 -0.995124 0.083514
    outer loop
      vertex -16.000000 4.480000 -1.000000
      vertex -16.074442 4.468241 -1.093347
      vertex -16.051804 4.468241 -1.107571
    endloop
  endfacet
  facet normal 0.032576 -0.995124 0.093096
    outer loop
      vertex -16.000000 4.480000 -1.000000
      vertex -16.051804 4.468241 -1.107571
      vertex -16.026568 4.468241 -1.116402
    endloop
  endfacet
  facet normal 0.011043 -0.995124 0.098011
    outer loop
      vertex -16.000000 4.480000 -1.000000
      vertex -16.026568 4.468241 -1.116402
      vertex -16.000000 4.468241 -1.119395
    endloop
  endfacet
  facet normal -0.011043 -0.995124 0.098011
    outer loop
      vertex -16.000000 4.480000 -1.000000
      vertex -16.000000 4.468241 -1.119395
      vertex -15.973432 4.468241 -1.116402
    endloop
  endfacet
  facet normal -0.032576 -0.995124 0.093096
    outer loop
      vertex -16.000000 4.480000 -1.000000
      vertex -15.973432 4.468241 -1.116402
      vertex -15.948196 4.468241 -1.107571
    endloop
  endfacet
  facet normal -0.052475 -0.995124 0.083514
    outer loop
      vertex -16.000000 4.480000 -1.000000
      vertex -15.948196 4.468241 -1.107571
      vertex -15.925558 4.468241 -1.093347
    endloop
  endfacet
  facet normal -0.069743 -0.995124 0.069743
    outer loop
      vertex -16.000000 4.480000 -1.000000
      vertex -15.925558 4.468241 -1.093347
      vertex -15.906653 4.468241 -1.074442
    endloop
  endfacet
  facet normal -0.083514 -0.995124 0.052475
    outer loop
      vertex -16.000000 4.480000 -1.000000
      vertex -15.906653 4.468241 -1.074442
      vertex -15.892429 4.468241 -1.051804
    endloop
  endfacet
  facet normal -0.093096 -0.995124 0.032576
    outer loop
      vertex -16.000000 4.480000 -1.000000
      vertex -15.892429 4.468241 -1.051804
      vertex -15.883598 4.468241 -1.026568
    endloop
  endfacet
  facet normal -0.098011 -0.995124 0.011043
    outer loop
      vertex -16.000000 4.480000 -1.000000
      vertex -15.883598 4.468241 -1.026568
      vertex -15.880605 4.468241 -1.000000
    endloop
  endfacet
  facet normal -0.290130 -0.956429 -0.032690
    outer loop
      vertex -15.880605 4.468241 -1.000000
      vertex -15.765798 4.433414 -1.000000
      vertex -15.771670 4.433414 -0.947885
    endloop
  endfacet
  facet normal -0.290130 -0.956429 -0.032690
    outer loop
      vertex -15.880605 4.468241 -1.000000
      vertex -15.771670 4.433414 -0.947885
      vertex -15.883598 4.468241 -0.973432
    endloop
  endfacet
  facet normal -0.275581 -0.956429 -0.096430
    outer loop
      vertex -15.883598 4.468241 -0.973432
      vertex -15.771670 4.433414 -0.947885
      vertex -15.788991 4.433414 -0.898383
    endloop
  endfacet
  facet normal -0.275581 -0.956429 -0.096430
    outer loop
      vertex -15.883598 4.468241 -0.973432
      vertex -15.788991 4.433414 -0.898383
      vertex -15.892429 4.468241 -0.948196
    endloop
  endfacet
  facet normal -0.247214 -0.956429 -0.155335
    outer loop
      vertex -15.892429 4.468241 -0.948196
      vertex -15.788991 4.433414 -0.898383
      vertex -15.816893 4.433414 -0.853977
    endloop
  endfacet
  facet normal -0.247214 -0.956429 -0.155335
    outer loop
      vertex -15.892429 4.468241 -0.948196
      vertex -15.816893 4.433414 -0.853977
      vertex -15.906653 4.468241 -0.925558
    endloop
  endfacet
  facet normal -0.206451 -0.956429 -0.206451
    outer loop
      vertex -15.906653 4.468241 -0.925558
      vertex -15.816893 4.433414 -0.853977
      vertex -15.853977 4.433414 -0.816893
    endloop
  endfacet
  facet normal -0.206451 -0.956429 -0.206451
    outer loop
      vertex -15.906653 4.468241 -0.925558
      vertex -15.853977 4.433414 -0.816893
      vertex -15.925558 4.468241 -0.906653
    endloop
  endfacet
  facet normal -0.155335 -0.956429 -0.247214
    outer loop
      vertex -15.925558 4.468241 -0.906653
      vertex -15.853977 4.433414 -0.816893
      vertex -15.898383 4.433414 -0.788991
    endloop
  endfacet
  facet normal -0.155335 -0.956429 -0.247214
    outer loop
      vertex -15.925558 4.468241 -0.906653
      vertex -15.898383 4.433414 -0.788991
      vertex -15.948196 4.468241 -0.892429
    endloop
  endfacet
  facet normal -0.096430 -0.956429 -0.275581
    outer loop
      vertex -15.948196 4.468241 -0.892429
      vertex -15.898383 4.433414 -0.788991
      vertex -15.947885 4.433414 -0.771670
    endloop
  endfacet
  facet normal -0.096430 -0.956429 -0.275581
    outer loop
      vertex -15.948196 4.468241 -0.892429
      vertex -15.947885 4.433414 -0.771670
      vertex -15.973432 4.468241 -0.883598
    endloop
  endfacet
  facet normal -0.032690 -0.956429 -0.290130
    outer loop
      vertex -15.973432 4.468241 -0.883598
      vertex -15.947885 4.433414 -0.771670
      vertex -16.000000 4.433414 -0.765798
    endloop
  endfacet
  facet normal -0.032690 -0.956429 -0.290130
    outer loop
      vertex -15.973432 4.468241 -0.883598
      vertex -16.000000 4.433414 -0.765798
      vertex -16.000000 4.468241 -0.880605
    endloop
  endfacet
  facet normal 0.032690 -0.956429 -0.290130
    outer loop
      vertex -16.000000 4.468241 -0.880605
      vertex -16.000000 4.433414 -0.765798
      vertex -16.052115 4.433414 -0.771670
    endloop
  endfacet
  facet normal 0.032690 -0.956429 -0.290130
    outer loop
      vertex -16.000000 4.468241 -0.880605
      vertex -16.052115 4.433414 -0.771670
      vertex -16.026568 4.468241 -0.883598
    endloop
  endfacet
  facet normal 0.096430 -0.956429 -0.275581
    outer loop
      vertex -16.026568 4.468241 -0.883598
      vertex -16.052115 4.433414 -0.771670
      vertex -16.101617 4.433414 -0.788991
    endloop
  endfacet
  facet normal 0.096430 -0.956429 -0.275581
    outer loop
      vertex -16.026568 4.468241 -0.883598
      vertex -16.101617 4.433414 -0.788991
      vertex -16.051804 4.468241 -0.892429
    endloop
  endfacet
  facet normal 0.155335 -0.956429 -0.247214
    outer loop
      vertex -16.051804 4.468241 -0.892429
      vertex -16.101617 4.433414 -0.788991
      vertex -16.146023 4.433414 -0.816893
    endloop
  endfacet
  facet normal 0.155335 -0.956429 -0.247214
    outer loop
      vertex -16.051804 4.468241 -0.892429
      vertex -16.146023 4.433414 -0.816893
      vertex -16.074442 4.468241 -0.906653
    endloop
  endfacet
  facet normal 0.206451 -0.956429 -0.206451
    outer loop
      vertex -16.074442 4.468241 -0.906653
      vertex -16.146023 4.433414 -0.816893
      vertex -16.183107 4.433414 -0.853977
    endloop
  endfacet
  facet normal 0.206451 -0.956429 -0.206451
    outer loop
      vertex -16.074442 4.468241 -0.906653
      vertex -16.183107 4.433414 -0.853977
      vertex -16.093347 4.468241 -0.925558
    endloop
  endfacet
  facet normal 0.247214 -0.956429 -0.155335
    outer loop
      vertex -16.093347 4.468241 -0.925558
      vertex -16.183107 4.433414 -0.853977
      vertex -16.211009 4.433414 -0.898383
    endloop
  endfacet
  facet normal 0.247214 -0.956429 -0.155335
    outer loop
      vertex -16.093347 4.468241 -0.925558
      vertex -16.211009 4.433414 -0.898383
      vertex -16.107571 4.468241 -0.948196
    endloop
  endfacet
  facet normal 0.275581 -0.956429 -0.096430
    outer loop
      vertex -16.107571 4.468241 -0.948196
      vertex -16.211009 4.433414 -0.898383
      vertex -16.228330 4.433414 -0.947885
    endloop
  endfacet
  facet normal 0.275581 -0.956429 -0.096430
    outer loop
      vertex -16.107571 4.468241 -0.948196
      vertex -16.228330 4.433414 -0.947885
      vertex -16.116402 4.468241 -0.973432
    endloop
  endfacet
  facet normal 0.290130 -0.956429 -0.032690
    outer loop
      vertex -16.116402 4.468241 -0.973432
      vertex -16.228330 4.433414 -0.947885
      vertex -16.234202 4.433414 -1.000000
    endloop
  endfacet
  facet normal 0.290130 -0.956429 -0.032690
    outer loop
      vertex -16.116402 4.468241 -0.973432
      vertex -16.234202 4.433414 -1.000000
      vertex -16.119395 4.468241 -1.000000
    endloop
  endfacet
  facet normal 0.290130 -0.956429 0.032690
    outer loop
      vertex -16.119395 4.468241 -1.000000
      vertex -16.234202 4.433414 -1.000000
      vertex -16.228330 4.433414 -1.052115
    endloop
  endfacet
  facet normal 0.290130 -0.956429 0.032690
    outer loop
      vertex -16.119395 4.468241 -1.000000
      vertex -16.228330 4.433414 -1.052115
      vertex -16.116402 4.468241 -1.026568
    endloop
  endfacet
  facet normal 0.275581 -0.956429 0.096430
    outer loop
      vertex -16.116402 4.468241 -1.026568
      vertex -16.228330 4.433414 -1.052115
      vertex -16.211009 4.433414 -1.101617
    endloop
  endfacet
  facet normal 0.275581 -0.956429 0.096430
    outer loop
      vertex -16.116402 4.468241 -1.026568
      vertex -16.211009 4.433414 -1.101617
      vertex -16.107571 4.468241 -1.051804
    endloop
  endfacet
  facet normal 0.247214 -0.956429 0.155335
    outer loop
      vertex -16.107571 4.468241 -1.051804
      vertex -16.211009 4.433414 -1.101617
      vertex -16.183107 4.433414 -1.146023
    endloop
  endfacet
  facet normal 0.247214 -0.956429 0.155335
    outer loop
      vertex -16.107571 4.468241 -1.051804
      vertex -16.183107 4.433414 -1.146023
      vertex -16.093347 4.468241 -1.074442
    endloop
  endfacet
  facet normal 0.206451 -0.956429 0.206451
    outer loop
      vertex -16.093347 4.468241 -1.074442
      vertex -16.183107 4.433414 -1.146023
      vertex -16.146023 4.433414 -1.183107
    endloop
  endfacet
  facet normal 0.206451 -0.956429 0.206451
    outer loop
      vertex -16.093347 4.468241 -1.074442
      vertex -16.146023 4.433414 -1.183107
      vertex -16.074442 4.468241 -1.093347
    endloop
  endfacet
  facet normal 0.155335 -0.956429 0.247214
    outer loop
      vertex -16.074442 4.468241 -1.093347
      vertex -16.146023 4.433414 -1.183107
      vertex -16.101617 4.433414 -1.211009
    endloop
  endfacet
  facet normal 0.155335 -0.956429 0.247214
    outer loop
      vertex -16.074442 4.468241 -1.093347
      vertex -16.101617 4.433414 -1.211009
      vertex -16.051804 4.468241 -1.107571
    endloop
  endfacet
  facet normal 0.096430 -0.956429 0.275581
    outer loop
      vertex -16.051804 4.468241 -1.107571
      vertex -16.101617 4.433414 -1.211009
      vertex -16.052115 4.433414 -1.228330
    endloop
  endfacet
  facet normal 0.096430 -0.956429 0.275581
    outer loop
      vertex -16.051804 4.468241 -1.107571
      vertex -16.052115 4.433414 -1.228330
      vertex -16.026568 4.468241 -1.116402
    endloop
  endfacet
  facet normal 0.032690 -0.956429 0.290130
    outer loop
      vertex -16.026568 4.468241 -1.116402
      vertex -16.052115 4.433414 -1.228330
      vertex -16.000000 4.433414 -1.234202
    endloop
  endfacet
  facet normal 0.032690 -0.956429 0.290130
    outer loop
      vertex -16.026568 4.468241 -1.116402
      vertex -16.000000 4.433414 -1.234202
      vertex -16.000000 4.468241 -1.119395
    endloop
  endfacet
  facet normal -0.032690 -0.956429 0.290130
    outer loop
      vertex -16.000000 4.468241 -1.119395
      vertex -16.000000 4.433414 -1.234202
      vertex -15.947885 4.433414 -1.228330
    endloop
  endfacet
  facet normal -0.032690 -0.956429 0.290130
    outer loop
      vertex -16.000000 4.468241 -1.119395
      vertex -15.947885 4.433414 -1.228330
      vertex -15.973432 4.468241 -1.116402
    endloop
  endfacet
  facet normal -0.096430 -0.956429 0.275581
    outer loop
      vertex -15.973432 4.468241 -1.116402
      vertex -15.947885 4.433414 -1.228330
      vertex -15.898383 4.433414 -1.211009
    endloop
  endfacet
  facet normal -0.096430 -0.956429 0.275581
    outer loop
      vertex -15.973432 4.468241 -1.116402
      vertex -15.898383 4.433414 -1.211009
      vertex -15.948196 4.468241 -1.107571
    endloop
  endfacet
  facet normal -0.155335 -0.956429 0.247214
    outer loop
      vertex -15.948196 4.468241 -1.107571
      vertex -15.898383 4.433414 -1.211009
      vertex -15.853977 4.433414 -1.183107
    endloop
  endfacet
  facet normal -0.155335 -0.956429 0.247214
    outer loop
      vertex -15.948196 4.468241 -1.107571
      vertex -15.853977 4.433414 -1.183107
      vertex -15.925558 4.468241 -1.093347
    endloop
  endfacet
  facet normal -0.206451 -0.956429 0.206451
    outer loop
      vertex -15.925558 4.468241 -1.093347
      vertex -15.853977 4.433414 -1.183107
      vertex -15.816893 4.433414 -1.146023
    endloop
  endfacet
  facet normal -0.206451 -0.956429 0.206451
    outer loop
      vertex -15.925558 4.468241 -1.093347
      vertex -15.816893 4.433414 -1.146023
      vertex -15.906653 4.468241 -1.074442
    endloop
  endfacet
  facet normal -0.247214 -0.956429 0.155335
    outer loop
      vertex -15.906653 4.468241 -1.074442
      vertex -15.816893 4.433414 -1.146023
      vertex -15.788991 4.433414 -1.101617
    endloop
  endfacet
  facet normal -0.247214 -0.956429 0.155335
    outer loop
      vertex -15.906653 4.468241 -1.074442
      vertex -15.788991 4.433414 -1.101617
      vertex -15.892429 4.468241 -1.051804
    endloop
  endfacet
  facet normal -0.275581 -0.956429 0.096430
    outer loop
      vertex -15.892429 4.468241 -1.051804
      vertex -15.788991 4.433414 -1.101617
      vertex -15.771670 4.433414 -1.052115
    endloop
  endfacet
  facet normal -0.275581 -0.956429 0.096430
    outer loop
      vertex -15.892429 4.468241 -1.051804
      vertex -15.771670 4.433414 -1.052115
      vertex -15.883598 4.468241 -1.026568
    endloop
  endfacet
  facet normal -0.290130 -0.956429 0.032690
    outer loop
      vertex -15.883598 4.468241 -1.026568
      vertex -15.771670 4.433414 -1.052115
      vertex -15.765798 4.433414 -1.000000
    endloop
  endfacet
  facet normal -0.290130 -0.956429 0.032690
    outer loop
      vertex -15.883598 4.468241 -1.026568
      vertex -15.765798 4.433414 -1.000000
      vertex -15.880605 4.468241 -1.000000
    endloop
  endfacet
  facet normal -0.470733 -0.880680 -0.053039
    outer loop
      vertex -15.765798 4.433414 -1.000000
      vertex -15.659991 4.376859 -1.000000
      vertex -15.668516 4.376859 -0.924341
    endloop
  endfacet
  facet normal -0.470733 -0.880680 -0.053039
    outer loop
      vertex -15.765798 4.433414 -1.000000
      vertex -15.668516 4.376859 -0.924341
      vertex -15.771670 4.433414 -0.947885
    endloop
  endfacet
  facet normal -0.447129 -0.880680 -0.156457
    outer loop
      vertex -15.771670 4.433414 -0.947885
      vertex -15.668516 4.376859 -0.924341
      vertex -15.693662 4.376859 -0.852476
    endloop
  endfacet
  facet normal -0.447129 -0.880680 -0.156457
    outer loop
      vertex -15.771670 4.433414 -0.947885
      vertex -15.693662 4.376859 -0.852476
      vertex -15.788991 4.433414 -0.898383
    endloop
  endfacet
  facet normal -0.401103 -0.880680 -0.252030
    outer loop
      vertex -15.788991 4.433414 -0.898383
      vertex -15.693662 4.376859 -0.852476
      vertex -15.734170 4.376859 -0.788008
    endloop
  endfacet
  facet normal -0.401103 -0.880680 -0.252030
    outer loop
      vertex -15.788991 4.433414 -0.898383
      vertex -15.734170 4.376859 -0.788008
      vertex -15.816893 4.433414 -0.853977
    endloop
  endfacet
  facet normal -0.334965 -0.880680 -0.334965
    outer loop
      vertex -15.816893 4.433414 -0.853977
      vertex -15.734170 4.376859 -0.788008
      vertex -15.788008 4.376859 -0.734170
    endloop
  endfacet
  facet normal -0.334965 -0.880680 -0.334965
    outer loop
      vertex -15.816893 4.433414 -0.853977
      vertex -15.788008 4.376859 -0.734170
      vertex -15.853977 4.433414 -0.816893
    endloop
  endfacet
  facet normal -0.252030 -0.880680 -0.401103
    outer loop
      vertex -15.853977 4.433414 -0.816893
      vertex -15.788008 4.376859 -0.734170
      vertex -15.852476 4.376859 -0.693662
    endloop
  endfacet
  facet normal -0.252030 -0.880680 -0.401103
    outer loop
      vertex -15.853977 4.433414 -0.816893
      vertex -15.852476 4.376859 -0.693662
      vertex -15.898383 4.433414 -0.788991
    endloop
  endfacet
  facet normal -0.156457 -0.880680 -0.447129
    outer loop
      vertex -15.898383 4.433414 -0.788991
      vertex -15.852476 4.376859 -0.693662
      vertex -15.924341 4.376859 -0.668516
    endloop
  endfacet
  facet normal -0.156457 -0.880680 -0.447129
    outer loop
      vertex -15.898383 4.433414 -0.788991
      vertex -15.924341 4.376859 -0.668516
      vertex -15.947885 4.433414 -0.771670
    endloop
  endfacet
  facet normal -0.053039 -0.880680 -0.470733
    outer loop
      vertex -15.947885 4.433414 -0.771670
      vertex -15.924341 4.376859 -0.668516
      vertex -16.000000 4.376859 -0.659991
    endloop
  endfacet
  facet normal -0.053039 -0.880680 -0.470733
    outer loop
      vertex -15.947885 4.433414 -0.771670
      vertex -16.000000 4.376859 -0.659991
      vertex -16.000000 4.433414 -0.765798
    endloop
  endfacet
  facet normal 0.053039 -0.880680 -0.470733
    outer loop
      vertex -16.000000 4.433414 -0.765798
      vertex -16.000000 4.376859 -0.659991
      vertex -16.075659 4.376859 -0.668516
    endloop
  endfacet
  facet normal 0.053039 -0.880680 -0.470733
    outer loop
      vertex -16.000000 4.433414 -0.765798
      vertex -16.075659 4.376859 -0.668516
      vertex -16.052115 4.433414 -0.771670
    endloop
  endfacet
  facet normal 0.156457 -0.880680 -0.447129
    outer loop
      vertex -16.052115 4.433414 -0.771670
      vertex -16.075659 4.376859 -0.668516
      vertex -16.147524 4.376859 -0.693662
    endloop
  endfacet
  facet normal 0.156457 -0.880680 -0.447129
    outer loop
      vertex -16.052115 4.433414 -0.771670
      vertex -16.147524 4.376859 -0.693662
      vertex -16.101617 4.433414 -0.788991
    endloop
  endfacet
  facet normal 0.252030 -0.880680 -0.401103
    outer loop
      vertex -16.101617 4.433414 -0.788991
      vertex -16.147524 4.376859 -0.693662
      vertex -16.211992 4.376859 -0.734170
    endloop
  endfacet
  facet normal 0.252030 -0.880680 -0.401103
    outer loop
      vertex -16.101617 4.433414 -0.788991
      vertex -16.211992 4.376859 -0.734170
      vertex -16.146023 4.433414 -0.816893
    endloop
  endfacet
  facet normal 0.334965 -0.880680 -0.334965
    outer loop
      vertex -16.146023 4.433414 -0.816893
      vertex -16.211992 4.376859 -0.734170
      vertex -16.265830 4.376859 -0.788008
    endloop
  endfacet
  facet normal 0.334965 -0.880680 -0.334965
    outer loop
      vertex -16.146023 4.433414 -0.816893
      vertex -16.265830 4.376859 -0.788008
      vertex -16.183107 4.433414 -0.853977
    endloop
  endfacet
  facet normal 0.401103 -0.880680 -0.252030
    outer loop
      vertex -16.183107 4.433414 -0.853977
      vertex -16.265830 4.376859 -0.788008
      vertex -16.306338 4.376859 -0.852476
    endloop
  endfacet
  facet normal 0.401103 -0.880680 -0.252030
    outer loop
      vertex -16.183107 4.433414 -0.853977
      vertex -16.306338 4.376859 -0.852476
      vertex -16.211009 4.433414 -0.898383
    endloop
  endfacet
  facet normal 0.447129 -0.880680 -0.156457
    outer loop
      vertex -16.211009 4.433414 -0.898383
      vertex -16.306338 4.376859 -0.852476
      vertex -16.331484 4.376859 -0.924341
    endloop
  endfacet
  facet normal 0.447129 -0.880680 -0.156457
    outer loop
      vertex -16.211009 4.433414 -0.898383
      vertex -16.331484 4.376859 -0.924341
      vertex -16.228330 4.433414 -0.947885
    endloop
  endfacet
  facet normal 0.470733 -0.880680 -0.053039
    outer loop
      vertex -16.228330 4.433414 -0.947885
      vertex -16.331484 4.376859 -0.924341
      vertex -16.340009 4.376859 -1.000000
    endloop
  endfacet
  facet normal 0.470733 -0.880680 -0.053039
    outer loop
      vertex -16.228330 4.433414 -0.947885
      vertex -16.340009 4.376859 -1.000000
      vertex -16.234202 4.433414 -1.000000
    endloop
  endfacet
  facet normal 0.470733 -0.880680 0.053039
    outer loop
      vertex -16.234202 4.433414 -1.000000
      vertex -16.340009 4.376859 -1.000000
      vertex -16.331484 4.376859 -1.075659
    endloop
  endfacet
  facet normal 0.470733 -0.880680 0.053039
    outer loop
      vertex -16.234202 4.433414 -1.000000
      vertex -16.331484 4.376859 -1.075659
      vertex -16.228330 4.433414 -1.052115
    endloop
  endfacet
  facet normal 0.447129 -0.880680 0.156457
    outer loop
      vertex -16.228330 4.433414 -1.052115
      vertex -16.331484 4.376859 -1.075659
      vertex -16.306338 4.376859 -1.147524
    endloop
  endfacet
  facet normal 0.447129 -0.880680 0.156457
    outer loop
      vertex -16.228330 4.433414 -1.052115
      vertex -16.306338 4.376859 -1.147524
      vertex -16.211009 4.433414 -1.101617
    endloop
  endfacet
  facet normal 0.401103 -0.880680 0.252030
    outer loop
      vertex -16.211009 4.433414 -1.101617
      vertex -16.306338 4.376859 -1.147524
      vertex -16.265830 4.376859 -1.211992
    endloop
  endfacet
  facet normal 0.401103 -0.880680 0.252030
    outer loop
      vertex -16.211009 4.433414 -1.101617
      vertex -16.265830 4.376859 -1.211992
      vertex -16.183107 4.433414 -1.146023
    endloop
  endfacet
  facet normal 0.334965 -0.880680 0.334965
    outer loop
      vertex -16.183107 4.433414 -1.146023
      vertex -16.265830 4.376859 -1.211992
      vertex -16.211992 4.376859 -1.265830
    endloop
  endfacet
  facet normal 0.334965 -0.880680 0.334965
    outer loop
      vertex -16.183107 4.433414 -1.146023
      vertex -16.211992 4.376859 -1.265830
      vertex -16.146023 4.433414 -1.183107
    endloop
  endfacet
  facet normal 0.252030 -0.880680 0.401103
    outer loop
      vertex -16.146023 4.433414 -1.183107
      vertex -16.211992 4.376859 -1.265830
      vertex -16.147524 4.376859 -1.306338
    endloop
  endfacet
  facet normal 0.252030 -0.880680 0.401103
    outer loop
      vertex -16.146023 4.433414 -1.183107
      vertex -16.147524 4.376859 -1.306338
      vertex -16.101617 4.433414 -1.211009
    endloop
  endfacet
  facet normal 0.156457 -0.880680 0.447129
    outer loop
      vertex -16.101617 4.433414 -1.211009
      vertex -16.147524 4.376859 -1.306338
      vertex -16.075659 4.376859 -1.331484
    endloop
  endfacet
  facet normal 0.156457 -0.880680 0.447129
    outer loop
      vertex -16.101617 4.433414 -1.211009
      vertex -16.075659 4.376859 -1.331484
      vertex -16.052115 4.433414 -1.228330
    endloop
  endfacet
  facet normal 0.053039 -0.880680 0.470733
    outer loop
      vertex -16.052115 4.433414 -1.228330
      vertex -16.075659 4.376859 -1.331484
      vertex -16.000000 4.376859 -1.340009
    endloop
  endfacet
  facet normal 0.053039 -0.880680 0.470733
    outer loop
      vertex -16.052115 4.433414 -1.228330
      vertex -16.000000 4.376859 -1.340009
      vertex -16.000000 4.433414 -1.234202
    endloop
  endfacet
  facet normal -0.053039 -0.880680 0.470733
    outer loop
      vertex -16.000000 4.433414 -1.234202
      vertex -16.000000 4.376859 -1.340009
      vertex -15.924341 4.376859 -1.331484
    endloop
  endfacet
  facet normal -0.053039 -0.880680 0.470733
    outer loop
      vertex -16.000000 4.433414 -1.234202
      vertex -15.924341 4.376859 -1.331484
      vertex -15.947885 4.433414 -1.228330
    endloop
  endfacet
  facet normal -0.156457 -0.880680 0.447129
    outer loop
      vertex -15.947885 4.433414 -1.228330
      vertex -15.924341 4.376859 -1.331484
      vertex -15.852476 4.376859 -1.306338
    endloop
  endfacet
  facet normal -0.156457 -0.880680 0.447129
    outer loop
      vertex -15.947885 4.433414 -1.228330
      vertex -15.852476 4.376859 -1.306338
      vertex -15.898383 4.433414 -1.211009
    endloop
  endfacet
  facet normal -0.252030 -0.880680 0.401103
    outer loop
      vertex -15.898383 4.433414 -1.211009
      vertex -15.852476 4.376859 -1.306338
      vertex -15.788008 4.376859 -1.265830
    endloop
  endfacet
  facet normal -0.252030 -0.880680 0.401103
    outer loop
      vertex -15.898383 4.433414 -1.211009
      vertex -15.788008 4.376859 -1.265830
      vertex -15.853977 4.433414 -1.183107
    endloop
  endfacet
  facet normal -0.334965 -0.880680 0.334965
    outer loop
      vertex -15.853977 4.433414 -1.183107
      vertex -15.788008 4.376859 -1.265830
      vertex -15.734170 4.376859 -1.211992
    endloop
  endfacet
  facet normal -0.334965 -0.880680 0.334965
    outer loop
      vertex -15.853977 4.433414 -1.183107
      vertex -15.734170 4.376859 -1.211992
      vertex -15.816893 4.433414 -1.146023
    endloop
  endfacet
  facet normal -0.401103 -0.880680 0.252030
    outer loop
      vertex -15.816893 4.433414 -1.146023
      vertex -15.734170 4.376859 -1.211992
      vertex -15.693662 4.376859 -1.147524
    endloop
  endfacet
  facet normal -0.401103 -0.880680 0.252030
    outer loop
      vertex -15.816893 4.433414 -1.146023
      vertex -15.693662 4.376859 -1.147524
      vertex -15.788991 4.433414 -1.101617
    endloop
  endfacet
  facet normal -0.447129 -0.880680 0.156457
    outer loop
      vertex -15.788991 4.433414 -1.101617
      vertex -15.693662 4.376859 -1.147524
      vertex -15.668516 4.376859 -1.075659
    endloop
  endfacet
  facet normal -0.447129 -0.880680 0.156457
    outer loop
      vertex -15.788991 4.433414 -1.101617
      vertex -15.668516 4.376859 -1.075659
      vertex -15.771670 4.433414 -1.052115
    endloop
  endfacet
  facet normal -0.470733 -0.880680 0.053039
    outer loop
      vertex -15.771670 4.433414 -1.052115
      vertex -15.668516 4.376859 -1.075659
      vertex -15.659991 4.376859 -1.000000
    endloop
  endfacet
  facet normal -0.470733 -0.880680 0.053039
    outer loop
      vertex -15.771670 4.433414 -1.052115
      vertex -15.659991 4.376859 -1.000000
      vertex -15.765798 4.433414 -1.000000
    endloop
  endfacet
  facet normal -0.632779 -0.771043 -0.071297
    outer loop
      vertex -15.659991 4.376859 -1.000000
      vertex -15.567251 4.300749 -1.000000
      vertex -15.578101 4.300749 -0.903704
    endloop
  endfacet
  facet normal -0.632779 -0.771043 -0.071297
    outer loop
      vertex -15.659991 4.376859 -1.000000
      vertex -15.578101 4.300749 -0.903704
      vertex -15.668516 4.376859 -0.924341
    endloop
  endfacet
  facet normal -0.601049 -0.771043 -0.210316
    outer loop
      vertex -15.668516 4.376859 -0.924341
      vertex -15.578101 4.300749 -0.903704
      vertex -15.610106 4.300749 -0.812237
    endloop
  endfacet
  facet normal -0.601049 -0.771043 -0.210316
    outer loop
      vertex -15.668516 4.376859 -0.924341
      vertex -15.610106 4.300749 -0.812237
      vertex -15.693662 4.376859 -0.852476
    endloop
  endfacet
  facet normal -0.539179 -0.771043 -0.338789
    outer loop
      vertex -15.693662 4.376859 -0.852476
      vertex -15.610106 4.300749 -0.812237
      vertex -15.661663 4.300749 -0.730185
    endloop
  endfacet
  facet normal -0.539179 -0.771043 -0.338789
    outer loop
      vertex -15.693662 4.376859 -0.852476
      vertex -15.661663 4.300749 -0.730185
      vertex -15.734170 4.376859 -0.788008
    endloop
  endfacet
  facet normal -0.450273 -0.771043 -0.450273
    outer loop
      vertex -15.734170 4.376859 -0.788008
      vertex -15.661663 4.300749 -0.730185
      vertex -15.730185 4.300749 -0.661663
    endloop
  endfacet
  facet normal -0.450273 -0.771043 -0.450273
    outer loop
      vertex -15.734170 4.376859 -0.788008
      vertex -15.730185 4.300749 -0.661663
      vertex -15.788008 4.376859 -0.734170
    endloop
  endfacet
  facet normal -0.338789 -0.771043 -0.539179
    outer loop
      vertex -15.788008 4.376859 -0.734170
      vertex -15.730185 4.300749 -0.661663
      vertex -15.812237 4.300749 -0.610106
    endloop
  endfacet
  facet normal -0.338789 -0.771043 -0.539179
    outer loop
      vertex -15.788008 4.376859 -0.734170
      vertex -15.812237 4.300749 -0.610106
      vertex -15.852476 4.376859 -0.693662
    endloop
  endfacet
  facet normal -0.210316 -0.771043 -0.601049
    outer loop
      vertex -15.852476 4.376859 -0.693662
      vertex -15.812237 4.300749 -0.610106
      vertex -15.903704 4.300749 -0.578101
    endloop
  endfacet
  facet normal -0.210316 -0.771043 -0.601049
    outer loop
      vertex -15.852476 4.376859 -0.693662
      vertex -15.903704 4.300749 -0.578101
      vertex -15.924341 4.376859 -0.668516
    endloop
  endfacet
  facet normal -0.071297 -0.771043 -0.632779
    outer loop
      vertex -15.924341 4.376859 -0.668516
      vertex -15.903704 4.300749 -0.578101
      vertex -16.000000 4.300749 -0.567251
    endloop
  endfacet
  facet normal -0.071297 -0.771043 -0.632779
    outer loop
      vertex -15.924341 4.376859 -0.668516
      vertex -16.000000 4.300749 -0.567251
      vertex -16.000000 4.376859 -0.659991
    endloop
  endfacet
  facet normal 0.071297 -0.771043 -0.632779
    outer loop
      vertex -16.000000 4.376859 -0.659991
      vertex -16.000000 4.300749 -0.567251
      vertex -16.096296 4.300749 -0.578101
    endloop
  endfacet
  facet normal 0.071297 -0.771043 -0.632779
    outer loop
      vertex -16.000000 4.376859 -0.659991
      vertex -16.096296 4.300749 -0.578101
      vertex -16.075659 4.376859 -0.668516
    endloop
  endfacet
  facet normal 0.210316 -0.771043 -0.601049
    outer loop
      vertex -16.075659 4.376859 -0.668516
      vertex -16.096296 4.300749 -0.578101
      vertex -16.187763 4.300749 -0.610106
    endloop
  endfacet
  facet normal 0.210316 -0.771043 -0.601049
    outer loop
      vertex -16.075659 4.376859 -0.668516
      vertex -16.187763 4.300749 -0.610106
      vertex -16.147524 4.376859 -0.693662
    endloop
  endfacet
  facet normal 0.338789 -0.771043 -0.539179
    outer loop
      vertex -16.147524 4.376859 -0.693662
      vertex -16.187763 4.300749 -0.610106
      vertex -16.269815 4.300749 -0.661663
    endloop
  endfacet
  facet normal 0.338789 -0.771043 -0.539179
    outer loop
      vertex -16.147524 4.376859 -0.693662
      vertex -16.269815 4.300749 -0.661663
      vertex -16.211992 4.376859 -0.734170
    endloop
  endfacet
  facet normal 0.450273 -0.771043 -0.450273
    outer loop
      vertex -16.211992 4.376859 -0.734170
      vertex -16.269815 4.300749 -0.661663
      vertex -16.338337 4.300749 -0.730185
    endloop
  endfacet
  facet normal 0.450273 -0.771043 -0.450273
    outer loop
      vertex -16.211992 4.376859 -0.734170
      vertex -16.338337 4.300749 -0.730185
      vertex -16.265830 4.376859 -0.788008
    endloop
  endfacet
  facet normal 0.539179 -0.771043 -0.338789
    outer loop
      vertex -16.265830 4.376859 -0.788008
      vertex -16.338337 4.300749 -0.730185
      vertex -16.389894 4.300749 -0.812237
    endloop
  endfacet
  facet normal 0.539179 -0.771043 -0.338789
    outer loop
      vertex -16.265830 4.376859 -0.788008
      vertex -16.389894 4.300749 -0.812237
      vertex -16.306338 4.376859 -0.852476
    endloop
  endfacet
  facet normal 0.601049 -0.771043 -0.210316
    outer loop
      vertex -16.306338 4.376859 -0.852476
      vertex -16.389894 4.300749 -0.812237
      vertex -16.421899 4.300749 -0.903704
    endloop
  endfacet
  facet normal 0.601049 -0.771043 -0.210316
    outer loop
      vertex -16.306338 4.376859 -0.852476
      vertex -16.421899 4.300749 -0.903704
      vertex -16.331484 4.376859 -0.924341
    endloop
  endfacet
  facet normal 0.632779 -0.771043 -0.071297
    outer loop
      vertex -16.331484 4.376859 -0.924341
      vertex -16.421899 4.300749 -0.903704
      vertex -16.432749 4.300749 -1.000000
    endloop
  endfacet
  facet normal 0.632779 -0.771043 -0.071297
    outer loop
      vertex -16.331484 4.376859 -0.924341
      vertex -16.432749 4.300749 -1.000000
      vertex -16.340009 4.376859 -1.000000
    endloop
  endfacet
  facet normal 0.632779 -0.771043 0.071297
    outer loop
      vertex -16.340009 4.376859 -1.000000
      vertex -16.432749 4.300749 -1.000000
      vertex -16.421899 4.300749 -1.096296
    endloop
  endfacet
  facet normal 0.632779 -0.771043 0.071297
    outer loop
      vertex -16.340009 4.376859 -1.000000
      vertex -16.421899 4.300749 -1.096296
      vertex -16.331484 4.376859 -1.075659
    endloop
  endfacet
  facet normal 0.601049 -0.771043 0.210316
    outer loop
      vertex -16.331484 4.376859 -1.075659
      vertex -16.421899 4.300749 -1.096296
      vertex -16.389894 4.300749 -1.187763
    endloop
  endfacet
  facet normal 0.601049 -0.771043 0.210316
    outer loop
      vertex -16.331484 4.376859 -1.075659
      vertex -16.389894 4.300749 -1.187763
      vertex -16.306338 4.376859 -1.147524
    endloop
  endfacet
  facet normal 0.539179 -0.771043 0.338789
    outer loop
      vertex -16.306338 4.376859 -1.147524
      vertex -16.389894 4.300749 -1.187763
      vertex -16.338337 4.300749 -1.269815
    endloop
  endfacet
  facet normal 0.539179 -0.771043 0.338789
    outer loop
      vertex -16.306338 4.376859 -1.147524
      vertex -16.338337 4.300749 -1.269815
      vertex -16.265830 4.376859 -1.211992
    endloop
  endfacet
  facet normal 0.450273 -0.771043 0.450273
    outer loop
      vertex -16.265830 4.376859 -1.211992
      vertex -16.338337 4.300749 -1.269815
      vertex -16.269815 4.300749 -1.338337
    endloop
  endfacet
  facet normal 0.450273 -0.771043 0.450273
    outer loop
      vertex -16.265830 4.376859 -1.211992
      vertex -16.269815 4.300749 -1.338337
      vertex -16.211992 4.376859 -1.265830
    endloop
  endfacet
  facet normal 0.338789 -0.771043 0.539179
    outer loop
      vertex -16.211992 4.376859 -1.265830
      vertex -16.269815 4.300749 -1.338337
      vertex -16.187763 4.300749 -1.389894
    endloop
  endfacet
  facet normal 0.338789 -0.771043 0.539179
    outer loop
      vertex -16.211992 4.376859 -1.265830
      vertex -16.187763 4.300749 -1.389894
      vertex -16.147524 4.376859 -1.306338
    endloop
  endfacet
  facet normal 0.210316 -0.771043 0.601049
    outer loop
      vertex -16.147524 4.376859 -1.306338
      vertex -16.187763 4.300749 -1.389894
      vertex -16.096296 4.300749 -1.421899
    endloop
  endfacet
  facet normal 0.210316 -0.771043 0.601049
    outer loop
      vertex -16.147524 4.376859 -1.306338
      vertex -16.096296 4.300749 -1.421899
      vertex -16.075659 4.376859 -1.331484
    endloop
  endfacet
  facet normal 0.071297 -0.771043 0.632779
    outer loop
      vertex -16.075659 4.376859 -1.331484
      vertex -16.096296 4.300749 -1.421899
      vertex -16.000000 4.300749 -1.432749
    endloop
  endfacet
  facet normal 0.071297 -0.771043 0.632779
    outer loop
      vertex -16.075659 4.376859 -1.331484
      vertex -16.000000 4.300749 -1.432749
      vertex -16.000000 4.376859 -1.340009
    endloop
  endfacet
  facet normal -0.071297 -0.771043 0.632779
    outer loop
      vertex -16.000000 4.376859 -1.340009
      vertex -16.000000 4.300749 -1.432749
      vertex -15.903704 4.300749 -1.421899
    endloop
  endfacet
  facet normal -0.071297 -0.771043 0.632779
    outer loop
      vertex -16.000000 4.376859 -1.340009
      vertex -15.903704 4.300749 -1.421899
      vertex -15.924341 4.376859 -1.331484
    endloop
  endfacet
  facet normal -0.210316 -0.771043 0.601049
    outer loop
      vertex -15.924341 4.376859 -1.331484
      vertex -15.903704 4.300749 -1.421899
      vertex -15.812237 4.300749 -1.389894
    endloop
  endfacet
  facet normal -0.210316 -0.771043 0.601049
    outer loop
      vertex -15.924341 4.376859 -1.331484
      vertex -15.812237 4.300749 -1.389894
      vertex -15.852476 4.376859 -1.306338
    endloop
  endfacet
  facet normal -0.338789 -0.771043 0.539179
    outer loop
      vertex -15.852476 4.376859 -1.306338
      vertex -15.812237 4.300749 -1.389894
      vertex -15.730185 4.300749 -1.338337
    endloop
  endfacet
  facet normal -0.338789 -0.771043 0.539179
    outer loop
      vertex -15.852476 4.376859 -1.306338
      vertex -15.730185 4.300749 -1.338337
      vertex -15.788008 4.376859 -1.265830
    endloop
  endfacet
  facet normal -0.450273 -0.771043 0.450273
    outer loop
      vertex -15.788008 4.376859 -1.265830
      vertex -15.730185 4.300749 -1.338337
      vertex -15.661663 4.300749 -1.269815
    endloop
  endfacet
  facet normal -0.450273 -0.771043 0.450273
    outer loop
      vertex -15.788008 4.376859 -1.265830
      vertex -15.661663 4.300749 -1.269815
      vertex -15.734170 4.376859 -1.211992
    endloop
  endfacet
  facet normal -0.539179 -0.771043 0.338789
    outer loop
      vertex -15.734170 4.376859 -1.211992
      vertex -15.661663 4.300749 -1.269815
      vertex -15.610106 4.300749 -1.187763
    endloop
  endfacet
  facet normal -0.539179 -0.771043 0.338789
    outer loop
      vertex -15.734170 4.376859 -1.211992
      vertex -15.610106 4.300749 -1.187763
      vertex -15.693662 4.376859 -1.147524
    endloop
  endfacet
  facet normal -0.601049 -0.771043 0.210316
    outer loop
      vertex -15.693662 4.376859 -1.147524
      vertex -15.610106 4.300749 -1.187763
      vertex -15.578101 4.300749 -1.096296
    endloop
  endfacet
  facet normal -0.601049 -0.771043 0.210316
    outer loop
      vertex -15.693662 4.376859 -1.147524
      vertex -15.578101 4.300749 -1.096296
      vertex -15.668516 4.376859 -1.075659
    endloop
  endfacet
  facet normal -0.632779 -0.771043 0.071297
    outer loop
      vertex -15.668516 4.376859 -1.075659
      vertex -15.578101 4.300749 -1.096296
      vertex -15.567251 4.300749 -1.000000
    endloop
  endfacet
  facet normal -0.632779 -0.771043 0.071297
    outer loop
      vertex -15.668516 4.376859 -1.075659
      vertex -15.567251 4.300749 -1.000000
      vertex -15.659991 4.376859 -1.000000
    endloop
  endfacet
  facet normal -0.770095 -0.632001 -0.086769
    outer loop
      vertex -15.567251 4.300749 -1.000000
      vertex -15.491141 4.208009 -1.000000
      vertex -15.503899 4.208009 -0.886768
    endloop
  endfacet
  facet normal -0.770095 -0.632001 -0.086769
    outer loop
      vertex -15.567251 4.300749 -1.000000
      vertex -15.503899 4.208009 -0.886768
      vertex -15.578101 4.300749 -0.903704
    endloop
  endfacet
  facet normal -0.731479 -0.632001 -0.255956
    outer loop
      vertex -15.578101 4.300749 -0.903704
      vertex -15.503899 4.208009 -0.886768
      vertex -15.541534 4.208009 -0.779214
    endloop
  endfacet
  facet normal -0.731479 -0.632001 -0.255956
    outer loop
      vertex -15.578101 4.300749 -0.903704
      vertex -15.541534 4.208009 -0.779214
      vertex -15.610106 4.300749 -0.812237
    endloop
  endfacet
  facet normal -0.656184 -0.632001 -0.412308
    outer loop
      vertex -15.610106 4.300749 -0.812237
      vertex -15.541534 4.208009 -0.779214
      vertex -15.602158 4.208009 -0.682731
    endloop
  endfacet
  facet normal -0.656184 -0.632001 -0.412308
    outer loop
      vertex -15.610106 4.300749 -0.812237
      vertex -15.602158 4.208009 -0.682731
      vertex -15.661663 4.300749 -0.730185
    endloop
  endfacet
  facet normal -0.547985 -0.632001 -0.547985
    outer loop
      vertex -15.661663 4.300749 -0.730185
      vertex -15.602158 4.208009 -0.682731
      vertex -15.682731 4.208009 -0.602158
    endloop
  endfacet
  facet normal -0.547985 -0.632001 -0.547985
    outer loop
      vertex -15.661663 4.300749 -0.730185
      vertex -15.682731 4.208009 -0.602158
      vertex -15.730185 4.300749 -0.661663
    endloop
  endfacet
  facet normal -0.412308 -0.632001 -0.656184
    outer loop
      vertex -15.730185 4.300749 -0.661663
      vertex -15.682731 4.208009 -0.602158
      vertex -15.779214 4.208009 -0.541534
    endloop
  endfacet
  facet normal -0.412308 -0.632001 -0.656184
    outer loop
      vertex -15.730185 4.300749 -0.661663
      vertex -15.779214 4.208009 -0.541534
      vertex -15.812237 4.300749 -0.610106
    endloop
  endfacet
  facet normal -0.255956 -0.632001 -0.731479
    outer loop
      vertex -15.812237 4.300749 -0.610106
      vertex -15.779214 4.208009 -0.541534
      vertex -15.886768 4.208009 -0.503899
    endloop
  endfacet
  facet normal -0.255956 -0.632001 -0.731479
    outer loop
      vertex -15.812237 4.300749 -0.610106
      vertex -15.886768 4.208009 -0.503899
      vertex -15.903704 4.300749 -0.578101
    endloop
  endfacet
  facet normal -0.086769 -0.632001 -0.770095
    outer loop
      vertex -15.903704 4.300749 -0.578101
      vertex -15.886768 4.208009 -0.503899
      vertex -16.000000 4.208009 -0.491141
    endloop
  endfacet
  facet normal -0.086769 -0.632001 -0.770095
    outer loop
      vertex -15.903704 4.300749 -0.578101
      vertex -16.000000 4.208009 -0.491141
      vertex -16.000000 4.300749 -0.567251
    endloop
  endfacet
  facet normal 0.086769 -0.632001 -0.770095
    outer loop
      vertex -16.000000 4.300749 -0.567251
      vertex -16.000000 4.208009 -0.491141
      vertex -16.113232 4.208009 -0.503899
    endloop
  endfacet
  facet normal 0.086769 -0.632001 -0.770095
    outer loop
      vertex -16.000000 4.300749 -0.567251
      vertex -16.113232 4.208009 -0.503899
      vertex -16.096296 4.300749 -0.578101
    endloop
  endfacet
  facet normal 0.255956 -0.632001 -0.731479
    outer loop
      vertex -16.096296 4.300749 -0.578101
      vertex -16.113232 4.208009 -0.503899
      vertex -16.220786 4.208009 -0.541534
    endloop
  endfacet
  facet normal 0.255956 -0.632001 -0.731479
    outer loop
      vertex -16.096296 4.300749 -0.578101
      vertex -16.220786 4.208009 -0.541534
      vertex -16.187763 4.300749 -0.610106
    endloop
  endfacet
  facet normal 0.412308 -0.632001 -0.656184
    outer loop
      vertex -16.187763 4.300749 -0.610106
      vertex -16.220786 4.208009 -0.541534
      vertex -16.317269 4.208009 -0.602158
    endloop
  endfacet
  facet normal 0.412308 -0.632001 -0.656184
    outer loop
      vertex -16.187763 4.300749 -0.610106
      vertex -16.317269 4.208009 -0.602158
      vertex -16.269815 4.300749 -0.661663
    endloop
  endfacet
  facet normal 0.547985 -0.632001 -0.547985
    outer loop
      vertex -16.269815 4.300749 -0.661663
      vertex -16.317269 4.208009 -0.602158
      vertex -16.397842 4.208009 -0.682731
    endloop
  endfacet
  facet normal 0.547985 -0.632001 -0.547985
    outer loop
      vertex -16.269815 4.300749 -0.661663
      vertex -16.397842 4.208009 -0.682731
      vertex -16.338337 4.300749 -0.730185
    endloop
  endfacet
  facet normal 0.656184 -0.632001 -0.412308
    outer loop
      vertex -16.338337 4.300749 -0.730185
      vertex -16.397842 4.208009 -0.682731
      vertex -16.458466 4.208009 -0.779214
    endloop
  endfacet
  facet normal 0.656184 -0.632001 -0.412308
    outer loop
      vertex -16.338337 4.300749 -0.730185
      vertex -16.458466 4.208009 -0.779214
      vertex -16.389894 4.300749 -0.812237
    endloop
  endfacet
  facet normal 0.731479 -0.632001 -0.255956
    outer loop
      vertex -16.389894 4.300749 -0.812237
      vertex -16.458466 4.208009 -0.779214
      vertex -16.496101 4.208009 -0.886768
    endloop
  endfacet
  facet normal 0.731479 -0.632001 -0.255956
    outer loop
      vertex -16.389894 4.300749 -0.812237
      vertex -16.496101 4.208009 -0.886768
      vertex -16.421899 4.300749 -0.903704
    endloop
  endfacet
  facet normal 0.770095 -0.632001 -0.086769
    outer loop
      vertex -16.421899 4.300749 -0.903704
      vertex -16.496101 4.208009 -0.886768
      vertex -16.508859 4.208009 -1.000000
    endloop
  endfacet
  facet normal 0.770095 -0.632001 -0.086769
    outer loop
      vertex -16.421899 4.300749 -0.903704
      vertex -16.508859 4.208009 -1.000000
      vertex -16.432749 4.300749 -1.000000
    endloop
  endfacet
  facet normal 0.770095 -0.632001 0.086769
    outer loop
      vertex -16.432749 4.300749 -1.000000
      vertex -16.508859 4.208009 -1.000000
      vertex -16.496101 4.208009 -1.113232
    endloop
  endfacet
  facet normal 0.770095 -0.632001 0.086769
    outer loop
      vertex -16.432749 4.300749 -1.000000
      vertex -16.496101 4.208009 -1.113232
      vertex -16.421899 4.300749 -1.096296
    endloop
  endfacet
  facet normal 0.731479 -0.632001 0.255956
    outer loop
      vertex -16.421899 4.300749 -1.096296
      vertex -16.496101 4.208009 -1.113232
      vertex -16.458466 4.208009 -1.220786
    endloop
  endfacet
  facet normal 0.731479 -0.632001 0.255956
    outer loop
      vertex -16.421899 4.300749 -1.096296
      vertex -16.458466 4.208009 -1.220786
      vertex -16.389894 4.300749 -1.187763
    endloop
  endfacet
  facet normal 0.656184 -0.632001 0.412308
    outer loop
      vertex -16.389894 4.300749 -1.187763
      vertex -16.458466 4.208009 -1.220786
      vertex -16.397842 4.208009 -1.317269
    endloop
  endfacet
  facet normal 0.656184 -0.632001 0.412308
    outer loop
      vertex -16.389894 4.300749 -1.187763
      vertex -16.397842 4.208009 -1.317269
      vertex -16.338337 4.300749 -1.269815
    endloop
  endfacet
  facet normal 0.547985 -0.632001 0.547985
    outer loop
      vertex -16.338337 4.300749 -1.269815
      vertex -16.397842 4.208009 -1.317269
      vertex -16.317269 4.208009 -1.397842
    endloop
  endfacet
  facet normal 0.547985 -0.632001 0.547985
    outer loop
      vertex -16.338337 4.300749 -1.269815
      vertex -16.317269 4.208009 -1.397842
      vertex -16.269815 4.300749 -1.338337
    endloop
  endfacet
  facet normal 0.412308 -0.632001 0.656184
    outer loop
      vertex -16.269815 4.300749 -1.338337
      vertex -16.317269 4.208009 -1.397842
      vertex -16.220786 4.208009 -1.458466
    endloop
  endfacet
  facet normal 0.412308 -0.632001 0.656184
    outer loop
      vertex -16.269815 4.300749 -1.338337
      vertex -16.220786 4.208009 -1.458466
      vertex -16.187763 4.300749 -1.389894
    endloop
  endfacet
  facet normal 0.255956 -0.632001 0.731479
    outer loop
      vertex -16.187763 4.300749 -1.389894
      vertex -16.220786 4.208009 -1.458466
      vertex -16.113232 4.208009 -1.496101
    endloop
  endfacet
  facet normal 0.255956 -0.632001 0.731479
    outer loop
      vertex -16.187763 4.300749 -1.389894
      vertex -16.113232 4.208009 -1.496101
      vertex -16.096296 4.300749 -1.421899
    endloop
  endfacet
  facet normal 0.086769 -0.632001 0.770095
    outer loop
      vertex -16.096296 4.300749 -1.421899
      vertex -16.113232 4.208009 -1.496101
      vertex -16.000000 4.208009 -1.508859
    endloop
  endfacet
  facet normal 0.086769 -0.632001 0.770095
    outer loop
      vertex -16.096296 4.300749 -1.421899
      vertex -16.000000 4.208009 -1.508859
      vertex -16.000000 4.300749 -1.432749
    endloop
  endfacet
  facet normal -0.086769 -0.632001 0.770095
    outer loop
      vertex -16.000000 4.300749 -1.432749
      vertex -16.000000 4.208009 -1.508859
      vertex -15.886768 4.208009 -1.496101
    endloop
  endfacet
  facet normal -0.086769 -0.632001 0.770095
    outer loop
      vertex -16.000000 4.300749 -1.432749
      vertex -15.886768 4.208009 -1.496101
      vertex -15.903704 4.300749 -1.421899
    endloop
  endfacet
  facet normal -0.255956 -0.632001 0.731479
    outer loop
      vertex -15.903704 4.300749 -1.421899
      vertex -15.886768 4.208009 -1.496101
      vertex -15.779214 4.208009 -1.458466
    endloop
  endfacet
  facet normal -0.255956 -0.632001 0.731479
    outer loop
      vertex -15.903704 4.300749 -1.421899
      vertex -15.779214 4.208009 -1.458466
      vertex -15.812237 4.300749 -1.389894
    endloop
  endfacet
  facet normal -0.412308 -0.632001 0.656184
    outer loop
      vertex -15.812237 4.300749 -1.389894
      vertex -15.779214 4.208009 -1.458466
      vertex -15.682731 4.208009 -1.397842
    endloop
  endfacet
  facet normal -0.412308 -0.632001 0.656184
    outer loop
      vertex -15.812237 4.300749 -1.389894
      vertex -15.682731 4.208009 -1.397842
      vertex -15.730185 4.300749 -1.338337
    endloop
  endfacet
  facet normal -0.547985 -0.632001 0.547985
    outer loop
      vertex -15.730185 4.300749 -1.338337
      vertex -15.682731 4.208009 -1.397842
      vertex -15.602158 4.208009 -1.317269
    endloop
  endfacet
  facet normal -0.547985 -0.632001 0.547985
    outer loop
      vertex -15.730185 4.300749 -1.338337
      vertex -15.602158 4.208009 -1.317269
      vertex -15.661663 4.300749 -1.269815
    endloop
  endfacet
  facet normal -0.656184 -0.632001 0.412308
    outer loop
      vertex -15.661663 4.300749 -1.269815
      vertex -15.602158 4.208009 -1.317269
      vertex -15.541534 4.208009 -1.220786
    endloop
  endfacet
  facet normal -0.656184 -0.632001 0.412308
    outer loop
      vertex -15.661663 4.300749 -1.269815
      vertex -15.541534 4.208009 -1.220786
      vertex -15.610106 4.300749 -1.187763
    endloop
  endfacet
  facet normal -0.731479 -0.632001 0.255956
    outer loop
      vertex -15.610106 4.300749 -1.187763
      vertex -15.541534 4.208009 -1.220786
      vertex -15.503899 4.208009 -1.113232
    endloop
  endfacet
  facet normal -0.731479 -0.632001 0.255956
    outer loop
      vertex -15.610106 4.300749 -1.187763
      vertex -15.503899 4.208009 -1.113232
      vertex -15.578101 4.300749 -1.096296
    endloop
  endfacet
  facet normal -0.770095 -0.632001 0.086769
    outer loop
      vertex -15.578101 4.300749 -1.096296
      vertex -15.503899 4.208009 -1.113232
      vertex -15.491141 4.208009 -1.000000
    endloop
  endfacet
  facet normal -0.770095 -0.632001 0.086769
    outer loop
      vertex -15.578101 4.300749 -1.096296
      vertex -15.491141 4.208009 -1.000000
      vertex -15.567251 4.300749 -1.000000
    endloop
  endfacet
  facet normal -0.877599 -0.469087 -0.098882
    outer loop
      vertex -15.491141 4.208009 -1.000000
      vertex -15.434586 4.102202 -1.000000
      vertex -15.448762 4.102202 -0.874183
    endloop
  endfacet
  facet normal -0.877599 -0.469087 -0.098882
    outer loop
      vertex -15.491141 4.208009 -1.000000
      vertex -15.448762 4.102202 -0.874183
      vertex -15.503899 4.208009 -0.886768
    endloop
  endfacet
  facet normal -0.833593 -0.469087 -0.291687
    outer loop
      vertex -15.503899 4.208009 -0.886768
      vertex -15.448762 4.102202 -0.874183
      vertex -15.490579 4.102202 -0.754676
    endloop
  endfacet
  facet normal -0.833593 -0.469087 -0.291687
    outer loop
      vertex -15.503899 4.208009 -0.886768
      vertex -15.490579 4.102202 -0.754676
      vertex -15.541534 4.208009 -0.779214
    endloop
  endfacet
  facet normal -0.747786 -0.469087 -0.469865
    outer loop
      vertex -15.541534 4.208009 -0.779214
      vertex -15.490579 4.102202 -0.754676
      vertex -15.557941 4.102202 -0.647470
    endloop
  endfacet
  facet normal -0.747786 -0.469087 -0.469865
    outer loop
      vertex -15.541534 4.208009 -0.779214
      vertex -15.557941 4.102202 -0.647470
      vertex -15.602158 4.208009 -0.682731
    endloop
  endfacet
  facet normal -0.624483 -0.469087 -0.624483
    outer loop
      vertex -15.602158 4.208009 -0.682731
      vertex -15.557941 4.102202 -0.647470
      vertex -15.647470 4.102202 -0.557941
    endloop
  endfacet
  facet normal -0.624483 -0.469087 -0.624483
    outer loop
      vertex -15.602158 4.208009 -0.682731
      vertex -15.647470 4.102202 -0.557941
      vertex -15.682731 4.208009 -0.602158
    endloop
  endfacet
  facet normal -0.469865 -0.469087 -0.747786
    outer loop
      vertex -15.682731 4.208009 -0.602158
      vertex -15.647470 4.102202 -0.557941
      vertex -15.754676 4.102202 -0.490579
    endloop
  endfacet
  facet normal -0.469865 -0.469087 -0.747786
    outer loop
      vertex -15.682731 4.208009 -0.602158
      vertex -15.754676 4.102202 -0.490579
      vertex -15.779214 4.208009 -0.541534
    endloop
  endfacet
  facet normal -0.291687 -0.469087 -0.833593
    outer loop
      vertex -15.779214 4.208009 -0.541534
      vertex -15.754676 4.102202 -0.490579
      vertex -15.874183 4.102202 -0.448762
    endloop
  endfacet
  facet normal -0.291687 -0.469087 -0.833593
    outer loop
      vertex -15.779214 4.208009 -0.541534
      vertex -15.874183 4.102202 -0.448762
      vertex -15.886768 4.208009 -0.503899
    endloop
  endfacet
  facet normal -0.098882 -0.469087 -0.877599
    outer loop
      vertex -15.886768 4.208009 -0.503899
      vertex -15.874183 4.102202 -0.448762
      vertex -16.000000 4.102202 -0.434586
    endloop
  endfacet
  facet normal -0.098882 -0.469087 -0.877599
    outer loop
      vertex -15.886768 4.208009 -0.503899
      vertex -16.000000 4.102202 -0.434586
      vertex -16.000000 4.208009 -0.491141
    endloop
  endfacet
  facet normal 0.098882 -0.469087 -0.877599
    outer loop
      vertex -16.000000 4.208009 -0.491141
      vertex -16.000000 4.102202 -0.434586
      vertex -16.125817 4.102202 -0.448762
    endloop
  endfacet
  facet normal 0.098882 -0.469087 -0.877599
    outer loop
      vertex -16.000000 4.208009 -0.491141
      vertex -16.125817 4.102202 -0.448762
      vertex -16.113232 4.208009 -0.503899
    endloop
  endfacet
  facet normal 0.291687 -0.469087 -0.833593
    outer loop
      vertex -16.113232 4.208009 -0.503899
      vertex -16.125817 4.102202 -0.448762
      vertex -16.245324 4.102202 -0.490579
    endloop
  endfacet
  facet normal 0.291687 -0.469087 -0.833593
    outer loop
      vertex -16.113232 4.208009 -0.503899
      vertex -16.245324 4.102202 -0.490579
      vertex -16.220786 4.208009 -0.541534
    endloop
  endfacet
  facet normal 0.469865 -0.469087 -0.747786
    outer loop
      vertex -16.220786 4.208009 -0.541534
      vertex -16.245324 4.102202 -0.490579
      vertex -16.352530 4.102202 -0.557941
    endloop
  endfacet
  facet normal 0.469865 -0.469087 -0.747786
    outer loop
      vertex -16.220786 4.208009 -0.541534
      vertex -16.352530 4.102202 -0.557941
      vertex -16.317269 4.208009 -0.602158
    endloop
  endfacet
  facet normal 0.624483 -0.469087 -0.624483
    outer loop
      vertex -16.317269 4.208009 -0.602158
      vertex -16.352530 4.102202 -0.557941
      vertex -16.442059 4.102202 -0.647470
    endloop
  endfacet
  facet normal 0.624483 -0.469087 -0.624483
    outer loop
      vertex -16.317269 4.208009 -0.602158
      vertex -16.442059 4.102202 -0.647470
      vertex -16.397842 4.208009 -0.682731
    endloop
  endfacet
  facet normal 0.747786 -0.469087 -0.469865
    outer loop
      vertex -16.397842 4.208009 -0.682731
      vertex -16.442059 4.102202 -0.647470
      vertex -16.509421 4.102202 -0.754676
    endloop
  endfacet
  facet normal 0.747786 -0.469087 -0.469865
    outer loop
      vertex -16.397842 4.208009 -0.682731
      vertex -16.509421 4.102202 -0.754676
      vertex -16.458466 4.208009 -0.779214
    endloop
  endfacet
  facet normal 0.833593 -0.469087 -0.291687
    outer loop
      vertex -16.458466 4.208009 -0.779214
      vertex -16.509421 4.102202 -0.754676
      vertex -16.551238 4.102202 -0.874183
    endloop
  endfacet
  facet normal 0.833593 -0.469087 -0.291687
    outer loop
      vertex -16.458466 4.208009 -0.779214
      vertex -16.551238 4.102202 -0.874183
      vertex -16.496101 4.208009 -0.886768
    endloop
  endfacet
  facet normal 0.877599 -0.469087 -0.098882
    outer loop
      vertex -16.496101 4.208009 -0.886768
      vertex -16.551238 4.102202 -0.874183
      vertex -16.565414 4.102202 -1.000000
    endloop
  endfacet
  facet normal 0.877599 -0.469087 -0.098882
    outer loop
      vertex -16.496101 4.208009 -0.886768
      vertex -16.565414 4.102202 -1.000000
      vertex -16.508859 4.208009 -1.000000
    endloop
  endfacet
  facet normal 0.877599 -0.469087 0.098882
    outer loop
      vertex -16.508859 4.208009 -1.000000
      vertex -16.565414 4.102202 -1.000000
      vertex -16.551238 4.102202 -1.125817
    endloop
  endfacet
  facet normal 0.877599 -0.469087 0.098882
    outer loop
      vertex -16.508859 4.208009 -1.000000
      vertex -16.551238 4.102202 -1.125817
      vertex -16.496101 4.208009 -1.113232
    endloop
  endfacet
  facet normal 0.833593 -0.469087 0.291687
    outer loop
      vertex -16.496101 4.208009 -1.113232
      vertex -16.551238 4.102202 -1.125817
      vertex -16.509421 4.102202 -1.245324
    endloop
  endfacet
  facet normal 0.833593 -0.469087 0.291687
    outer loop
      vertex -16.496101 4.208009 -1.113232
      vertex -16.509421 4.102202 -1.245324
      vertex -16.458466 4.208009 -1.220786
    endloop
  endfacet
  facet normal 0.747786 -0.469087 0.469865
    outer loop
      vertex -16.458466 4.208009 -1.220786
      vertex -16.509421 4.102202 -1.245324
      vertex -16.442059 4.102202 -1.352530
    endloop
  endfacet
  facet normal 0.747786 -0.469087 0.469865
    outer loop
      vertex -16.458466 4.208009 -1.220786
      vertex -16.442059 4.102202 -1.352530
      vertex -16.397842 4.208009 -1.317269
    endloop
  endfacet
  facet normal 0.624483 -0.469087 0.624483
    outer loop
      vertex -16.397842 4.208009 -1.317269
      vertex -16.442059 4.102202 -1.352530
      vertex -16.352530 4.102202 -1.442059
    endloop
  endfacet
  facet normal 0.624483 -0.469087 0.624483
    outer loop
      vertex -16.397842 4.208009 -1.317269
      vertex -16.352530 4.102202 -1.442059
      vertex -16.317269 4.208009 -1.397842
    endloop
  endfacet
  facet normal 0.469865 -0.469087 0.747786
    outer loop
      vertex -16.317269 4.208009 -1.397842
      vertex -16.352530 4.102202 -1.442059
      vertex -16.245324 4.102202 -1.509421
    endloop
  endfacet
  facet normal 0.469865 -0.469087 0.747786
    outer loop
      vertex -16.317269 4.208009 -1.397842
      vertex -16.245324 4.102202 -1.509421
      vertex -16.220786 4.208009 -1.458466
    endloop
  endfacet
  facet normal 0.291687 -0.469087 0.833593
    outer loop
      vertex -16.220786 4.208009 -1.458466
      vertex -16.245324 4.102202 -1.509421
      vertex -16.125817 4.102202 -1.551238
    endloop
  endfacet
  facet normal 0.291687 -0.469087 0.833593
    outer loop
      vertex -16.220786 4.208009 -1.458466
      vertex -16.125817 4.102202 -1.551238
      vertex -16.113232 4.208009 -1.496101
    endloop
  endfacet
  facet normal 0.098882 -0.469087 0.877599
    outer loop
      vertex -16.113232 4.208009 -1.496101
      vertex -16.125817 4.102202 -1.551238
      vertex -16.000000 4.102202 -1.565414
    endloop
  endfacet
  facet normal 0.098882 -0.469087 0.877599
    outer loop
      vertex -16.113232 4.208009 -1.496101
      vertex -16.000000 4.102202 -1.565414
      vertex -16.000000 4.208009 -1.508859
    endloop
  endfacet
  facet normal -0.098882 -0.469087 0.877599
    outer loop
      vertex -16.000000 4.208009 -1.508859
      vertex -16.000000 4.102202 -1.565414
      vertex -15.874183 4.102202 -1.551238
    endloop
  endfacet
  facet normal -0.098882 -0.469087 0.877599
    outer loop
      vertex -16.000000 4.208009 -1.508859
      vertex -15.874183 4.102202 -1.551238
      vertex -15.886768 4.208009 -1.496101
    endloop
  endfacet
  facet normal -0.291687 -0.469087 0.833593
    outer loop
      vertex -15.886768 4.208009 -1.496101
      vertex -15.874183 4.102202 -1.551238
      vertex -15.754676 4.102202 -1.509421
    endloop
  endfacet
  facet normal -0.291687 -0.469087 0.833593
    outer loop
      vertex -15.886768 4.208009 -1.496101
      vertex -15.754676 4.102202 -1.509421
      vertex -15.779214 4.208009 -1.458466
    endloop
  endfacet
  facet normal -0.469865 -0.469087 0.747786
    outer loop
      vertex -15.779214 4.208009 -1.458466
      vertex -15.754676 4.102202 -1.509421
      vertex -15.647470 4.102202 -1.442059
    endloop
  endfacet
  facet normal -0.469865 -0.469087 0.747786
    outer loop
      vertex -15.779214 4.208009 -1.458466
      vertex -15.647470 4.102202 -1.442059
      vertex -15.682731 4.208009 -1.397842
    endloop
  endfacet
  facet normal -0.624483 -0.469087 0.624483
    outer loop
      vertex -15.682731 4.208009 -1.397842
      vertex -15.647470 4.102202 -1.442059
      vertex -15.557941 4.102202 -1.352530
    endloop
  endfacet
  facet normal -0.624483 -0.469087 0.624483
    outer loop
      vertex -15.682731 4.208009 -1.397842
      vertex -15.557941 4.102202 -1.352530
      vertex -15.602158 4.208009 -1.317269
    endloop
  endfacet
  facet normal -0.747786 -0.469087 0.469865
    outer loop
      vertex -15.602158 4.208009 -1.317269
      vertex -15.557941 4.102202 -1.352530
      vertex -15.490579 4.102202 -1.245324
    endloop
  endfacet
  facet normal -0.747786 -0.469087 0.469865
    outer loop
      vertex -15.602158 4.208009 -1.317269
      vertex -15.490579 4.102202 -1.245324
      vertex -15.541534 4.208009 -1.220786
    endloop
  endfacet
  facet normal -0.833593 -0.469087 0.291687
    outer loop
      vertex -15.541534 4.208009 -1.220786
      vertex -15.490579 4.102202 -1.245324
      vertex -15.448762 4.102202 -1.125817
    endloop
  endfacet
  facet normal -0.833593 -0.469087 0.291687
    outer loop
      vertex -15.541534 4.208009 -1.220786
      vertex -15.448762 4.102202 -1.125817
      vertex -15.503899 4.208009 -1.113232
    endloop
  endfacet
  facet normal -0.877599 -0.469087 0.098882
    outer loop
      vertex -15.503899 4.208009 -1.113232
      vertex -15.448762 4.102202 -1.125817
      vertex -15.434586 4.102202 -1.000000
    endloop
  endfacet
  facet normal -0.877599 -0.469087 0.098882
    outer loop
      vertex -15.503899 4.208009 -1.113232
      vertex -15.434586 4.102202 -1.000000
      vertex -15.491141 4.208009 -1.000000
    endloop
  endfacet
  facet normal -0.951426 -0.288612 -0.107200
    outer loop
      vertex -15.434586 4.102202 -1.000000
      vertex -15.399759 3.987395 -1.000000
      vertex -15.414809 3.987395 -0.866434
    endloop
  endfacet
  facet normal -0.951426 -0.288612 -0.107200
    outer loop
      vertex -15.434586 4.102202 -1.000000
      vertex -15.414809 3.987395 -0.866434
      vertex -15.448762 4.102202 -0.874183
    endloop
  endfacet
  facet normal -0.903717 -0.288612 -0.316224
    outer loop
      vertex -15.448762 4.102202 -0.874183
      vertex -15.414809 3.987395 -0.866434
      vertex -15.459202 3.987395 -0.739565
    endloop
  endfacet
  facet normal -0.903717 -0.288612 -0.316224
    outer loop
      vertex -15.448762 4.102202 -0.874183
      vertex -15.459202 3.987395 -0.739565
      vertex -15.490579 4.102202 -0.754676
    endloop
  endfacet
  facet normal -0.810693 -0.288612 -0.509392
    outer loop
      vertex -15.490579 4.102202 -0.754676
      vertex -15.459202 3.987395 -0.739565
      vertex -15.530713 3.987395 -0.625756
    endloop
  endfacet
  facet normal -0.810693 -0.288612 -0.509392
    outer loop
      vertex -15.490579 4.102202 -0.754676
      vertex -15.530713 3.987395 -0.625756
      vertex -15.557941 4.102202 -0.647470
    endloop
  endfacet
  facet normal -0.677017 -0.288612 -0.677017
    outer loop
      vertex -15.557941 4.102202 -0.647470
      vertex -15.530713 3.987395 -0.625756
      vertex -15.625756 3.987395 -0.530713
    endloop
  endfacet
  facet normal -0.677017 -0.288612 -0.677017
    outer loop
      vertex -15.557941 4.102202 -0.647470
      vertex -15.625756 3.987395 -0.530713
      vertex -15.647470 4.102202 -0.557941
    endloop
  endfacet
  facet normal -0.509392 -0.288612 -0.810693
    outer loop
      vertex -15.647470 4.102202 -0.557941
      vertex -15.625756 3.987395 -0.530713
      vertex -15.739565 3.987395 -0.459202
    endloop
  endfacet
  facet normal -0.509392 -0.288612 -0.810693
    outer loop
      vertex -15.647470 4.102202 -0.557941
      vertex -15.739565 3.987395 -0.459202
      vertex -15.754676 4.102202 -0.490579
    endloop
  endfacet
  facet normal -0.316224 -0.288612 -0.903717
    outer loop
      vertex -15.754676 4.102202 -0.490579
      vertex -15.739565 3.987395 -0.459202
      vertex -15.866434 3.987395 -0.414809
    endloop
  endfacet
  facet normal -0.316224 -0.288612 -0.903717
    outer loop
      vertex -15.754676 4.102202 -0.490579
      vertex -15.866434 3.987395 -0.414809
      vertex -15.874183 4.102202 -0.448762
    endloop
  endfacet
  facet normal -0.107200 -0.288612 -0.951426
    outer loop
      vertex -15.874183 4.102202 -0.448762
      vertex -15.866434 3.987395 -0.414809
      vertex -16.000000 3.987395 -0.399759
    endloop
  endfacet
  facet normal -0.107200 -0.288612 -0.951426
    outer loop
      vertex -15.874183 4.102202 -0.448762
      vertex -16.000000 3.987395 -0.399759
      vertex -16.000000 4.102202 -0.434586
    endloop
  endfacet
  facet normal 0.107200 -0.288612 -0.951426
    outer loop
      vertex -16.000000 4.102202 -0.434586
      vertex -16.000000 3.987395 -0.399759
      vertex -16.133566 3.987395 -0.414809
    endloop
  endfacet
  facet normal 0.107200 -0.288612 -0.951426
    outer loop
      vertex -16.000000 4.102202 -0.434586
      vertex -16.133566 3.987395 -0.414809
      vertex -16.125817 4.102202 -0.448762
    endloop
  endfacet
  facet normal 0.316224 -0.288612 -0.903717
    outer loop
      vertex -16.125817 4.102202 -0.448762
      vertex -16.133566 3.987395 -0.414809
      vertex -16.260435 3.987395 -0.459202
    endloop
  endfacet
  facet normal 0.316224 -0.288612 -0.903717
    outer loop
      vertex -16.125817 4.102202 -0.448762
      vertex -16.260435 3.987395 -0.459202
      vertex -16.245324 4.102202 -0.490579
    endloop
  endfacet
  facet normal 0.509392 -0.288612 -0.810693
    outer loop
      vertex -16.245324 4.102202 -0.490579
      vertex -16.260435 3.987395 -0.459202
      vertex -16.374244 3.987395 -0.530713
    endloop
  endfacet
  facet normal 0.509392 -0.288612 -0.810693
    outer loop
      vertex -16.245324 4.102202 -0.490579
      vertex -16.374244 3.987395 -0.530713
      vertex -16.352530 4.102202 -0.557941
    endloop
  endfacet
  facet normal 0.677017 -0.288612 -0.677017
    outer loop
      vertex -16.352530 4.102202 -0.557941
      vertex -16.374244 3.987395 -0.530713
      vertex -16.469287 3.987395 -0.625756
    endloop
  endfacet
  facet normal 0.677017 -0.288612 -0.677017
    outer loop
      vertex -16.352530 4.102202 -0.557941
      vertex -16.469287 3.987395 -0.625756
      vertex -16.442059 4.102202 -0.647470
    endloop
  endfacet
  facet normal 0.810693 -0.288612 -0.509392
    outer loop
      vertex -16.442059 4.102202 -0.647470
      vertex -16.469287 3.987395 -0.625756
      vertex -16.540798 3.987395 -0.739565
    endloop
  endfacet
  facet normal 0.810693 -0.288612 -0.509392
    outer loop
      vertex -16.442059 4.102202 -0.647470
      vertex -16.540798 3.987395 -0.739565
      vertex -16.509421 4.102202 -0.754676
    endloop
  endfacet
  facet normal 0.903717 -0.288612 -0.316224
    outer loop
      vertex -16.509421 4.102202 -0.754676
      vertex -16.540798 3.987395 -0.739565
      vertex -16.585191 3.987395 -0.866434
    endloop
  endfacet
  facet normal 0.903717 -0.288612 -0.316224
    outer loop
      vertex -16.509421 4.102202 -0.754676
      vertex -16.585191 3.987395 -0.866434
      vertex -16.551238 4.102202 -0.874183
    endloop
  endfacet
  facet normal 0.951426 -0.288612 -0.107200
    outer loop
      vertex -16.551238 4.102202 -0.874183
      vertex -16.585191 3.987395 -0.866434
      vertex -16.600241 3.987395 -1.000000
    endloop
  endfacet
  facet normal 0.951426 -0.288612 -0.107200
    outer loop
      vertex -16.551238 4.102202 -0.874183
      vertex -16.600241 3.987395 -1.000000
      vertex -16.565414 4.102202 -1.000000
    endloop
  endfacet
  facet normal 0.951426 -0.288612 0.107200
    outer loop
      vertex -16.565414 4.102202 -1.000000
      vertex -16.600241 3.987395 -1.000000
      vertex -16.585191 3.987395 -1.133566
    endloop
  endfacet
  facet normal 0.951426 -0.288612 0.107200
    outer loop
      vertex -16.565414 4.102202 -1.000000
      vertex -16.585191 3.987395 -1.133566
      vertex -16.551238 4.102202 -1.125817
    endloop
  endfacet
  facet normal 0.903717 -0.288612 0.316224
    outer loop
      vertex -16.551238 4.102202 -1.125817
      vertex -16.585191 3.987395 -1.133566
      vertex -16.540798 3.987395 -1.260435
    endloop
  endfacet
  facet normal 0.903717 -0.288612 0.316224
    outer loop
      vertex -16.551238 4.102202 -1.125817
      vertex -16.540798 3.987395 -1.260435
      vertex -16.509421 4.102202 -1.245324
    endloop
  endfacet
  facet normal 0.810693 -0.288612 0.509392
    outer loop
      vertex -16.509421 4.102202 -1.245324
      vertex -16.540798 3.987395 -1.260435
      vertex -16.469287 3.987395 -1.374244
    endloop
  endfacet
  facet normal 0.810693 -0.288612 0.509392
    outer loop
      vertex -16.509421 4.102202 -1.245324
      vertex -16.469287 3.987395 -1.374244
      vertex -16.442059 4.102202 -1.352530
    endloop
  endfacet
  facet normal 0.677017 -0.288612 0.677017
    outer loop
      vertex -16.442059 4.102202 -1.352530
      vertex -16.469287 3.987395 -1.374244
      vertex -16.374244 3.987395 -1.469287
    endloop
  endfacet
  facet normal 0.677017 -0.288612 0.677017
    outer loop
      vertex -16.442059 4.102202 -1.352530
      vertex -16.374244 3.987395 -1.469287
      vertex -16.352530 4.102202 -1.442059
    endloop
  endfacet
  facet normal 0.509392 -0.288612 0.810693
    outer loop
      vertex -16.352530 4.102202 -1.442059
      vertex -16.374244 3.987395 -1.469287
      vertex -16.260435 3.987395 -1.540798
    endloop
  endfacet
  facet normal 0.509392 -0.288612 0.810693
    outer loop
      vertex -16.352530 4.102202 -1.442059
      vertex -16.260435 3.987395 -1.540798
      vertex -16.245324 4.102202 -1.509421
    endloop
  endfacet
  facet normal 0.316224 -0.288612 0.903717
    outer loop
      vertex -16.245324 4.102202 -1.509421
      vertex -16.260435 3.987395 -1.540798
      vertex -16.133566 3.987395 -1.585191
    endloop
  endfacet
  facet normal 0.316224 -0.288612 0.903717
    outer loop
      vertex -16.245324 4.102202 -1.509421
      vertex -16.133566 3.987395 -1.585191
      vertex -16.125817 4.102202 -1.551238
    endloop
  endfacet
  facet normal 0.107200 -0.288612 0.951426
    outer loop
      vertex -16.125817 4.102202 -1.551238
      vertex -16.133566 3.987395 -1.585191
      vertex -16.000000 3.987395 -1.600241
    endloop
  endfacet
  facet normal 0.107200 -0.288612 0.951426
    outer loop
      vertex -16.125817 4.102202 -1.551238
      vertex -16.000000 3.987395 -1.600241
      vertex -16.000000 4.102202 -1.565414
    endloop
  endfacet
  facet normal -0.107200 -0.288612 0.951426
    outer loop
      vertex -16.000000 4.102202 -1.565414
      vertex -16.000000 3.987395 -1.600241
      vertex -15.866434 3.987395 -1.585191
    endloop
  endfacet
  facet normal -0.107200 -0.288612 0.951426
    outer loop
      vertex -16.000000 4.102202 -1.565414
      vertex -15.866434 3.987395 -1.585191
      vertex -15.874183 4.102202 -1.551238
    endloop
  endfacet
  facet normal -0.316224 -0.288612 0.903717
    outer loop
      vertex -15.874183 4.102202 -1.551238
      vertex -15.866434 3.987395 -1.585191
      vertex -15.739565 3.987395 -1.540798
    endloop
  endfacet
  facet normal -0.316224 -0.288612 0.903717
    outer loop
      vertex -15.874183 4.102202 -1.551238
      vertex -15.739565 3.987395 -1.540798
      vertex -15.754676 4.102202 -1.509421
    endloop
  endfacet
  facet normal -0.509392 -0.288612 0.810693
    outer loop
      vertex -15.754676 4.102202 -1.509421
      vertex -15.739565 3.987395 -1.540798
      vertex -15.625756 3.987395 -1.469287
    endloop
  endfacet
  facet normal -0.509392 -0.288612 0.810693
    outer loop
      vertex -15.754676 4.102202 -1.509421
      vertex -15.625756 3.987395 -1.469287
      vertex -15.647470 4.102202 -1.442059
    endloop
  endfacet
  facet normal -0.677017 -0.288612 0.677017
    outer loop
      vertex -15.647470 4.102202 -1.442059
      vertex -15.625756 3.987395 -1.469287
      vertex -15.530713 3.987395 -1.374244
    endloop
  endfacet
  facet normal -0.677017 -0.288612 0.677017
    outer loop
      vertex -15.647470 4.102202 -1.442059
      vertex -15.530713 3.987395 -1.374244
      vertex -15.557941 4.102202 -1.352530
    endloop
  endfacet
  facet normal -0.810693 -0.288612 0.509392
    outer loop
      vertex -15.557941 4.102202 -1.352530
      vertex -15.530713 3.987395 -1.374244
      vertex -15.459202 3.987395 -1.260435
    endloop
  endfacet
  facet normal -0.810693 -0.288612 0.509392
    outer loop
      vertex -15.557941 4.102202 -1.352530
      vertex -15.459202 3.987395 -1.260435
      vertex -15.490579 4.102202 -1.245324
    endloop
  endfacet
  facet normal -0.903717 -0.288612 0.316224
    outer loop
      vertex -15.490579 4.102202 -1.245324
      vertex -15.459202 3.987395 -1.260435
      vertex -15.414809 3.987395 -1.133566
    endloop
  endfacet
  facet normal -0.903717 -0.288612 0.316224
    outer loop
      vertex -15.490579 4.102202 -1.245324
      vertex -15.414809 3.987395 -1.133566
      vertex -15.448762 4.102202 -1.125817
    endloop
  endfacet
  facet normal -0.951426 -0.288612 0.107200
    outer loop
      vertex -15.448762 4.102202 -1.125817
      vertex -15.414809 3.987395 -1.133566
      vertex -15.399759 3.987395 -1.000000
    endloop
  endfacet
  facet normal -0.951426 -0.288612 0.107200
    outer loop
      vertex -15.448762 4.102202 -1.125817
      vertex -15.399759 3.987395 -1.000000
      vertex -15.434586 4.102202 -1.000000
    endloop
  endfacet
  facet normal -0.988987 -0.097407 -0.111432
    outer loop
      vertex -15.399759 3.987395 -1.000000
      vertex -15.388000 3.868000 -1.000000
      vertex -15.403344 3.868000 -0.863817
    endloop
  endfacet
  facet normal -0.988987 -0.097407 -0.111432
    outer loop
      vertex -15.399759 3.987395 -1.000000
      vertex -15.403344 3.868000 -0.863817
      vertex -15.414809 3.987395 -0.866434
    endloop
  endfacet
  facet normal -0.939395 -0.097407 -0.328708
    outer loop
      vertex -15.414809 3.987395 -0.866434
      vertex -15.403344 3.868000 -0.863817
      vertex -15.448607 3.868000 -0.734463
    endloop
  endfacet
  facet normal -0.939395 -0.097407 -0.328708
    outer loop
      vertex -15.414809 3.987395 -0.866434
      vertex -15.448607 3.868000 -0.734463
      vertex -15.459202 3.987395 -0.739565
    endloop
  endfacet
  facet normal -0.842698 -0.097407 -0.529502
    outer loop
      vertex -15.459202 3.987395 -0.739565
      vertex -15.448607 3.868000 -0.734463
      vertex -15.521519 3.868000 -0.618424
    endloop
  endfacet
  facet normal -0.842698 -0.097407 -0.529502
    outer loop
      vertex -15.459202 3.987395 -0.739565
      vertex -15.521519 3.868000 -0.618424
      vertex -15.530713 3.987395 -0.625756
    endloop
  endfacet
  facet normal -0.703744 -0.097407 -0.703744
    outer loop
      vertex -15.530713 3.987395 -0.625756
      vertex -15.521519 3.868000 -0.618424
      vertex -15.618424 3.868000 -0.521519
    endloop
  endfacet
  facet normal -0.703744 -0.097407 -0.703744
    outer loop
      vertex -15.530713 3.987395 -0.625756
      vertex -15.618424 3.868000 -0.521519
      vertex -15.625756 3.987395 -0.530713
    endloop
  endfacet
  facet normal -0.529502 -0.097407 -0.842698
    outer loop
      vertex -15.625756 3.987395 -0.530713
      vertex -15.618424 3.868000 -0.521519
      vertex -15.734463 3.868000 -0.448607
    endloop
  endfacet
  facet normal -0.529502 -0.097407 -0.842698
    outer loop
      vertex -15.625756 3.987395 -0.530713
      vertex -15.734463 3.868000 -0.448607
      vertex -15.739565 3.987395 -0.459202
    endloop
  endfacet
  facet normal -0.328708 -0.097407 -0.939395
    outer loop
      vertex -15.739565 3.987395 -0.459202
      vertex -15.734463 3.868000 -0.448607
      vertex -15.863817 3.868000 -0.403344
    endloop
  endfacet
  facet normal -0.328708 -0.097407 -0.939395
    outer loop
      vertex -15.739565 3.987395 -0.459202
      vertex -15.863817 3.868000 -0.403344
      vertex -15.866434 3.987395 -0.414809
    endloop
  endfacet
  facet normal -0.111432 -0.097407 -0.988987
    outer loop
      vertex -15.866434 3.987395 -0.414809
      vertex -15.863817 3.868000 -0.403344
      vertex -16.000000 3.868000 -0.388000
    endloop
  endfacet
  facet normal -0.111432 -0.097407 -0.988987
    outer loop
      vertex -15.866434 3.987395 -0.414809
      vertex -16.000000 3.868000 -0.388000
      vertex -16.000000 3.987395 -0.399759
    endloop
  endfacet
  facet normal 0.111432 -0.097407 -0.988987
    outer loop
      vertex -16.000000 3.987395 -0.399759
      vertex -16.000000 3.868000 -0.388000
      vertex -16.136183 3.868000 -0.403344
    endloop
  endfacet
  facet normal 0.111432 -0.097407 -0.988987
    outer loop
      vertex -16.000000 3.987395 -0.399759
      vertex -16.136183 3.868000 -0.403344
      vertex -16.133566 3.987395 -0.414809
    endloop
  endfacet
  facet normal 0.328708 -0.097407 -0.939395
    outer loop
      vertex -16.133566 3.987395 -0.414809
      vertex -16.136183 3.868000 -0.403344
      vertex -16.265537 3.868000 -0.448607
    endloop
  endfacet
  facet normal 0.328708 -0.097407 -0.939395
    outer loop
      vertex -16.133566 3.987395 -0.414809
      vertex -16.265537 3.868000 -0.448607
      vertex -16.260435 3.987395 -0.459202
    endloop
  endfacet
  facet normal 0.529502 -0.097407 -0.842698
    outer loop
      vertex -16.260435 3.987395 -0.459202
      vertex -16.265537 3.868000 -0.448607
      vertex -16.381576 3.868000 -0.521519
    endloop
  endfacet
  facet normal 0.529502 -0.097407 -0.842698
    outer loop
      vertex -16.260435 3.987395 -0.459202
      vertex -16.381576 3.868000 -0.521519
      vertex -16.374244 3.987395 -0.530713
    endloop
  endfacet
  facet normal 0.703744 -0.097407 -0.703744
    outer loop
      vertex -16.374244 3.987395 -0.530713
      vertex -16.381576 3.868000 -0.521519
      vertex -16.478481 3.868000 -0.618424
    endloop
  endfacet
  facet normal 0.703744 -0.097407 -0.703744
    outer loop
      vertex -16.374244 3.987395 -0.530713
      vertex -16.478481 3.868000 -0.618424
      vertex -16.469287 3.987395 -0.625756
    endloop
  endfacet
  facet normal 0.842698 -0.097407 -0.529502
    outer loop
      vertex -16.469287 3.987395 -0.625756
      vertex -16.478481 3.868000 -0.618424
      vertex -16.551393 3.868000 -0.734463
    endloop
  endfacet
  facet normal 0.842698 -0.097407 -0.529502
    outer loop
      vertex -16.469287 3.987395 -0.625756
      vertex -16.551393 3.868000 -0.734463
      vertex -16.540798 3.987395 -0.739565
    endloop
  endfacet
  facet normal 0.939395 -0.097407 -0.328708
    outer loop
      vertex -16.540798 3.987395 -0.739565
      vertex -16.551393 3.868000 -0.734463
      vertex -16.596656 3.868000 -0.863817
    endloop
  endfacet
  facet normal 0.939395 -0.097407 -0.328708
    outer loop
      vertex -16.540798 3.987395 -0.739565
      vertex -16.596656 3.868000 -0.863817
      vertex -16.585191 3.987395 -0.866434
    endloop
  endfacet
  facet normal 0.988987 -0.097407 -0.111432
    outer loop
      vertex -16.585191 3.987395 -0.866434
      vertex -16.596656 3.868000 -0.863817
      vertex -16.612000 3.868000 -1.000000
    endloop
  endfacet
  facet normal 0.988987 -0.097407 -0.111432
    outer loop
      vertex -16.585191 3.987395 -0.866434
      vertex -16.612000 3.868000 -1.000000
      vertex -16.600241 3.987395 -1.000000
    endloop
  endfacet
  facet normal 0.988987 -0.097407 0.111432
    outer loop
      vertex -16.600241 3.987395 -1.000000
      vertex -16.612000 3.868000 -1.000000
      vertex -16.596656 3.868000 -1.136183
    endloop
  endfacet
  facet normal 0.988987 -0.097407 0.111432
    outer loop
      vertex -16.600241 3.987395 -1.000000
      vertex -16.596656 3.868000 -1.136183
      vertex -16.585191 3.987395 -1.133566
    endloop
  endfacet
  facet normal 0.939395 -0.097407 0.328708
    outer loop
      vertex -16.585191 3.987395 -1.133566
      vertex -16.596656 3.868000 -1.136183
      vertex -16.551393 3.868000 -1.265537
    endloop
  endfacet
  facet normal 0.939395 -0.097407 0.328708
    outer loop
      vertex -16.585191 3.987395 -1.133566
      vertex -16.551393 3.868000 -1.265537
      vertex -16.540798 3.987395 -1.260435
    endloop
  endfacet
  facet normal 0.842698 -0.097407 0.529502
    outer loop
      vertex -16.540798 3.987395 -1.260435
      vertex -16.551393 3.868000 -1.265537
      vertex -16.478481 3.868000 -1.381576
    endloop
  endfacet
  facet normal 0.842698 -0.097407 0.529502
    outer loop
      vertex -16.540798 3.987395 -1.260435
      vertex -16.478481 3.868000 -1.381576
      vertex -16.469287 3.987395 -1.374244
    endloop
  endfacet
  facet normal 0.703744 -0.097407 0.703744
    outer loop
      vertex -16.469287 3.987395 -1.374244
      vertex -16.478481 3.868000 -1.381576
      vertex -16.381576 3.868000 -1.478481
    endloop
  endfacet
  facet normal 0.703744 -0.097407 0.703744
    outer loop
      vertex -16.469287 3.987395 -1.374244
      vertex -16.381576 3.868000 -1.478481
      vertex -16.374244 3.987395 -1.469287
    endloop
  endfacet
  facet normal 0.529502 -0.097407 0.842698
    outer loop
      vertex -16.374244 3.987395 -1.469287
      vertex -16.381576 3.868000 -1.478481
      vertex -16.265537 3.868000 -1.551393
    endloop
  endfacet
  facet normal 0.529502 -0.097407 0.842698
    outer loop
      vertex -16.374244 3.987395 -1.469287
      vertex -16.265537 3.868000 -1.551393
      vertex -16.260435 3.987395 -1.540798
    endloop
  endfacet
  facet normal 0.328708 -0.097407 0.939395
    outer loop
      vertex -16.260435 3.987395 -1.540798
      vertex -16.265537 3.868000 -1.551393
      vertex -16.136183 3.868000 -1.596656
    endloop
  endfacet
  facet normal 0.328708 -0.097407 0.939395
    outer loop
      vertex -16.260435 3.987395 -1.540798
      vertex -16.136183 3.868000 -1.596656
      vertex -16.133566 3.987395 -1.585191
    endloop
  endfacet
  facet normal 0.111432 -0.097407 0.988987
    outer loop
      vertex -16.133566 3.987395 -1.585191
      vertex -16.136183 3.868000 -1.596656
      vertex -16.000000 3.868000 -1.612000
    endloop
  endfacet
  facet normal 0.111432 -0.097407 0.988987
    outer loop
      vertex -16.133566 3.987395 -1.585191
      vertex -16.000000 3.868000 -1.612000
      vertex -16.000000 3.987395 -1.600241
    endloop
  endfacet
  facet normal -0.111432 -0.097407 0.988987
    outer loop
      vertex -16.000000 3.987395 -1.600241
      vertex -16.000000 3.868000 -1.612000
      vertex -15.863817 3.868000 -1.596656
    endloop
  endfacet
  facet normal -0.111432 -0.097407 0.988987
    outer loop
      vertex -16.000000 3.987395 -1.600241
      vertex -15.863817 3.868000 -1.596656
      vertex -15.866434 3.987395 -1.585191
    endloop
  endfacet
  facet normal -0.328708 -0.097407 0.939395
    outer loop
      vertex -15.866434 3.987395 -1.585191
      vertex -15.863817 3.868000 -1.596656
      vertex -15.734463 3.868000 -1.551393
    endloop
  endfacet
  facet normal -0.328708 -0.097407 0.939395
    outer loop
      vertex -15.866434 3.987395 -1.585191
      vertex -15.734463 3.868000 -1.551393
      vertex -15.739565 3.987395 -1.540798
    endloop
  endfacet
  facet normal -0.529502 -0.097407 0.842698
    outer loop
      vertex -15.739565 3.987395 -1.540798
      vertex -15.734463 3.868000 -1.551393
      vertex -15.618424 3.868000 -1.478481
    endloop
  endfacet
  facet normal -0.529502 -0.097407 0.842698
    outer loop
      vertex -15.739565 3.987395 -1.540798
      vertex -15.618424 3.868000 -1.478481
      vertex -15.625756 3.987395 -1.469287
    endloop
  endfacet
  facet normal -0.703744 -0.097407 0.703744
    outer loop
      vertex -15.625756 3.987395 -1.469287
      vertex -15.618424 3.868000 -1.478481
      vertex -15.521519 3.868000 -1.381576
    endloop
  endfacet
  facet normal -0.703744 -0.097407 0.703744
    outer loop
      vertex -15.625756 3.987395 -1.469287
      vertex -15.521519 3.868000 -1.381576
      vertex -15.530713 3.987395 -1.374244
    endloop
  endfacet
  facet normal -0.842698 -0.097407 0.529502
    outer loop
      vertex -15.530713 3.987395 -1.374244
      vertex -15.521519 3.868000 -1.381576
      vertex -15.448607 3.868000 -1.265537
    endloop
  endfacet
  facet normal -0.842698 -0.097407 0.529502
    outer loop
      vertex -15.530713 3.987395 -1.374244
      vertex -15.448607 3.868000 -1.265537
      vertex -15.459202 3.987395 -1.260435
    endloop
  endfacet
  facet normal -0.939395 -0.097407 0.328708
    outer loop
      vertex -15.459202 3.987395 -1.260435
      vertex -15.448607 3.868000 -1.265537
      vertex -15.403344 3.868000 -1.136183
    endloop
  endfacet
  facet normal -0.939395 -0.097407 0.328708
    outer loop
      vertex -15.459202 3.987395 -1.260435
      vertex -15.403344 3.868000 -1.136183
      vertex -15.414809 3.987395 -1.133566
    endloop
  endfacet
  facet normal -0.988987 -0.097407 0.111432
    outer loop
      vertex -15.414809 3.987395 -1.133566
      vertex -15.403344 3.868000 -1.136183
      vertex -15.388000 3.868000 -1.000000
    endloop
  endfacet
  facet normal -0.988987 -0.097407 0.111432
    outer loop
      vertex -15.414809 3.987395 -1.133566
      vertex -15.388000 3.868000 -1.000000
      vertex -15.399759 3.987395 -1.000000
    endloop
  endfacet
endsolid relay_module_5v_1ch