solid bts7960_motor_driver
  facet normal 0.000000 -1.000000 0.000000
    outer loop
      vertex -25.000000 1.600000 -25.000000
      vertex 25.000000 1.600000 -25.000000
      vertex 25.000000 1.600000 25.000000
    endloop
  endfacet
  facet normal 0.000000 -1.000000 0.000000
    outer loop
      vertex -25.000000 1.600000 -25.000000
      vertex 25.000000 1.600000 25.000000
      vertex -25.000000 1.600000 25.000000
    endloop
  endfacet
  facet normal 0.000000 1.000000 0.000000
    outer loop
      vertex -25.000000 0.000000 25.000000
      vertex 25.000000 0.000000 25.000000
      vertex 25.000000 0.000000 -25.000000
    endloop
  endfacet
  facet normal 0.000000 1.000000 0.000000
    outer loop
      vertex -25.000000 0.000000 25.000000
      vertex 25.000000 0.000000 -25.000000
      vertex -25.000000 0.000000 -25.000000
    endloop
  endfacet
  facet normal 0.000000 0.000000 -1.000000
    outer loop
      vertex -25.000000 1.600000 25.000000
      vertex 25.000000 1.600000 25.000000
      vertex 25.000000 0.000000 25.000000
    endloop
  endfacet
  facet normal 0.000000 0.000000 -1.000000
    outer loop
      vertex -25.000000 1.600000 25.000000
      vertex 25.000000 0.000000 25.000000
      vertex -25.000000 0.000000 25.000000
    endloop
  endfacet
  facet normal 0.000000 0.000000 1.000000
    outer loop
      vertex 25.000000 0.000000 -25.000000
      vertex 25.000000 1.600000 -25.000000
      vertex -25.000000 1.600000 -25.000000
    endloop
  endfacet
  facet normal 0.000000 0.000000 1.000000
    outer loop
      vertex 25.000000 0.000000 -25.000000
      vertex -25.000000 1.600000 -25.000000
      vertex -25.000000 0.000000 -25.000000
    endloop
  endfacet
  facet normal -1.000000 0.000000 0.000000
    outer loop
      vertex 25.000000 0.000000 25.000000
      vertex 25.000000 1.600000 25.000000
      vertex 25.000000 1.600000 -25.000000
    endloop
  endfacet
  facet normal -1.000000 0.000000 0.000000
    outer loop
      vertex 25.000000 0.000000 25.000000
      vertex 25.000000 1.600000 -25.000000
      vertex 25.000000 0.000000 -25.000000
    endloop
  endfacet
  facet normal 1.000000 0.000000 0.000000
    outer loop
      vertex -25.000000 0.000000 -25.000000
      vertex -25.000000 1.600000 -25.000000
      vertex -25.000000 1.600000 25.000000
    endloop
  endfacet
  facet normal 1.000000 0.000000 0.000000
    outer loop
      vertex -25.000000 0.000000 -25.000000
      vertex -25.000000 1.600000 25.000000
      vertex -25.000000 0.000000 25.000000
    endloop
  endfacet
  facet normal 0.000000 -1.000000 0.000000
    outer loop
      vertex -9.990000 9.225000 20.900000
      vertex -7.790000 9.225000 20.900000
      vertex -7.790000 9.225000 23.100000
    endloop
  endfacet
  facet normal 0.000000 -1.000000 0.000000
    outer loop
      vertex -9.990000 9.225000 20.900000
      vertex -7.790000 9.225000 23.100000
      vertex -9.990000 9.225000 23.100000
    endloop
  endfacet
  facet normal 0.000000 1.000000 0.000000
    outer loop
      vertex -9.990000 7.675000 23.100000
      vertex -7.790000 7.675000 23.100000
      vertex -7.790000 7.675000 20.900000
    endloop
  endfacet
  facet normal 0.000000 1.000000 0.000000
    outer loop
      vertex -9.990000 7.675000 23.100000
      vertex -7.790000 7.675000 20.900000
      vertex -9.990000 7.675000 20.900000
    endloop
  endfacet
  facet normal 0.000000 0.000000 -1.000000
    outer loop
      vertex -9.990000 9.225000 23.100000
      vertex -7.790000 9.225000 23.100000
      vertex -7.790000 7.675000 23.100000
    endloop
  endfacet
  facet normal 0.000000 0.000000 -1.000000
    outer loop
      vertex -9.990000 9.225000 23.100000
      vertex -7.790000 7.675000 23.100000
      vertex -9.990000 7.675000 23.100000
    endloop
  endfacet
  facet normal 0.000000 0.000000 1.000000
    outer loop
      vertex -7.790000 7.675000 20.900000
      vertex -7.790000 9.225000 20.900000
      vertex -9.990000 9.225000 20.900000
    endloop
  endfacet
  facet normal 0.000000 0.000000 1.000000
    outer loop
      vertex -7.790000 7.675000 20.900000
      vertex -9.990000 9.225000 20.900000
      vertex -9.990000 7.675000 20.900000
    endloop
  endfacet
  facet normal -1.000000 0.000000 0.000000
    outer loop
      vertex -7.790000 7.675000 23.100000
      vertex -7.790000 9.225000 23.100000
      vertex -7.790000 9.225000 20.900000
    endloop
  endfacet
  facet normal -1.000000 0.000000 0.000000
    outer loop
      vertex -7.790000 7.675000 23.100000
      vertex -7.790000 9.225000 20.900000
      vertex -7.790000 7.675000 20.900000
    endloop
  endfacet
  facet normal 1.000000 0.000000 0.000000
    outer loop
      vertex -9.990000 7.675000 20.900000
      vertex -9.990000 9.225000 20.900000
      vertex -9.990000 9.225000 23.100000
    endloop
  endfacet
  facet normal 1.000000 0.000000 0.000000
    outer loop
      vertex -9.990000 7.675000 20.900000
      vertex -9.990000 9.225000 23.100000
      vertex -9.990000 7.675000 23.100000
    endloop
  endfacet
  facet normal 0.000000 -1.000000 0.000000
    outer loop
      vertex -9.220000 13.200000 21.670000
      vertex -8.560000 13.200000 21.670000
      vertex -8.560000 13.200000 22.330000
    endloop
  endfacet
  facet normal 0.000000 -1.000000 0.000000
    outer loop
      vertex -9.220000 13.200000 21.670000
      vertex -8.560000 13.200000 22.330000
      vertex -9.220000 13.200000 22.330000
    endloop
  endfacet
  facet normal 0.000000 1.000000 0.000000
    outer loop
      vertex -9.220000 8.000000 22.330000
      vertex -8.560000 8.000000 22.330000
      vertex -8.560000 8.000000 21.670000
    endloop
  endfacet
  facet normal 0.000000 1.000000 0.000000
    outer loop
      vertex -9.220000 8.000000 22.330000
      vertex -8.560000 8.000000 21.670000
      vertex -9.220000 8.000000 21.670000
    endloop
  endfacet
  facet normal 0.000000 0.000000 -1.000000
    outer loop
      vertex -9.220000 13.200000 22.330000
      vertex -8.560000 13.200000 22.330000
      vertex -8.560000 8.000000 22.330000
    endloop
  endfacet
  facet normal 0.000000 0.000000 -1.000000
    outer loop
      vertex -9.220000 13.200000 22.330000
      vertex -8.560000 8.000000 22.330000
      vertex -9.220000 8.000000 22.330000
    endloop
  endfacet
  facet normal 0.000000 0.000000 1.000000
    outer loop
      vertex -8.560000 8.000000 21.670000
      vertex -8.560000 13.200000 21.670000
      vertex -9.220000 13.200000 21.670000
    endloop
  endfacet
  facet normal 0.000000 0.000000 1.000000
    outer loop
      vertex -8.560000 8.000000 21.670000
      vertex -9.220000 13.200000 21.670000
      vertex -9.220000 8.000000 21.670000
    endloop
  endfacet
  facet normal -1.000000 0.000000 0.000000
    outer loop
      vertex -8.560000 8.000000 22.330000
      vertex -8.560000 13.200000 22.330000
      vertex -8.560000 13.200000 21.670000
    endloop
  endfacet
  facet normal -1.000000 0.000000 0.000000
    outer loop
      vertex -8.560000 8.000000 22.330000
      vertex -8.560000 13.200000 21.670000
      vertex -8.560000 8.000000 21.670000
    endloop
  endfacet
  facet normal 1.000000 0.000000 0.000000
    outer loop
      vertex -9.220000 8.000000 21.670000
      vertex -9.220000 13.200000 21.670000
      vertex -9.220000 13.200000 22.330000
    endloop
  endfacet
  facet normal 1.000000 0.000000 0.000000
    outer loop
      vertex -9.220000 8.000000 21.670000
      vertex -9.220000 13.200000 22.330000
      vertex -9.220000 8.000000 22.330000
    endloop
  endfacet
  facet normal 0.000000 -1.000000 0.000000
    outer loop
      vertex -7.450000 9.225000 20.900000
      vertex -5.250000 9.225000 20.900000
      vertex -5.250000 9.225000 23.100000
    endloop
  endfacet
  facet normal 0.000000 -1.000000 0.000000
    outer loop
      vertex -7.450000 9.225000 20.900000
      vertex -5.250000 9.225000 23.100000
      vertex -7.450000 9.225000 23.100000
    endloop
  endfacet
  facet normal 0.000000 1.000000 0.000000
    outer loop
      vertex -7.450000 7.675000 23.100000
      vertex -5.250000 7.675000 23.100000
      vertex -5.250000 7.675000 20.900000
    endloop
  endfacet
  facet normal 0.000000 1.000000 0.000000
    outer loop
      vertex -7.450000 7.675000 23.100000
      vertex -5.250000 7.675000 20.900000
      vertex -7.450000 7.675000 20.900000
    endloop
  endfacet
  facet normal 0.000000 0.000000 -1.000000
    outer loop
      vertex -7.450000 9.225000 23.100000
      vertex -5.250000 9.225000 23.100000
      vertex -5.250000 7.675000 23.100000
    endloop
  endfacet
  facet normal 0.000000 0.000000 -1.000000
    outer loop
      vertex -7.450000 9.225000 23.100000
      vertex -5.250000 7.675000 23.100000
      vertex -7.450000 7.675000 23.100000
    endloop
  endfacet
  facet normal 0.000000 0.000000 1.000000
    outer loop
      vertex -5.250000 7.675000 20.900000
      vertex -5.250000 9.225000 20.900000
      vertex -7.450000 9.225000 20.900000
    endloop
  endfacet
  facet normal 0.000000 0.000000 1.000000
    outer loop
      vertex -5.250000 7.675000 20.900000
      vertex -7.450000 9.225000 20.900000
      vertex -7.450000 7.675000 20.900000
    endloop
  endfacet
  facet normal -1.000000 0.000000 0.000000
    outer loop
      vertex -5.250000 7.675000 23.100000
      vertex -5.250000 9.225000 23.100000
      vertex -5.250000 9.225000 20.900000
    endloop
  endfacet
  facet normal -1.000000 0.000000 0.000000
    outer loop
      vertex -5.250000 7.675000 23.100000
      vertex -5.250000 9.225000 20.900000
      vertex -5.250000 7.675000 20.900000
    endloop
  endfacet
  facet normal 1.000000 0.000000 0.000000
    outer loop
      vertex -7.450000 7.675000 20.900000
      vertex -7.450000 9.225000 20.900000
      vertex -7.450000 9.225000 23.100000
    endloop
  endfacet
  facet normal 1.000000 0.000000 0.000000
    outer loop
      vertex -7.450000 7.675000 20.900000
      vertex -7.450000 9.225000 23.100000
      vertex -7.450000 7.675000 23.100000
    endloop
  endfacet
  facet normal 0.000000 -1.000000 0.000000
    outer loop
      vertex -6.680000 13.200000 21.670000
      vertex -6.020000 13.200000 21.670000
      vertex -6.020000 13.200000 22.330000
    endloop
  endfacet
  facet normal 0.000000 -1.000000 0.000000
    outer loop
      vertex -6.680000 13.200000 21.670000
      vertex -6.020000 13.200000 22.330000
      vertex -6.680000 13.200000 22.330000
    endloop
  endfacet
  facet normal 0.000000 1.000000 0.000000
    outer loop
      vertex -6.680000 8.000000 22.330000
      vertex -6.020000 8.000000 22.330000
      vertex -6.020000 8.000000 21.670000
    endloop
  endfacet
  facet normal 0.000000 1.000000 0.000000
    outer loop
      vertex -6.680000 8.000000 22.330000
      vertex -6.020000 8.000000 21.670000
      vertex -6.680000 8.000000 21.670000
    endloop
  endfacet
  facet normal 0.000000 0.000000 -1.000000
    outer loop
      vertex -6.680000 13.200000 22.330000
      vertex -6.020000 13.200000 22.330000
      vertex -6.020000 8.000000 22.330000
    endloop
  endfacet
  facet normal 0.000000 0.000000 -1.000000
    outer loop
      vertex -6.680000 13.200000 22.330000
      vertex -6.020000 8.000000 22.330000
      vertex -6.680000 8.000000 22.330000
    endloop
  endfacet
  facet normal 0.000000 0.000000 1.000000
    outer loop
      vertex -6.020000 8.000000 21.670000
      vertex -6.020000 13.200000 21.670000
      vertex -6.680000 13.200000 21.670000
    endloop
  endfacet
  facet normal 0.000000 0.000000 1.000000
    outer loop
      vertex -6.020000 8.000000 21.670000
      vertex -6.680000 13.200000 21.670000
      vertex -6.680000 8.000000 21.670000
    endloop
  endfacet
  facet normal -1.000000 0.000000 0.000000
    outer loop
      vertex -6.020000 8.000000 22.330000
      vertex -6.020000 13.200000 22.330000
      vertex -6.020000 13.200000 21.670000
    endloop
  endfacet
  facet normal -1.000000 0.000000 0.000000
    outer loop
      vertex -6.020000 8.000000 22.330000
      vertex -6.020000 13.200000 21.670000
      vertex -6.020000 8.000000 21.670000
    endloop
  endfacet
  facet normal 1.000000 0.000000 0.000000
    outer loop
      vertex -6.680000 8.000000 21.670000
      vertex -6.680000 13.200000 21.670000
      vertex -6.680000 13.200000 22.330000
    endloop
  endfacet
  facet normal 1.000000 0.000000 0.000000
    outer loop
      vertex -6.680000 8.000000 21.670000
      vertex -6.680000 13.200000 22.330000
      vertex -6.680000 8.000000 22.330000
    endloop
  endfacet
  facet normal 0.000000 -1.000000 0.000000
    outer loop
      vertex -4.910000 9.225000 20.900000
      vertex -2.710000 9.225000 20.900000
      vertex -2.710000 9.225000 23.100000
    endloop
  endfacet
  facet normal 0.000000 -1.000000 0.000000
    outer loop
      vertex -4.910000 9.225000 20.900000
      vertex -2.710000 9.225000 23.100000
      vertex -4.910000 9.225000 23.100000
    endloop
  endfacet
  facet normal 0.000000 1.000000 0.000000
    outer loop
      vertex -4.910000 7.675000 23.100000
      vertex -2.710000 7.675000 23.100000
      vertex -2.710000 7.675000 20.900000
    endloop
  endfacet
  facet normal 0.000000 1.000000 0.000000
    outer loop
      vertex -4.910000 7.675000 23.100000
      vertex -2.710000 7.675000 20.900000
      vertex -4.910000 7.675000 20.900000
    endloop
  endfacet
  facet normal 0.000000 0.000000 -1.000000
    outer loop
      vertex -4.910000 9.225000 23.100000
      vertex -2.710000 9.225000 23.100000
      vertex -2.710000 7.675000 23.100000
    endloop
  endfacet
  facet normal 0.000000 0.000000 -1.000000
    outer loop
      vertex -4.910000 9.225000 23.100000
      vertex -2.710000 7.675000 23.100000
      vertex -4.910000 7.675000 23.100000
    endloop
  endfacet
  facet normal 0.000000 0.000000 1.000000
    outer loop
      vertex -2.710000 7.675000 20.900000
      vertex -2.710000 9.225000 20.900000
      vertex -4.910000 9.225000 20.900000
    endloop
  endfacet
  facet normal 0.000000 0.000000 1.000000
    outer loop
      vertex -2.710000 7.675000 20.900000
      vertex -4.910000 9.225000 20.900000
      vertex -4.910000 7.675000 20.900000
    endloop
  endfacet
  facet normal -1.000000 0.000000 0.000000
    outer loop
      vertex -2.710000 7.675000 23.100000
      vertex -2.710000 9.225000 23.100000
      vertex -2.710000 9.225000 20.900000
    endloop
  endfacet
  facet normal -1.000000 0.000000 0.000000
    outer loop
      vertex -2.710000 7.675000 23.100000
      vertex -2.710000 9.225000 20.900000
      vertex -2.710000 7.675000 20.900000
    endloop
  endfacet
  facet normal 1.000000 0.000000 0.000000
    outer loop
      vertex -4.910000 7.675000 20.900000
      vertex -4.910000 9.225000 20.900000
      vertex -4.910000 9.225000 23.100000
    endloop
  endfacet
  facet normal 1.000000 0.000000 0.000000
    outer loop
      vertex -4.910000 7.675000 20.900000
      vertex -4.910000 9.225000 23.100000
      vertex -4.910000 7.675000 23.100000
    endloop
  endfacet
  facet normal 0.000000 -1.000000 0.000000
    outer loop
      vertex -4.140000 13.200000 21.670000
      vertex -3.480000 13.200000 21.670000
      vertex -3.480000 13.200000 22.330000
    endloop
  endfacet
  facet normal 0.000000 -1.000000 0.000000
    outer loop
      vertex -4.140000 13.200000 21.670000
      vertex -3.480000 13.200000 22.330000
      vertex -4.140000 13.200000 22.330000
    endloop
  endfacet
  facet normal 0.000000 1.000000 0.000000
    outer loop
      vertex -4.140000 8.000000 22.330000
      vertex -3.480000 8.000000 22.330000
      vertex -3.480000 8.000000 21.670000
    endloop
  endfacet
  facet normal 0.000000 1.000000 0.000000
    outer loop
      vertex -4.140000 8.000000 22.330000
      vertex -3.480000 8.000000 21.670000
      vertex -4.140000 8.000000 21.670000
    endloop
  endfacet
  facet normal 0.000000 0.000000 -1.000000
    outer loop
      vertex -4.140000 13.200000 22.330000
      vertex -3.480000 13.200000 22.330000
      vertex -3.480000 8.000000 22.330000
    endloop
  endfacet
  facet normal 0.000000 0.000000 -1.000000
    outer loop
      vertex -4.140000 13.200000 22.330000
      vertex -3.480000 8.000000 22.330000
      vertex -4.140000 8.000000 22.330000
    endloop
  endfacet
  facet normal 0.000000 0.000000 1.000000
    outer loop
      vertex -3.480000 8.000000 21.670000
      vertex -3.480000 13.200000 21.670000
      vertex -4.140000 13.200000 21.670000
    endloop
  endfacet
  facet normal 0.000000 0.000000 1.000000
    outer loop
      vertex -3.480000 8.000000 21.670000
      vertex -4.140000 13.200000 21.670000
      vertex -4.140000 8.000000 21.670000
    endloop
  endfacet
  facet normal -1.000000 0.000000 0.000000
    outer loop
      vertex -3.480000 8.000000 22.330000
      vertex -3.480000 13.200000 22.330000
      vertex -3.480000 13.200000 21.670000
    endloop
  endfacet
  facet normal -1.000000 0.000000 0.000000
    outer loop
      vertex -3.480000 8.000000 22.330000
      vertex -3.480000 13.200000 21.670000
      vertex -3.480000 8.000000 21.670000
    endloop
  endfacet
  facet normal 1.000000 0.000000 0.000000
    outer loop
      vertex -4.140000 8.000000 21.670000
      vertex -4.140000 13.200000 21.670000
      vertex -4.140000 13.200000 22.330000
    endloop
  endfacet
  facet normal 1.000000 0.000000 0.000000
    outer loop
      vertex -4.140000 8.000000 21.670000
      vertex -4.140000 13.200000 22.330000
      vertex -4.140000 8.000000 22.330000
    endloop
  endfacet
  facet normal 0.000000 -1.000000 0.000000
    outer loop
      vertex -2.370000 9.225000 20.900000
      vertex -0.170000 9.225000 20.900000
      vertex -0.170000 9.225000 23.100000
    endloop
  endfacet
  facet normal 0.000000 -1.000000 0.000000
    outer loop
      vertex -2.370000 9.225000 20.900000
      vertex -0.170000 9.225000 23.100000
      vertex -2.370000 9.225000 23.100000
    endloop
  endfacet
  facet normal 0.000000 1.000000 0.000000
    outer loop
      vertex -2.370000 7.675000 23.100000
      vertex -0.170000 7.675000 23.100000
      vertex -0.170000 7.675000 20.900000
    endloop
  endfacet
  facet normal 0.000000 1.000000 0.000000
    outer loop
      vertex -2.370000 7.675000 23.100000
      vertex -0.170000 7.675000 20.900000
      vertex -2.370000 7.675000 20.900000
    endloop
  endfacet
  facet normal 0.000000 0.000000 -1.000000
    outer loop
      vertex -2.370000 9.225000 23.100000
      vertex -0.170000 9.225000 23.100000
      vertex -0.170000 7.675000 23.100000
    endloop
  endfacet
  facet normal 0.000000 0.000000 -1.000000
    outer loop
      vertex -2.370000 9.225000 23.100000
      vertex -0.170000 7.675000 23.100000
      vertex -2.370000 7.675000 23.100000
    endloop
  endfacet
  facet normal 0.000000 0.000000 1.000000
    outer loop
      vertex -0.170000 7.675000 20.900000
      vertex -0.170000 9.225000 20.900000
      vertex -2.370000 9.225000 20.900000
    endloop
  endfacet
  facet normal 0.000000 0.000000 1.000000
    outer loop
      vertex -0.170000 7.675000 20.900000
      vertex -2.370000 9.225000 20.900000
      vertex -2.370000 7.675000 20.900000
    endloop
  endfacet
  facet normal -1.000000 0.000000 0.000000
    outer loop
      vertex -0.170000 7.675000 23.100000
      vertex -0.170000 9.225000 23.100000
      vertex -0.170000 9.225000 20.900000
    endloop
  endfacet
  facet normal -1.000000 0.000000 0.000000
    outer loop
      vertex -0.170000 7.675000 23.100000
      vertex -0.170000 9.225000 20.900000
      vertex -0.170000 7.675000 20.900000
    endloop
  endfacet
  facet normal 1.000000 0.000000 0.000000
    outer loop
      vertex -2.370000 7.675000 20.900000
      vertex -2.370000 9.225000 20.900000
      vertex -2.370000 9.225000 23.100000
    endloop
  endfacet
  facet normal 1.000000 0.000000 0.000000
    outer loop
      vertex -2.370000 7.675000 20.900000
      vertex -2.370000 9.225000 23.100000
      vertex -2.370000 7.675000 23.100000
    endloop
  endfacet
  facet normal 0.000000 -1.000000 0.000000
    outer loop
      vertex -1.600000 13.200000 21.670000
      vertex -0.940000 13.200000 21.670000
      vertex -0.940000 13.200000 22.330000
    endloop
  endfacet
  facet normal 0.000000 -1.000000 0.000000
    outer loop
      vertex -1.600000 13.200000 21.670000
      vertex -0.940000 13.200000 22.330000
      vertex -1.600000 13.200000 22.330000
    endloop
  endfacet
  facet normal 0.000000 1.000000 0.000000
    outer loop
      vertex -1.600000 8.000000 22.330000
      vertex -0.940000 8.000000 22.330000
      vertex -0.940000 8.000000 21.670000
    endloop
  endfacet
  facet normal 0.000000 1.000000 0.000000
    outer loop
      vertex -1.600000 8.000000 22.330000
      vertex -0.940000 8.000000 21.670000
      vertex -1.600000 8.000000 21.670000
    endloop
  endfacet
  facet normal 0.000000 0.000000 -1.000000
    outer loop
      vertex -1.600000 13.200000 22.330000
      vertex -0.940000 13.200000 22.330000
      vertex -0.940000 8.000000 22.330000
    endloop
  endfacet
  facet normal 0.000000 0.000000 -1.000000
    outer loop
      vertex -1.600000 13.200000 22.330000
      vertex -0.940000 8.000000 22.330000
      vertex -1.600000 8.000000 22.330000
    endloop
  endfacet
  facet normal 0.000000 0.000000 1.000000
    outer loop
      vertex -0.940000 8.000000 21.670000
      vertex -0.940000 13.200000 21.670000
      vertex -1.600000 13.200000 21.670000
    endloop
  endfacet
  facet normal 0.000000 0.000000 1.000000
    outer loop
      vertex -0.940000 8.000000 21.670000
      vertex -1.600000 13.200000 21.670000
      vertex -1.600000 8.000000 21.670000
    endloop
  endfacet
  facet normal -1.000000 0.000000 0.000000
    outer loop
      vertex -0.940000 8.000000 22.330000
      vertex -0.940000 13.200000 22.330000
      vertex -0.940000 13.200000 21.670000
    endloop
  endfacet
  facet normal -1.000000 0.000000 0.000000
    outer loop
      vertex -0.940000 8.000000 22.330000
      vertex -0.940000 13.200000 21.670000
      vertex -0.940000 8.000000 21.670000
    endloop
  endfacet
  facet normal 1.000000 0.000000 0.000000
    outer loop
      vertex -1.600000 8.000000 21.670000
      vertex -1.600000 13.200000 21.670000
      vertex -1.600000 13.200000 22.330000
    endloop
  endfacet
  facet normal 1.000000 0.000000 0.000000
    outer loop
      vertex -1.600000 8.000000 21.670000
      vertex -1.600000 13.200000 22.330000
      vertex -1.600000 8.000000 22.330000
    endloop
  endfacet
  facet normal 0.000000 -1.000000 0.000000
    outer loop
      vertex 0.170000 9.225000 20.900000
      vertex 2.370000 9.225000 20.900000
      vertex 2.370000 9.225000 23.100000
    endloop
  endfacet
  facet normal 0.000000 -1.000000 0.000000
    outer loop
      vertex 0.170000 9.225000 20.900000
      vertex 2.370000 9.225000 23.100000
      vertex 0.170000 9.225000 23.100000
    endloop
  endfacet
  facet normal 0.000000 1.000000 0.000000
    outer loop
      vertex 0.170000 7.675000 23.100000
      vertex 2.370000 7.675000 23.100000
      vertex 2.370000 7.675000 20.900000
    endloop
  endfacet
  facet normal 0.000000 1.000000 0.000000
    outer loop
      vertex 0.170000 7.675000 23.100000
      vertex 2.370000 7.675000 20.900000
      vertex 0.170000 7.675000 20.900000
    endloop
  endfacet
  facet normal 0.000000 0.000000 -1.000000
    outer loop
      vertex 0.170000 9.225000 23.100000
      vertex 2.370000 9.225000 23.100000
      vertex 2.370000 7.675000 23.100000
    endloop
  endfacet
  facet normal 0.000000 0.000000 -1.000000
    outer loop
      vertex 0.170000 9.225000 23.100000
      vertex 2.370000 7.675000 23.100000
      vertex 0.170000 7.675000 23.100000
    endloop
  endfacet
  facet normal 0.000000 0.000000 1.000000
    outer loop
      vertex 2.370000 7.675000 20.900000
      vertex 2.370000 9.225000 20.900000
      vertex 0.170000 9.225000 20.900000
    endloop
  endfacet
  facet normal 0.000000 0.000000 1.000000
    outer loop
      vertex 2.370000 7.675000 20.900000
      vertex 0.170000 9.225000 20.900000
      vertex 0.170000 7.675000 20.900000
    endloop
  endfacet
  facet normal -1.000000 0.000000 0.000000
    outer loop
      vertex 2.370000 7.675000 23.100000
      vertex 2.370000 9.225000 23.100000
      vertex 2.370000 9.225000 20.900000
    endloop
  endfacet
  facet normal -1.000000 0.000000 0.000000
    outer loop
      vertex 2.370000 7.675000 23.100000
      vertex 2.370000 9.225000 20.900000
      vertex 2.370000 7.675000 20.900000
    endloop
  endfacet
  facet normal 1.000000 0.000000 0.000000
    outer loop
      vertex 0.170000 7.675000 20.900000
      vertex 0.170000 9.225000 20.900000
      vertex 0.170000 9.225000 23.100000
    endloop
  endfacet
  facet normal 1.000000 0.000000 0.000000
    outer loop
      vertex 0.170000 7.675000 20.900000
      vertex 0.170000 9.225000 23.100000
      vertex 0.170000 7.675000 23.100000
    endloop
  endfacet
  facet normal 0.000000 -1.000000 0.000000
    outer loop
      vertex 0.940000 13.200000 21.670000
      vertex 1.600000 13.200000 21.670000
      vertex 1.600000 13.200000 22.330000
    endloop
  endfacet
  facet normal 0.000000 -1.000000 0.000000
    outer loop
      vertex 0.940000 13.200000 21.670000
      vertex 1.600000 13.200000 22.330000
      vertex 0.940000 13.200000 22.330000
    endloop
  endfacet
  facet normal 0.000000 1.000000 0.000000
    outer loop
      vertex 0.940000 8.000000 22.330000
      vertex 1.600000 8.000000 22.330000
      vertex 1.600000 8.000000 21.670000
    endloop
  endfacet
  facet normal 0.000000 1.000000 0.000000
    outer loop
      vertex 0.940000 8.000000 22.330000
      vertex 1.600000 8.000000 21.670000
      vertex 0.940000 8.000000 21.670000
    endloop
  endfacet
  facet normal 0.000000 0.000000 -1.000000
    outer loop
      vertex 0.940000 13.200000 22.330000
      vertex 1.600000 13.200000 22.330000
      vertex 1.600000 8.000000 22.330000
    endloop
  endfacet
  facet normal 0.000000 0.000000 -1.000000
    outer loop
      vertex 0.940000 13.200000 22.330000
      vertex 1.600000 8.000000 22.330000
      vertex 0.940000 8.000000 22.330000
    endloop
  endfacet
  facet normal 0.000000 0.000000 1.000000
    outer loop
      vertex 1.600000 8.000000 21.670000
      vertex 1.600000 13.200000 21.670000
      vertex 0.940000 13.200000 21.670000
    endloop
  endfacet
  facet normal 0.000000 0.000000 1.000000
    outer loop
      vertex 1.600000 8.000000 21.670000
      vertex 0.940000 13.200000 21.670000
      vertex 0.940000 8.000000 21.670000
    endloop
  endfacet
  facet normal -1.000000 0.000000 0.000000
    outer loop
      vertex 1.600000 8.000000 22.330000
      vertex 1.600000 13.200000 22.330000
      vertex 1.600000 13.200000 21.670000
    endloop
  endfacet
  facet normal -1.000000 0.000000 0.000000
    outer loop
      vertex 1.600000 8.000000 22.330000
      vertex 1.600000 13.200000 21.670000
      vertex 1.600000 8.000000 21.670000
    endloop
  endfacet
  facet normal 1.000000 0.000000 0.000000
    outer loop
      vertex 0.940000 8.000000 21.670000
      vertex 0.940000 13.200000 21.670000
      vertex 0.940000 13.200000 22.330000
    endloop
  endfacet
  facet normal 1.000000 0.000000 0.000000
    outer loop
      vertex 0.940000 8.000000 21.670000
      vertex 0.940000 13.200000 22.330000
      vertex 0.940000 8.000000 22.330000
    endloop
  endfacet
  facet normal 0.000000 -1.000000 0.000000
    outer loop
      vertex 2.710000 9.225000 20.900000
      vertex 4.910000 9.225000 20.900000
      vertex 4.910000 9.225000 23.100000
    endloop
  endfacet
  facet normal 0.000000 -1.000000 0.000000
    outer loop
      vertex 2.710000 9.225000 20.900000
      vertex 4.910000 9.225000 23.100000
      vertex 2.710000 9.225000 23.100000
    endloop
  endfacet
  facet normal 0.000000 1.000000 0.000000
    outer loop
      vertex 2.710000 7.675000 23.100000
      vertex 4.910000 7.675000 23.100000
      vertex 4.910000 7.675000 20.900000
    endloop
  endfacet
  facet normal 0.000000 1.000000 0.000000
    outer loop
      vertex 2.710000 7.675000 23.100000
      vertex 4.910000 7.675000 20.900000
      vertex 2.710000 7.675000 20.900000
    endloop
  endfacet
  facet normal 0.000000 0.000000 -1.000000
    outer loop
      vertex 2.710000 9.225000 23.100000
      vertex 4.910000 9.225000 23.100000
      vertex 4.910000 7.675000 23.100000
    endloop
  endfacet
  facet normal 0.000000 0.000000 -1.000000
    outer loop
      vertex 2.710000 9.225000 23.100000
      vertex 4.910000 7.675000 23.100000
      vertex 2.710000 7.675000 23.100000
    endloop
  endfacet
  facet normal 0.000000 0.000000 1.000000
    outer loop
      vertex 4.910000 7.675000 20.900000
      vertex 4.910000 9.225000 20.900000
      vertex 2.710000 9.225000 20.900000
    endloop
  endfacet
  facet normal 0.000000 0.000000 1.000000
    outer loop
      vertex 4.910000 7.675000 20.900000
      vertex 2.710000 9.225000 20.900000
      vertex 2.710000 7.675000 20.900000
    endloop
  endfacet
  facet normal -1.000000 0.000000 0.000000
    outer loop
      vertex 4.910000 7.675000 23.100000
      vertex 4.910000 9.225000 23.100000
      vertex 4.910000 9.225000 20.900000
    endloop
  endfacet
  facet normal -1.000000 0.000000 0.000000
    outer loop
      vertex 4.910000 7.675000 23.100000
      vertex 4.910000 9.225000 20.900000
      vertex 4.910000 7.675000 20.900000
    endloop
  endfacet
  facet normal 1.000000 0.000000 0.000000
    outer loop
      vertex 2.710000 7.675000 20.900000
      vertex 2.710000 9.225000 20.900000
      vertex 2.710000 9.225000 23.100000
    endloop
  endfacet
  facet normal 1.000000 0.000000 0.000000
    outer loop
      vertex 2.710000 7.675000 20.900000
      vertex 2.710000 9.225000 23.100000
      vertex 2.710000 7.675000 23.100000
    endloop
  endfacet
  facet normal 0.000000 -1.000000 0.000000
    outer loop
      vertex 3.480000 13.200000 21.670000
      vertex 4.140000 13.200000 21.670000
      vertex 4.140000 13.200000 22.330000
    endloop
  endfacet
  facet normal 0.000000 -1.000000 0.000000
    outer loop
      vertex 3.480000 13.200000 21.670000
      vertex 4.140000 13.200000 22.330000
      vertex 3.480000 13.200000 22.330000
    endloop
  endfacet
  facet normal 0.000000 1.000000 0.000000
    outer loop
      vertex 3.480000 8.000000 22.330000
      vertex 4.140000 8.000000 22.330000
      vertex 4.140000 8.000000 21.670000
    endloop
  endfacet
  facet normal 0.000000 1.000000 0.000000
    outer loop
      vertex 3.480000 8.000000 22.330000
      vertex 4.140000 8.000000 21.670000
      vertex 3.480000 8.000000 21.670000
    endloop
  endfacet
  facet normal 0.000000 0.000000 -1.000000
    outer loop
      vertex 3.480000 13.200000 22.330000
      vertex 4.140000 13.200000 22.330000
      vertex 4.140000 8.000000 22.330000
    endloop
  endfacet
  facet normal 0.000000 0.000000 -1.000000
    outer loop
      vertex 3.480000 13.200000 22.330000
      vertex 4.140000 8.000000 22.330000
      vertex 3.480000 8.000000 22.330000
    endloop
  endfacet
  facet normal 0.000000 0.000000 1.000000
    outer loop
      vertex 4.140000 8.000000 21.670000
      vertex 4.140000 13.200000 21.670000
      vertex 3.480000 13.200000 21.670000
    endloop
  endfacet
  facet normal 0.000000 0.000000 1.000000
    outer loop
      vertex 4.140000 8.000000 21.670000
      vertex 3.480000 13.200000 21.670000
      vertex 3.480000 8.000000 21.670000
    endloop
  endfacet
  facet normal -1.000000 0.000000 0.000000
    outer loop
      vertex 4.140000 8.000000 22.330000
      vertex 4.140000 13.200000 22.330000
      vertex 4.140000 13.200000 21.670000
    endloop
  endfacet
  facet normal -1.000000 0.000000 0.000000
    outer loop
      vertex 4.140000 8.000000 22.330000
      vertex 4.140000 13.200000 21.670000
      vertex 4.140000 8.000000 21.670000
    endloop
  endfacet
  facet normal 1.000000 0.000000 0.000000
    outer loop
      vertex 3.480000 8.000000 21.670000
      vertex 3.480000 13.200000 21.670000
      vertex 3.480000 13.200000 22.330000
    endloop
  endfacet
  facet normal 1.000000 0.000000 0.000000
    outer loop
      vertex 3.480000 8.000000 21.670000
      vertex 3.480000 13.200000 22.330000
      vertex 3.480000 8.000000 22.330000
    endloop
  endfacet
  facet normal 0.000000 -1.000000 0.000000
    outer loop
      vertex 5.250000 9.225000 20.900000
      vertex 7.450000 9.225000 20.900000
      vertex 7.450000 9.225000 23.100000
    endloop
  endfacet
  facet normal 0.000000 -1.000000 0.000000
    outer loop
      vertex 5.250000 9.225000 20.900000
      vertex 7.450000 9.225000 23.100000
      vertex 5.250000 9.225000 23.100000
    endloop
  endfacet
  facet normal 0.000000 1.000000 0.000000
    outer loop
      vertex 5.250000 7.675000 23.100000
      vertex 7.450000 7.675000 23.100000
      vertex 7.450000 7.675000 20.900000
    endloop
  endfacet
  facet normal 0.000000 1.000000 0.000000
    outer loop
      vertex 5.250000 7.675000 23.100000
      vertex 7.450000 7.675000 20.900000
      vertex 5.250000 7.675000 20.900000
    endloop
  endfacet
  facet normal 0.000000 0.000000 -1.000000
    outer loop
      vertex 5.250000 9.225000 23.100000
      vertex 7.450000 9.225000 23.100000
      vertex 7.450000 7.675000 23.100000
    endloop
  endfacet
  facet normal 0.000000 0.000000 -1.000000
    outer loop
      vertex 5.250000 9.225000 23.100000
      vertex 7.450000 7.675000 23.100000
      vertex 5.250000 7.675000 23.100000
    endloop
  endfacet
  facet normal 0.000000 0.000000 1.000000
    outer loop
      vertex 7.450000 7.675000 20.900000
      vertex 7.450000 9.225000 20.900000
      vertex 5.250000 9.225000 20.900000
    endloop
  endfacet
  facet normal 0.000000 0.000000 1.000000
    outer loop
      vertex 7.450000 7.675000 20.900000
      vertex 5.250000 9.225000 20.900000
      vertex 5.250000 7.675000 20.900000
    endloop
  endfacet
  facet normal -1.000000 0.000000 0.000000
    outer loop
      vertex 7.450000 7.675000 23.100000
      vertex 7.450000 9.225000 23.100000
      vertex 7.450000 9.225000 20.900000
    endloop
  endfacet
  facet normal -1.000000 0.000000 0.000000
    outer loop
      vertex 7.450000 7.675000 23.100000
      vertex 7.450000 9.225000 20.900000
      vertex 7.450000 7.675000 20.900000
    endloop
  endfacet
  facet normal 1.000000 0.000000 0.000000
    outer loop
      vertex 5.250000 7.675000 20.900000
      vertex 5.250000 9.225000 20.900000
      vertex 5.250000 9.225000 23.100000
    endloop
  endfacet
  facet normal 1.000000 0.000000 0.000000
    outer loop
      vertex 5.250000 7.675000 20.900000
      vertex 5.250000 9.225000 23.100000
      vertex 5.250000 7.675000 23.100000
    endloop
  endfacet
  facet normal 0.000000 -1.000000 0.000000
    outer loop
      vertex 6.020000 13.200000 21.670000
      vertex 6.680000 13.200000 21.670000
      vertex 6.680000 13.200000 22.330000
    endloop
  endfacet
  facet normal 0.000000 -1.000000 0.000000
    outer loop
      vertex 6.020000 13.200000 21.670000
      vertex 6.680000 13.200000 22.330000
      vertex 6.020000 13.200000 22.330000
    endloop
  endfacet
  facet normal 0.000000 1.000000 0.000000
    outer loop
      vertex 6.020000 8.000000 22.330000
      vertex 6.680000 8.000000 22.330000
      vertex 6.680000 8.000000 21.670000
    endloop
  endfacet
  facet normal 0.000000 1.000000 0.000000
    outer loop
      vertex 6.020000 8.000000 22.330000
      vertex 6.680000 8.000000 21.670000
      vertex 6.020000 8.000000 21.670000
    endloop
  endfacet
  facet normal 0.000000 0.000000 -1.000000
    outer loop
      vertex 6.020000 13.200000 22.330000
      vertex 6.680000 13.200000 22.330000
      vertex 6.680000 8.000000 22.330000
    endloop
  endfacet
  facet normal 0.000000 0.000000 -1.000000
    outer loop
      vertex 6.020000 13.200000 22.330000
      vertex 6.680000 8.000000 22.330000
      vertex 6.020000 8.000000 22.330000
    endloop
  endfacet
  facet normal 0.000000 0.000000 1.000000
    outer loop
      vertex 6.680000 8.000000 21.670000
      vertex 6.680000 13.200000 21.670000
      vertex 6.020000 13.200000 21.670000
    endloop
  endfacet
  facet normal 0.000000 0.000000 1.000000
    outer loop
      vertex 6.680000 8.000000 21.670000
      vertex 6.020000 13.200000 21.670000
      vertex 6.020000 8.000000 21.670000
    endloop
  endfacet
  facet normal -1.000000 0.000000 0.000000
    outer loop
      vertex 6.680000 8.000000 22.330000
      vertex 6.680000 13.200000 22.330000
      vertex 6.680000 13.200000 21.670000
    endloop
  endfacet
  facet normal -1.000000 0.000000 0.000000
    outer loop
      vertex 6.680000 8.000000 22.330000
      vertex 6.680000 13.200000 21.670000
      vertex 6.680000 8.000000 21.670000
    endloop
  endfacet
  facet normal 1.000000 0.000000 0.000000
    outer loop
      vertex 6.020000 8.000000 21.670000
      vertex 6.020000 13.200000 21.670000
      vertex 6.020000 13.200000 22.330000
    endloop
  endfacet
  facet normal 1.000000 0.000000 0.000000
    outer loop
      vertex 6.020000 8.000000 21.670000
      vertex 6.020000 13.200000 22.330000
      vertex 6.020000 8.000000 22.330000
    endloop
  endfacet
  facet normal 0.000000 -1.000000 0.000000
    outer loop
      vertex 7.790000 9.225000 20.900000
      vertex 9.990000 9.225000 20.900000
      vertex 9.990000 9.225000 23.100000
    endloop
  endfacet
  facet normal 0.000000 -1.000000 0.000000
    outer loop
      vertex 7.790000 9.225000 20.900000
      vertex 9.990000 9.225000 23.100000
      vertex 7.790000 9.225000 23.100000
    endloop
  endfacet
  facet normal 0.000000 1.000000 0.000000
    outer loop
      vertex 7.790000 7.675000 23.100000
      vertex 9.990000 7.675000 23.100000
      vertex 9.990000 7.675000 20.900000
    endloop
  endfacet
  facet normal 0.000000 1.000000 0.000000
    outer loop
      vertex 7.790000 7.675000 23.100000
      vertex 9.990000 7.675000 20.900000
      vertex 7.790000 7.675000 20.900000
    endloop
  endfacet
  facet normal 0.000000 0.000000 -1.000000
    outer loop
      vertex 7.790000 9.225000 23.100000
      vertex 9.990000 9.225000 23.100000
      vertex 9.990000 7.675000 23.100000
    endloop
  endfacet
  facet normal 0.000000 0.000000 -1.000000
    outer loop
      vertex 7.790000 9.225000 23.100000
      vertex 9.990000 7.675000 23.100000
      vertex 7.790000 7.675000 23.100000
    endloop
  endfacet
  facet normal 0.000000 0.000000 1.000000
    outer loop
      vertex 9.990000 7.675000 20.900000
      vertex 9.990000 9.225000 20.900000
      vertex 7.790000 9.225000 20.900000
    endloop
  endfacet
  facet normal 0.000000 0.000000 1.000000
    outer loop
      vertex 9.990000 7.675000 20.900000
      vertex 7.790000 9.225000 20.900000
      vertex 7.790000 7.675000 20.900000
    endloop
  endfacet
  facet normal -1.000000 0.000000 0.000000
    outer loop
      vertex 9.990000 7.675000 23.100000
      vertex 9.990000 9.225000 23.100000
      vertex 9.990000 9.225000 20.900000
    endloop
  endfacet
  facet normal -1.000000 0.000000 0.000000
    outer loop
      vertex 9.990000 7.675000 23.100000
      vertex 9.990000 9.225000 20.900000
      vertex 9.990000 7.675000 20.900000
    endloop
  endfacet
  facet normal 1.000000 0.000000 0.000000
    outer loop
      vertex 7.790000 7.675000 20.900000
      vertex 7.790000 9.225000 20.900000
      vertex 7.790000 9.225000 23.100000
    endloop
  endfacet
  facet normal 1.000000 0.000000 0.000000
    outer loop
      vertex 7.790000 7.675000 20.900000
      vertex 7.790000 9.225000 23.100000
      vertex 7.790000 7.675000 23.100000
    endloop
  endfacet
  facet normal 0.000000 -1.000000 0.000000
    outer loop
      vertex 8.560000 13.200000 21.670000
      vertex 9.220000 13.200000 21.670000
      vertex 9.220000 13.200000 22.330000
    endloop
  endfacet
  facet normal 0.000000 -1.000000 0.000000
    outer loop
      vertex 8.560000 13.200000 21.670000
      vertex 9.220000 13.200000 22.330000
      vertex 8.560000 13.200000 22.330000
    endloop
  endfacet
  facet normal 0.000000 1.000000 0.000000
    outer loop
      vertex 8.560000 8.000000 22.330000
      vertex 9.220000 8.000000 22.330000
      vertex 9.220000 8.000000 21.670000
    endloop
  endfacet
  facet normal 0.000000 1.000000 0.000000
    outer loop
      vertex 8.560000 8.000000 22.330000
      vertex 9.220000 8.000000 21.670000
      vertex 8.560000 8.000000 21.670000
    endloop
  endfacet
  facet normal 0.000000 0.000000 -1.000000
    outer loop
      vertex 8.560000 13.200000 22.330000
      vertex 9.220000 13.200000 22.330000
      vertex 9.220000 8.000000 22.330000
    endloop
  endfacet
  facet normal 0.000000 0.000000 -1.000000
    outer loop
      vertex 8.560000 13.200000 22.330000
      vertex 9.220000 8.000000 22.330000
      vertex 8.560000 8.000000 22.330000
    endloop
  endfacet
  facet normal 0.000000 0.000000 1.000000
    outer loop
      vertex 9.220000 8.000000 21.670000
      vertex 9.220000 13.200000 21.670000
      vertex 8.560000 13.200000 21.670000
    endloop
  endfacet
  facet normal 0.000000 0.000000 1.000000
    outer loop
      vertex 9.220000 8.000000 21.670000
      vertex 8.560000 13.200000 21.670000
      vertex 8.560000 8.000000 21.670000
    endloop
  endfacet
  facet normal -1.000000 0.000000 0.000000
    outer loop
      vertex 9.220000 8.000000 22.330000
      vertex 9.220000 13.200000 22.330000
      vertex 9.220000 13.200000 21.670000
    endloop
  endfacet
  facet normal -1.000000 0.000000 0.000000
    outer loop
      vertex 9.220000 8.000000 22.330000
      vertex 9.220000 13.200000 21.670000
      vertex 9.220000 8.000000 21.670000
    endloop
  endfacet
  facet normal 1.000000 0.000000 0.000000
    outer loop
      vertex 8.560000 8.000000 21.670000
      vertex 8.560000 13.200000 21.670000
      vertex 8.560000 13.200000 22.330000
    endloop
  endfacet
  facet normal 1.000000 0.000000 0.000000
    outer loop
      vertex 8.560000 8.000000 21.670000
      vertex 8.560000 13.200000 22.330000
      vertex 8.560000 8.000000 22.330000
    endloop
  endfacet
  facet normal 0.000000 -1.000000 0.000000
    outer loop
      vertex -19.100000 10.225000 -21.100000
      vertex -16.900000 10.225000 -21.100000
      vertex -16.900000 10.225000 -18.900000
    endloop
  endfacet
  facet normal 0.000000 -1.000000 0.000000
    outer loop
      vertex -19.100000 10.225000 -21.100000
      vertex -16.900000 10.225000 -18.900000
      vertex -19.100000 10.225000 -18.900000
    endloop
  endfacet
  facet normal 0.000000 1.000000 0.000000
    outer loop
      vertex -19.100000 8.675000 -18.900000
      vertex -16.900000 8.675000 -18.900000
      vertex -16.900000 8.675000 -21.100000
    endloop
  endfacet
  facet normal 0.000000 1.000000 0.000000
    outer loop
      vertex -19.100000 8.675000 -18.900000
      vertex -16.900000 8.675000 -21.100000
      vertex -19.100000 8.675000 -21.100000
    endloop
  endfacet
  facet normal 0.000000 0.000000 -1.000000
    outer loop
      vertex -19.100000 10.225000 -18.900000
      vertex -16.900000 10.225000 -18.900000
      vertex -16.900000 8.675000 -18.900000
    endloop
  endfacet
  facet normal 0.000000 0.000000 -1.000000
    outer loop
      vertex -19.100000 10.225000 -18.900000
      vertex -16.900000 8.675000 -18.900000
      vertex -19.100000 8.675000 -18.900000
    endloop
  endfacet
  facet normal 0.000000 0.000000 1.000000
    outer loop
      vertex -16.900000 8.675000 -21.100000
      vertex -16.900000 10.225000 -21.100000
      vertex -19.100000 10.225000 -21.100000
    endloop
  endfacet
  facet normal 0.000000 0.000000 1.000000
    outer loop
      vertex -16.900000 8.675000 -21.100000
      vertex -19.100000 10.225000 -21.100000
      vertex -19.100000 8.675000 -21.100000
    endloop
  endfacet
  facet normal -1.000000 0.000000 0.000000
    outer loop
      vertex -16.900000 8.675000 -18.900000
      vertex -16.900000 10.225000 -18.900000
      vertex -16.900000 10.225000 -21.100000
    endloop
  endfacet
  facet normal -1.000000 0.000000 0.000000
    outer loop
      vertex -16.900000 8.675000 -18.900000
      vertex -16.900000 10.225000 -21.100000
      vertex -16.900000 8.675000 -21.100000
    endloop
  endfacet
  facet normal 1.000000 0.000000 0.000000
    outer loop
      vertex -19.100000 8.675000 -21.100000
      vertex -19.100000 10.225000 -21.100000
      vertex -19.100000 10.225000 -18.900000
    endloop
  endfacet
  facet normal 1.000000 0.000000 0.000000
    outer loop
      vertex -19.100000 8.675000 -21.100000
      vertex -19.100000 10.225000 -18.900000
      vertex -19.100000 8.675000 -18.900000
    endloop
  endfacet
  facet normal 0.000000 -1.000000 0.000000
    outer loop
      vertex -18.330000 14.200000 -20.330000
      vertex -17.670000 14.200000 -20.330000
      vertex -17.670000 14.200000 -19.670000
    endloop
  endfacet
  facet normal 0.000000 -1.000000 0.000000
    outer loop
      vertex -18.330000 14.200000 -20.330000
      vertex -17.670000 14.200000 -19.670000
      vertex -18.330000 14.200000 -19.670000
    endloop
  endfacet
  facet normal 0.000000 1.000000 0.000000
    outer loop
      vertex -18.330000 9.000000 -19.670000
      vertex -17.670000 9.000000 -19.670000
      vertex -17.670000 9.000000 -20.330000
    endloop
  endfacet
  facet normal 0.000000 1.000000 0.000000
    outer loop
      vertex -18.330000 9.000000 -19.670000
      vertex -17.670000 9.000000 -20.330000
      vertex -18.330000 9.000000 -20.330000
    endloop
  endfacet
  facet normal 0.000000 0.000000 -1.000000
    outer loop
      vertex -18.330000 14.200000 -19.670000
      vertex -17.670000 14.200000 -19.670000
      vertex -17.670000 9.000000 -19.670000
    endloop
  endfacet
  facet normal 0.000000 0.000000 -1.000000
    outer loop
      vertex -18.330000 14.200000 -19.670000
      vertex -17.670000 9.000000 -19.670000
      vertex -18.330000 9.000000 -19.670000
    endloop
  endfacet
  facet normal 0.000000 0.000000 1.000000
    outer loop
      vertex -17.670000 9.000000 -20.330000
      vertex -17.670000 14.200000 -20.330000
      vertex -18.330000 14.200000 -20.330000
    endloop
  endfacet
  facet normal 0.000000 0.000000 1.000000
    outer loop
      vertex -17.670000 9.000000 -20.330000
      vertex -18.330000 14.200000 -20.330000
      vertex -18.330000 9.000000 -20.330000
    endloop
  endfacet
  facet normal -1.000000 0.000000 0.000000
    outer loop
      vertex -17.670000 9.000000 -19.670000
      vertex -17.670000 14.200000 -19.670000
      vertex -17.670000 14.200000 -20.330000
    endloop
  endfacet
  facet normal -1.000000 0.000000 0.000000
    outer loop
      vertex -17.670000 9.000000 -19.670000
      vertex -17.670000 14.200000 -20.330000
      vertex -17.670000 9.000000 -20.330000
    endloop
  endfacet
  facet normal 1.000000 0.000000 0.000000
    outer loop
      vertex -18.330000 9.000000 -20.330000
      vertex -18.330000 14.200000 -20.330000
      vertex -18.330000 14.200000 -19.670000
    endloop
  endfacet
  facet normal 1.000000 0.000000 0.000000
    outer loop
      vertex -18.330000 9.000000 -20.330000
      vertex -18.330000 14.200000 -19.670000
      vertex -18.330000 9.000000 -19.670000
    endloop
  endfacet
  facet normal 0.000000 -1.000000 0.000000
    outer loop
      vertex -7.100000 10.225000 -21.100000
      vertex -4.900000 10.225000 -21.100000
      vertex -4.900000 10.225000 -18.900000
    endloop
  endfacet
  facet normal 0.000000 -1.000000 0.000000
    outer loop
      vertex -7.100000 10.225000 -21.100000
      vertex -4.900000 10.225000 -18.900000
      vertex -7.100000 10.225000 -18.900000
    endloop
  endfacet
  facet normal 0.000000 1.000000 0.000000
    outer loop
      vertex -7.100000 8.675000 -18.900000
      vertex -4.900000 8.675000 -18.900000
      vertex -4.900000 8.675000 -21.100000
    endloop
  endfacet
  facet normal 0.000000 1.000000 0.000000
    outer loop
      vertex -7.100000 8.675000 -18.900000
      vertex -4.900000 8.675000 -21.100000
      vertex -7.100000 8.675000 -21.100000
    endloop
  endfacet
  facet normal 0.000000 0.000000 -1.000000
    outer loop
      vertex -7.100000 10.225000 -18.900000
      vertex -4.900000 10.225000 -18.900000
      vertex -4.900000 8.675000 -18.900000
    endloop
  endfacet
  facet normal 0.000000 0.000000 -1.000000
    outer loop
      vertex -7.100000 10.225000 -18.900000
      vertex -4.900000 8.675000 -18.900000
      vertex -7.100000 8.675000 -18.900000
    endloop
  endfacet
  facet normal 0.000000 0.000000 1.000000
    outer loop
      vertex -4.900000 8.675000 -21.100000
      vertex -4.900000 10.225000 -21.100000
      vertex -7.100000 10.225000 -21.100000
    endloop
  endfacet
  facet normal 0.000000 0.000000 1.000000
    outer loop
      vertex -4.900000 8.675000 -21.100000
      vertex -7.100000 10.225000 -21.100000
      vertex -7.100000 8.675000 -21.100000
    endloop
  endfacet
  facet normal -1.000000 0.000000 0.000000
    outer loop
      vertex -4.900000 8.675000 -18.900000
      vertex -4.900000 10.225000 -18.900000
      vertex -4.900000 10.225000 -21.100000
    endloop
  endfacet
  facet normal -1.000000 0.000000 0.000000
    outer loop
      vertex -4.900000 8.675000 -18.900000
      vertex -4.900000 10.225000 -21.100000
      vertex -4.900000 8.675000 -21.100000
    endloop
  endfacet
  facet normal 1.000000 0.000000 0.000000
    outer loop
      vertex -7.100000 8.675000 -21.100000
      vertex -7.100000 10.225000 -21.100000
      vertex -7.100000 10.225000 -18.900000
    endloop
  endfacet
  facet normal 1.000000 0.000000 0.000000
    outer loop
      vertex -7.100000 8.675000 -21.100000
      vertex -7.100000 10.225000 -18.900000
      vertex -7.100000 8.675000 -18.900000
    endloop
  endfacet
  facet normal 0.000000 -1.000000 0.000000
    outer loop
      vertex -6.330000 14.200000 -20.330000
      vertex -5.670000 14.200000 -20.330000
      vertex -5.670000 14.200000 -19.670000
    endloop
  endfacet
  facet normal 0.000000 -1.000000 0.000000
    outer loop
      vertex -6.330000 14.200000 -20.330000
      vertex -5.670000 14.200000 -19.670000
      vertex -6.330000 14.200000 -19.670000
    endloop
  endfacet
  facet normal 0.000000 1.000000 0.000000
    outer loop
      vertex -6.330000 9.000000 -19.670000
      vertex -5.670000 9.000000 -19.670000
      vertex -5.670000 9.000000 -20.330000
    endloop
  endfacet
  facet normal 0.000000 1.000000 0.000000
    outer loop
      vertex -6.330000 9.000000 -19.670000
      vertex -5.670000 9.000000 -20.330000
      vertex -6.330000 9.000000 -20.330000
    endloop
  endfacet
  facet normal 0.000000 0.000000 -1.000000
    outer loop
      vertex -6.330000 14.200000 -19.670000
      vertex -5.670000 14.200000 -19.670000
      vertex -5.670000 9.000000 -19.670000
    endloop
  endfacet
  facet normal 0.000000 0.000000 -1.000000
    outer loop
      vertex -6.330000 14.200000 -19.670000
      vertex -5.670000 9.000000 -19.670000
      vertex -6.330000 9.000000 -19.670000
    endloop
  endfacet
  facet normal 0.000000 0.000000 1.000000
    outer loop
      vertex -5.670000 9.000000 -20.330000
      vertex -5.670000 14.200000 -20.330000
      vertex -6.330000 14.200000 -20.330000
    endloop
  endfacet
  facet normal 0.000000 0.000000 1.000000
    outer loop
      vertex -5.670000 9.000000 -20.330000
      vertex -6.330000 14.200000 -20.330000
      vertex -6.330000 9.000000 -20.330000
    endloop
  endfacet
  facet normal -1.000000 0.000000 0.000000
    outer loop
      vertex -5.670000 9.000000 -19.670000
      vertex -5.670000 14.200000 -19.670000
      vertex -5.670000 14.200000 -20.330000
    endloop
  endfacet
  facet normal -1.000000 0.000000 0.000000
    outer loop
      vertex -5.670000 9.000000 -19.670000
      vertex -5.670000 14.200000 -20.330000
      vertex -5.670000 9.000000 -20.330000
    endloop
  endfacet
  facet normal 1.000000 0.000000 0.000000
    outer loop
      vertex -6.330000 9.000000 -20.330000
      vertex -6.330000 14.200000 -20.330000
      vertex -6.330000 14.200000 -19.670000
    endloop
  endfacet
  facet normal 1.000000 0.000000 0.000000
    outer loop
      vertex -6.330000 9.000000 -20.330000
      vertex -6.330000 14.200000 -19.670000
      vertex -6.330000 9.000000 -19.670000
    endloop
  endfacet
  facet normal 0.000000 -1.000000 0.000000
    outer loop
      vertex 4.900000 10.225000 -21.100000
      vertex 7.100000 10.225000 -21.100000
      vertex 7.100000 10.225000 -18.900000
    endloop
  endfacet
  facet normal 0.000000 -1.000000 0.000000
    outer loop
      vertex 4.900000 10.225000 -21.100000
      vertex 7.100000 10.225000 -18.900000
      vertex 4.900000 10.225000 -18.900000
    endloop
  endfacet
  facet normal 0.000000 1.000000 0.000000
    outer loop
      vertex 4.900000 8.675000 -18.900000
      vertex 7.100000 8.675000 -18.900000
      vertex 7.100000 8.675000 -21.100000
    endloop
  endfacet
  facet normal 0.000000 1.000000 0.000000
    outer loop
      vertex 4.900000 8.675000 -18.900000
      vertex 7.100000 8.675000 -21.100000
      vertex 4.900000 8.675000 -21.100000
    endloop
  endfacet
  facet normal 0.000000 0.000000 -1.000000
    outer loop
      vertex 4.900000 10.225000 -18.900000
      vertex 7.100000 10.225000 -18.900000
      vertex 7.100000 8.675000 -18.900000
    endloop
  endfacet
  facet normal 0.000000 0.000000 -1.000000
    outer loop
      vertex 4.900000 10.225000 -18.900000
      vertex 7.100000 8.675000 -18.900000
      vertex 4.900000 8.675000 -18.900000
    endloop
  endfacet
  facet normal 0.000000 0.000000 1.000000
    outer loop
      vertex 7.100000 8.675000 -21.100000
      vertex 7.100000 10.225000 -21.100000
      vertex 4.900000 10.225000 -21.100000
    endloop
  endfacet
  facet normal 0.000000 0.000000 1.000000
    outer loop
      vertex 7.100000 8.675000 -21.100000
      vertex 4.900000 10.225000 -21.100000
      vertex 4.900000 8.675000 -21.100000
    endloop
  endfacet
  facet normal -1.000000 0.000000 0.000000
    outer loop
      vertex 7.100000 8.675000 -18.900000
      vertex 7.100000 10.225000 -18.900000
      vertex 7.100000 10.225000 -21.100000
    endloop
  endfacet
  facet normal -1.000000 0.000000 0.000000
    outer loop
      vertex 7.100000 8.675000 -18.900000
      vertex 7.100000 10.225000 -21.100000
      vertex 7.100000 8.675000 -21.100000
    endloop
  endfacet
  facet normal 1.000000 0.000000 0.000000
    outer loop
      vertex 4.900000 8.675000 -21.100000
      vertex 4.900000 10.225000 -21.100000
      vertex 4.900000 10.225000 -18.900000
    endloop
  endfacet
  facet normal 1.000000 0.000000 0.000000
    outer loop
      vertex 4.900000 8.675000 -21.100000
      vertex 4.900000 10.225000 -18.900000
      vertex 4.900000 8.675000 -18.900000
    endloop
  endfacet
  facet normal 0.000000 -1.000000 0.000000
    outer loop
      vertex 5.670000 14.200000 -20.330000
      vertex 6.330000 14.200000 -20.330000
      vertex 6.330000 14.200000 -19.670000
    endloop
  endfacet
  facet normal 0.000000 -1.000000 0.000000
    outer loop
      vertex 5.670000 14.200000 -20.330000
      vertex 6.330000 14.200000 -19.670000
      vertex 5.670000 14.200000 -19.670000
    endloop
  endfacet
  facet normal 0.000000 1.000000 0.000000
    outer loop
      vertex 5.670000 9.000000 -19.670000
      vertex 6.330000 9.000000 -19.670000
      vertex 6.330000 9.000000 -20.330000
    endloop
  endfacet
  facet normal 0.000000 1.000000 0.000000
    outer loop
      vertex 5.670000 9.000000 -19.670000
      vertex 6.330000 9.000000 -20.330000
      vertex 5.670000 9.000000 -20.330000
    endloop
  endfacet
  facet normal 0.000000 0.000000 -1.000000
    outer loop
      vertex 5.670000 14.200000 -19.670000
      vertex 6.330000 14.200000 -19.670000
      vertex 6.330000 9.000000 -19.670000
    endloop
  endfacet
  facet normal 0.000000 0.000000 -1.000000
    outer loop
      vertex 5.670000 14.200000 -19.670000
      vertex 6.330000 9.000000 -19.670000
      vertex 5.670000 9.000000 -19.670000
    endloop
  endfacet
  facet normal 0.000000 0.000000 1.000000
    outer loop
      vertex 6.330000 9.000000 -20.330000
      vertex 6.330000 14.200000 -20.330000
      vertex 5.670000 14.200000 -20.330000
    endloop
  endfacet
  facet normal 0.000000 0.000000 1.000000
    outer loop
      vertex 6.330000 9.000000 -20.330000
      vertex 5.670000 14.200000 -20.330000
      vertex 5.670000 9.000000 -20.330000
    endloop
  endfacet
  facet normal -1.000000 0.000000 0.000000
    outer loop
      vertex 6.330000 9.000000 -19.670000
      vertex 6.330000 14.200000 -19.670000
      vertex 6.330000 14.200000 -20.330000
    endloop
  endfacet
  facet normal -1.000000 0.000000 0.000000
    outer loop
      vertex 6.330000 9.000000 -19.670000
      vertex 6.330000 14.200000 -20.330000
      vertex 6.330000 9.000000 -20.330000
    endloop
  endfacet
  facet normal 1.000000 0.000000 0.000000
    outer loop
      vertex 5.670000 9.000000 -20.330000
      vertex 5.670000 14.200000 -20.330000
      vertex 5.670000 14.200000 -19.670000
    endloop
  endfacet
  facet normal 1.000000 0.000000 0.000000
    outer loop
      vertex 5.670000 9.000000 -20.330000
      vertex 5.670000 14.200000 -19.670000
      vertex 5.670000 9.000000 -19.670000
    endloop
  endfacet
  facet normal 0.000000 -1.000000 0.000000
    outer loop
      vertex 16.900000 10.225000 -21.100000
      vertex 19.100000 10.225000 -21.100000
      vertex 19.100000 10.225000 -18.900000
    endloop
  endfacet
  facet normal 0.000000 -1.000000 0.000000
    outer loop
      vertex 16.900000 10.225000 -21.100000
      vertex 19.100000 10.225000 -18.900000
      vertex 16.900000 10.225000 -18.900000
    endloop
  endfacet
  facet normal 0.000000 1.000000 0.000000
    outer loop
      vertex 16.900000 8.675000 -18.900000
      vertex 19.100000 8.675000 -18.900000
      vertex 19.100000 8.675000 -21.100000
    endloop
  endfacet
  facet normal 0.000000 1.000000 0.000000
    outer loop
      vertex 16.900000 8.675000 -18.900000
      vertex 19.100000 8.675000 -21.100000
      vertex 16.900000 8.675000 -21.100000
    endloop
  endfacet
  facet normal 0.000000 0.000000 -1.000000
    outer loop
      vertex 16.900000 10.225000 -18.900000
      vertex 19.100000 10.225000 -18.900000
      vertex 19.100000 8.675000 -18.900000
    endloop
  endfacet
  facet normal 0.000000 0.000000 -1.000000
    outer loop
      vertex 16.900000 10.225000 -18.900000
      vertex 19.100000 8.675000 -18.900000
      vertex 16.900000 8.675000 -18.900000
    endloop
  endfacet
  facet normal 0.000000 0.000000 1.000000
    outer loop
      vertex 19.100000 8.675000 -21.100000
      vertex 19.100000 10.225000 -21.100000
      vertex 16.900000 10.225000 -21.100000
    endloop
  endfacet
  facet normal 0.000000 0.000000 1.000000
    outer loop
      vertex 19.100000 8.675000 -21.100000
      vertex 16.900000 10.225000 -21.100000
      vertex 16.900000 8.675000 -21.100000
    endloop
  endfacet
  facet normal -1.000000 0.000000 0.000000
    outer loop
      vertex 19.100000 8.675000 -18.900000
      vertex 19.100000 10.225000 -18.900000
      vertex 19.100000 10.225000 -21.100000
    endloop
  endfacet
  facet normal -1.000000 0.000000 0.000000
    outer loop
      vertex 19.100000 8.675000 -18.900000
      vertex 19.100000 10.225000 -21.100000
      vertex 19.100000 8.675000 -21.100000
    endloop
  endfacet
  facet normal 1.000000 0.000000 0.000000
    outer loop
      vertex 16.900000 8.675000 -21.100000
      vertex 16.900000 10.225000 -21.100000
      vertex 16.900000 10.225000 -18.900000
    endloop
  endfacet
  facet normal 1.000000 0.000000 0.000000
    outer loop
      vertex 16.900000 8.675000 -21.100000
      vertex 16.900000 10.225000 -18.900000
      vertex 16.900000 8.675000 -18.900000
    endloop
  endfacet
  facet normal 0.000000 -1.000000 0.000000
    outer loop
      vertex 17.670000 14.200000 -20.330000
      vertex 18.330000 14.200000 -20.330000
      vertex 18.330000 14.200000 -19.670000
    endloop
  endfacet
  facet normal 0.000000 -1.000000 0.000000
    outer loop
      vertex 17.670000 14.200000 -20.330000
      vertex 18.330000 14.200000 -19.670000
      vertex 17.670000 14.200000 -19.670000
    endloop
  endfacet
  facet normal 0.000000 1.000000 0.000000
    outer loop
      vertex 17.670000 9.000000 -19.670000
      vertex 18.330000 9.000000 -19.670000
      vertex 18.330000 9.000000 -20.330000
    endloop
  endfacet
  facet normal 0.000000 1.000000 0.000000
    outer loop
      vertex 17.670000 9.000000 -19.670000
      vertex 18.330000 9.000000 -20.330000
      vertex 17.670000 9.000000 -20.330000
    endloop
  endfacet
  facet normal 0.000000 0.000000 -1.000000
    outer loop
      vertex 17.670000 14.200000 -19.670000
      vertex 18.330000 14.200000 -19.670000
      vertex 18.330000 9.000000 -19.670000
    endloop
  endfacet
  facet normal 0.000000 0.000000 -1.000000
    outer loop
      vertex 17.670000 14.200000 -19.670000
      vertex 18.330000 9.000000 -19.670000
      vertex 17.670000 9.000000 -19.670000
    endloop
  endfacet
  facet normal 0.000000 0.000000 1.000000
    outer loop
      vertex 18.330000 9.000000 -20.330000
      vertex 18.330000 14.200000 -20.330000
      vertex 17.670000 14.200000 -20.330000
    endloop
  endfacet
  facet normal 0.000000 0.000000 1.000000
    outer loop
      vertex 18.330000 9.000000 -20.330000
      vertex 17.670000 14.200000 -20.330000
      vertex 17.670000 9.000000 -20.330000
    endloop
  endfacet
  facet normal -1.000000 0.000000 0.000000
    outer loop
      vertex 18.330000 9.000000 -19.670000
      vertex 18.330000 14.200000 -19.670000
      vertex 18.330000 14.200000 -20.330000
    endloop
  endfacet
  facet normal -1.000000 0.000000 0.000000
    outer loop
      vertex 18.330000 9.000000 -19.670000
      vertex 18.330000 14.200000 -20.330000
      vertex 18.330000 9.000000 -20.330000
    endloop
  endfacet
  facet normal 1.000000 0.000000 0.000000
    outer loop
      vertex 17.670000 9.000000 -20.330000
      vertex 17.670000 14.200000 -20.330000
      vertex 17.670000 14.200000 -19.670000
    endloop
  endfacet
  facet normal 1.000000 0.000000 0.000000
    outer loop
      vertex 17.670000 9.000000 -20.330000
      vertex 17.670000 14.200000 -19.670000
      vertex 17.670000 9.000000 -19.670000
    endloop
  endfacet
  facet normal 0.000000 -1.000000 0.000000
    outer loop
      vertex -22.000000 5.500000 -6.000000
      vertex 22.000000 5.500000 -6.000000
      vertex 22.000000 5.500000 14.000000
    endloop
  endfacet
  facet normal 0.000000 -1.000000 0.000000
    outer loop
      vertex -22.000000 5.500000 -6.000000
      vertex 22.000000 5.500000 14.000000
      vertex -22.000000 5.500000 14.000000
    endloop
  endfacet
  facet normal 0.000000 1.000000 0.000000
    outer loop
      vertex -22.000000 0.820000 14.000000
      vertex 22.000000 0.820000 14.000000
      vertex 22.000000 0.820000 -6.000000
    endloop
  endfacet
  facet normal 0.000000 1.000000 0.000000
    outer loop
      vertex -22.000000 0.820000 14.000000
      vertex 22.000000 0.820000 -6.000000
      vertex -22.000000 0.820000 -6.000000
    endloop
  endfacet
  facet normal 0.000000 0.000000 -1.000000
    outer loop
      vertex -22.000000 5.500000 14.000000
      vertex 22.000000 5.500000 14.000000
      vertex 22.000000 0.820000 14.000000
    endloop
  endfacet
  facet normal 0.000000 0.000000 -1.000000
    outer loop
      vertex -22.000000 5.500000 14.000000
      vertex 22.000000 0.820000 14.000000
      vertex -22.000000 0.820000 14.000000
    endloop
  endfacet
  facet normal 0.000000 0.000000 1.000000
    outer loop
      vertex 22.000000 0.820000 -6.000000
      vertex 22.000000 5.500000 -6.000000
      vertex -22.000000 5.500000 -6.000000
    endloop
  endfacet
  facet normal 0.000000 0.000000 1.000000
    outer loop
      vertex 22.000000 0.820000 -6.000000
      vertex -22.000000 5.500000 -6.000000
      vertex -22.000000 0.820000 -6.000000
    endloop
  endfacet
  facet normal -1.000000 0.000000 0.000000
    outer loop
      vertex 22.000000 0.820000 14.000000
      vertex 22.000000 5.500000 14.000000
      vertex 22.000000 5.500000 -6.000000
    endloop
  endfacet
  facet normal -1.000000 0.000000 0.000000
    outer loop
      vertex 22.000000 0.820000 14.000000
      vertex 22.000000 5.500000 -6.000000
      vertex 22.000000 0.820000 -6.000000
    endloop
  endfacet
  facet normal 1.000000 0.000000 0.000000
    outer loop
      vertex -22.000000 0.820000 -6.000000
      vertex -22.000000 5.500000 -6.000000
      vertex -22.000000 5.500000 14.000000
    endloop
  endfacet
  facet normal 1.000000 0.000000 0.000000
    outer loop
      vertex -22.000000 0.820000 -6.000000
      vertex -22.000000 5.500000 14.000000
      vertex -22.000000 0.820000 14.000000
    endloop
  endfacet
  facet normal 0.000000 -1.000000 0.000000
    outer loop
      vertex -18.062000 24.480000 -3.800000
      vertex -17.050000 24.480000 -3.800000
      vertex -17.050000 24.480000 11.800000
    endloop
  endfacet
  facet normal 0.000000 -1.000000 0.000000
    outer loop
      vertex -18.062000 24.480000 -3.800000
      vertex -17.050000 24.480000 11.800000
      vertex -18.062000 24.480000 11.800000
    endloop
  endfacet
  facet normal 0.000000 1.000000 0.000000
    outer loop
      vertex -18.062000 3.680000 11.800000
      vertex -17.050000 3.680000 11.800000
      vertex -17.050000 3.680000 -3.800000
    endloop
  endfacet
  facet normal 0.000000 1.000000 0.000000
    outer loop
      vertex -18.062000 3.680000 11.800000
      vertex -17.050000 3.680000 -3.800000
      vertex -18.062000 3.680000 -3.800000
    endloop
  endfacet
  facet normal 0.000000 0.000000 -1.000000
    outer loop
      vertex -18.062000 24.480000 11.800000
      vertex -17.050000 24.480000 11.800000
      vertex -17.050000 3.680000 11.800000
    endloop
  endfacet
  facet normal 0.000000 0.000000 -1.000000
    outer loop
      vertex -18.062000 24.480000 11.800000
      vertex -17.050000 3.680000 11.800000
      vertex -18.062000 3.680000 11.800000
    endloop
  endfacet
  facet normal 0.000000 0.000000 1.000000
    outer loop
      vertex -17.050000 3.680000 -3.800000
      vertex -17.050000 24.480000 -3.800000
      vertex -18.062000 24.480000 -3.800000
    endloop
  endfacet
  facet normal 0.000000 0.000000 1.000000
    outer loop
      vertex -17.050000 3.680000 -3.800000
      vertex -18.062000 24.480000 -3.800000
      vertex -18.062000 3.680000 -3.800000
    endloop
  endfacet
  facet normal -1.000000 0.000000 0.000000
    outer loop
      vertex -17.050000 3.680000 11.800000
      vertex -17.050000 24.480000 11.800000
      vertex -17.050000 24.480000 -3.800000
    endloop
  endfacet
  facet normal -1.000000 0.000000 0.000000
    outer loop
      vertex -17.050000 3.680000 11.800000
      vertex -17.050000 24.480000 -3.800000
      vertex -17.050000 3.680000 -3.800000
    endloop
  endfacet
  facet normal 1.000000 0.000000 0.000000
    outer loop
      vertex -18.062000 3.680000 -3.800000
      vertex -18.062000 24.480000 -3.800000
      vertex -18.062000 24.480000 11.800000
    endloop
  endfacet
  facet normal 1.000000 0.000000 0.000000
    outer loop
      vertex -18.062000 3.680000 -3.800000
      vertex -18.062000 24.480000 11.800000
      vertex -18.062000 3.680000 11.800000
    endloop
  endfacet
  facet normal 0.000000 -1.000000 0.000000
    outer loop
      vertex -16.214000 24.480000 -3.800000
      vertex -15.202000 24.480000 -3.800000
      vertex -15.202000 24.480000 11.800000
    endloop
  endfacet
  facet normal 0.000000 -1.000000 0.000000
    outer loop
      vertex -16.214000 24.480000 -3.800000
      vertex -15.202000 24.480000 11.800000
      vertex -16.214000 24.480000 11.800000
    endloop
  endfacet
  facet normal 0.000000 1.000000 0.000000
    outer loop
      vertex -16.214000 3.680000 11.800000
      vertex -15.202000 3.680000 11.800000
      vertex -15.202000 3.680000 -3.800000
    endloop
  endfacet
  facet normal 0.000000 1.000000 0.000000
    outer loop
      vertex -16.214000 3.680000 11.800000
      vertex -15.202000 3.680000 -3.800000
      vertex -16.214000 3.680000 -3.800000
    endloop
  endfacet
  facet normal 0.000000 0.000000 -1.000000
    outer loop
      vertex -16.214000 24.480000 11.800000
      vertex -15.202000 24.480000 11.800000
      vertex -15.202000 3.680000 11.800000
    endloop
  endfacet
  facet normal 0.000000 0.000000 -1.000000
    outer loop
      vertex -16.214000 24.480000 11.800000
      vertex -15.202000 3.680000 11.800000
      vertex -16.214000 3.680000 11.800000
    endloop
  endfacet
  facet normal 0.000000 0.000000 1.000000
    outer loop
      vertex -15.202000 3.680000 -3.800000
      vertex -15.202000 24.480000 -3.800000
      vertex -16.214000 24.480000 -3.800000
    endloop
  endfacet
  facet normal 0.000000 0.000000 1.000000
    outer loop
      vertex -15.202000 3.680000 -3.800000
      vertex -16.214000 24.480000 -3.800000
      vertex -16.214000 3.680000 -3.800000
    endloop
  endfacet
  facet normal -1.000000 0.000000 0.000000
    outer loop
      vertex -15.202000 3.680000 11.800000
      vertex -15.202000 24.480000 11.800000
      vertex -15.202000 24.480000 -3.800000
    endloop
  endfacet
  facet normal -1.000000 0.000000 0.000000
    outer loop
      vertex -15.202000 3.680000 11.800000
      vertex -15.202000 24.480000 -3.800000
      vertex -15.202000 3.680000 -3.800000
    endloop
  endfacet
  facet normal 1.000000 0.000000 0.000000
    outer loop
      vertex -16.214000 3.680000 -3.800000
      vertex -16.214000 24.480000 -3.800000
      vertex -16.214000 24.480000 11.800000
    endloop
  endfacet
  facet normal 1.000000 0.000000 0.000000
    outer loop
      vertex -16.214000 3.680000 -3.800000
      vertex -16.214000 24.480000 11.800000
      vertex -16.214000 3.680000 11.800000
    endloop
  endfacet
  facet normal 0.000000 -1.000000 0.000000
    outer loop
      vertex -14.366000 24.480000 -3.800000
      vertex -13.354000 24.480000 -3.800000
      vertex -13.354000 24.480000 11.800000
    endloop
  endfacet
  facet normal 0.000000 -1.000000 0.000000
    outer loop
      vertex -14.366000 24.480000 -3.800000
      vertex -13.354000 24.480000 11.800000
      vertex -14.366000 24.480000 11.800000
    endloop
  endfacet
  facet normal 0.000000 1.000000 0.000000
    outer loop
      vertex -14.366000 3.680000 11.800000
      vertex -13.354000 3.680000 11.800000
      vertex -13.354000 3.680000 -3.800000
    endloop
  endfacet
  facet normal 0.000000 1.000000 0.000000
    outer loop
      vertex -14.366000 3.680000 11.800000
      vertex -13.354000 3.680000 -3.800000
      vertex -14.366000 3.680000 -3.800000
    endloop
  endfacet
  facet normal 0.000000 0.000000 -1.000000
    outer loop
      vertex -14.366000 24.480000 11.800000
      vertex -13.354000 24.480000 11.800000
      vertex -13.354000 3.680000 11.800000
    endloop
  endfacet
  facet normal 0.000000 0.000000 -1.000000
    outer loop
      vertex -14.366000 24.480000 11.800000
      vertex -13.354000 3.680000 11.800000
      vertex -14.366000 3.680000 11.800000
    endloop
  endfacet
  facet normal 0.000000 0.000000 1.000000
    outer loop
      vertex -13.354000 3.680000 -3.800000
      vertex -13.354000 24.480000 -3.800000
      vertex -14.366000 24.480000 -3.800000
    endloop
  endfacet
  facet normal 0.000000 0.000000 1.000000
    outer loop
      vertex -13.354000 3.680000 -3.800000
      vertex -14.366000 24.480000 -3.800000
      vertex -14.366000 3.680000 -3.800000
    endloop
  endfacet
  facet normal -1.000000 0.000000 0.000000
    outer loop
      vertex -13.354000 3.680000 11.800000
      vertex -13.354000 24.480000 11.800000
      vertex -13.354000 24.480000 -3.800000
    endloop
  endfacet
  facet normal -1.000000 0.000000 0.000000
    outer loop
      vertex -13.354000 3.680000 11.800000
      vertex -13.354000 24.480000 -3.800000
      vertex -13.354000 3.680000 -3.800000
    endloop
  endfacet
  facet normal 1.000000 0.000000 0.000000
    outer loop
      vertex -14.366000 3.680000 -3.800000
      vertex -14.366000 24.480000 -3.800000
      vertex -14.366000 24.480000 11.800000
    endloop
  endfacet
  facet normal 1.000000 0.000000 0.000000
    outer loop
      vertex -14.366000 3.680000 -3.800000
      vertex -14.366000 24.480000 11.800000
      vertex -14.366000 3.680000 11.800000
    endloop
  endfacet
  facet normal 0.000000 -1.000000 0.000000
    outer loop
      vertex -12.518000 24.480000 -3.800000
      vertex -11.506000 24.480000 -3.800000
      vertex -11.506000 24.480000 11.800000
    endloop
  endfacet
  facet normal 0.000000 -1.000000 0.000000
    outer loop
      vertex -12.518000 24.480000 -3.800000
      vertex -11.506000 24.480000 11.800000
      vertex -12.518000 24.480000 11.800000
    endloop
  endfacet
  facet normal 0.000000 1.000000 0.000000
    outer loop
      vertex -12.518000 3.680000 11.800000
      vertex -11.506000 3.680000 11.800000
      vertex -11.506000 3.680000 -3.800000
    endloop
  endfacet
  facet normal 0.000000 1.000000 0.000000
    outer loop
      vertex -12.518000 3.680000 11.800000
      vertex -11.506000 3.680000 -3.800000
      vertex -12.518000 3.680000 -3.800000
    endloop
  endfacet
  facet normal 0.000000 0.000000 -1.000000
    outer loop
      vertex -12.518000 24.480000 11.800000
      vertex -11.506000 24.480000 11.800000
      vertex -11.506000 3.680000 11.800000
    endloop
  endfacet
  facet normal 0.000000 0.000000 -1.000000
    outer loop
      vertex -12.518000 24.480000 11.800000
      vertex -11.506000 3.680000 11.800000
      vertex -12.518000 3.680000 11.800000
    endloop
  endfacet
  facet normal 0.000000 0.000000 1.000000
    outer loop
      vertex -11.506000 3.680000 -3.800000
      vertex -11.506000 24.480000 -3.800000
      vertex -12.518000 24.480000 -3.800000
    endloop
  endfacet
  facet normal 0.000000 0.000000 1.000000
    outer loop
      vertex -11.506000 3.680000 -3.800000
      vertex -12.518000 24.480000 -3.800000
      vertex -12.518000 3.680000 -3.800000
    endloop
  endfacet
  facet normal -1.000000 0.000000 0.000000
    outer loop
      vertex -11.506000 3.680000 11.800000
      vertex -11.506000 24.480000 11.800000
      vertex -11.506000 24.480000 -3.800000
    endloop
  endfacet
  facet normal -1.000000 0.000000 0.000000
    outer loop
      vertex -11.506000 3.680000 11.800000
      vertex -11.506000 24.480000 -3.800000
      vertex -11.506000 3.680000 -3.800000
    endloop
  endfacet
  facet normal 1.000000 0.000000 0.000000
    outer loop
      vertex -12.518000 3.680000 -3.800000
      vertex -12.518000 24.480000 -3.800000
      vertex -12.518000 24.480000 11.800000
    endloop
  endfacet
  facet normal 1.000000 0.000000 0.000000
    outer loop
      vertex -12.518000 3.680000 -3.800000
      vertex -12.518000 24.480000 11.800000
      vertex -12.518000 3.680000 11.800000
    endloop
  endfacet
  facet normal 0.000000 -1.000000 0.000000
    outer loop
      vertex -10.670000 24.480000 -3.800000
      vertex -9.658000 24.480000 -3.800000
      vertex -9.658000 24.480000 11.800000
    endloop
  endfacet
  facet normal 0.000000 -1.000000 0.000000
    outer loop
      vertex -10.670000 24.480000 -3.800000
      vertex -9.658000 24.480000 11.800000
      vertex -10.670000 24.480000 11.800000
    endloop
  endfacet
  facet normal 0.000000 1.000000 0.000000
    outer loop
      vertex -10.670000 3.680000 11.800000
      vertex -9.658000 3.680000 11.800000
      vertex -9.658000 3.680000 -3.800000
    endloop
  endfacet
  facet normal 0.000000 1.000000 0.000000
    outer loop
      vertex -10.670000 3.680000 11.800000
      vertex -9.658000 3.680000 -3.800000
      vertex -10.670000 3.680000 -3.800000
    endloop
  endfacet
  facet normal 0.000000 0.000000 -1.000000
    outer loop
      vertex -10.670000 24.480000 11.800000
      vertex -9.658000 24.480000 11.800000
      vertex -9.658000 3.680000 11.800000
    endloop
  endfacet
  facet normal 0.000000 0.000000 -1.000000
    outer loop
      vertex -10.670000 24.480000 11.800000
      vertex -9.658000 3.680000 11.800000
      vertex -10.670000 3.680000 11.800000
    endloop
  endfacet
  facet normal 0.000000 0.000000 1.000000
    outer loop
      vertex -9.658000 3.680000 -3.800000
      vertex -9.658000 24.480000 -3.800000
      vertex -10.670000 24.480000 -3.800000
    endloop
  endfacet
  facet normal 0.000000 0.000000 1.000000
    outer loop
      vertex -9.658000 3.680000 -3.800000
      vertex -10.670000 24.480000 -3.800000
      vertex -10.670000 3.680000 -3.800000
    endloop
  endfacet
  facet normal -1.000000 0.000000 0.000000
    outer loop
      vertex -9.658000 3.680000 11.800000
      vertex -9.658000 24.480000 11.800000
      vertex -9.658000 24.480000 -3.800000
    endloop
  endfacet
  facet normal -1.000000 0.000000 0.000000
    outer loop
      vertex -9.658000 3.680000 11.800000
      vertex -9.658000 24.480000 -3.800000
      vertex -9.658000 3.680000 -3.800000
    endloop
  endfacet
  facet normal 1.000000 0.000000 0.000000
    outer loop
      vertex -10.670000 3.680000 -3.800000
      vertex -10.670000 24.480000 -3.800000
      vertex -10.670000 24.480000 11.800000
    endloop
  endfacet
  facet normal 1.000000 0.000000 0.000000
    outer loop
      vertex -10.670000 3.680000 -3.800000
      vertex -10.670000 24.480000 11.800000
      vertex -10.670000 3.680000 11.800000
    endloop
  endfacet
  facet normal 0.000000 -1.000000 0.000000
    outer loop
      vertex -8.822000 24.480000 -3.800000
      vertex -7.810000 24.480000 -3.800000
      vertex -7.810000 24.480000 11.800000
    endloop
  endfacet
  facet normal 0.000000 -1.000000 0.000000
    outer loop
      vertex -8.822000 24.480000 -3.800000
      vertex -7.810000 24.480000 11.800000
      vertex -8.822000 24.480000 11.800000
    endloop
  endfacet
  facet normal 0.000000 1.000000 0.000000
    outer loop
      vertex -8.822000 3.680000 11.800000
      vertex -7.810000 3.680000 11.800000
      vertex -7.810000 3.680000 -3.800000
    endloop
  endfacet
  facet normal 0.000000 1.000000 0.000000
    outer loop
      vertex -8.822000 3.680000 11.800000
      vertex -7.810000 3.680000 -3.800000
      vertex -8.822000 3.680000 -3.800000
    endloop
  endfacet
  facet normal 0.000000 0.000000 -1.000000
    outer loop
      vertex -8.822000 24.480000 11.800000
      vertex -7.810000 24.480000 11.800000
      vertex -7.810000 3.680000 11.800000
    endloop
  endfacet
  facet normal 0.000000 0.000000 -1.000000
    outer loop
      vertex -8.822000 24.480000 11.800000
      vertex -7.810000 3.680000 11.800000
      vertex -8.822000 3.680000 11.800000
    endloop
  endfacet
  facet normal 0.000000 0.000000 1.000000
    outer loop
      vertex -7.810000 3.680000 -3.800000
      vertex -7.810000 24.480000 -3.800000
      vertex -8.822000 24.480000 -3.800000
    endloop
  endfacet
  facet normal 0.000000 0.000000 1.000000
    outer loop
      vertex -7.810000 3.680000 -3.800000
      vertex -8.822000 24.480000 -3.800000
      vertex -8.822000 3.680000 -3.800000
    endloop
  endfacet
  facet normal -1.000000 0.000000 0.000000
    outer loop
      vertex -7.810000 3.680000 11.800000
      vertex -7.810000 24.480000 11.800000
      vertex -7.810000 24.480000 -3.800000
    endloop
  endfacet
  facet normal -1.000000 0.000000 0.000000
    outer loop
      vertex -7.810000 3.680000 11.800000
      vertex -7.810000 24.480000 -3.800000
      vertex -7.810000 3.680000 -3.800000
    endloop
  endfacet
  facet normal 1.000000 0.000000 0.000000
    outer loop
      vertex -8.822000 3.680000 -3.800000
      vertex -8.822000 24.480000 -3.800000
      vertex -8.822000 24.480000 11.800000
    endloop
  endfacet
  facet normal 1.000000 0.000000 0.000000
    outer loop
      vertex -8.822000 3.680000 -3.800000
      vertex -8.822000 24.480000 11.800000
      vertex -8.822000 3.680000 11.800000
    endloop
  endfacet
  facet normal 0.000000 -1.000000 0.000000
    outer loop
      vertex -6.974000 24.480000 -3.800000
      vertex -5.962000 24.480000 -3.800000
      vertex -5.962000 24.480000 11.800000
    endloop
  endfacet
  facet normal 0.000000 -1.000000 0.000000
    outer loop
      vertex -6.974000 24.480000 -3.800000
      vertex -5.962000 24.480000 11.800000
      vertex -6.974000 24.480000 11.800000
    endloop
  endfacet
  facet normal 0.000000 1.000000 0.000000
    outer loop
      vertex -6.974000 3.680000 11.800000
      vertex -5.962000 3.680000 11.800000
      vertex -5.962000 3.680000 -3.800000
    endloop
  endfacet
  facet normal 0.000000 1.000000 0.000000
    outer loop
      vertex -6.974000 3.680000 11.800000
      vertex -5.962000 3.680000 -3.800000
      vertex -6.974000 3.680000 -3.800000
    endloop
  endfacet
  facet normal 0.000000 0.000000 -1.000000
    outer loop
      vertex -6.974000 24.480000 11.800000
      vertex -5.962000 24.480000 11.800000
      vertex -5.962000 3.680000 11.800000
    endloop
  endfacet
  facet normal 0.000000 0.000000 -1.000000
    outer loop
      vertex -6.974000 24.480000 11.800000
      vertex -5.962000 3.680000 11.800000
      vertex -6.974000 3.680000 11.800000
    endloop
  endfacet
  facet normal 0.000000 0.000000 1.000000
    outer loop
      vertex -5.962000 3.680000 -3.800000
      vertex -5.962000 24.480000 -3.800000
      vertex -6.974000 24.480000 -3.800000
    endloop
  endfacet
  facet normal 0.000000 0.000000 1.000000
    outer loop
      vertex -5.962000 3.680000 -3.800000
      vertex -6.974000 24.480000 -3.800000
      vertex -6.974000 3.680000 -3.800000
    endloop
  endfacet
  facet normal -1.000000 0.000000 0.000000
    outer loop
      vertex -5.962000 3.680000 11.800000
      vertex -5.962000 24.480000 11.800000
      vertex -5.962000 24.480000 -3.800000
    endloop
  endfacet
  facet normal -1.000000 0.000000 0.000000
    outer loop
      vertex -5.962000 3.680000 11.800000
      vertex -5.962000 24.480000 -3.800000
      vertex -5.962000 3.680000 -3.800000
    endloop
  endfacet
  facet normal 1.000000 0.000000 0.000000
    outer loop
      vertex -6.974000 3.680000 -3.800000
      vertex -6.974000 24.480000 -3.800000
      vertex -6.974000 24.480000 11.800000
    endloop
  endfacet
  facet normal 1.000000 0.000000 0.000000
    outer loop
      vertex -6.974000 3.680000 -3.800000
      vertex -6.974000 24.480000 11.800000
      vertex -6.974000 3.680000 11.800000
    endloop
  endfacet
  facet normal 0.000000 -1.000000 0.000000
    outer loop
      vertex -5.126000 24.480000 -3.800000
      vertex -4.114000 24.480000 -3.800000
      vertex -4.114000 24.480000 11.800000
    endloop
  endfacet
  facet normal 0.000000 -1.000000 0.000000
    outer loop
      vertex -5.126000 24.480000 -3.800000
      vertex -4.114000 24.480000 11.800000
      vertex -5.126000 24.480000 11.800000
    endloop
  endfacet
  facet normal 0.000000 1.000000 0.000000
    outer loop
      vertex -5.126000 3.680000 11.800000
      vertex -4.114000 3.680000 11.800000
      vertex -4.114000 3.680000 -3.800000
    endloop
  endfacet
  facet normal 0.000000 1.000000 0.000000
    outer loop
      vertex -5.126000 3.680000 11.800000
      vertex -4.114000 3.680000 -3.800000
      vertex -5.126000 3.680000 -3.800000
    endloop
  endfacet
  facet normal 0.000000 0.000000 -1.000000
    outer loop
      vertex -5.126000 24.480000 11.800000
      vertex -4.114000 24.480000 11.800000
      vertex -4.114000 3.680000 11.800000
    endloop
  endfacet
  facet normal 0.000000 0.000000 -1.000000
    outer loop
      vertex -5.126000 24.480000 11.800000
      vertex -4.114000 3.680000 11.800000
      vertex -5.126000 3.680000 11.800000
    endloop
  endfacet
  facet normal 0.000000 0.000000 1.000000
    outer loop
      vertex -4.114000 3.680000 -3.800000
      vertex -4.114000 24.480000 -3.800000
      vertex -5.126000 24.480000 -3.800000
    endloop
  endfacet
  facet normal 0.000000 0.000000 1.000000
    outer loop
      vertex -4.114000 3.680000 -3.800000
      vertex -5.126000 24.480000 -3.800000
      vertex -5.126000 3.680000 -3.800000
    endloop
  endfacet
  facet normal -1.000000 0.000000 0.000000
    outer loop
      vertex -4.114000 3.680000 11.800000
      vertex -4.114000 24.480000 11.800000
      vertex -4.114000 24.480000 -3.800000
    endloop
  endfacet
  facet normal -1.000000 0.000000 0.000000
    outer loop
      vertex -4.114000 3.680000 11.800000
      vertex -4.114000 24.480000 -3.800000
      vertex -4.114000 3.680000 -3.800000
    endloop
  endfacet
  facet normal 1.000000 0.000000 0.000000
    outer loop
      vertex -5.126000 3.680000 -3.800000
      vertex -5.126000 24.480000 -3.800000
      vertex -5.126000 24.480000 11.800000
    endloop
  endfacet
  facet normal 1.000000 0.000000 0.000000
    outer loop
      vertex -5.126000 3.680000 -3.800000
      vertex -5.126000 24.480000 11.800000
      vertex -5.126000 3.680000 11.800000
    endloop
  endfacet
  facet normal 0.000000 -1.000000 0.000000
    outer loop
      vertex -3.278000 24.480000 -3.800000
      vertex -2.266000 24.480000 -3.800000
      vertex -2.266000 24.480000 11.800000
    endloop
  endfacet
  facet normal 0.000000 -1.000000 0.000000
    outer loop
      vertex -3.278000 24.480000 -3.800000
      vertex -2.266000 24.480000 11.800000
      vertex -3.278000 24.480000 11.800000
    endloop
  endfacet
  facet normal 0.000000 1.000000 0.000000
    outer loop
      vertex -3.278000 3.680000 11.800000
      vertex -2.266000 3.680000 11.800000
      vertex -2.266000 3.680000 -3.800000
    endloop
  endfacet
  facet normal 0.000000 1.000000 0.000000
    outer loop
      vertex -3.278000 3.680000 11.800000
      vertex -2.266000 3.680000 -3.800000
      vertex -3.278000 3.680000 -3.800000
    endloop
  endfacet
  facet normal 0.000000 0.000000 -1.000000
    outer loop
      vertex -3.278000 24.480000 11.800000
      vertex -2.266000 24.480000 11.800000
      vertex -2.266000 3.680000 11.800000
    endloop
  endfacet
  facet normal 0.000000 0.000000 -1.000000
    outer loop
      vertex -3.278000 24.480000 11.800000
      vertex -2.266000 3.680000 11.800000
      vertex -3.278000 3.680000 11.800000
    endloop
  endfacet
  facet normal 0.000000 0.000000 1.000000
    outer loop
      vertex -2.266000 3.680000 -3.800000
      vertex -2.266000 24.480000 -3.800000
      vertex -3.278000 24.480000 -3.800000
    endloop
  endfacet
  facet normal 0.000000 0.000000 1.000000
    outer loop
      vertex -2.266000 3.680000 -3.800000
      vertex -3.278000 24.480000 -3.800000
      vertex -3.278000 3.680000 -3.800000
    endloop
  endfacet
  facet normal -1.000000 0.000000 0.000000
    outer loop
      vertex -2.266000 3.680000 11.800000
      vertex -2.266000 24.480000 11.800000
      vertex -2.266000 24.480000 -3.800000
    endloop
  endfacet
  facet normal -1.000000 0.000000 0.000000
    outer loop
      vertex -2.266000 3.680000 11.800000
      vertex -2.266000 24.480000 -3.800000
      vertex -2.266000 3.680000 -3.800000
    endloop
  endfacet
  facet normal 1.000000 0.000000 0.000000
    outer loop
      vertex -3.278000 3.680000 -3.800000
      vertex -3.278000 24.480000 -3.800000
      vertex -3.278000 24.480000 11.800000
    endloop
  endfacet
  facet normal 1.000000 0.000000 0.000000
    outer loop
      vertex -3.278000 3.680000 -3.800000
      vertex -3.278000 24.480000 11.800000
      vertex -3.278000 3.680000 11.800000
    endloop
  endfacet
  facet normal 0.000000 -1.000000 0.000000
    outer loop
      vertex -1.430000 24.480000 -3.800000
      vertex -0.418000 24.480000 -3.800000
      vertex -0.418000 24.480000 11.800000
    endloop
  endfacet
  facet normal 0.000000 -1.000000 0.000000
    outer loop
      vertex -1.430000 24.480000 -3.800000
      vertex -0.418000 24.480000 11.800000
      vertex -1.430000 24.480000 11.800000
    endloop
  endfacet
  facet normal 0.000000 1.000000 0.000000
    outer loop
      vertex -1.430000 3.680000 11.800000
      vertex -0.418000 3.680000 11.800000
      vertex -0.418000 3.680000 -3.800000
    endloop
  endfacet
  facet normal 0.000000 1.000000 0.000000
    outer loop
      vertex -1.430000 3.680000 11.800000
      vertex -0.418000 3.680000 -3.800000
      vertex -1.430000 3.680000 -3.800000
    endloop
  endfacet
  facet normal 0.000000 0.000000 -1.000000
    outer loop
      vertex -1.430000 24.480000 11.800000
      vertex -0.418000 24.480000 11.800000
      vertex -0.418000 3.680000 11.800000
    endloop
  endfacet
  facet normal 0.000000 0.000000 -1.000000
    outer loop
      vertex -1.430000 24.480000 11.800000
      vertex -0.418000 3.680000 11.800000
      vertex -1.430000 3.680000 11.800000
    endloop
  endfacet
  facet normal 0.000000 0.000000 1.000000
    outer loop
      vertex -0.418000 3.680000 -3.800000
      vertex -0.418000 24.480000 -3.800000
      vertex -1.430000 24.480000 -3.800000
    endloop
  endfacet
  facet normal 0.000000 0.000000 1.000000
    outer loop
      vertex -0.418000 3.680000 -3.800000
      vertex -1.430000 24.480000 -3.800000
      vertex -1.430000 3.680000 -3.800000
    endloop
  endfacet
  facet normal -1.000000 0.000000 0.000000
    outer loop
      vertex -0.418000 3.680000 11.800000
      vertex -0.418000 24.480000 11.800000
      vertex -0.418000 24.480000 -3.800000
    endloop
  endfacet
  facet normal -1.000000 0.000000 0.000000
    outer loop
      vertex -0.418000 3.680000 11.800000
      vertex -0.418000 24.480000 -3.800000
      vertex -0.418000 3.680000 -3.800000
    endloop
  endfacet
  facet normal 1.000000 0.000000 0.000000
    outer loop
      vertex -1.430000 3.680000 -3.800000
      vertex -1.430000 24.480000 -3.800000
      vertex -1.430000 24.480000 11.800000
    endloop
  endfacet
  facet normal 1.000000 0.000000 0.000000
    outer loop
      vertex -1.430000 3.680000 -3.800000
      vertex -1.430000 24.480000 11.800000
      vertex -1.430000 3.680000 11.800000
    endloop
  endfacet
  facet normal 0.000000 -1.000000 0.000000
    outer loop
      vertex 0.418000 24.480000 -3.800000
      vertex 1.430000 24.480000 -3.800000
      vertex 1.430000 24.480000 11.800000
    endloop
  endfacet
  facet normal 0.000000 -1.000000 0.000000
    outer loop
      vertex 0.418000 24.480000 -3.800000
      vertex 1.430000 24.480000 11.800000
      vertex 0.418000 24.480000 11.800000
    endloop
  endfacet
  facet normal 0.000000 1.000000 0.000000
    outer loop
      vertex 0.418000 3.680000 11.800000
      vertex 1.430000 3.680000 11.800000
      vertex 1.430000 3.680000 -3.800000
    endloop
  endfacet
  facet normal 0.000000 1.000000 0.000000
    outer loop
      vertex 0.418000 3.680000 11.800000
      vertex 1.430000 3.680000 -3.800000
      vertex 0.418000 3.680000 -3.800000
    endloop
  endfacet
  facet normal 0.000000 0.000000 -1.000000
    outer loop
      vertex 0.418000 24.480000 11.800000
      vertex 1.430000 24.480000 11.800000
      vertex 1.430000 3.680000 11.800000
    endloop
  endfacet
  facet normal 0.000000 0.000000 -1.000000
    outer loop
      vertex 0.418000 24.480000 11.800000
      vertex 1.430000 3.680000 11.800000
      vertex 0.418000 3.680000 11.800000
    endloop
  endfacet
  facet normal 0.000000 0.000000 1.000000
    outer loop
      vertex 1.430000 3.680000 -3.800000
      vertex 1.430000 24.480000 -3.800000
      vertex 0.418000 24.480000 -3.800000
    endloop
  endfacet
  facet normal 0.000000 0.000000 1.000000
    outer loop
      vertex 1.430000 3.680000 -3.800000
      vertex 0.418000 24.480000 -3.800000
      vertex 0.418000 3.680000 -3.800000
    endloop
  endfacet
  facet normal -1.000000 0.000000 0.000000
    outer loop
      vertex 1.430000 3.680000 11.800000
      vertex 1.430000 24.480000 11.800000
      vertex 1.430000 24.480000 -3.800000
    endloop
  endfacet
  facet normal -1.000000 0.000000 0.000000
    outer loop
      vertex 1.430000 3.680000 11.800000
      vertex 1.430000 24.480000 -3.800000
      vertex 1.430000 3.680000 -3.800000
    endloop
  endfacet
  facet normal 1.000000 0.000000 0.000000
    outer loop
      vertex 0.418000 3.680000 -3.800000
      vertex 0.418000 24.480000 -3.800000
      vertex 0.418000 24.480000 11.800000
    endloop
  endfacet
  facet normal 1.000000 0.000000 0.000000
    outer loop
      vertex 0.418000 3.680000 -3.800000
      vertex 0.418000 24.480000 11.800000
      vertex 0.418000 3.680000 11.800000
    endloop
  endfacet
  facet normal 0.000000 -1.000000 0.000000
    outer loop
      vertex 2.266000 24.480000 -3.800000
      vertex 3.278000 24.480000 -3.800000
      vertex 3.278000 24.480000 11.800000
    endloop
  endfacet
  facet normal 0.000000 -1.000000 0.000000
    outer loop
      vertex 2.266000 24.480000 -3.800000
      vertex 3.278000 24.480000 11.800000
      vertex 2.266000 24.480000 11.800000
    endloop
  endfacet
  facet normal 0.000000 1.000000 0.000000
    outer loop
      vertex 2.266000 3.680000 11.800000
      vertex 3.278000 3.680000 11.800000
      vertex 3.278000 3.680000 -3.800000
    endloop
  endfacet
  facet normal 0.000000 1.000000 0.000000
    outer loop
      vertex 2.266000 3.680000 11.800000
      vertex 3.278000 3.680000 -3.800000
      vertex 2.266000 3.680000 -3.800000
    endloop
  endfacet
  facet normal 0.000000 0.000000 -1.000000
    outer loop
      vertex 2.266000 24.480000 11.800000
      vertex 3.278000 24.480000 11.800000
      vertex 3.278000 3.680000 11.800000
    endloop
  endfacet
  facet normal 0.000000 0.000000 -1.000000
    outer loop
      vertex 2.266000 24.480000 11.800000
      vertex 3.278000 3.680000 11.800000
      vertex 2.266000 3.680000 11.800000
    endloop
  endfacet
  facet normal 0.000000 0.000000 1.000000
    outer loop
      vertex 3.278000 3.680000 -3.800000
      vertex 3.278000 24.480000 -3.800000
      vertex 2.266000 24.480000 -3.800000
    endloop
  endfacet
  facet normal 0.000000 0.000000 1.000000
    outer loop
      vertex 3.278000 3.680000 -3.800000
      vertex 2.266000 24.480000 -3.800000
      vertex 2.266000 3.680000 -3.800000
    endloop
  endfacet
  facet normal -1.000000 0.000000 0.000000
    outer loop
      vertex 3.278000 3.680000 11.800000
      vertex 3.278000 24.480000 11.800000
      vertex 3.278000 24.480000 -3.800000
    endloop
  endfacet
  facet normal -1.000000 0.000000 0.000000
    outer loop
      vertex 3.278000 3.680000 11.800000
      vertex 3.278000 24.480000 -3.800000
      vertex 3.278000 3.680000 -3.800000
    endloop
  endfacet
  facet normal 1.000000 0.000000 0.000000
    outer loop
      vertex 2.266000 3.680000 -3.800000
      vertex 2.266000 24.480000 -3.800000
      vertex 2.266000 24.480000 11.800000
    endloop
  endfacet
  facet normal 1.000000 0.000000 0.000000
    outer loop
      vertex 2.266000 3.680000 -3.800000
      vertex 2.266000 24.480000 11.800000
      vertex 2.266000 3.680000 11.800000
    endloop
  endfacet
  facet normal 0.000000 -1.000000 0.000000
    outer loop
      vertex 4.114000 24.480000 -3.800000
      vertex 5.126000 24.480000 -3.800000
      vertex 5.126000 24.480000 11.800000
    endloop
  endfacet
  facet normal 0.000000 -1.000000 0.000000
    outer loop
      vertex 4.114000 24.480000 -3.800000
      vertex 5.126000 24.480000 11.800000
      vertex 4.114000 24.480000 11.800000
    endloop
  endfacet
  facet normal 0.000000 1.000000 0.000000
    outer loop
      vertex 4.114000 3.680000 11.800000
      vertex 5.126000 3.680000 11.800000
      vertex 5.126000 3.680000 -3.800000
    endloop
  endfacet
  facet normal 0.000000 1.000000 0.000000
    outer loop
      vertex 4.114000 3.680000 11.800000
      vertex 5.126000 3.680000 -3.800000
      vertex 4.114000 3.680000 -3.800000
    endloop
  endfacet
  facet normal 0.000000 0.000000 -1.000000
    outer loop
      vertex 4.114000 24.480000 11.800000
      vertex 5.126000 24.480000 11.800000
      vertex 5.126000 3.680000 11.800000
    endloop
  endfacet
  facet normal 0.000000 0.000000 -1.000000
    outer loop
      vertex 4.114000 24.480000 11.800000
      vertex 5.126000 3.680000 11.800000
      vertex 4.114000 3.680000 11.800000
    endloop
  endfacet
  facet normal 0.000000 0.000000 1.000000
    outer loop
      vertex 5.126000 3.680000 -3.800000
      vertex 5.126000 24.480000 -3.800000
      vertex 4.114000 24.480000 -3.800000
    endloop
  endfacet
  facet normal 0.000000 0.000000 1.000000
    outer loop
      vertex 5.126000 3.680000 -3.800000
      vertex 4.114000 24.480000 -3.800000
      vertex 4.114000 3.680000 -3.800000
    endloop
  endfacet
  facet normal -1.000000 0.000000 0.000000
    outer loop
      vertex 5.126000 3.680000 11.800000
      vertex 5.126000 24.480000 11.800000
      vertex 5.126000 24.480000 -3.800000
    endloop
  endfacet
  facet normal -1.000000 0.000000 0.000000
    outer loop
      vertex 5.126000 3.680000 11.800000
      vertex 5.126000 24.480000 -3.800000
      vertex 5.126000 3.680000 -3.800000
    endloop
  endfacet
  facet normal 1.000000 0.000000 0.000000
    outer loop
      vertex 4.114000 3.680000 -3.800000
      vertex 4.114000 24.480000 -3.800000
      vertex 4.114000 24.480000 11.800000
    endloop
  endfacet
  facet normal 1.000000 0.000000 0.000000
    outer loop
      vertex 4.114000 3.680000 -3.800000
      vertex 4.114000 24.480000 11.800000
      vertex 4.114000 3.680000 11.800000
    endloop
  endfacet
  facet normal 0.000000 -1.000000 0.000000
    outer loop
      vertex 5.962000 24.480000 -3.800000
      vertex 6.974000 24.480000 -3.800000
      vertex 6.974000 24.480000 11.800000
    endloop
  endfacet
  facet normal 0.000000 -1.000000 0.000000
    outer loop
      vertex 5.962000 24.480000 -3.800000
      vertex 6.974000 24.480000 11.800000
      vertex 5.962000 24.480000 11.800000
    endloop
  endfacet
  facet normal 0.000000 1.000000 0.000000
    outer loop
      vertex 5.962000 3.680000 11.800000
      vertex 6.974000 3.680000 11.800000
      vertex 6.974000 3.680000 -3.800000
    endloop
  endfacet
  facet normal 0.000000 1.000000 0.000000
    outer loop
      vertex 5.962000 3.680000 11.800000
      vertex 6.974000 3.680000 -3.800000
      vertex 5.962000 3.680000 -3.800000
    endloop
  endfacet
  facet normal 0.000000 0.000000 -1.000000
    outer loop
      vertex 5.962000 24.480000 11.800000
      vertex 6.974000 24.480000 11.800000
      vertex 6.974000 3.680000 11.800000
    endloop
  endfacet
  facet normal 0.000000 0.000000 -1.000000
    outer loop
      vertex 5.962000 24.480000 11.800000
      vertex 6.974000 3.680000 11.800000
      vertex 5.962000 3.680000 11.800000
    endloop
  endfacet
  facet normal 0.000000 0.000000 1.000000
    outer loop
      vertex 6.974000 3.680000 -3.800000
      vertex 6.974000 24.480000 -3.800000
      vertex 5.962000 24.480000 -3.800000
    endloop
  endfacet
  facet normal 0.000000 0.000000 1.000000
    outer loop
      vertex 6.974000 3.680000 -3.800000
      vertex 5.962000 24.480000 -3.800000
      vertex 5.962000 3.680000 -3.800000
    endloop
  endfacet
  facet normal -1.000000 0.000000 0.000000
    outer loop
      vertex 6.974000 3.680000 11.800000
      vertex 6.974000 24.480000 11.800000
      vertex 6.974000 24.480000 -3.800000
    endloop
  endfacet
  facet normal -1.000000 0.000000 0.000000
    outer loop
      vertex 6.974000 3.680000 11.800000
      vertex 6.974000 24.480000 -3.800000
      vertex 6.974000 3.680000 -3.800000
    endloop
  endfacet
  facet normal 1.000000 0.000000 0.000000
    outer loop
      vertex 5.962000 3.680000 -3.800000
      vertex 5.962000 24.480000 -3.800000
      vertex 5.962000 24.480000 11.800000
    endloop
  endfacet
  facet normal 1.000000 0.000000 0.000000
    outer loop
      vertex 5.962000 3.680000 -3.800000
      vertex 5.962000 24.480000 11.800000
      vertex 5.962000 3.680000 11.800000
    endloop
  endfacet
  facet normal 0.000000 -1.000000 0.000000
    outer loop
      vertex 7.810000 24.480000 -3.800000
      vertex 8.822000 24.480000 -3.800000
      vertex 8.822000 24.480000 11.800000
    endloop
  endfacet
  facet normal 0.000000 -1.000000 0.000000
    outer loop
      vertex 7.810000 24.480000 -3.800000
      vertex 8.822000 24.480000 11.800000
      vertex 7.810000 24.480000 11.800000
    endloop
  endfacet
  facet normal 0.000000 1.000000 0.000000
    outer loop
      vertex 7.810000 3.680000 11.800000
      vertex 8.822000 3.680000 11.800000
      vertex 8.822000 3.680000 -3.800000
    endloop
  endfacet
  facet normal 0.000000 1.000000 0.000000
    outer loop
      vertex 7.810000 3.680000 11.800000
      vertex 8.822000 3.680000 -3.800000
      vertex 7.810000 3.680000 -3.800000
    endloop
  endfacet
  facet normal 0.000000 0.000000 -1.000000
    outer loop
      vertex 7.810000 24.480000 11.800000
      vertex 8.822000 24.480000 11.800000
      vertex 8.822000 3.680000 11.800000
    endloop
  endfacet
  facet normal 0.000000 0.000000 -1.000000
    outer loop
      vertex 7.810000 24.480000 11.800000
      vertex 8.822000 3.680000 11.800000
      vertex 7.810000 3.680000 11.800000
    endloop
  endfacet
  facet normal 0.000000 0.000000 1.000000
    outer loop
      vertex 8.822000 3.680000 -3.800000
      vertex 8.822000 24.480000 -3.800000
      vertex 7.810000 24.480000 -3.800000
    endloop
  endfacet
  facet normal 0.000000 0.000000 1.000000
    outer loop
      vertex 8.822000 3.680000 -3.800000
      vertex 7.810000 24.480000 -3.800000
      vertex 7.810000 3.680000 -3.800000
    endloop
  endfacet
  facet normal -1.000000 0.000000 0.000000
    outer loop
      vertex 8.822000 3.680000 11.800000
      vertex 8.822000 24.480000 11.800000
      vertex 8.822000 24.480000 -3.800000
    endloop
  endfacet
  facet normal -1.000000 0.000000 0.000000
    outer loop
      vertex 8.822000 3.680000 11.800000
      vertex 8.822000 24.480000 -3.800000
      vertex 8.822000 3.680000 -3.800000
    endloop
  endfacet
  facet normal 1.000000 0.000000 0.000000
    outer loop
      vertex 7.810000 3.680000 -3.800000
      vertex 7.810000 24.480000 -3.800000
      vertex 7.810000 24.480000 11.800000
    endloop
  endfacet
  facet normal 1.000000 0.000000 0.000000
    outer loop
      vertex 7.810000 3.680000 -3.800000
      vertex 7.810000 24.480000 11.800000
      vertex 7.810000 3.680000 11.800000
    endloop
  endfacet
  facet normal 0.000000 -1.000000 0.000000
    outer loop
      vertex 9.658000 24.480000 -3.800000
      vertex 10.670000 24.480000 -3.800000
      vertex 10.670000 24.480000 11.800000
    endloop
  endfacet
  facet normal 0.000000 -1.000000 0.000000
    outer loop
      vertex 9.658000 24.480000 -3.800000
      vertex 10.670000 24.480000 11.800000
      vertex 9.658000 24.480000 11.800000
    endloop
  endfacet
  facet normal 0.000000 1.000000 0.000000
    outer loop
      vertex 9.658000 3.680000 11.800000
      vertex 10.670000 3.680000 11.800000
      vertex 10.670000 3.680000 -3.800000
    endloop
  endfacet
  facet normal 0.000000 1.000000 0.000000
    outer loop
      vertex 9.658000 3.680000 11.800000
      vertex 10.670000 3.680000 -3.800000
      vertex 9.658000 3.680000 -3.800000
    endloop
  endfacet
  facet normal 0.000000 0.000000 -1.000000
    outer loop
      vertex 9.658000 24.480000 11.800000
      vertex 10.670000 24.480000 11.800000
      vertex 10.670000 3.680000 11.800000
    endloop
  endfacet
  facet normal 0.000000 0.000000 -1.000000
    outer loop
      vertex 9.658000 24.480000 11.800000
      vertex 10.670000 3.680000 11.800000
      vertex 9.658000 3.680000 11.800000
    endloop
  endfacet
  facet normal 0.000000 0.000000 1.000000
    outer loop
      vertex 10.670000 3.680000 -3.800000
      vertex 10.670000 24.480000 -3.800000
      vertex 9.658000 24.480000 -3.800000
    endloop
  endfacet
  facet normal 0.000000 0.000000 1.000000
    outer loop
      vertex 10.670000 3.680000 -3.800000
      vertex 9.658000 24.480000 -3.800000
      vertex 9.658000 3.680000 -3.800000
    endloop
  endfacet
  facet normal -1.000000 0.000000 0.000000
    outer loop
      vertex 10.670000 3.680000 11.800000
      vertex 10.670000 24.480000 11.800000
      vertex 10.670000 24.480000 -3.800000
    endloop
  endfacet
  facet normal -1.000000 0.000000 0.000000
    outer loop
      vertex 10.670000 3.680000 11.800000
      vertex 10.670000 24.480000 -3.800000
      vertex 10.670000 3.680000 -3.800000
    endloop
  endfacet
  facet normal 1.000000 0.000000 0.000000
    outer loop
      vertex 9.658000 3.680000 -3.800000
      vertex 9.658000 24.480000 -3.800000
      vertex 9.658000 24.480000 11.800000
    endloop
  endfacet
  facet normal 1.000000 0.000000 0.000000
    outer loop
      vertex 9.658000 3.680000 -3.800000
      vertex 9.658000 24.480000 11.800000
      vertex 9.658000 3.680000 11.800000
    endloop
  endfacet
  facet normal 0.000000 -1.000000 0.000000
    outer loop
      vertex 11.506000 24.480000 -3.800000
      vertex 12.518000 24.480000 -3.800000
      vertex 12.518000 24.480000 11.800000
    endloop
  endfacet
  facet normal 0.000000 -1.000000 0.000000
    outer loop
      vertex 11.506000 24.480000 -3.800000
      vertex 12.518000 24.480000 11.800000
      vertex 11.506000 24.480000 11.800000
    endloop
  endfacet
  facet normal 0.000000 1.000000 0.000000
    outer loop
      vertex 11.506000 3.680000 11.800000
      vertex 12.518000 3.680000 11.800000
      vertex 12.518000 3.680000 -3.800000
    endloop
  endfacet
  facet normal 0.000000 1.000000 0.000000
    outer loop
      vertex 11.506000 3.680000 11.800000
      vertex 12.518000 3.680000 -3.800000
      vertex 11.506000 3.680000 -3.800000
    endloop
  endfacet
  facet normal 0.000000 0.000000 -1.000000
    outer loop
      vertex 11.506000 24.480000 11.800000
      vertex 12.518000 24.480000 11.800000
      vertex 12.518000 3.680000 11.800000
    endloop
  endfacet
  facet normal 0.000000 0.000000 -1.000000
    outer loop
      vertex 11.506000 24.480000 11.800000
      vertex 12.518000 3.680000 11.800000
      vertex 11.506000 3.680000 11.800000
    endloop
  endfacet
  facet normal 0.000000 0.000000 1.000000
    outer loop
      vertex 12.518000 3.680000 -3.800000
      vertex 12.518000 24.480000 -3.800000
      vertex 11.506000 24.480000 -3.800000
    endloop
  endfacet
  facet normal 0.000000 0.000000 1.000000
    outer loop
      vertex 12.518000 3.680000 -3.800000
      vertex 11.506000 24.480000 -3.800000
      vertex 11.506000 3.680000 -3.800000
    endloop
  endfacet
  facet normal -1.000000 0.000000 0.000000
    outer loop
      vertex 12.518000 3.680000 11.800000
      vertex 12.518000 24.480000 11.800000
      vertex 12.518000 24.480000 -3.800000
    endloop
  endfacet
  facet normal -1.000000 0.000000 0.000000
    outer loop
      vertex 12.518000 3.680000 11.800000
      vertex 12.518000 24.480000 -3.800000
      vertex 12.518000 3.680000 -3.800000
    endloop
  endfacet
  facet normal 1.000000 0.000000 0.000000
    outer loop
      vertex 11.506000 3.680000 -3.800000
      vertex 11.506000 24.480000 -3.800000
      vertex 11.506000 24.480000 11.800000
    endloop
  endfacet
  facet normal 1.000000 0.000000 0.000000
    outer loop
      vertex 11.506000 3.680000 -3.800000
      vertex 11.506000 24.480000 11.800000
      vertex 11.506000 3.680000 11.800000
    endloop
  endfacet
  facet normal 0.000000 -1.000000 0.000000
    outer loop
      vertex 13.354000 24.480000 -3.800000
      vertex 14.366000 24.480000 -3.800000
      vertex 14.366000 24.480000 11.800000
    endloop
  endfacet
  facet normal 0.000000 -1.000000 0.000000
    outer loop
      vertex 13.354000 24.480000 -3.800000
      vertex 14.366000 24.480000 11.800000
      vertex 13.354000 24.480000 11.800000
    endloop
  endfacet
  facet normal 0.000000 1.000000 0.000000
    outer loop
      vertex 13.354000 3.680000 11.800000
      vertex 14.366000 3.680000 11.800000
      vertex 14.366000 3.680000 -3.800000
    endloop
  endfacet
  facet normal 0.000000 1.000000 0.000000
    outer loop
      vertex 13.354000 3.680000 11.800000
      vertex 14.366000 3.680000 -3.800000
      vertex 13.354000 3.680000 -3.800000
    endloop
  endfacet
  facet normal 0.000000 0.000000 -1.000000
    outer loop
      vertex 13.354000 24.480000 11.800000
      vertex 14.366000 24.480000 11.800000
      vertex 14.366000 3.680000 11.800000
    endloop
  endfacet
  facet normal 0.000000 0.000000 -1.000000
    outer loop
      vertex 13.354000 24.480000 11.800000
      vertex 14.366000 3.680000 11.800000
      vertex 13.354000 3.680000 11.800000
    endloop
  endfacet
  facet normal 0.000000 0.000000 1.000000
    outer loop
      vertex 14.366000 3.680000 -3.800000
      vertex 14.366000 24.480000 -3.800000
      vertex 13.354000 24.480000 -3.800000
    endloop
  endfacet
  facet normal 0.000000 0.000000 1.000000
    outer loop
      vertex 14.366000 3.680000 -3.800000
      vertex 13.354000 24.480000 -3.800000
      vertex 13.354000 3.680000 -3.800000
    endloop
  endfacet
  facet normal -1.000000 0.000000 0.000000
    outer loop
      vertex 14.366000 3.680000 11.800000
      vertex 14.366000 24.480000 11.800000
      vertex 14.366000 24.480000 -3.800000
    endloop
  endfacet
  facet normal -1.000000 0.000000 0.000000
    outer loop
      vertex 14.366000 3.680000 11.800000
      vertex 14.366000 24.480000 -3.800000
      vertex 14.366000 3.680000 -3.800000
    endloop
  endfacet
  facet normal 1.000000 0.000000 0.000000
    outer loop
      vertex 13.354000 3.680000 -3.800000
      vertex 13.354000 24.480000 -3.800000
      vertex 13.354000 24.480000 11.800000
    endloop
  endfacet
  facet normal 1.000000 0.000000 0.000000
    outer loop
      vertex 13.354000 3.680000 -3.800000
      vertex 13.354000 24.480000 11.800000
      vertex 13.354000 3.680000 11.800000
    endloop
  endfacet
  facet normal 0.000000 -1.000000 0.000000
    outer loop
      vertex 15.202000 24.480000 -3.800000
      vertex 16.214000 24.480000 -3.800000
      vertex 16.214000 24.480000 11.800000
    endloop
  endfacet
  facet normal 0.000000 -1.000000 0.000000
    outer loop
      vertex 15.202000 24.480000 -3.800000
      vertex 16.214000 24.480000 11.800000
      vertex 15.202000 24.480000 11.800000
    endloop
  endfacet
  facet normal 0.000000 1.000000 0.000000
    outer loop
      vertex 15.202000 3.680000 11.800000
      vertex 16.214000 3.680000 11.800000
      vertex 16.214000 3.680000 -3.800000
    endloop
  endfacet
  facet normal 0.000000 1.000000 0.000000
    outer loop
      vertex 15.202000 3.680000 11.800000
      vertex 16.214000 3.680000 -3.800000
      vertex 15.202000 3.680000 -3.800000
    endloop
  endfacet
  facet normal 0.000000 0.000000 -1.000000
    outer loop
      vertex 15.202000 24.480000 11.800000
      vertex 16.214000 24.480000 11.800000
      vertex 16.214000 3.680000 11.800000
    endloop
  endfacet
  facet normal 0.000000 0.000000 -1.000000
    outer loop
      vertex 15.202000 24.480000 11.800000
      vertex 16.214000 3.680000 11.800000
      vertex 15.202000 3.680000 11.800000
    endloop
  endfacet
  facet normal 0.000000 0.000000 1.000000
    outer loop
      vertex 16.214000 3.680000 -3.800000
      vertex 16.214000 24.480000 -3.800000
      vertex 15.202000 24.480000 -3.800000
    endloop
  endfacet
  facet normal 0.000000 0.000000 1.000000
    outer loop
      vertex 16.214000 3.680000 -3.800000
      vertex 15.202000 24.480000 -3.800000
      vertex 15.202000 3.680000 -3.800000
    endloop
  endfacet
  facet normal -1.000000 0.000000 0.000000
    outer loop
      vertex 16.214000 3.680000 11.800000
      vertex 16.214000 24.480000 11.800000
      vertex 16.214000 24.480000 -3.800000
    endloop
  endfacet
  facet normal -1.000000 0.000000 0.000000
    outer loop
      vertex 16.214000 3.680000 11.800000
      vertex 16.214000 24.480000 -3.800000
      vertex 16.214000 3.680000 -3.800000
    endloop
  endfacet
  facet normal 1.000000 0.000000 0.000000
    outer loop
      vertex 15.202000 3.680000 -3.800000
      vertex 15.202000 24.480000 -3.800000
      vertex 15.202000 24.480000 11.800000
    endloop
  endfacet
  facet normal 1.000000 0.000000 0.000000
    outer loop
      vertex 15.202000 3.680000 -3.800000
      vertex 15.202000 24.480000 11.800000
      vertex 15.202000 3.680000 11.800000
    endloop
  endfacet
  facet normal 0.000000 -1.000000 0.000000
    outer loop
      vertex 17.050000 24.480000 -3.800000
      vertex 18.062000 24.480000 -3.800000
      vertex 18.062000 24.480000 11.800000
    endloop
  endfacet
  facet normal 0.000000 -1.000000 0.000000
    outer loop
      vertex 17.050000 24.480000 -3.800000
      vertex 18.062000 24.480000 11.800000
      vertex 17.050000 24.480000 11.800000
    endloop
  endfacet
  facet normal 0.000000 1.000000 0.000000
    outer loop
      vertex 17.050000 3.680000 11.800000
      vertex 18.062000 3.680000 11.800000
      vertex 18.062000 3.680000 -3.800000
    endloop
  endfacet
  facet normal 0.000000 1.000000 0.000000
    outer loop
      vertex 17.050000 3.680000 11.800000
      vertex 18.062000 3.680000 -3.800000
      vertex 17.050000 3.680000 -3.800000
    endloop
  endfacet
  facet normal 0.000000 0.000000 -1.000000
    outer loop
      vertex 17.050000 24.480000 11.800000
      vertex 18.062000 24.480000 11.800000
      vertex 18.062000 3.680000 11.800000
    endloop
  endfacet
  facet normal 0.000000 0.000000 -1.000000
    outer loop
      vertex 17.050000 24.480000 11.800000
      vertex 18.062000 3.680000 11.800000
      vertex 17.050000 3.680000 11.800000
    endloop
  endfacet
  facet normal 0.000000 0.000000 1.000000
    outer loop
      vertex 18.062000 3.680000 -3.800000
      vertex 18.062000 24.480000 -3.800000
      vertex 17.050000 24.480000 -3.800000
    endloop
  endfacet
  facet normal 0.000000 0.000000 1.000000
    outer loop
      vertex 18.062000 3.680000 -3.800000
      vertex 17.050000 24.480000 -3.800000
      vertex 17.050000 3.680000 -3.800000
    endloop
  endfacet
  facet normal -1.000000 0.000000 0.000000
    outer loop
      vertex 18.062000 3.680000 11.800000
      vertex 18.062000 24.480000 11.800000
      vertex 18.062000 24.480000 -3.800000
    endloop
  endfacet
  facet normal -1.000000 0.000000 0.000000
    outer loop
      vertex 18.062000 3.680000 11.800000
      vertex 18.062000 24.480000 -3.800000
      vertex 18.062000 3.680000 -3.800000
    endloop
  endfacet
  facet normal 1.000000 0.000000 0.000000
    outer loop
      vertex 17.050000 3.680000 -3.800000
      vertex 17.050000 24.480000 -3.800000
      vertex 17.050000 24.480000 11.800000
    endloop
  endfacet
  facet normal 1.000000 0.000000 0.000000
    outer loop
      vertex 17.050000 3.680000 -3.800000
      vertex 17.050000 24.480000 11.800000
      vertex 17.050000 3.680000 11.800000
    endloop
  endfacet
  facet normal 0.000000 -1.000000 0.000000
    outer loop
      vertex -18.500000 6.050000 -9.000000
      vertex -3.500000 6.050000 -9.000000
      vertex -3.500000 6.050000 1.000000
    endloop
  endfacet
  facet normal 0.000000 -1.000000 0.000000
    outer loop
      vertex -18.500000 6.050000 -9.000000
      vertex -3.500000 6.050000 1.000000
      vertex -18.500000 6.050000 1.000000
    endloop
  endfacet
  facet normal 0.000000 1.000000 0.000000
    outer loop
      vertex -18.500000 1.550000 1.000000
      vertex -3.500000 1.550000 1.000000
      vertex -3.500000 1.550000 -9.000000
    endloop
  endfacet
  facet normal 0.000000 1.000000 0.000000
    outer loop
      vertex -18.500000 1.550000 1.000000
      vertex -3.500000 1.550000 -9.000000
      vertex -18.500000 1.550000 -9.000000
    endloop
  endfacet
  facet normal 0.000000 0.000000 -1.000000
    outer loop
      vertex -18.500000 6.050000 1.000000
      vertex -3.500000 6.050000 1.000000
      vertex -3.500000 1.550000 1.000000
    endloop
  endfacet
  facet normal 0.000000 0.000000 -1.000000
    outer loop
      vertex -18.500000 6.050000 1.000000
      vertex -3.500000 1.550000 1.000000
      vertex -18.500000 1.550000 1.000000
    endloop
  endfacet
  facet normal 0.000000 0.000000 1.000000
    outer loop
      vertex -3.500000 1.550000 -9.000000
      vertex -3.500000 6.050000 -9.000000
      vertex -18.500000 6.050000 -9.000000
    endloop
  endfacet
  facet normal 0.000000 0.000000 1.000000
    outer loop
      vertex -3.500000 1.550000 -9.000000
      vertex -18.500000 6.050000 -9.000000
      vertex -18.500000 1.550000 -9.000000
    endloop
  endfacet
  facet normal -1.000000 0.000000 0.000000
    outer loop
      vertex -3.500000 1.550000 1.000000
      vertex -3.500000 6.050000 1.000000
      vertex -3.500000 6.050000 -9.000000
    endloop
  endfacet
  facet normal -1.000000 0.000000 0.000000
    outer loop
      vertex -3.500000 1.550000 1.000000
      vertex -3.500000 6.050000 -9.000000
      vertex -3.500000 1.550000 -9.000000
    endloop
  endfacet
  facet normal 1.000000 0.000000 0.000000
    outer loop
      vertex -18.500000 1.550000 -9.000000
      vertex -18.500000 6.050000 -9.000000
      vertex -18.500000 6.050000 1.000000
    endloop
  endfacet
  facet normal 1.000000 0.000000 0.000000
    outer loop
      vertex -18.500000 1.550000 -9.000000
      vertex -18.500000 6.050000 1.000000
      vertex -18.500000 1.550000 1.000000
    endloop
  endfacet
  facet normal 0.000000 -1.000000 0.000000
    outer loop
      vertex 3.500000 6.050000 -9.000000
      vertex 18.500000 6.050000 -9.000000
      vertex 18.500000 6.050000 1.000000
    endloop
  endfacet
  facet normal 0.000000 -1.000000 0.000000
    outer loop
      vertex 3.500000 6.050000 -9.000000
      vertex 18.500000 6.050000 1.000000
      vertex 3.500000 6.050000 1.000000
    endloop
  endfacet
  facet normal 0.000000 1.000000 0.000000
    outer loop
      vertex 3.500000 1.550000 1.000000
      vertex 18.500000 1.550000 1.000000
      vertex 18.500000 1.550000 -9.000000
    endloop
  endfacet
  facet normal 0.000000 1.000000 0.000000
    outer loop
      vertex 3.500000 1.550000 1.000000
      vertex 18.500000 1.550000 -9.000000
      vertex 3.500000 1.550000 -9.000000
    endloop
  endfacet
  facet normal 0.000000 0.000000 -1.000000
    outer loop
      vertex 3.500000 6.050000 1.000000
      vertex 18.500000 6.050000 1.000000
      vertex 18.500000 1.550000 1.000000
    endloop
  endfacet
  facet normal 0.000000 0.000000 -1.000000
    outer loop
      vertex 3.500000 6.050000 1.000000
      vertex 18.500000 1.550000 1.000000
      vertex 3.500000 1.550000 1.000000
    endloop
  endfacet
  facet normal 0.000000 0.000000 1.000000
    outer loop
      vertex 18.500000 1.550000 -9.000000
      vertex 18.500000 6.050000 -9.000000
      vertex 3.500000 6.050000 -9.000000
    endloop
  endfacet
  facet normal 0.000000 0.000000 1.000000
    outer loop
      vertex 18.500000 1.550000 -9.000000
      vertex 3.500000 6.050000 -9.000000
      vertex 3.500000 1.550000 -9.000000
    endloop
  endfacet
  facet normal -1.000000 0.000000 0.000000
    outer loop
      vertex 18.500000 1.550000 1.000000
      vertex 18.500000 6.050000 1.000000
      vertex 18.500000 6.050000 -9.000000
    endloop
  endfacet
  facet normal -1.000000 0.000000 0.000000
    outer loop
      vertex 18.500000 1.550000 1.000000
      vertex 18.500000 6.050000 -9.000000
      vertex 18.500000 1.550000 -9.000000
    endloop
  endfacet
  facet normal 1.000000 0.000000 0.000000
    outer loop
      vertex 3.500000 1.550000 -9.000000
      vertex 3.500000 6.050000 -9.000000
      vertex 3.500000 6.050000 1.000000
    endloop
  endfacet
  facet normal 1.000000 0.000000 0.000000
    outer loop
      vertex 3.500000 1.550000 -9.000000
      vertex 3.500000 6.050000 1.000000
      vertex 3.500000 1.550000 1.000000
    endloop
  endfacet
  facet normal 0.000000 -1.000000 0.000000
    outer loop
      vertex -23.000000 11.000000 -24.500000
      vertex -1.000000 11.000000 -24.500000
      vertex -1.000000 11.000000 -15.500000
    endloop
  endfacet
  facet normal 0.000000 -1.000000 0.000000
    outer loop
      vertex -23.000000 11.000000 -24.500000
      vertex -1.000000 11.000000 -15.500000
      vertex -23.000000 11.000000 -15.500000
    endloop
  endfacet
  facet normal 0.000000 1.000000 0.000000
    outer loop
      vertex -23.000000 0.000000 -15.500000
      vertex -1.000000 0.000000 -15.500000
      vertex -1.000000 0.000000 -24.500000
    endloop
  endfacet
  facet normal 0.000000 1.000000 0.000000
    outer loop
      vertex -23.000000 0.000000 -15.500000
      vertex -1.000000 0.000000 -24.500000
      vertex -23.000000 0.000000 -24.500000
    endloop
  endfacet
  facet normal 0.000000 0.000000 -1.000000
    outer loop
      vertex -23.000000 11.000000 -15.500000
      vertex -1.000000 11.000000 -15.500000
      vertex -1.000000 0.000000 -15.500000
    endloop
  endfacet
  facet normal 0.000000 0.000000 -1.000000
    outer loop
      vertex -23.000000 11.000000 -15.500000
      vertex -1.000000 0.000000 -15.500000
      vertex -23.000000 0.000000 -15.500000
    endloop
  endfacet
  facet normal 0.000000 0.000000 1.000000
    outer loop
      vertex -1.000000 0.000000 -24.500000
      vertex -1.000000 11.000000 -24.500000
      vertex -23.000000 11.000000 -24.500000
    endloop
  endfacet
  facet normal 0.000000 0.000000 1.000000
    outer loop
      vertex -1.000000 0.000000 -24.500000
      vertex -23.000000 11.000000 -24.500000
      vertex -23.000000 0.000000 -24.500000
    endloop
  endfacet
  facet normal -1.000000 0.000000 0.000000
    outer loop
      vertex -1.000000 0.000000 -15.500000
      vertex -1.000000 11.000000 -15.500000
      vertex -1.000000 11.000000 -24.500000
    endloop
  endfacet
  facet normal -1.000000 0.000000 0.000000
    outer loop
      vertex -1.000000 0.000000 -15.500000
      vertex -1.000000 11.000000 -24.500000
      vertex -1.000000 0.000000 -24.500000
    endloop
  endfacet
  facet normal 1.000000 0.000000 0.000000
    outer loop
      vertex -23.000000 0.000000 -24.500000
      vertex -23.000000 11.000000 -24.500000
      vertex -23.000000 11.000000 -15.500000
    endloop
  endfacet
  facet normal 1.000000 0.000000 0.000000
    outer loop
      vertex -23.000000 0.000000 -24.500000
      vertex -23.000000 11.000000 -15.500000
      vertex -23.000000 0.000000 -15.500000
    endloop
  endfacet
  facet normal 0.000000 -1.000000 0.000000
    outer loop
      vertex 1.000000 11.000000 -24.500000
      vertex 23.000000 11.000000 -24.500000
      vertex 23.000000 11.000000 -15.500000
    endloop
  endfacet
  facet normal 0.000000 -1.000000 0.000000
    outer loop
      vertex 1.000000 11.000000 -24.500000
      vertex 23.000000 11.000000 -15.500000
      vertex 1.000000 11.000000 -15.500000
    endloop
  endfacet
  facet normal 0.000000 1.000000 0.000000
    outer loop
      vertex 1.000000 0.000000 -15.500000
      vertex 23.000000 0.000000 -15.500000
      vertex 23.000000 0.000000 -24.500000
    endloop
  endfacet
  facet normal 0.000000 1.000000 0.000000
    outer loop
      vertex 1.000000 0.000000 -15.500000
      vertex 23.000000 0.000000 -24.500000
      vertex 1.000000 0.000000 -24.500000
    endloop
  endfacet
  facet normal 0.000000 0.000000 -1.000000
    outer loop
      vertex 1.000000 11.000000 -15.500000
      vertex 23.000000 11.000000 -15.500000
      vertex 23.000000 0.000000 -15.500000
    endloop
  endfacet
  facet normal 0.000000 0.000000 -1.000000
    outer loop
      vertex 1.000000 11.000000 -15.500000
      vertex 23.000000 0.000000 -15.500000
      vertex 1.000000 0.000000 -15.500000
    endloop
  endfacet
  facet normal 0.000000 0.000000 1.000000
    outer loop
      vertex 23.000000 0.000000 -24.500000
      vertex 23.000000 11.000000 -24.500000
      vertex 1.000000 11.000000 -24.500000
    endloop
  endfacet
  facet normal 0.000000 0.000000 1.000000
    outer loop
      vertex 23.000000 0.000000 -24.500000
      vertex 1.000000 11.000000 -24.500000
      vertex 1.000000 0.000000 -24.500000
    endloop
  endfacet
  facet normal -1.000000 0.000000 0.000000
    outer loop
      vertex 23.000000 0.000000 -15.500000
      vertex 23.000000 11.000000 -15.500000
      vertex 23.000000 11.000000 -24.500000
    endloop
  endfacet
  facet normal -1.000000 0.000000 0.000000
    outer loop
      vertex 23.000000 0.000000 -15.500000
      vertex 23.000000 11.000000 -24.500000
      vertex 23.000000 0.000000 -24.500000
    endloop
  endfacet
  facet normal 1.000000 0.000000 0.000000
    outer loop
      vertex 1.000000 0.000000 -24.500000
      vertex 1.000000 11.000000 -24.500000
      vertex 1.000000 11.000000 -15.500000
    endloop
  endfacet
  facet normal 1.000000 0.000000 0.000000
    outer loop
      vertex 1.000000 0.000000 -24.500000
      vertex 1.000000 11.000000 -15.500000
      vertex 1.000000 0.000000 -15.500000
    endloop
  endfacet
  facet normal 0.000000 -1.000000 0.000000
    outer loop
      vertex -10.160000 3.750000 20.750000
      vertex 10.160000 3.750000 20.750000
      vertex 10.160000 3.750000 23.250000
    endloop
  endfacet
  facet normal 0.000000 -1.000000 0.000000
    outer loop
      vertex -10.160000 3.750000 20.750000
      vertex 10.160000 3.750000 23.250000
      vertex -10.160000 3.750000 23.250000
    endloop
  endfacet
  facet normal 0.000000 1.000000 0.000000
    outer loop
      vertex -10.160000 1.250000 23.250000
      vertex 10.160000 1.250000 23.250000
      vertex 10.160000 1.250000 20.750000
    endloop
  endfacet
  facet normal 0.000000 1.000000 0.000000
    outer loop
      vertex -10.160000 1.250000 23.250000
      vertex 10.160000 1.250000 20.750000
      vertex -10.160000 1.250000 20.750000
    endloop
  endfacet
  facet normal 0.000000 0.000000 -1.000000
    outer loop
      vertex -10.160000 3.750000 23.250000
      vertex 10.160000 3.750000 23.250000
      vertex 10.160000 1.250000 23.250000
    endloop
  endfacet
  facet normal 0.000000 0.000000 -1.000000
    outer loop
      vertex -10.160000 3.750000 23.250000
      vertex 10.160000 1.250000 23.250000
      vertex -10.160000 1.250000 23.250000
    endloop
  endfacet
  facet normal 0.000000 0.000000 1.000000
    outer loop
      vertex 10.160000 1.250000 20.750000
      vertex 10.160000 3.750000 20.750000
      vertex -10.160000 3.750000 20.750000
    endloop
  endfacet
  facet normal 0.000000 0.000000 1.000000
    outer loop
      vertex 10.160000 1.250000 20.750000
      vertex -10.160000 3.750000 20.750000
      vertex -10.160000 1.250000 20.750000
    endloop
  endfacet
  facet normal -1.000000 0.000000 0.000000
    outer loop
      vertex 10.160000 1.250000 23.250000
      vertex 10.160000 3.750000 23.250000
      vertex 10.160000 3.750000 20.750000
    endloop
  endfacet
  facet normal -1.000000 0.000000 0.000000
    outer loop
      vertex 10.160000 1.250000 23.250000
      vertex 10.160000 3.750000 20.750000
      vertex 10.160000 1.250000 20.750000
    endloop
  endfacet
  facet normal 1.000000 0.000000 0.000000
    outer loop
      vertex -10.160000 1.250000 20.750000
      vertex -10.160000 3.750000 20.750000
      vertex -10.160000 3.750000 23.250000
    endloop
  endfacet
  facet normal 1.000000 0.000000 0.000000
    outer loop
      vertex -10.160000 1.250000 20.750000
      vertex -10.160000 3.750000 23.250000
      vertex -10.160000 1.250000 23.250000
    endloop
  endfacet
endsolid bts7960_motor_driver