solid arduino_uno_r3
  facet normal 0.000000 -1.000000 0.000000
    outer loop
      vertex -26.700000 1.600000 -34.300000
      vertex 26.700000 1.600000 -34.300000
      vertex 26.700000 1.600000 34.300000
    endloop
  endfacet
  facet normal 0.000000 -1.000000 0.000000
    outer loop
      vertex -26.700000 1.600000 -34.300000
      vertex 26.700000 1.600000 34.300000
      vertex -26.700000 1.600000 34.300000
    endloop
  endfacet
  facet normal 0.000000 1.000000 0.000000
    outer loop
      vertex -26.700000 0.000000 34.300000
      vertex 26.700000 0.000000 34.300000
      vertex 26.700000 0.000000 -34.300000
    endloop
  endfacet
  facet normal 0.000000 1.000000 0.000000
    outer loop
      vertex -26.700000 0.000000 34.300000
      vertex 26.700000 0.000000 -34.300000
      vertex -26.700000 0.000000 -34.300000
    endloop
  endfacet
  facet normal 0.000000 0.000000 -1.000000
    outer loop
      vertex -26.700000 1.600000 34.300000
      vertex 26.700000 1.600000 34.300000
      vertex 26.700000 0.000000 34.300000
    endloop
  endfacet
  facet normal 0.000000 0.000000 -1.000000
    outer loop
      vertex -26.700000 1.600000 34.300000
      vertex 26.700000 0.000000 34.300000
      vertex -26.700000 0.000000 34.300000
    endloop
  endfacet
  facet normal 0.000000 0.000000 1.000000
    outer loop
      vertex 26.700000 0.000000 -34.300000
      vertex 26.700000 1.600000 -34.300000
      vertex -26.700000 1.600000 -34.300000
    endloop
  endfacet
  facet normal 0.000000 0.000000 1.000000
    outer loop
      vertex 26.700000 0.000000 -34.300000
      vertex -26.700000 1.600000 -34.300000
      vertex -26.700000 0.000000 -34.300000
    endloop
  endfacet
  facet normal -1.000000 0.000000 0.000000
    outer loop
      vertex 26.700000 0.000000 34.300000
      vertex 26.700000 1.600000 34.300000
      vertex 26.700000 1.600000 -34.300000
    endloop
  endfacet
  facet normal -1.000000 0.000000 0.000000
    outer loop
      vertex 26.700000 0.000000 34.300000
      vertex 26.700000 1.600000 -34.300000
      vertex 26.700000 0.000000 -34.300000
    endloop
  endfacet
  facet normal 1.000000 0.000000 0.000000
    outer loop
      vertex -26.700000 0.000000 -34.300000
      vertex -26.700000 1.600000 -34.300000
      vertex -26.700000 1.600000 34.300000
    endloop
  endfacet
  facet normal 1.000000 0.000000 0.000000
    outer loop
      vertex -26.700000 0.000000 -34.300000
      vertex -26.700000 1.600000 34.300000
      vertex -26.700000 0.000000 34.300000
    endloop
  endfacet
  facet normal 0.000000 -1.000000 0.000000
    outer loop
      vertex -25.400000 6.825000 19.400000
      vertex -23.200000 6.825000 19.400000
      vertex -23.200000 6.825000 21.600000
    endloop
  endfacet
  facet normal 0.000000 -1.000000 0.000000
    outer loop
      vertex -25.400000 6.825000 19.400000
      vertex -23.200000 6.825000 21.600000
      vertex -25.400000 6.825000 21.600000
    endloop
  endfacet
  facet normal 0.000000 1.000000 0.000000
    outer loop
      vertex -25.400000 5.275000 21.600000
      vertex -23.200000 5.275000 21.600000
      vertex -23.200000 5.275000 19.400000
    endloop
  endfacet
  facet normal 0.000000 1.000000 0.000000
    outer loop
      vertex -25.400000 5.275000 21.600000
      vertex -23.200000 5.275000 19.400000
      vertex -25.400000 5.275000 19.400000
    endloop
  endfacet
  facet normal 0.000000 0.000000 -1.000000
    outer loop
      vertex -25.400000 6.825000 21.600000
      vertex -23.200000 6.825000 21.600000
      vertex -23.200000 5.275000 21.600000
    endloop
  endfacet
  facet normal 0.000000 0.000000 -1.000000
    outer loop
      vertex -25.400000 6.825000 21.600000
      vertex -23.200000 5.275000 21.600000
      vertex -25.400000 5.275000 21.600000
    endloop
  endfacet
  facet normal 0.000000 0.000000 1.000000
    outer loop
      vertex -23.200000 5.275000 19.400000
      vertex -23.200000 6.825000 19.400000
      vertex -25.400000 6.825000 19.400000
    endloop
  endfacet
  facet normal 0.000000 0.000000 1.000000
    outer loop
      vertex -23.200000 5.275000 19.400000
      vertex -25.400000 6.825000 19.400000
      vertex -25.400000 5.275000 19.400000
    endloop
  endfacet
  facet normal -1.000000 0.000000 0.000000
    outer loop
      vertex -23.200000 5.275000 21.600000
      vertex -23.200000 6.825000 21.600000
      vertex -23.200000 6.825000 19.400000
    endloop
  endfacet
  facet normal -1.000000 0.000000 0.000000
    outer loop
      vertex -23.200000 5.275000 21.600000
      vertex -23.200000 6.825000 19.400000
      vertex -23.200000 5.275000 19.400000
    endloop
  endfacet
  facet normal 1.000000 0.000000 0.000000
    outer loop
      vertex -25.400000 5.275000 19.400000
      vertex -25.400000 6.825000 19.400000
      vertex -25.400000 6.825000 21.600000
    endloop
  endfacet
  facet normal 1.000000 0.000000 0.000000
    outer loop
      vertex -25.400000 5.275000 19.400000
      vertex -25.400000 6.825000 21.600000
      vertex -25.400000 5.275000 21.600000
    endloop
  endfacet
  facet normal 0.000000 -1.000000 0.000000
    outer loop
      vertex -24.630000 10.800000 20.170000
      vertex -23.970000 10.800000 20.170000
      vertex -23.970000 10.800000 20.830000
    endloop
  endfacet
  facet normal 0.000000 -1.000000 0.000000
    outer loop
      vertex -24.630000 10.800000 20.170000
      vertex -23.970000 10.800000 20.830000
      vertex -24.630000 10.800000 20.830000
    endloop
  endfacet
  facet normal 0.000000 1.000000 0.000000
    outer loop
      vertex -24.630000 5.600000 20.830000
      vertex -23.970000 5.600000 20.830000
      vertex -23.970000 5.600000 20.170000
    endloop
  endfacet
  facet normal 0.000000 1.000000 0.000000
    outer loop
      vertex -24.630000 5.600000 20.830000
      vertex -23.970000 5.600000 20.170000
      vertex -24.630000 5.600000 20.170000
    endloop
  endfacet
  facet normal 0.000000 0.000000 -1.000000
    outer loop
      vertex -24.630000 10.800000 20.830000
      vertex -23.970000 10.800000 20.830000
      vertex -23.970000 5.600000 20.830000
    endloop
  endfacet
  facet normal 0.000000 0.000000 -1.000000
    outer loop
      vertex -24.630000 10.800000 20.830000
      vertex -23.970000 5.600000 20.830000
      vertex -24.630000 5.600000 20.830000
    endloop
  endfacet
  facet normal 0.000000 0.000000 1.000000
    outer loop
      vertex -23.970000 5.600000 20.170000
      vertex -23.970000 10.800000 20.170000
      vertex -24.630000 10.800000 20.170000
    endloop
  endfacet
  facet normal 0.000000 0.000000 1.000000
    outer loop
      vertex -23.970000 5.600000 20.170000
      vertex -24.630000 10.800000 20.170000
      vertex -24.630000 5.600000 20.170000
    endloop
  endfacet
  facet normal -1.000000 0.000000 0.000000
    outer loop
      vertex -23.970000 5.600000 20.830000
      vertex -23.970000 10.800000 20.830000
      vertex -23.970000 10.800000 20.170000
    endloop
  endfacet
  facet normal -1.000000 0.000000 0.000000
    outer loop
      vertex -23.970000 5.600000 20.830000
      vertex -23.970000 10.800000 20.170000
      vertex -23.970000 5.600000 20.170000
    endloop
  endfacet
  facet normal 1.000000 0.000000 0.000000
    outer loop
      vertex -24.630000 5.600000 20.170000
      vertex -24.630000 10.800000 20.170000
      vertex -24.630000 10.800000 20.830000
    endloop
  endfacet
  facet normal 1.000000 0.000000 0.000000
    outer loop
      vertex -24.630000 5.600000 20.170000
      vertex -24.630000 10.800000 20.830000
      vertex -24.630000 5.600000 20.830000
    endloop
  endfacet
  facet normal 0.000000 -1.000000 0.000000
    outer loop
      vertex -25.400000 6.825000 16.860000
      vertex -23.200000 6.825000 16.860000
      vertex -23.200000 6.825000 19.060000
    endloop
  endfacet
  facet normal 0.000000 -1.000000 0.000000
    outer loop
      vertex -25.400000 6.825000 16.860000
      vertex -23.200000 6.825000 19.060000
      vertex -25.400000 6.825000 19.060000
    endloop
  endfacet
  facet normal 0.000000 1.000000 0.000000
    outer loop
      vertex -25.400000 5.275000 19.060000
      vertex -23.200000 5.275000 19.060000
      vertex -23.200000 5.275000 16.860000
    endloop
  endfacet
  facet normal 0.000000 1.000000 0.000000
    outer loop
      vertex -25.400000 5.275000 19.060000
      vertex -23.200000 5.275000 16.860000
      vertex -25.400000 5.275000 16.860000
    endloop
  endfacet
  facet normal 0.000000 0.000000 -1.000000
    outer loop
      vertex -25.400000 6.825000 19.060000
      vertex -23.200000 6.825000 19.060000
      vertex -23.200000 5.275000 19.060000
    endloop
  endfacet
  facet normal 0.000000 0.000000 -1.000000
    outer loop
      vertex -25.400000 6.825000 19.060000
      vertex -23.200000 5.275000 19.060000
      vertex -25.400000 5.275000 19.060000
    endloop
  endfacet
  facet normal 0.000000 0.000000 1.000000
    outer loop
      vertex -23.200000 5.275000 16.860000
      vertex -23.200000 6.825000 16.860000
      vertex -25.400000 6.825000 16.860000
    endloop
  endfacet
  facet normal 0.000000 0.000000 1.000000
    outer loop
      vertex -23.200000 5.275000 16.860000
      vertex -25.400000 6.825000 16.860000
      vertex -25.400000 5.275000 16.860000
    endloop
  endfacet
  facet normal -1.000000 0.000000 0.000000
    outer loop
      vertex -23.200000 5.275000 19.060000
      vertex -23.200000 6.825000 19.060000
      vertex -23.200000 6.825000 16.860000
    endloop
  endfacet
  facet normal -1.000000 0.000000 0.000000
    outer loop
      vertex -23.200000 5.275000 19.060000
      vertex -23.200000 6.825000 16.860000
      vertex -23.200000 5.275000 16.860000
    endloop
  endfacet
  facet normal 1.000000 0.000000 0.000000
    outer loop
      vertex -25.400000 5.275000 16.860000
      vertex -25.400000 6.825000 16.860000
      vertex -25.400000 6.825000 19.060000
    endloop
  endfacet
  facet normal 1.000000 0.000000 0.000000
    outer loop
      vertex -25.400000 5.275000 16.860000
      vertex -25.400000 6.825000 19.060000
      vertex -25.400000 5.275000 19.060000
    endloop
  endfacet
  facet normal 0.000000 -1.000000 0.000000
    outer loop
      vertex -24.630000 10.800000 17.630000
      vertex -23.970000 10.800000 17.630000
      vertex -23.970000 10.800000 18.290000
    endloop
  endfacet
  facet normal 0.000000 -1.000000 0.000000
    outer loop
      vertex -24.630000 10.800000 17.630000
      vertex -23.970000 10.800000 18.290000
      vertex -24.630000 10.800000 18.290000
    endloop
  endfacet
  facet normal 0.000000 1.000000 0.000000
    outer loop
      vertex -24.630000 5.600000 18.290000
      vertex -23.970000 5.600000 18.290000
      vertex -23.970000 5.600000 17.630000
    endloop
  endfacet
  facet normal 0.000000 1.000000 0.000000
    outer loop
      vertex -24.630000 5.600000 18.290000
      vertex -23.970000 5.600000 17.630000
      vertex -24.630000 5.600000 17.630000
    endloop
  endfacet
  facet normal 0.000000 0.000000 -1.000000
    outer loop
      vertex -24.630000 10.800000 18.290000
      vertex -23.970000 10.800000 18.290000
      vertex -23.970000 5.600000 18.290000
    endloop
  endfacet
  facet normal 0.000000 0.000000 -1.000000
    outer loop
      vertex -24.630000 10.800000 18.290000
      vertex -23.970000 5.600000 18.290000
      vertex -24.630000 5.600000 18.290000
    endloop
  endfacet
  facet normal 0.000000 0.000000 1.000000
    outer loop
      vertex -23.970000 5.600000 17.630000
      vertex -23.970000 10.800000 17.630000
      vertex -24.630000 10.800000 17.630000
    endloop
  endfacet
  facet normal 0.000000 0.000000 1.000000
    outer loop
      vertex -23.970000 5.600000 17.630000
      vertex -24.630000 10.800000 17.630000
      vertex -24.630000 5.600000 17.630000
    endloop
  endfacet
  facet normal -1.000000 0.000000 0.000000
    outer loop
      vertex -23.970000 5.600000 18.290000
      vertex -23.970000 10.800000 18.290000
      vertex -23.970000 10.800000 17.630000
    endloop
  endfacet
  facet normal -1.000000 0.000000 0.000000
    outer loop
      vertex -23.970000 5.600000 18.290000
      vertex -23.970000 10.800000 17.630000
      vertex -23.970000 5.600000 17.630000
    endloop
  endfacet
  facet normal 1.000000 0.000000 0.000000
    outer loop
      vertex -24.630000 5.600000 17.630000
      vertex -24.630000 10.800000 17.630000
      vertex -24.630000 10.800000 18.290000
    endloop
  endfacet
  facet normal 1.000000 0.000000 0.000000
    outer loop
      vertex -24.630000 5.600000 17.630000
      vertex -24.630000 10.800000 18.290000
      vertex -24.630000 5.600000 18.290000
    endloop
  endfacet
  facet normal 0.000000 -1.000000 0.000000
    outer loop
      vertex -25.400000 6.825000 14.320000
      vertex -23.200000 6.825000 14.320000
      vertex -23.200000 6.825000 16.520000
    endloop
  endfacet
  facet normal 0.000000 -1.000000 0.000000
    outer loop
      vertex -25.400000 6.825000 14.320000
      vertex -23.200000 6.825000 16.520000
      vertex -25.400000 6.825000 16.520000
    endloop
  endfacet
  facet normal 0.000000 1.000000 0.000000
    outer loop
      vertex -25.400000 5.275000 16.520000
      vertex -23.200000 5.275000 16.520000
      vertex -23.200000 5.275000 14.320000
    endloop
  endfacet
  facet normal 0.000000 1.000000 0.000000
    outer loop
      vertex -25.400000 5.275000 16.520000
      vertex -23.200000 5.275000 14.320000
      vertex -25.400000 5.275000 14.320000
    endloop
  endfacet
  facet normal 0.000000 0.000000 -1.000000
    outer loop
      vertex -25.400000 6.825000 16.520000
      vertex -23.200000 6.825000 16.520000
      vertex -23.200000 5.275000 16.520000
    endloop
  endfacet
  facet normal 0.000000 0.000000 -1.000000
    outer loop
      vertex -25.400000 6.825000 16.520000
      vertex -23.200000 5.275000 16.520000
      vertex -25.400000 5.275000 16.520000
    endloop
  endfacet
  facet normal 0.000000 0.000000 1.000000
    outer loop
      vertex -23.200000 5.275000 14.320000
      vertex -23.200000 6.825000 14.320000
      vertex -25.400000 6.825000 14.320000
    endloop
  endfacet
  facet normal 0.000000 0.000000 1.000000
    outer loop
      vertex -23.200000 5.275000 14.320000
      vertex -25.400000 6.825000 14.320000
      vertex -25.400000 5.275000 14.320000
    endloop
  endfacet
  facet normal -1.000000 0.000000 0.000000
    outer loop
      vertex -23.200000 5.275000 16.520000
      vertex -23.200000 6.825000 16.520000
      vertex -23.200000 6.825000 14.320000
    endloop
  endfacet
  facet normal -1.000000 0.000000 0.000000
    outer loop
      vertex -23.200000 5.275000 16.520000
      vertex -23.200000 6.825000 14.320000
      vertex -23.200000 5.275000 14.320000
    endloop
  endfacet
  facet normal 1.000000 0.000000 0.000000
    outer loop
      vertex -25.400000 5.275000 14.320000
      vertex -25.400000 6.825000 14.320000
      vertex -25.400000 6.825000 16.520000
    endloop
  endfacet
  facet normal 1.000000 0.000000 0.000000
    outer loop
      vertex -25.400000 5.275000 14.320000
      vertex -25.400000 6.825000 16.520000
      vertex -25.400000 5.275000 16.520000
    endloop
  endfacet
  facet normal 0.000000 -1.000000 0.000000
    outer loop
      vertex -24.630000 10.800000 15.090000
      vertex -23.970000 10.800000 15.090000
      vertex -23.970000 10.800000 15.750000
    endloop
  endfacet
  facet normal 0.000000 -1.000000 0.000000
    outer loop
      vertex -24.630000 10.800000 15.090000
      vertex -23.970000 10.800000 15.750000
      vertex -24.630000 10.800000 15.750000
    endloop
  endfacet
  facet normal 0.000000 1.000000 0.000000
    outer loop
      vertex -24.630000 5.600000 15.750000
      vertex -23.970000 5.600000 15.750000
      vertex -23.970000 5.600000 15.090000
    endloop
  endfacet
  facet normal 0.000000 1.000000 0.000000
    outer loop
      vertex -24.630000 5.600000 15.750000
      vertex -23.970000 5.600000 15.090000
      vertex -24.630000 5.600000 15.090000
    endloop
  endfacet
  facet normal 0.000000 0.000000 -1.000000
    outer loop
      vertex -24.630000 10.800000 15.750000
      vertex -23.970000 10.800000 15.750000
      vertex -23.970000 5.600000 15.750000
    endloop
  endfacet
  facet normal 0.000000 0.000000 -1.000000
    outer loop
      vertex -24.630000 10.800000 15.750000
      vertex -23.970000 5.600000 15.750000
      vertex -24.630000 5.600000 15.750000
    endloop
  endfacet
  facet normal 0.000000 0.000000 1.000000
    outer loop
      vertex -23.970000 5.600000 15.090000
      vertex -23.970000 10.800000 15.090000
      vertex -24.630000 10.800000 15.090000
    endloop
  endfacet
  facet normal 0.000000 0.000000 1.000000
    outer loop
      vertex -23.970000 5.600000 15.090000
      vertex -24.630000 10.800000 15.090000
      vertex -24.630000 5.600000 15.090000
    endloop
  endfacet
  facet normal -1.000000 0.000000 0.000000
    outer loop
      vertex -23.970000 5.600000 15.750000
      vertex -23.970000 10.800000 15.750000
      vertex -23.970000 10.800000 15.090000
    endloop
  endfacet
  facet normal -1.000000 0.000000 0.000000
    outer loop
      vertex -23.970000 5.600000 15.750000
      vertex -23.970000 10.800000 15.090000
      vertex -23.970000 5.600000 15.090000
    endloop
  endfacet
  facet normal 1.000000 0.000000 0.000000
    outer loop
      vertex -24.630000 5.600000 15.090000
      vertex -24.630000 10.800000 15.090000
      vertex -24.630000 10.800000 15.750000
    endloop
  endfacet
  facet normal 1.000000 0.000000 0.000000
    outer loop
      vertex -24.630000 5.600000 15.090000
      vertex -24.630000 10.800000 15.750000
      vertex -24.630000 5.600000 15.750000
    endloop
  endfacet
  facet normal 0.000000 -1.000000 0.000000
    outer loop
      vertex -25.400000 6.825000 11.780000
      vertex -23.200000 6.825000 11.780000
      vertex -23.200000 6.825000 13.980000
    endloop
  endfacet
  facet normal 0.000000 -1.000000 0.000000
    outer loop
      vertex -25.400000 6.825000 11.780000
      vertex -23.200000 6.825000 13.980000
      vertex -25.400000 6.825000 13.980000
    endloop
  endfacet
  facet normal 0.000000 1.000000 0.000000
    outer loop
      vertex -25.400000 5.275000 13.980000
      vertex -23.200000 5.275000 13.980000
      vertex -23.200000 5.275000 11.780000
    endloop
  endfacet
  facet normal 0.000000 1.000000 0.000000
    outer loop
      vertex -25.400000 5.275000 13.980000
      vertex -23.200000 5.275000 11.780000
      vertex -25.400000 5.275000 11.780000
    endloop
  endfacet
  facet normal 0.000000 0.000000 -1.000000
    outer loop
      vertex -25.400000 6.825000 13.980000
      vertex -23.200000 6.825000 13.980000
      vertex -23.200000 5.275000 13.980000
    endloop
  endfacet
  facet normal 0.000000 0.000000 -1.000000
    outer loop
      vertex -25.400000 6.825000 13.980000
      vertex -23.200000 5.275000 13.980000
      vertex -25.400000 5.275000 13.980000
    endloop
  endfacet
  facet normal 0.000000 0.000000 1.000000
    outer loop
      vertex -23.200000 5.275000 11.780000
      vertex -23.200000 6.825000 11.780000
      vertex -25.400000 6.825000 11.780000
    endloop
  endfacet
  facet normal 0.000000 0.000000 1.000000
    outer loop
      vertex -23.200000 5.275000 11.780000
      vertex -25.400000 6.825000 11.780000
      vertex -25.400000 5.275000 11.780000
    endloop
  endfacet
  facet normal -1.000000 0.000000 0.000000
    outer loop
      vertex -23.200000 5.275000 13.980000
      vertex -23.200000 6.825000 13.980000
      vertex -23.200000 6.825000 11.780000
    endloop
  endfacet
  facet normal -1.000000 0.000000 0.000000
    outer loop
      vertex -23.200000 5.275000 13.980000
      vertex -23.200000 6.825000 11.780000
      vertex -23.200000 5.275000 11.780000
    endloop
  endfacet
  facet normal 1.000000 0.000000 0.000000
    outer loop
      vertex -25.400000 5.275000 11.780000
      vertex -25.400000 6.825000 11.780000
      vertex -25.400000 6.825000 13.980000
    endloop
  endfacet
  facet normal 1.000000 0.000000 0.000000
    outer loop
      vertex -25.400000 5.275000 11.780000
      vertex -25.400000 6.825000 13.980000
      vertex -25.400000 5.275000 13.980000
    endloop
  endfacet
  facet normal 0.000000 -1.000000 0.000000
    outer loop
      vertex -24.630000 10.800000 12.550000
      vertex -23.970000 10.800000 12.550000
      vertex -23.970000 10.800000 13.210000
    endloop
  endfacet
  facet normal 0.000000 -1.000000 0.000000
    outer loop
      vertex -24.630000 10.800000 12.550000
      vertex -23.970000 10.800000 13.210000
      vertex -24.630000 10.800000 13.210000
    endloop
  endfacet
  facet normal 0.000000 1.000000 0.000000
    outer loop
      vertex -24.630000 5.600000 13.210000
      vertex -23.970000 5.600000 13.210000
      vertex -23.970000 5.600000 12.550000
    endloop
  endfacet
  facet normal 0.000000 1.000000 0.000000
    outer loop
      vertex -24.630000 5.600000 13.210000
      vertex -23.970000 5.600000 12.550000
      vertex -24.630000 5.600000 12.550000
    endloop
  endfacet
  facet normal 0.000000 0.000000 -1.000000
    outer loop
      vertex -24.630000 10.800000 13.210000
      vertex -23.970000 10.800000 13.210000
      vertex -23.970000 5.600000 13.210000
    endloop
  endfacet
  facet normal 0.000000 0.000000 -1.000000
    outer loop
      vertex -24.630000 10.800000 13.210000
      vertex -23.970000 5.600000 13.210000
      vertex -24.630000 5.600000 13.210000
    endloop
  endfacet
  facet normal 0.000000 0.000000 1.000000
    outer loop
      vertex -23.970000 5.600000 12.550000
      vertex -23.970000 10.800000 12.550000
      vertex -24.630000 10.800000 12.550000
    endloop
  endfacet
  facet normal 0.000000 0.000000 1.000000
    outer loop
      vertex -23.970000 5.600000 12.550000
      vertex -24.630000 10.800000 12.550000
      vertex -24.630000 5.600000 12.550000
    endloop
  endfacet
  facet normal -1.000000 0.000000 0.000000
    outer loop
      vertex -23.970000 5.600000 13.210000
      vertex -23.970000 10.800000 13.210000
      vertex -23.970000 10.800000 12.550000
    endloop
  endfacet
  facet normal -1.000000 0.000000 0.000000
    outer loop
      vertex -23.970000 5.600000 13.210000
      vertex -23.970000 10.800000 12.550000
      vertex -23.970000 5.600000 12.550000
    endloop
  endfacet
  facet normal 1.000000 0.000000 0.000000
    outer loop
      vertex -24.630000 5.600000 12.550000
      vertex -24.630000 10.800000 12.550000
      vertex -24.630000 10.800000 13.210000
    endloop
  endfacet
  facet normal 1.000000 0.000000 0.000000
    outer loop
      vertex -24.630000 5.600000 12.550000
      vertex -24.630000 10.800000 13.210000
      vertex -24.630000 5.600000 13.210000
    endloop
  endfacet
  facet normal 0.000000 -1.000000 0.000000
    outer loop
      vertex -25.400000 6.825000 9.240000
      vertex -23.200000 6.825000 9.240000
      vertex -23.200000 6.825000 11.440000
    endloop
  endfacet
  facet normal 0.000000 -1.000000 0.000000
    outer loop
      vertex -25.400000 6.825000 9.240000
      vertex -23.200000 6.825000 11.440000
      vertex -25.400000 6.825000 11.440000
    endloop
  endfacet
  facet normal 0.000000 1.000000 0.000000
    outer loop
      vertex -25.400000 5.275000 11.440000
      vertex -23.200000 5.275000 11.440000
      vertex -23.200000 5.275000 9.240000
    endloop
  endfacet
  facet normal 0.000000 1.000000 0.000000
    outer loop
      vertex -25.400000 5.275000 11.440000
      vertex -23.200000 5.275000 9.240000
      vertex -25.400000 5.275000 9.240000
    endloop
  endfacet
  facet normal 0.000000 0.000000 -1.000000
    outer loop
      vertex -25.400000 6.825000 11.440000
      vertex -23.200000 6.825000 11.440000
      vertex -23.200000 5.275000 11.440000
    endloop
  endfacet
  facet normal 0.000000 0.000000 -1.000000
    outer loop
      vertex -25.400000 6.825000 11.440000
      vertex -23.200000 5.275000 11.440000
      vertex -25.400000 5.275000 11.440000
    endloop
  endfacet
  facet normal 0.000000 0.000000 1.000000
    outer loop
      vertex -23.200000 5.275000 9.240000
      vertex -23.200000 6.825000 9.240000
      vertex -25.400000 6.825000 9.240000
    endloop
  endfacet
  facet normal 0.000000 0.000000 1.000000
    outer loop
      vertex -23.200000 5.275000 9.240000
      vertex -25.400000 6.825000 9.240000
      vertex -25.400000 5.275000 9.240000
    endloop
  endfacet
  facet normal -1.000000 0.000000 0.000000
    outer loop
      vertex -23.200000 5.275000 11.440000
      vertex -23.200000 6.825000 11.440000
      vertex -23.200000 6.825000 9.240000
    endloop
  endfacet
  facet normal -1.000000 0.000000 0.000000
    outer loop
      vertex -23.200000 5.275000 11.440000
      vertex -23.200000 6.825000 9.240000
      vertex -23.200000 5.275000 9.240000
    endloop
  endfacet
  facet normal 1.000000 0.000000 0.000000
    outer loop
      vertex -25.400000 5.275000 9.240000
      vertex -25.400000 6.825000 9.240000
      vertex -25.400000 6.825000 11.440000
    endloop
  endfacet
  facet normal 1.000000 0.000000 0.000000
    outer loop
      vertex -25.400000 5.275000 9.240000
      vertex -25.400000 6.825000 11.440000
      vertex -25.400000 5.275000 11.440000
    endloop
  endfacet
  facet normal 0.000000 -1.000000 0.000000
    outer loop
      vertex -24.630000 10.800000 10.010000
      vertex -23.970000 10.800000 10.010000
      vertex -23.970000 10.800000 10.670000
    endloop
  endfacet
  facet normal 0.000000 -1.000000 0.000000
    outer loop
      vertex -24.630000 10.800000 10.010000
      vertex -23.970000 10.800000 10.670000
      vertex -24.630000 10.800000 10.670000
    endloop
  endfacet
  facet normal 0.000000 1.000000 0.000000
    outer loop
      vertex -24.630000 5.600000 10.670000
      vertex -23.970000 5.600000 10.670000
      vertex -23.970000 5.600000 10.010000
    endloop
  endfacet
  facet normal 0.000000 1.000000 0.000000
    outer loop
      vertex -24.630000 5.600000 10.670000
      vertex -23.970000 5.600000 10.010000
      vertex -24.630000 5.600000 10.010000
    endloop
  endfacet
  facet normal 0.000000 0.000000 -1.000000
    outer loop
      vertex -24.630000 10.800000 10.670000
      vertex -23.970000 10.800000 10.670000
      vertex -23.970000 5.600000 10.670000
    endloop
  endfacet
  facet normal 0.000000 0.000000 -1.000000
    outer loop
      vertex -24.630000 10.800000 10.670000
      vertex -23.970000 5.600000 10.670000
      vertex -24.630000 5.600000 10.670000
    endloop
  endfacet
  facet normal 0.000000 0.000000 1.000000
    outer loop
      vertex -23.970000 5.600000 10.010000
      vertex -23.970000 10.800000 10.010000
      vertex -24.630000 10.800000 10.010000
    endloop
  endfacet
  facet normal 0.000000 0.000000 1.000000
    outer loop
      vertex -23.970000 5.600000 10.010000
      vertex -24.630000 10.800000 10.010000
      vertex -24.630000 5.600000 10.010000
    endloop
  endfacet
  facet normal -1.000000 0.000000 0.000000
    outer loop
      vertex -23.970000 5.600000 10.670000
      vertex -23.970000 10.800000 10.670000
      vertex -23.970000 10.800000 10.010000
    endloop
  endfacet
  facet normal -1.000000 0.000000 0.000000
    outer loop
      vertex -23.970000 5.600000 10.670000
      vertex -23.970000 10.800000 10.010000
      vertex -23.970000 5.600000 10.010000
    endloop
  endfacet
  facet normal 1.000000 0.000000 0.000000
    outer loop
      vertex -24.630000 5.600000 10.010000
      vertex -24.630000 10.800000 10.010000
      vertex -24.630000 10.800000 10.670000
    endloop
  endfacet
  facet normal 1.000000 0.000000 0.000000
    outer loop
      vertex -24.630000 5.600000 10.010000
      vertex -24.630000 10.800000 10.670000
      vertex -24.630000 5.600000 10.670000
    endloop
  endfacet
  facet normal 0.000000 -1.000000 0.000000
    outer loop
      vertex -25.400000 6.825000 6.700000
      vertex -23.200000 6.825000 6.700000
      vertex -23.200000 6.825000 8.900000
    endloop
  endfacet
  facet normal 0.000000 -1.000000 0.000000
    outer loop
      vertex -25.400000 6.825000 6.700000
      vertex -23.200000 6.825000 8.900000
      vertex -25.400000 6.825000 8.900000
    endloop
  endfacet
  facet normal 0.000000 1.000000 0.000000
    outer loop
      vertex -25.400000 5.275000 8.900000
      vertex -23.200000 5.275000 8.900000
      vertex -23.200000 5.275000 6.700000
    endloop
  endfacet
  facet normal 0.000000 1.000000 0.000000
    outer loop
      vertex -25.400000 5.275000 8.900000
      vertex -23.200000 5.275000 6.700000
      vertex -25.400000 5.275000 6.700000
    endloop
  endfacet
  facet normal 0.000000 0.000000 -1.000000
    outer loop
      vertex -25.400000 6.825000 8.900000
      vertex -23.200000 6.825000 8.900000
      vertex -23.200000 5.275000 8.900000
    endloop
  endfacet
  facet normal 0.000000 0.000000 -1.000000
    outer loop
      vertex -25.400000 6.825000 8.900000
      vertex -23.200000 5.275000 8.900000
      vertex -25.400000 5.275000 8.900000
    endloop
  endfacet
  facet normal 0.000000 0.000000 1.000000
    outer loop
      vertex -23.200000 5.275000 6.700000
      vertex -23.200000 6.825000 6.700000
      vertex -25.400000 6.825000 6.700000
    endloop
  endfacet
  facet normal 0.000000 0.000000 1.000000
    outer loop
      vertex -23.200000 5.275000 6.700000
      vertex -25.400000 6.825000 6.700000
      vertex -25.400000 5.275000 6.700000
    endloop
  endfacet
  facet normal -1.000000 0.000000 0.000000
    outer loop
      vertex -23.200000 5.275000 8.900000
      vertex -23.200000 6.825000 8.900000
      vertex -23.200000 6.825000 6.700000
    endloop
  endfacet
  facet normal -1.000000 0.000000 0.000000
    outer loop
      vertex -23.200000 5.275000 8.900000
      vertex -23.200000 6.825000 6.700000
      vertex -23.200000 5.275000 6.700000
    endloop
  endfacet
  facet normal 1.000000 0.000000 0.000000
    outer loop
      vertex -25.400000 5.275000 6.700000
      vertex -25.400000 6.825000 6.700000
      vertex -25.400000 6.825000 8.900000
    endloop
  endfacet
  facet normal 1.000000 0.000000 0.000000
    outer loop
      vertex -25.400000 5.275000 6.700000
      vertex -25.400000 6.825000 8.900000
      vertex -25.400000 5.275000 8.900000
    endloop
  endfacet
  facet normal 0.000000 -1.000000 0.000000
    outer loop
      vertex -24.630000 10.800000 7.470000
      vertex -23.970000 10.800000 7.470000
      vertex -23.970000 10.800000 8.130000
    endloop
  endfacet
  facet normal 0.000000 -1.000000 0.000000
    outer loop
      vertex -24.630000 10.800000 7.470000
      vertex -23.970000 10.800000 8.130000
      vertex -24.630000 10.800000 8.130000
    endloop
  endfacet
  facet normal 0.000000 1.000000 0.000000
    outer loop
      vertex -24.630000 5.600000 8.130000
      vertex -23.970000 5.600000 8.130000
      vertex -23.970000 5.600000 7.470000
    endloop
  endfacet
  facet normal 0.000000 1.000000 0.000000
    outer loop
      vertex -24.630000 5.600000 8.130000
      vertex -23.970000 5.600000 7.470000
      vertex -24.630000 5.600000 7.470000
    endloop
  endfacet
  facet normal 0.000000 0.000000 -1.000000
    outer loop
      vertex -24.630000 10.800000 8.130000
      vertex -23.970000 10.800000 8.130000
      vertex -23.970000 5.600000 8.130000
    endloop
  endfacet
  facet normal 0.000000 0.000000 -1.000000
    outer loop
      vertex -24.630000 10.800000 8.130000
      vertex -23.970000 5.600000 8.130000
      vertex -24.630000 5.600000 8.130000
    endloop
  endfacet
  facet normal 0.000000 0.000000 1.000000
    outer loop
      vertex -23.970000 5.600000 7.470000
      vertex -23.970000 10.800000 7.470000
      vertex -24.630000 10.800000 7.470000
    endloop
  endfacet
  facet normal 0.000000 0.000000 1.000000
    outer loop
      vertex -23.970000 5.600000 7.470000
      vertex -24.630000 10.800000 7.470000
      vertex -24.630000 5.600000 7.470000
    endloop
  endfacet
  facet normal -1.000000 0.000000 0.000000
    outer loop
      vertex -23.970000 5.600000 8.130000
      vertex -23.970000 10.800000 8.130000
      vertex -23.970000 10.800000 7.470000
    endloop
  endfacet
  facet normal -1.000000 0.000000 0.000000
    outer loop
      vertex -23.970000 5.600000 8.130000
      vertex -23.970000 10.800000 7.470000
      vertex -23.970000 5.600000 7.470000
    endloop
  endfacet
  facet normal 1.000000 0.000000 0.000000
    outer loop
      vertex -24.630000 5.600000 7.470000
      vertex -24.630000 10.800000 7.470000
      vertex -24.630000 10.800000 8.130000
    endloop
  endfacet
  facet normal 1.000000 0.000000 0.000000
    outer loop
      vertex -24.630000 5.600000 7.470000
      vertex -24.630000 10.800000 8.130000
      vertex -24.630000 5.600000 8.130000
    endloop
  endfacet
  facet normal 0.000000 -1.000000 0.000000
    outer loop
      vertex -25.400000 6.825000 4.160000
      vertex -23.200000 6.825000 4.160000
      vertex -23.200000 6.825000 6.360000
    endloop
  endfacet
  facet normal 0.000000 -1.000000 0.000000
    outer loop
      vertex -25.400000 6.825000 4.160000
      vertex -23.200000 6.825000 6.360000
      vertex -25.400000 6.825000 6.360000
    endloop
  endfacet
  facet normal 0.000000 1.000000 0.000000
    outer loop
      vertex -25.400000 5.275000 6.360000
      vertex -23.200000 5.275000 6.360000
      vertex -23.200000 5.275000 4.160000
    endloop
  endfacet
  facet normal 0.000000 1.000000 0.000000
    outer loop
      vertex -25.400000 5.275000 6.360000
      vertex -23.200000 5.275000 4.160000
      vertex -25.400000 5.275000 4.160000
    endloop
  endfacet
  facet normal 0.000000 0.000000 -1.000000
    outer loop
      vertex -25.400000 6.825000 6.360000
      vertex -23.200000 6.825000 6.360000
      vertex -23.200000 5.275000 6.360000
    endloop
  endfacet
  facet normal 0.000000 0.000000 -1.000000
    outer loop
      vertex -25.400000 6.825000 6.360000
      vertex -23.200000 5.275000 6.360000
      vertex -25.400000 5.275000 6.360000
    endloop
  endfacet
  facet normal 0.000000 0.000000 1.000000
    outer loop
      vertex -23.200000 5.275000 4.160000
      vertex -23.200000 6.825000 4.160000
      vertex -25.400000 6.825000 4.160000
    endloop
  endfacet
  facet normal 0.000000 0.000000 1.000000
    outer loop
      vertex -23.200000 5.275000 4.160000
      vertex -25.400000 6.825000 4.160000
      vertex -25.400000 5.275000 4.160000
    endloop
  endfacet
  facet normal -1.000000 0.000000 0.000000
    outer loop
      vertex -23.200000 5.275000 6.360000
      vertex -23.200000 6.825000 6.360000
      vertex -23.200000 6.825000 4.160000
    endloop
  endfacet
  facet normal -1.000000 0.000000 0.000000
    outer loop
      vertex -23.200000 5.275000 6.360000
      vertex -23.200000 6.825000 4.160000
      vertex -23.200000 5.275000 4.160000
    endloop
  endfacet
  facet normal 1.000000 0.000000 0.000000
    outer loop
      vertex -25.400000 5.275000 4.160000
      vertex -25.400000 6.825000 4.160000
      vertex -25.400000 6.825000 6.360000
    endloop
  endfacet
  facet normal 1.000000 0.000000 0.000000
    outer loop
      vertex -25.400000 5.275000 4.160000
      vertex -25.400000 6.825000 6.360000
      vertex -25.400000 5.275000 6.360000
    endloop
  endfacet
  facet normal 0.000000 -1.000000 0.000000
    outer loop
      vertex -24.630000 10.800000 4.930000
      vertex -23.970000 10.800000 4.930000
      vertex -23.970000 10.800000 5.590000
    endloop
  endfacet
  facet normal 0.000000 -1.000000 0.000000
    outer loop
      vertex -24.630000 10.800000 4.930000
      vertex -23.970000 10.800000 5.590000
      vertex -24.630000 10.800000 5.590000
    endloop
  endfacet
  facet normal 0.000000 1.000000 0.000000
    outer loop
      vertex -24.630000 5.600000 5.590000
      vertex -23.970000 5.600000 5.590000
      vertex -23.970000 5.600000 4.930000
    endloop
  endfacet
  facet normal 0.000000 1.000000 0.000000
    outer loop
      vertex -24.630000 5.600000 5.590000
      vertex -23.970000 5.600000 4.930000
      vertex -24.630000 5.600000 4.930000
    endloop
  endfacet
  facet normal 0.000000 0.000000 -1.000000
    outer loop
      vertex -24.630000 10.800000 5.590000
      vertex -23.970000 10.800000 5.590000
      vertex -23.970000 5.600000 5.590000
    endloop
  endfacet
  facet normal 0.000000 0.000000 -1.000000
    outer loop
      vertex -24.630000 10.800000 5.590000
      vertex -23.970000 5.600000 5.590000
      vertex -24.630000 5.600000 5.590000
    endloop
  endfacet
  facet normal 0.000000 0.000000 1.000000
    outer loop
      vertex -23.970000 5.600000 4.930000
      vertex -23.970000 10.800000 4.930000
      vertex -24.630000 10.800000 4.930000
    endloop
  endfacet
  facet normal 0.000000 0.000000 1.000000
    outer loop
      vertex -23.970000 5.600000 4.930000
      vertex -24.630000 10.800000 4.930000
      vertex -24.630000 5.600000 4.930000
    endloop
  endfacet
  facet normal -1.000000 0.000000 0.000000
    outer loop
      vertex -23.970000 5.600000 5.590000
      vertex -23.970000 10.800000 5.590000
      vertex -23.970000 10.800000 4.930000
    endloop
  endfacet
  facet normal -1.000000 0.000000 0.000000
    outer loop
      vertex -23.970000 5.600000 5.590000
      vertex -23.970000 10.800000 4.930000
      vertex -23.970000 5.600000 4.930000
    endloop
  endfacet
  facet normal 1.000000 0.000000 0.000000
    outer loop
      vertex -24.630000 5.600000 4.930000
      vertex -24.630000 10.800000 4.930000
      vertex -24.630000 10.800000 5.590000
    endloop
  endfacet
  facet normal 1.000000 0.000000 0.000000
    outer loop
      vertex -24.630000 5.600000 4.930000
      vertex -24.630000 10.800000 5.590000
      vertex -24.630000 5.600000 5.590000
    endloop
  endfacet
  facet normal 0.000000 -1.000000 0.000000
    outer loop
      vertex -25.400000 6.825000 1.620000
      vertex -23.200000 6.825000 1.620000
      vertex -23.200000 6.825000 3.820000
    endloop
  endfacet
  facet normal 0.000000 -1.000000 0.000000
    outer loop
      vertex -25.400000 6.825000 1.620000
      vertex -23.200000 6.825000 3.820000
      vertex -25.400000 6.825000 3.820000
    endloop
  endfacet
  facet normal 0.000000 1.000000 0.000000
    outer loop
      vertex -25.400000 5.275000 3.820000
      vertex -23.200000 5.275000 3.820000
      vertex -23.200000 5.275000 1.620000
    endloop
  endfacet
  facet normal 0.000000 1.000000 0.000000
    outer loop
      vertex -25.400000 5.275000 3.820000
      vertex -23.200000 5.275000 1.620000
      vertex -25.400000 5.275000 1.620000
    endloop
  endfacet
  facet normal 0.000000 0.000000 -1.000000
    outer loop
      vertex -25.400000 6.825000 3.820000
      vertex -23.200000 6.825000 3.820000
      vertex -23.200000 5.275000 3.820000
    endloop
  endfacet
  facet normal 0.000000 0.000000 -1.000000
    outer loop
      vertex -25.400000 6.825000 3.820000
      vertex -23.200000 5.275000 3.820000
      vertex -25.400000 5.275000 3.820000
    endloop
  endfacet
  facet normal 0.000000 0.000000 1.000000
    outer loop
      vertex -23.200000 5.275000 1.620000
      vertex -23.200000 6.825000 1.620000
      vertex -25.400000 6.825000 1.620000
    endloop
  endfacet
  facet normal 0.000000 0.000000 1.000000
    outer loop
      vertex -23.200000 5.275000 1.620000
      vertex -25.400000 6.825000 1.620000
      vertex -25.400000 5.275000 1.620000
    endloop
  endfacet
  facet normal -1.000000 0.000000 0.000000
    outer loop
      vertex -23.200000 5.275000 3.820000
      vertex -23.200000 6.825000 3.820000
      vertex -23.200000 6.825000 1.620000
    endloop
  endfacet
  facet normal -1.000000 0.000000 0.000000
    outer loop
      vertex -23.200000 5.275000 3.820000
      vertex -23.200000 6.825000 1.620000
      vertex -23.200000 5.275000 1.620000
    endloop
  endfacet
  facet normal 1.000000 0.000000 0.000000
    outer loop
      vertex -25.400000 5.275000 1.620000
      vertex -25.400000 6.825000 1.620000
      vertex -25.400000 6.825000 3.820000
    endloop
  endfacet
  facet normal 1.000000 0.000000 0.000000
    outer loop
      vertex -25.400000 5.275000 1.620000
      vertex -25.400000 6.825000 3.820000
      vertex -25.400000 5.275000 3.820000
    endloop
  endfacet
  facet normal 0.000000 -1.000000 0.000000
    outer loop
      vertex -24.630000 10.800000 2.390000
      vertex -23.970000 10.800000 2.390000
      vertex -23.970000 10.800000 3.050000
    endloop
  endfacet
  facet normal 0.000000 -1.000000 0.000000
    outer loop
      vertex -24.630000 10.800000 2.390000
      vertex -23.970000 10.800000 3.050000
      vertex -24.630000 10.800000 3.050000
    endloop
  endfacet
  facet normal 0.000000 1.000000 0.000000
    outer loop
      vertex -24.630000 5.600000 3.050000
      vertex -23.970000 5.600000 3.050000
      vertex -23.970000 5.600000 2.390000
    endloop
  endfacet
  facet normal 0.000000 1.000000 0.000000
    outer loop
      vertex -24.630000 5.600000 3.050000
      vertex -23.970000 5.600000 2.390000
      vertex -24.630000 5.600000 2.390000
    endloop
  endfacet
  facet normal 0.000000 0.000000 -1.000000
    outer loop
      vertex -24.630000 10.800000 3.050000
      vertex -23.970000 10.800000 3.050000
      vertex -23.970000 5.600000 3.050000
    endloop
  endfacet
  facet normal 0.000000 0.000000 -1.000000
    outer loop
      vertex -24.630000 10.800000 3.050000
      vertex -23.970000 5.600000 3.050000
      vertex -24.630000 5.600000 3.050000
    endloop
  endfacet
  facet normal 0.000000 0.000000 1.000000
    outer loop
      vertex -23.970000 5.600000 2.390000
      vertex -23.970000 10.800000 2.390000
      vertex -24.630000 10.800000 2.390000
    endloop
  endfacet
  facet normal 0.000000 0.000000 1.000000
    outer loop
      vertex -23.970000 5.600000 2.390000
      vertex -24.630000 10.800000 2.390000
      vertex -24.630000 5.600000 2.390000
    endloop
  endfacet
  facet normal -1.000000 0.000000 0.000000
    outer loop
      vertex -23.970000 5.600000 3.050000
      vertex -23.970000 10.800000 3.050000
      vertex -23.970000 10.800000 2.390000
    endloop
  endfacet
  facet normal -1.000000 0.000000 0.000000
    outer loop
      vertex -23.970000 5.600000 3.050000
      vertex -23.970000 10.800000 2.390000
      vertex -23.970000 5.600000 2.390000
    endloop
  endfacet
  facet normal 1.000000 0.000000 0.000000
    outer loop
      vertex -24.630000 5.600000 2.390000
      vertex -24.630000 10.800000 2.390000
      vertex -24.630000 10.800000 3.050000
    endloop
  endfacet
  facet normal 1.000000 0.000000 0.000000
    outer loop
      vertex -24.630000 5.600000 2.390000
      vertex -24.630000 10.800000 3.050000
      vertex -24.630000 5.600000 3.050000
    endloop
  endfacet
  facet normal 0.000000 -1.000000 0.000000
    outer loop
      vertex -25.400000 6.825000 -0.920000
      vertex -23.200000 6.825000 -0.920000
      vertex -23.200000 6.825000 1.280000
    endloop
  endfacet
  facet normal 0.000000 -1.000000 0.000000
    outer loop
      vertex -25.400000 6.825000 -0.920000
      vertex -23.200000 6.825000 1.280000
      vertex -25.400000 6.825000 1.280000
    endloop
  endfacet
  facet normal 0.000000 1.000000 0.000000
    outer loop
      vertex -25.400000 5.275000 1.280000
      vertex -23.200000 5.275000 1.280000
      vertex -23.200000 5.275000 -0.920000
    endloop
  endfacet
  facet normal 0.000000 1.000000 0.000000
    outer loop
      vertex -25.400000 5.275000 1.280000
      vertex -23.200000 5.275000 -0.920000
      vertex -25.400000 5.275000 -0.920000
    endloop
  endfacet
  facet normal 0.000000 0.000000 -1.000000
    outer loop
      vertex -25.400000 6.825000 1.280000
      vertex -23.200000 6.825000 1.280000
      vertex -23.200000 5.275000 1.280000
    endloop
  endfacet
  facet normal 0.000000 0.000000 -1.000000
    outer loop
      vertex -25.400000 6.825000 1.280000
      vertex -23.200000 5.275000 1.280000
      vertex -25.400000 5.275000 1.280000
    endloop
  endfacet
  facet normal 0.000000 0.000000 1.000000
    outer loop
      vertex -23.200000 5.275000 -0.920000
      vertex -23.200000 6.825000 -0.920000
      vertex -25.400000 6.825000 -0.920000
    endloop
  endfacet
  facet normal 0.000000 0.000000 1.000000
    outer loop
      vertex -23.200000 5.275000 -0.920000
      vertex -25.400000 6.825000 -0.920000
      vertex -25.400000 5.275000 -0.920000
    endloop
  endfacet
  facet normal -1.000000 0.000000 0.000000
    outer loop
      vertex -23.200000 5.275000 1.280000
      vertex -23.200000 6.825000 1.280000
      vertex -23.200000 6.825000 -0.920000
    endloop
  endfacet
  facet normal -1.000000 0.000000 0.000000
    outer loop
      vertex -23.200000 5.275000 1.280000
      vertex -23.200000 6.825000 -0.920000
      vertex -23.200000 5.275000 -0.920000
    endloop
  endfacet
  facet normal 1.000000 0.000000 0.000000
    outer loop
      vertex -25.400000 5.275000 -0.920000
      vertex -25.400000 6.825000 -0.920000
      vertex -25.400000 6.825000 1.280000
    endloop
  endfacet
  facet normal 1.000000 0.000000 0.000000
    outer loop
      vertex -25.400000 5.275000 -0.920000
      vertex -25.400000 6.825000 1.280000
      vertex -25.400000 5.275000 1.280000
    endloop
  endfacet
  facet normal 0.000000 -1.000000 0.000000
    outer loop
      vertex -24.630000 10.800000 -0.150000
      vertex -23.970000 10.800000 -0.150000
      vertex -23.970000 10.800000 0.510000
    endloop
  endfacet
  facet normal 0.000000 -1.000000 0.000000
    outer loop
      vertex -24.630000 10.800000 -0.150000
      vertex -23.970000 10.800000 0.510000
      vertex -24.630000 10.800000 0.510000
    endloop
  endfacet
  facet normal 0.000000 1.000000 0.000000
    outer loop
      vertex -24.630000 5.600000 0.510000
      vertex -23.970000 5.600000 0.510000
      vertex -23.970000 5.600000 -0.150000
    endloop
  endfacet
  facet normal 0.000000 1.000000 0.000000
    outer loop
      vertex -24.630000 5.600000 0.510000
      vertex -23.970000 5.600000 -0.150000
      vertex -24.630000 5.600000 -0.150000
    endloop
  endfacet
  facet normal 0.000000 0.000000 -1.000000
    outer loop
      vertex -24.630000 10.800000 0.510000
      vertex -23.970000 10.800000 0.510000
      vertex -23.970000 5.600000 0.510000
    endloop
  endfacet
  facet normal 0.000000 0.000000 -1.000000
    outer loop
      vertex -24.630000 10.800000 0.510000
      vertex -23.970000 5.600000 0.510000
      vertex -24.630000 5.600000 0.510000
    endloop
  endfacet
  facet normal 0.000000 0.000000 1.000000
    outer loop
      vertex -23.970000 5.600000 -0.150000
      vertex -23.970000 10.800000 -0.150000
      vertex -24.630000 10.800000 -0.150000
    endloop
  endfacet
  facet normal 0.000000 0.000000 1.000000
    outer loop
      vertex -23.970000 5.600000 -0.150000
      vertex -24.630000 10.800000 -0.150000
      vertex -24.630000 5.600000 -0.150000
    endloop
  endfacet
  facet normal -1.000000 0.000000 0.000000
    outer loop
      vertex -23.970000 5.600000 0.510000
      vertex -23.970000 10.800000 0.510000
      vertex -23.970000 10.800000 -0.150000
    endloop
  endfacet
  facet normal -1.000000 0.000000 0.000000
    outer loop
      vertex -23.970000 5.600000 0.510000
      vertex -23.970000 10.800000 -0.150000
      vertex -23.970000 5.600000 -0.150000
    endloop
  endfacet
  facet normal 1.000000 0.000000 0.000000
    outer loop
      vertex -24.630000 5.600000 -0.150000
      vertex -24.630000 10.800000 -0.150000
      vertex -24.630000 10.800000 0.510000
    endloop
  endfacet
  facet normal 1.000000 0.000000 0.000000
    outer loop
      vertex -24.630000 5.600000 -0.150000
      vertex -24.630000 10.800000 0.510000
      vertex -24.630000 5.600000 0.510000
    endloop
  endfacet
  facet normal 0.000000 -1.000000 0.000000
    outer loop
      vertex -25.400000 6.825000 -3.460000
      vertex -23.200000 6.825000 -3.460000
      vertex -23.200000 6.825000 -1.260000
    endloop
  endfacet
  facet normal 0.000000 -1.000000 0.000000
    outer loop
      vertex -25.400000 6.825000 -3.460000
      vertex -23.200000 6.825000 -1.260000
      vertex -25.400000 6.825000 -1.260000
    endloop
  endfacet
  facet normal 0.000000 1.000000 0.000000
    outer loop
      vertex -25.400000 5.275000 -1.260000
      vertex -23.200000 5.275000 -1.260000
      vertex -23.200000 5.275000 -3.460000
    endloop
  endfacet
  facet normal 0.000000 1.000000 0.000000
    outer loop
      vertex -25.400000 5.275000 -1.260000
      vertex -23.200000 5.275000 -3.460000
      vertex -25.400000 5.275000 -3.460000
    endloop
  endfacet
  facet normal 0.000000 0.000000 -1.000000
    outer loop
      vertex -25.400000 6.825000 -1.260000
      vertex -23.200000 6.825000 -1.260000
      vertex -23.200000 5.275000 -1.260000
    endloop
  endfacet
  facet normal 0.000000 0.000000 -1.000000
    outer loop
      vertex -25.400000 6.825000 -1.260000
      vertex -23.200000 5.275000 -1.260000
      vertex -25.400000 5.275000 -1.260000
    endloop
  endfacet
  facet normal 0.000000 0.000000 1.000000
    outer loop
      vertex -23.200000 5.275000 -3.460000
      vertex -23.200000 6.825000 -3.460000
      vertex -25.400000 6.825000 -3.460000
    endloop
  endfacet
  facet normal 0.000000 0.000000 1.000000
    outer loop
      vertex -23.200000 5.275000 -3.460000
      vertex -25.400000 6.825000 -3.460000
      vertex -25.400000 5.275000 -3.460000
    endloop
  endfacet
  facet normal -1.000000 0.000000 0.000000
    outer loop
      vertex -23.200000 5.275000 -1.260000
      vertex -23.200000 6.825000 -1.260000
      vertex -23.200000 6.825000 -3.460000
    endloop
  endfacet
  facet normal -1.000000 0.000000 0.000000
    outer loop
      vertex -23.200000 5.275000 -1.260000
      vertex -23.200000 6.825000 -3.460000
      vertex -23.200000 5.275000 -3.460000
    endloop
  endfacet
  facet normal 1.000000 0.000000 0.000000
    outer loop
      vertex -25.400000 5.275000 -3.460000
      vertex -25.400000 6.825000 -3.460000
      vertex -25.400000 6.825000 -1.260000
    endloop
  endfacet
  facet normal 1.000000 0.000000 0.000000
    outer loop
      vertex -25.400000 5.275000 -3.460000
      vertex -25.400000 6.825000 -1.260000
      vertex -25.400000 5.275000 -1.260000
    endloop
  endfacet
  facet normal 0.000000 -1.000000 0.000000
    outer loop
      vertex -24.630000 10.800000 -2.690000
      vertex -23.970000 10.800000 -2.690000
      vertex -23.970000 10.800000 -2.030000
    endloop
  endfacet
  facet normal 0.000000 -1.000000 0.000000
    outer loop
      vertex -24.630000 10.800000 -2.690000
      vertex -23.970000 10.800000 -2.030000
      vertex -24.630000 10.800000 -2.030000
    endloop
  endfacet
  facet normal 0.000000 1.000000 0.000000
    outer loop
      vertex -24.630000 5.600000 -2.030000
      vertex -23.970000 5.600000 -2.030000
      vertex -23.970000 5.600000 -2.690000
    endloop
  endfacet
  facet normal 0.000000 1.000000 0.000000
    outer loop
      vertex -24.630000 5.600000 -2.030000
      vertex -23.970000 5.600000 -2.690000
      vertex -24.630000 5.600000 -2.690000
    endloop
  endfacet
  facet normal 0.000000 0.000000 -1.000000
    outer loop
      vertex -24.630000 10.800000 -2.030000
      vertex -23.970000 10.800000 -2.030000
      vertex -23.970000 5.600000 -2.030000
    endloop
  endfacet
  facet normal 0.000000 0.000000 -1.000000
    outer loop
      vertex -24.630000 10.800000 -2.030000
      vertex -23.970000 5.600000 -2.030000
      vertex -24.630000 5.600000 -2.030000
    endloop
  endfacet
  facet normal 0.000000 0.000000 1.000000
    outer loop
      vertex -23.970000 5.600000 -2.690000
      vertex -23.970000 10.800000 -2.690000
      vertex -24.630000 10.800000 -2.690000
    endloop
  endfacet
  facet normal 0.000000 0.000000 1.000000
    outer loop
      vertex -23.970000 5.600000 -2.690000
      vertex -24.630000 10.800000 -2.690000
      vertex -24.630000 5.600000 -2.690000
    endloop
  endfacet
  facet normal -1.000000 0.000000 0.000000
    outer loop
      vertex -23.970000 5.600000 -2.030000
      vertex -23.970000 10.800000 -2.030000
      vertex -23.970000 10.800000 -2.690000
    endloop
  endfacet
  facet normal -1.000000 0.000000 0.000000
    outer loop
      vertex -23.970000 5.600000 -2.030000
      vertex -23.970000 10.800000 -2.690000
      vertex -23.970000 5.600000 -2.690000
    endloop
  endfacet
  facet normal 1.000000 0.000000 0.000000
    outer loop
      vertex -24.630000 5.600000 -2.690000
      vertex -24.630000 10.800000 -2.690000
      vertex -24.630000 10.800000 -2.030000
    endloop
  endfacet
  facet normal 1.000000 0.000000 0.000000
    outer loop
      vertex -24.630000 5.600000 -2.690000
      vertex -24.630000 10.800000 -2.030000
      vertex -24.630000 5.600000 -2.030000
    endloop
  endfacet
  facet normal 0.000000 -1.000000 0.000000
    outer loop
      vertex -25.400000 6.825000 -6.000000
      vertex -23.200000 6.825000 -6.000000
      vertex -23.200000 6.825000 -3.800000
    endloop
  endfacet
  facet normal 0.000000 -1.000000 0.000000
    outer loop
      vertex -25.400000 6.825000 -6.000000
      vertex -23.200000 6.825000 -3.800000
      vertex -25.400000 6.825000 -3.800000
    endloop
  endfacet
  facet normal 0.000000 1.000000 0.000000
    outer loop
      vertex -25.400000 5.275000 -3.800000
      vertex -23.200000 5.275000 -3.800000
      vertex -23.200000 5.275000 -6.000000
    endloop
  endfacet
  facet normal 0.000000 1.000000 0.000000
    outer loop
      vertex -25.400000 5.275000 -3.800000
      vertex -23.200000 5.275000 -6.000000
      vertex -25.400000 5.275000 -6.000000
    endloop
  endfacet
  facet normal 0.000000 0.000000 -1.000000
    outer loop
      vertex -25.400000 6.825000 -3.800000
      vertex -23.200000 6.825000 -3.800000
      vertex -23.200000 5.275000 -3.800000
    endloop
  endfacet
  facet normal 0.000000 0.000000 -1.000000
    outer loop
      vertex -25.400000 6.825000 -3.800000
      vertex -23.200000 5.275000 -3.800000
      vertex -25.400000 5.275000 -3.800000
    endloop
  endfacet
  facet normal 0.000000 0.000000 1.000000
    outer loop
      vertex -23.200000 5.275000 -6.000000
      vertex -23.200000 6.825000 -6.000000
      vertex -25.400000 6.825000 -6.000000
    endloop
  endfacet
  facet normal 0.000000 0.000000 1.000000
    outer loop
      vertex -23.200000 5.275000 -6.000000
      vertex -25.400000 6.825000 -6.000000
      vertex -25.400000 5.275000 -6.000000
    endloop
  endfacet
  facet normal -1.000000 0.000000 0.000000
    outer loop
      vertex -23.200000 5.275000 -3.800000
      vertex -23.200000 6.825000 -3.800000
      vertex -23.200000 6.825000 -6.000000
    endloop
  endfacet
  facet normal -1.000000 0.000000 0.000000
    outer loop
      vertex -23.200000 5.275000 -3.800000
      vertex -23.200000 6.825000 -6.000000
      vertex -23.200000 5.275000 -6.000000
    endloop
  endfacet
  facet normal 1.000000 0.000000 0.000000
    outer loop
      vertex -25.400000 5.275000 -6.000000
      vertex -25.400000 6.825000 -6.000000
      vertex -25.400000 6.825000 -3.800000
    endloop
  endfacet
  facet normal 1.000000 0.000000 0.000000
    outer loop
      vertex -25.400000 5.275000 -6.000000
      vertex -25.400000 6.825000 -3.800000
      vertex -25.400000 5.275000 -3.800000
    endloop
  endfacet
  facet normal 0.000000 -1.000000 0.000000
    outer loop
      vertex -24.630000 10.800000 -5.230000
      vertex -23.970000 10.800000 -5.230000
      vertex -23.970000 10.800000 -4.570000
    endloop
  endfacet
  facet normal 0.000000 -1.000000 0.000000
    outer loop
      vertex -24.630000 10.800000 -5.230000
      vertex -23.970000 10.800000 -4.570000
      vertex -24.630000 10.800000 -4.570000
    endloop
  endfacet
  facet normal 0.000000 1.000000 0.000000
    outer loop
      vertex -24.630000 5.600000 -4.570000
      vertex -23.970000 5.600000 -4.570000
      vertex -23.970000 5.600000 -5.230000
    endloop
  endfacet
  facet normal 0.000000 1.000000 0.000000
    outer loop
      vertex -24.630000 5.600000 -4.570000
      vertex -23.970000 5.600000 -5.230000
      vertex -24.630000 5.600000 -5.230000
    endloop
  endfacet
  facet normal 0.000000 0.000000 -1.000000
    outer loop
      vertex -24.630000 10.800000 -4.570000
      vertex -23.970000 10.800000 -4.570000
      vertex -23.970000 5.600000 -4.570000
    endloop
  endfacet
  facet normal 0.000000 0.000000 -1.000000
    outer loop
      vertex -24.630000 10.800000 -4.570000
      vertex -23.970000 5.600000 -4.570000
      vertex -24.630000 5.600000 -4.570000
    endloop
  endfacet
  facet normal 0.000000 0.000000 1.000000
    outer loop
      vertex -23.970000 5.600000 -5.230000
      vertex -23.970000 10.800000 -5.230000
      vertex -24.630000 10.800000 -5.230000
    endloop
  endfacet
  facet normal 0.000000 0.000000 1.000000
    outer loop
      vertex -23.970000 5.600000 -5.230000
      vertex -24.630000 10.800000 -5.230000
      vertex -24.630000 5.600000 -5.230000
    endloop
  endfacet
  facet normal -1.000000 0.000000 0.000000
    outer loop
      vertex -23.970000 5.600000 -4.570000
      vertex -23.970000 10.800000 -4.570000
      vertex -23.970000 10.800000 -5.230000
    endloop
  endfacet
  facet normal -1.000000 0.000000 0.000000
    outer loop
      vertex -23.970000 5.600000 -4.570000
      vertex -23.970000 10.800000 -5.230000
      vertex -23.970000 5.600000 -5.230000
    endloop
  endfacet
  facet normal 1.000000 0.000000 0.000000
    outer loop
      vertex -24.630000 5.600000 -5.230000
      vertex -24.630000 10.800000 -5.230000
      vertex -24.630000 10.800000 -4.570000
    endloop
  endfacet
  facet normal 1.000000 0.000000 0.000000
    outer loop
      vertex -24.630000 5.600000 -5.230000
      vertex -24.630000 10.800000 -4.570000
      vertex -24.630000 5.600000 -4.570000
    endloop
  endfacet
  facet normal 0.000000 -1.000000 0.000000
    outer loop
      vertex -25.400000 6.825000 -8.540000
      vertex -23.200000 6.825000 -8.540000
      vertex -23.200000 6.825000 -6.340000
    endloop
  endfacet
  facet normal 0.000000 -1.000000 0.000000
    outer loop
      vertex -25.400000 6.825000 -8.540000
      vertex -23.200000 6.825000 -6.340000
      vertex -25.400000 6.825000 -6.340000
    endloop
  endfacet
  facet normal 0.000000 1.000000 0.000000
    outer loop
      vertex -25.400000 5.275000 -6.340000
      vertex -23.200000 5.275000 -6.340000
      vertex -23.200000 5.275000 -8.540000
    endloop
  endfacet
  facet normal 0.000000 1.000000 0.000000
    outer loop
      vertex -25.400000 5.275000 -6.340000
      vertex -23.200000 5.275000 -8.540000
      vertex -25.400000 5.275000 -8.540000
    endloop
  endfacet
  facet normal 0.000000 0.000000 -1.000000
    outer loop
      vertex -25.400000 6.825000 -6.340000
      vertex -23.200000 6.825000 -6.340000
      vertex -23.200000 5.275000 -6.340000
    endloop
  endfacet
  facet normal 0.000000 0.000000 -1.000000
    outer loop
      vertex -25.400000 6.825000 -6.340000
      vertex -23.200000 5.275000 -6.340000
      vertex -25.400000 5.275000 -6.340000
    endloop
  endfacet
  facet normal 0.000000 0.000000 1.000000
    outer loop
      vertex -23.200000 5.275000 -8.540000
      vertex -23.200000 6.825000 -8.540000
      vertex -25.400000 6.825000 -8.540000
    endloop
  endfacet
  facet normal 0.000000 0.000000 1.000000
    outer loop
      vertex -23.200000 5.275000 -8.540000
      vertex -25.400000 6.825000 -8.540000
      vertex -25.400000 5.275000 -8.540000
    endloop
  endfacet
  facet normal -1.000000 0.000000 0.000000
    outer loop
      vertex -23.200000 5.275000 -6.340000
      vertex -23.200000 6.825000 -6.340000
      vertex -23.200000 6.825000 -8.540000
    endloop
  endfacet
  facet normal -1.000000 0.000000 0.000000
    outer loop
      vertex -23.200000 5.275000 -6.340000
      vertex -23.200000 6.825000 -8.540000
      vertex -23.200000 5.275000 -8.540000
    endloop
  endfacet
  facet normal 1.000000 0.000000 0.000000
    outer loop
      vertex -25.400000 5.275000 -8.540000
      vertex -25.400000 6.825000 -8.540000
      vertex -25.400000 6.825000 -6.340000
    endloop
  endfacet
  facet normal 1.000000 0.000000 0.000000
    outer loop
      vertex -25.400000 5.275000 -8.540000
      vertex -25.400000 6.825000 -6.340000
      vertex -25.400000 5.275000 -6.340000
    endloop
  endfacet
  facet normal 0.000000 -1.000000 0.000000
    outer loop
      vertex -24.630000 10.800000 -7.770000
      vertex -23.970000 10.800000 -7.770000
      vertex -23.970000 10.800000 -7.110000
    endloop
  endfacet
  facet normal 0.000000 -1.000000 0.000000
    outer loop
      vertex -24.630000 10.800000 -7.770000
      vertex -23.970000 10.800000 -7.110000
      vertex -24.630000 10.800000 -7.110000
    endloop
  endfacet
  facet normal 0.000000 1.000000 0.000000
    outer loop
      vertex -24.630000 5.600000 -7.110000
      vertex -23.970000 5.600000 -7.110000
      vertex -23.970000 5.600000 -7.770000
    endloop
  endfacet
  facet normal 0.000000 1.000000 0.000000
    outer loop
      vertex -24.630000 5.600000 -7.110000
      vertex -23.970000 5.600000 -7.770000
      vertex -24.630000 5.600000 -7.770000
    endloop
  endfacet
  facet normal 0.000000 0.000000 -1.000000
    outer loop
      vertex -24.630000 10.800000 -7.110000
      vertex -23.970000 10.800000 -7.110000
      vertex -23.970000 5.600000 -7.110000
    endloop
  endfacet
  facet normal 0.000000 0.000000 -1.000000
    outer loop
      vertex -24.630000 10.800000 -7.110000
      vertex -23.970000 5.600000 -7.110000
      vertex -24.630000 5.600000 -7.110000
    endloop
  endfacet
  facet normal 0.000000 0.000000 1.000000
    outer loop
      vertex -23.970000 5.600000 -7.770000
      vertex -23.970000 10.800000 -7.770000
      vertex -24.630000 10.800000 -7.770000
    endloop
  endfacet
  facet normal 0.000000 0.000000 1.000000
    outer loop
      vertex -23.970000 5.600000 -7.770000
      vertex -24.630000 10.800000 -7.770000
      vertex -24.630000 5.600000 -7.770000
    endloop
  endfacet
  facet normal -1.000000 0.000000 0.000000
    outer loop
      vertex -23.970000 5.600000 -7.110000
      vertex -23.970000 10.800000 -7.110000
      vertex -23.970000 10.800000 -7.770000
    endloop
  endfacet
  facet normal -1.000000 0.000000 0.000000
    outer loop
      vertex -23.970000 5.600000 -7.110000
      vertex -23.970000 10.800000 -7.770000
      vertex -23.970000 5.600000 -7.770000
    endloop
  endfacet
  facet normal 1.000000 0.000000 0.000000
    outer loop
      vertex -24.630000 5.600000 -7.770000
      vertex -24.630000 10.800000 -7.770000
      vertex -24.630000 10.800000 -7.110000
    endloop
  endfacet
  facet normal 1.000000 0.000000 0.000000
    outer loop
      vertex -24.630000 5.600000 -7.770000
      vertex -24.630000 10.800000 -7.110000
      vertex -24.630000 5.600000 -7.110000
    endloop
  endfacet
  facet normal 0.000000 -1.000000 0.000000
    outer loop
      vertex -25.400000 6.825000 -11.080000
      vertex -23.200000 6.825000 -11.080000
      vertex -23.200000 6.825000 -8.880000
    endloop
  endfacet
  facet normal 0.000000 -1.000000 0.000000
    outer loop
      vertex -25.400000 6.825000 -11.080000
      vertex -23.200000 6.825000 -8.880000
      vertex -25.400000 6.825000 -8.880000
    endloop
  endfacet
  facet normal 0.000000 1.000000 0.000000
    outer loop
      vertex -25.400000 5.275000 -8.880000
      vertex -23.200000 5.275000 -8.880000
      vertex -23.200000 5.275000 -11.080000
    endloop
  endfacet
  facet normal 0.000000 1.000000 0.000000
    outer loop
      vertex -25.400000 5.275000 -8.880000
      vertex -23.200000 5.275000 -11.080000
      vertex -25.400000 5.275000 -11.080000
    endloop
  endfacet
  facet normal 0.000000 0.000000 -1.000000
    outer loop
      vertex -25.400000 6.825000 -8.880000
      vertex -23.200000 6.825000 -8.880000
      vertex -23.200000 5.275000 -8.880000
    endloop
  endfacet
  facet normal 0.000000 0.000000 -1.000000
    outer loop
      vertex -25.400000 6.825000 -8.880000
      vertex -23.200000 5.275000 -8.880000
      vertex -25.400000 5.275000 -8.880000
    endloop
  endfacet
  facet normal 0.000000 0.000000 1.000000
    outer loop
      vertex -23.200000 5.275000 -11.080000
      vertex -23.200000 6.825000 -11.080000
      vertex -25.400000 6.825000 -11.080000
    endloop
  endfacet
  facet normal 0.000000 0.000000 1.000000
    outer loop
      vertex -23.200000 5.275000 -11.080000
      vertex -25.400000 6.825000 -11.080000
      vertex -25.400000 5.275000 -11.080000
    endloop
  endfacet
  facet normal -1.000000 0.000000 0.000000
    outer loop
      vertex -23.200000 5.275000 -8.880000
      vertex -23.200000 6.825000 -8.880000
      vertex -23.200000 6.825000 -11.080000
    endloop
  endfacet
  facet normal -1.000000 0.000000 0.000000
    outer loop
      vertex -23.200000 5.275000 -8.880000
      vertex -23.200000 6.825000 -11.080000
      vertex -23.200000 5.275000 -11.080000
    endloop
  endfacet
  facet normal 1.000000 0.000000 0.000000
    outer loop
      vertex -25.400000 5.275000 -11.080000
      vertex -25.400000 6.825000 -11.080000
      vertex -25.400000 6.825000 -8.880000
    endloop
  endfacet
  facet normal 1.000000 0.000000 0.000000
    outer loop
      vertex -25.400000 5.275000 -11.080000
      vertex -25.400000 6.825000 -8.880000
      vertex -25.400000 5.275000 -8.880000
    endloop
  endfacet
  facet normal 0.000000 -1.000000 0.000000
    outer loop
      vertex -24.630000 10.800000 -10.310000
      vertex -23.970000 10.800000 -10.310000
      vertex -23.970000 10.800000 -9.650000
    endloop
  endfacet
  facet normal 0.000000 -1.000000 0.000000
    outer loop
      vertex -24.630000 10.800000 -10.310000
      vertex -23.970000 10.800000 -9.650000
      vertex -24.630000 10.800000 -9.650000
    endloop
  endfacet
  facet normal 0.000000 1.000000 0.000000
    outer loop
      vertex -24.630000 5.600000 -9.650000
      vertex -23.970000 5.600000 -9.650000
      vertex -23.970000 5.600000 -10.310000
    endloop
  endfacet
  facet normal 0.000000 1.000000 0.000000
    outer loop
      vertex -24.630000 5.600000 -9.650000
      vertex -23.970000 5.600000 -10.310000
      vertex -24.630000 5.600000 -10.310000
    endloop
  endfacet
  facet normal 0.000000 0.000000 -1.000000
    outer loop
      vertex -24.630000 10.800000 -9.650000
      vertex -23.970000 10.800000 -9.650000
      vertex -23.970000 5.600000 -9.650000
    endloop
  endfacet
  facet normal 0.000000 0.000000 -1.000000
    outer loop
      vertex -24.630000 10.800000 -9.650000
      vertex -23.970000 5.600000 -9.650000
      vertex -24.630000 5.600000 -9.650000
    endloop
  endfacet
  facet normal 0.000000 0.000000 1.000000
    outer loop
      vertex -23.970000 5.600000 -10.310000
      vertex -23.970000 10.800000 -10.310000
      vertex -24.630000 10.800000 -10.310000
    endloop
  endfacet
  facet normal 0.000000 0.000000 1.000000
    outer loop
      vertex -23.970000 5.600000 -10.310000
      vertex -24.630000 10.800000 -10.310000
      vertex -24.630000 5.600000 -10.310000
    endloop
  endfacet
  facet normal -1.000000 0.000000 0.000000
    outer loop
      vertex -23.970000 5.600000 -9.650000
      vertex -23.970000 10.800000 -9.650000
      vertex -23.970000 10.800000 -10.310000
    endloop
  endfacet
  facet normal -1.000000 0.000000 0.000000
    outer loop
      vertex -23.970000 5.600000 -9.650000
      vertex -23.970000 10.800000 -10.310000
      vertex -23.970000 5.600000 -10.310000
    endloop
  endfacet
  facet normal 1.000000 0.000000 0.000000
    outer loop
      vertex -24.630000 5.600000 -10.310000
      vertex -24.630000 10.800000 -10.310000
      vertex -24.630000 10.800000 -9.650000
    endloop
  endfacet
  facet normal 1.000000 0.000000 0.000000
    outer loop
      vertex -24.630000 5.600000 -10.310000
      vertex -24.630000 10.800000 -9.650000
      vertex -24.630000 5.600000 -9.650000
    endloop
  endfacet
  facet normal 0.000000 -1.000000 0.000000
    outer loop
      vertex -25.400000 6.825000 -13.620000
      vertex -23.200000 6.825000 -13.620000
      vertex -23.200000 6.825000 -11.420000
    endloop
  endfacet
  facet normal 0.000000 -1.000000 0.000000
    outer loop
      vertex -25.400000 6.825000 -13.620000
      vertex -23.200000 6.825000 -11.420000
      vertex -25.400000 6.825000 -11.420000
    endloop
  endfacet
  facet normal 0.000000 1.000000 0.000000
    outer loop
      vertex -25.400000 5.275000 -11.420000
      vertex -23.200000 5.275000 -11.420000
      vertex -23.200000 5.275000 -13.620000
    endloop
  endfacet
  facet normal 0.000000 1.000000 0.000000
    outer loop
      vertex -25.400000 5.275000 -11.420000
      vertex -23.200000 5.275000 -13.620000
      vertex -25.400000 5.275000 -13.620000
    endloop
  endfacet
  facet normal 0.000000 0.000000 -1.000000
    outer loop
      vertex -25.400000 6.825000 -11.420000
      vertex -23.200000 6.825000 -11.420000
      vertex -23.200000 5.275000 -11.420000
    endloop
  endfacet
  facet normal 0.000000 0.000000 -1.000000
    outer loop
      vertex -25.400000 6.825000 -11.420000
      vertex -23.200000 5.275000 -11.420000
      vertex -25.400000 5.275000 -11.420000
    endloop
  endfacet
  facet normal 0.000000 0.000000 1.000000
    outer loop
      vertex -23.200000 5.275000 -13.620000
      vertex -23.200000 6.825000 -13.620000
      vertex -25.400000 6.825000 -13.620000
    endloop
  endfacet
  facet normal 0.000000 0.000000 1.000000
    outer loop
      vertex -23.200000 5.275000 -13.620000
      vertex -25.400000 6.825000 -13.620000
      vertex -25.400000 5.275000 -13.620000
    endloop
  endfacet
  facet normal -1.000000 0.000000 0.000000
    outer loop
      vertex -23.200000 5.275000 -11.420000
      vertex -23.200000 6.825000 -11.420000
      vertex -23.200000 6.825000 -13.620000
    endloop
  endfacet
  facet normal -1.000000 0.000000 0.000000
    outer loop
      vertex -23.200000 5.275000 -11.420000
      vertex -23.200000 6.825000 -13.620000
      vertex -23.200000 5.275000 -13.620000
    endloop
  endfacet
  facet normal 1.000000 0.000000 0.000000
    outer loop
      vertex -25.400000 5.275000 -13.620000
      vertex -25.400000 6.825000 -13.620000
      vertex -25.400000 6.825000 -11.420000
    endloop
  endfacet
  facet normal 1.000000 0.000000 0.000000
    outer loop
      vertex -25.400000 5.275000 -13.620000
      vertex -25.400000 6.825000 -11.420000
      vertex -25.400000 5.275000 -11.420000
    endloop
  endfacet
  facet normal 0.000000 -1.000000 0.000000
    outer loop
      vertex -24.630000 10.800000 -12.850000
      vertex -23.970000 10.800000 -12.850000
      vertex -23.970000 10.800000 -12.190000
    endloop
  endfacet
  facet normal 0.000000 -1.000000 0.000000
    outer loop
      vertex -24.630000 10.800000 -12.850000
      vertex -23.970000 10.800000 -12.190000
      vertex -24.630000 10.800000 -12.190000
    endloop
  endfacet
  facet normal 0.000000 1.000000 0.000000
    outer loop
      vertex -24.630000 5.600000 -12.190000
      vertex -23.970000 5.600000 -12.190000
      vertex -23.970000 5.600000 -12.850000
    endloop
  endfacet
  facet normal 0.000000 1.000000 0.000000
    outer loop
      vertex -24.630000 5.600000 -12.190000
      vertex -23.970000 5.600000 -12.850000
      vertex -24.630000 5.600000 -12.850000
    endloop
  endfacet
  facet normal 0.000000 0.000000 -1.000000
    outer loop
      vertex -24.630000 10.800000 -12.190000
      vertex -23.970000 10.800000 -12.190000
      vertex -23.970000 5.600000 -12.190000
    endloop
  endfacet
  facet normal 0.000000 0.000000 -1.000000
    outer loop
      vertex -24.630000 10.800000 -12.190000
      vertex -23.970000 5.600000 -12.190000
      vertex -24.630000 5.600000 -12.190000
    endloop
  endfacet
  facet normal 0.000000 0.000000 1.000000
    outer loop
      vertex -23.970000 5.600000 -12.850000
      vertex -23.970000 10.800000 -12.850000
      vertex -24.630000 10.800000 -12.850000
    endloop
  endfacet
  facet normal 0.000000 0.000000 1.000000
    outer loop
      vertex -23.970000 5.600000 -12.850000
      vertex -24.630000 10.800000 -12.850000
      vertex -24.630000 5.600000 -12.850000
    endloop
  endfacet
  facet normal -1.000000 0.000000 0.000000
    outer loop
      vertex -23.970000 5.600000 -12.190000
      vertex -23.970000 10.800000 -12.190000
      vertex -23.970000 10.800000 -12.850000
    endloop
  endfacet
  facet normal -1.000000 0.000000 0.000000
    outer loop
      vertex -23.970000 5.600000 -12.190000
      vertex -23.970000 10.800000 -12.850000
      vertex -23.970000 5.600000 -12.850000
    endloop
  endfacet
  facet normal 1.000000 0.000000 0.000000
    outer loop
      vertex -24.630000 5.600000 -12.850000
      vertex -24.630000 10.800000 -12.850000
      vertex -24.630000 10.800000 -12.190000
    endloop
  endfacet
  facet normal 1.000000 0.000000 0.000000
    outer loop
      vertex -24.630000 5.600000 -12.850000
      vertex -24.630000 10.800000 -12.190000
      vertex -24.630000 5.600000 -12.190000
    endloop
  endfacet
  facet normal 0.000000 -1.000000 0.000000
    outer loop
      vertex -25.400000 6.825000 -16.160000
      vertex -23.200000 6.825000 -16.160000
      vertex -23.200000 6.825000 -13.960000
    endloop
  endfacet
  facet normal 0.000000 -1.000000 0.000000
    outer loop
      vertex -25.400000 6.825000 -16.160000
      vertex -23.200000 6.825000 -13.960000
      vertex -25.400000 6.825000 -13.960000
    endloop
  endfacet
  facet normal 0.000000 1.000000 0.000000
    outer loop
      vertex -25.400000 5.275000 -13.960000
      vertex -23.200000 5.275000 -13.960000
      vertex -23.200000 5.275000 -16.160000
    endloop
  endfacet
  facet normal 0.000000 1.000000 0.000000
    outer loop
      vertex -25.400000 5.275000 -13.960000
      vertex -23.200000 5.275000 -16.160000
      vertex -25.400000 5.275000 -16.160000
    endloop
  endfacet
  facet normal 0.000000 0.000000 -1.000000
    outer loop
      vertex -25.400000 6.825000 -13.960000
      vertex -23.200000 6.825000 -13.960000
      vertex -23.200000 5.275000 -13.960000
    endloop
  endfacet
  facet normal 0.000000 0.000000 -1.000000
    outer loop
      vertex -25.400000 6.825000 -13.960000
      vertex -23.200000 5.275000 -13.960000
      vertex -25.400000 5.275000 -13.960000
    endloop
  endfacet
  facet normal 0.000000 0.000000 1.000000
    outer loop
      vertex -23.200000 5.275000 -16.160000
      vertex -23.200000 6.825000 -16.160000
      vertex -25.400000 6.825000 -16.160000
    endloop
  endfacet
  facet normal 0.000000 0.000000 1.000000
    outer loop
      vertex -23.200000 5.275000 -16.160000
      vertex -25.400000 6.825000 -16.160000
      vertex -25.400000 5.275000 -16.160000
    endloop
  endfacet
  facet normal -1.000000 0.000000 0.000000
    outer loop
      vertex -23.200000 5.275000 -13.960000
      vertex -23.200000 6.825000 -13.960000
      vertex -23.200000 6.825000 -16.160000
    endloop
  endfacet
  facet normal -1.000000 0.000000 0.000000
    outer loop
      vertex -23.200000 5.275000 -13.960000
      vertex -23.200000 6.825000 -16.160000
      vertex -23.200000 5.275000 -16.160000
    endloop
  endfacet
  facet normal 1.000000 0.000000 0.000000
    outer loop
      vertex -25.400000 5.275000 -16.160000
      vertex -25.400000 6.825000 -16.160000
      vertex -25.400000 6.825000 -13.960000
    endloop
  endfacet
  facet normal 1.000000 0.000000 0.000000
    outer loop
      vertex -25.400000 5.275000 -16.160000
      vertex -25.400000 6.825000 -13.960000
      vertex -25.400000 5.275000 -13.960000
    endloop
  endfacet
  facet normal 0.000000 -1.000000 0.000000
    outer loop
      vertex -24.630000 10.800000 -15.390000
      vertex -23.970000 10.800000 -15.390000
      vertex -23.970000 10.800000 -14.730000
    endloop
  endfacet
  facet normal 0.000000 -1.000000 0.000000
    outer loop
      vertex -24.630000 10.800000 -15.390000
      vertex -23.970000 10.800000 -14.730000
      vertex -24.630000 10.800000 -14.730000
    endloop
  endfacet
  facet normal 0.000000 1.000000 0.000000
    outer loop
      vertex -24.630000 5.600000 -14.730000
      vertex -23.970000 5.600000 -14.730000
      vertex -23.970000 5.600000 -15.390000
    endloop
  endfacet
  facet normal 0.000000 1.000000 0.000000
    outer loop
      vertex -24.630000 5.600000 -14.730000
      vertex -23.970000 5.600000 -15.390000
      vertex -24.630000 5.600000 -15.390000
    endloop
  endfacet
  facet normal 0.000000 0.000000 -1.000000
    outer loop
      vertex -24.630000 10.800000 -14.730000
      vertex -23.970000 10.800000 -14.730000
      vertex -23.970000 5.600000 -14.730000
    endloop
  endfacet
  facet normal 0.000000 0.000000 -1.000000
    outer loop
      vertex -24.630000 10.800000 -14.730000
      vertex -23.970000 5.600000 -14.730000
      vertex -24.630000 5.600000 -14.730000
    endloop
  endfacet
  facet normal 0.000000 0.000000 1.000000
    outer loop
      vertex -23.970000 5.600000 -15.390000
      vertex -23.970000 10.800000 -15.390000
      vertex -24.630000 10.800000 -15.390000
    endloop
  endfacet
  facet normal 0.000000 0.000000 1.000000
    outer loop
      vertex -23.970000 5.600000 -15.390000
      vertex -24.630000 10.800000 -15.390000
      vertex -24.630000 5.600000 -15.390000
    endloop
  endfacet
  facet normal -1.000000 0.000000 0.000000
    outer loop
      vertex -23.970000 5.600000 -14.730000
      vertex -23.970000 10.800000 -14.730000
      vertex -23.970000 10.800000 -15.390000
    endloop
  endfacet
  facet normal -1.000000 0.000000 0.000000
    outer loop
      vertex -23.970000 5.600000 -14.730000
      vertex -23.970000 10.800000 -15.390000
      vertex -23.970000 5.600000 -15.390000
    endloop
  endfacet
  facet normal 1.000000 0.000000 0.000000
    outer loop
      vertex -24.630000 5.600000 -15.390000
      vertex -24.630000 10.800000 -15.390000
      vertex -24.630000 10.800000 -14.730000
    endloop
  endfacet
  facet normal 1.000000 0.000000 0.000000
    outer loop
      vertex -24.630000 5.600000 -15.390000
      vertex -24.630000 10.800000 -14.730000
      vertex -24.630000 5.600000 -14.730000
    endloop
  endfacet
  facet normal 0.000000 -1.000000 0.000000
    outer loop
      vertex -25.400000 6.825000 -18.700000
      vertex -23.200000 6.825000 -18.700000
      vertex -23.200000 6.825000 -16.500000
    endloop
  endfacet
  facet normal 0.000000 -1.000000 0.000000
    outer loop
      vertex -25.400000 6.825000 -18.700000
      vertex -23.200000 6.825000 -16.500000
      vertex -25.400000 6.825000 -16.500000
    endloop
  endfacet
  facet normal 0.000000 1.000000 0.000000
    outer loop
      vertex -25.400000 5.275000 -16.500000
      vertex -23.200000 5.275000 -16.500000
      vertex -23.200000 5.275000 -18.700000
    endloop
  endfacet
  facet normal 0.000000 1.000000 0.000000
    outer loop
      vertex -25.400000 5.275000 -16.500000
      vertex -23.200000 5.275000 -18.700000
      vertex -25.400000 5.275000 -18.700000
    endloop
  endfacet
  facet normal 0.000000 0.000000 -1.000000
    outer loop
      vertex -25.400000 6.825000 -16.500000
      vertex -23.200000 6.825000 -16.500000
      vertex -23.200000 5.275000 -16.500000
    endloop
  endfacet
  facet normal 0.000000 0.000000 -1.000000
    outer loop
      vertex -25.400000 6.825000 -16.500000
      vertex -23.200000 5.275000 -16.500000
      vertex -25.400000 5.275000 -16.500000
    endloop
  endfacet
  facet normal 0.000000 0.000000 1.000000
    outer loop
      vertex -23.200000 5.275000 -18.700000
      vertex -23.200000 6.825000 -18.700000
      vertex -25.400000 6.825000 -18.700000
    endloop
  endfacet
  facet normal 0.000000 0.000000 1.000000
    outer loop
      vertex -23.200000 5.275000 -18.700000
      vertex -25.400000 6.825000 -18.700000
      vertex -25.400000 5.275000 -18.700000
    endloop
  endfacet
  facet normal -1.000000 0.000000 0.000000
    outer loop
      vertex -23.200000 5.275000 -16.500000
      vertex -23.200000 6.825000 -16.500000
      vertex -23.200000 6.825000 -18.700000
    endloop
  endfacet
  facet normal -1.000000 0.000000 0.000000
    outer loop
      vertex -23.200000 5.275000 -16.500000
      vertex -23.200000 6.825000 -18.700000
      vertex -23.200000 5.275000 -18.700000
    endloop
  endfacet
  facet normal 1.000000 0.000000 0.000000
    outer loop
      vertex -25.400000 5.275000 -18.700000
      vertex -25.400000 6.825000 -18.700000
      vertex -25.400000 6.825000 -16.500000
    endloop
  endfacet
  facet normal 1.000000 0.000000 0.000000
    outer loop
      vertex -25.400000 5.275000 -18.700000
      vertex -25.400000 6.825000 -16.500000
      vertex -25.400000 5.275000 -16.500000
    endloop
  endfacet
  facet normal 0.000000 -1.000000 0.000000
    outer loop
      vertex -24.630000 10.800000 -17.930000
      vertex -23.970000 10.800000 -17.930000
      vertex -23.970000 10.800000 -17.270000
    endloop
  endfacet
  facet normal 0.000000 -1.000000 0.000000
    outer loop
      vertex -24.630000 10.800000 -17.930000
      vertex -23.970000 10.800000 -17.270000
      vertex -24.630000 10.800000 -17.270000
    endloop
  endfacet
  facet normal 0.000000 1.000000 0.000000
    outer loop
      vertex -24.630000 5.600000 -17.270000
      vertex -23.970000 5.600000 -17.270000
      vertex -23.970000 5.600000 -17.930000
    endloop
  endfacet
  facet normal 0.000000 1.000000 0.000000
    outer loop
      vertex -24.630000 5.600000 -17.270000
      vertex -23.970000 5.600000 -17.930000
      vertex -24.630000 5.600000 -17.930000
    endloop
  endfacet
  facet normal 0.000000 0.000000 -1.000000
    outer loop
      vertex -24.630000 10.800000 -17.270000
      vertex -23.970000 10.800000 -17.270000
      vertex -23.970000 5.600000 -17.270000
    endloop
  endfacet
  facet normal 0.000000 0.000000 -1.000000
    outer loop
      vertex -24.630000 10.800000 -17.270000
      vertex -23.970000 5.600000 -17.270000
      vertex -24.630000 5.600000 -17.270000
    endloop
  endfacet
  facet normal 0.000000 0.000000 1.000000
    outer loop
      vertex -23.970000 5.600000 -17.930000
      vertex -23.970000 10.800000 -17.930000
      vertex -24.630000 10.800000 -17.930000
    endloop
  endfacet
  facet normal 0.000000 0.000000 1.000000
    outer loop
      vertex -23.970000 5.600000 -17.930000
      vertex -24.630000 10.800000 -17.930000
      vertex -24.630000 5.600000 -17.930000
    endloop
  endfacet
  facet normal -1.000000 0.000000 0.000000
    outer loop
      vertex -23.970000 5.600000 -17.270000
      vertex -23.970000 10.800000 -17.270000
      vertex -23.970000 10.800000 -17.930000
    endloop
  endfacet
  facet normal -1.000000 0.000000 0.000000
    outer loop
      vertex -23.970000 5.600000 -17.270000
      vertex -23.970000 10.800000 -17.930000
      vertex -23.970000 5.600000 -17.930000
    endloop
  endfacet
  facet normal 1.000000 0.000000 0.000000
    outer loop
      vertex -24.630000 5.600000 -17.930000
      vertex -24.630000 10.800000 -17.930000
      vertex -24.630000 10.800000 -17.270000
    endloop
  endfacet
  facet normal 1.000000 0.000000 0.000000
    outer loop
      vertex -24.630000 5.600000 -17.930000
      vertex -24.630000 10.800000 -17.270000
      vertex -24.630000 5.600000 -17.270000
    endloop
  endfacet
  facet normal 0.000000 -1.000000 0.000000
    outer loop
      vertex 23.200000 6.825000 19.400000
      vertex 25.400000 6.825000 19.400000
      vertex 25.400000 6.825000 21.600000
    endloop
  endfacet
  facet normal 0.000000 -1.000000 0.000000
    outer loop
      vertex 23.200000 6.825000 19.400000
      vertex 25.400000 6.825000 21.600000
      vertex 23.200000 6.825000 21.600000
    endloop
  endfacet
  facet normal 0.000000 1.000000 0.000000
    outer loop
      vertex 23.200000 5.275000 21.600000
      vertex 25.400000 5.275000 21.600000
      vertex 25.400000 5.275000 19.400000
    endloop
  endfacet
  facet normal 0.000000 1.000000 0.000000
    outer loop
      vertex 23.200000 5.275000 21.600000
      vertex 25.400000 5.275000 19.400000
      vertex 23.200000 5.275000 19.400000
    endloop
  endfacet
  facet normal 0.000000 0.000000 -1.000000
    outer loop
      vertex 23.200000 6.825000 21.600000
      vertex 25.400000 6.825000 21.600000
      vertex 25.400000 5.275000 21.600000
    endloop
  endfacet
  facet normal 0.000000 0.000000 -1.000000
    outer loop
      vertex 23.200000 6.825000 21.600000
      vertex 25.400000 5.275000 21.600000
      vertex 23.200000 5.275000 21.600000
    endloop
  endfacet
  facet normal 0.000000 0.000000 1.000000
    outer loop
      vertex 25.400000 5.275000 19.400000
      vertex 25.400000 6.825000 19.400000
      vertex 23.200000 6.825000 19.400000
    endloop
  endfacet
  facet normal 0.000000 0.000000 1.000000
    outer loop
      vertex 25.400000 5.275000 19.400000
      vertex 23.200000 6.825000 19.400000
      vertex 23.200000 5.275000 19.400000
    endloop
  endfacet
  facet normal -1.000000 0.000000 0.000000
    outer loop
      vertex 25.400000 5.275000 21.600000
      vertex 25.400000 6.825000 21.600000
      vertex 25.400000 6.825000 19.400000
    endloop
  endfacet
  facet normal -1.000000 0.000000 0.000000
    outer loop
      vertex 25.400000 5.275000 21.600000
      vertex 25.400000 6.825000 19.400000
      vertex 25.400000 5.275000 19.400000
    endloop
  endfacet
  facet normal 1.000000 0.000000 0.000000
    outer loop
      vertex 23.200000 5.275000 19.400000
      vertex 23.200000 6.825000 19.400000
      vertex 23.200000 6.825000 21.600000
    endloop
  endfacet
  facet normal 1.000000 0.000000 0.000000
    outer loop
      vertex 23.200000 5.275000 19.400000
      vertex 23.200000 6.825000 21.600000
      vertex 23.200000 5.275000 21.600000
    endloop
  endfacet
  facet normal 0.000000 -1.000000 0.000000
    outer loop
      vertex 23.970000 10.800000 20.170000
      vertex 24.630000 10.800000 20.170000
      vertex 24.630000 10.800000 20.830000
    endloop
  endfacet
  facet normal 0.000000 -1.000000 0.000000
    outer loop
      vertex 23.970000 10.800000 20.170000
      vertex 24.630000 10.800000 20.830000
      vertex 23.970000 10.800000 20.830000
    endloop
  endfacet
  facet normal 0.000000 1.000000 0.000000
    outer loop
      vertex 23.970000 5.600000 20.830000
      vertex 24.630000 5.600000 20.830000
      vertex 24.630000 5.600000 20.170000
    endloop
  endfacet
  facet normal 0.000000 1.000000 0.000000
    outer loop
      vertex 23.970000 5.600000 20.830000
      vertex 24.630000 5.600000 20.170000
      vertex 23.970000 5.600000 20.170000
    endloop
  endfacet
  facet normal 0.000000 0.000000 -1.000000
    outer loop
      vertex 23.970000 10.800000 20.830000
      vertex 24.630000 10.800000 20.830000
      vertex 24.630000 5.600000 20.830000
    endloop
  endfacet
  facet normal 0.000000 0.000000 -1.000000
    outer loop
      vertex 23.970000 10.800000 20.830000
      vertex 24.630000 5.600000 20.830000
      vertex 23.970000 5.600000 20.830000
    endloop
  endfacet
  facet normal 0.000000 0.000000 1.000000
    outer loop
      vertex 24.630000 5.600000 20.170000
      vertex 24.630000 10.800000 20.170000
      vertex 23.970000 10.800000 20.170000
    endloop
  endfacet
  facet normal 0.000000 0.000000 1.000000
    outer loop
      vertex 24.630000 5.600000 20.170000
      vertex 23.970000 10.800000 20.170000
      vertex 23.970000 5.600000 20.170000
    endloop
  endfacet
  facet normal -1.000000 0.000000 0.000000
    outer loop
      vertex 24.630000 5.600000 20.830000
      vertex 24.630000 10.800000 20.830000
      vertex 24.630000 10.800000 20.170000
    endloop
  endfacet
  facet normal -1.000000 0.000000 0.000000
    outer loop
      vertex 24.630000 5.600000 20.830000
      vertex 24.630000 10.800000 20.170000
      vertex 24.630000 5.600000 20.170000
    endloop
  endfacet
  facet normal 1.000000 0.000000 0.000000
    outer loop
      vertex 23.970000 5.600000 20.170000
      vertex 23.970000 10.800000 20.170000
      vertex 23.970000 10.800000 20.830000
    endloop
  endfacet
  facet normal 1.000000 0.000000 0.000000
    outer loop
      vertex 23.970000 5.600000 20.170000
      vertex 23.970000 10.800000 20.830000
      vertex 23.970000 5.600000 20.830000
    endloop
  endfacet
  facet normal 0.000000 -1.000000 0.000000
    outer loop
      vertex 23.200000 6.825000 16.860000
      vertex 25.400000 6.825000 16.860000
      vertex 25.400000 6.825000 19.060000
    endloop
  endfacet
  facet normal 0.000000 -1.000000 0.000000
    outer loop
      vertex 23.200000 6.825000 16.860000
      vertex 25.400000 6.825000 19.060000
      vertex 23.200000 6.825000 19.060000
    endloop
  endfacet
  facet normal 0.000000 1.000000 0.000000
    outer loop
      vertex 23.200000 5.275000 19.060000
      vertex 25.400000 5.275000 19.060000
      vertex 25.400000 5.275000 16.860000
    endloop
  endfacet
  facet normal 0.000000 1.000000 0.000000
    outer loop
      vertex 23.200000 5.275000 19.060000
      vertex 25.400000 5.275000 16.860000
      vertex 23.200000 5.275000 16.860000
    endloop
  endfacet
  facet normal 0.000000 0.000000 -1.000000
    outer loop
      vertex 23.200000 6.825000 19.060000
      vertex 25.400000 6.825000 19.060000
      vertex 25.400000 5.275000 19.060000
    endloop
  endfacet
  facet normal 0.000000 0.000000 -1.000000
    outer loop
      vertex 23.200000 6.825000 19.060000
      vertex 25.400000 5.275000 19.060000
      vertex 23.200000 5.275000 19.060000
    endloop
  endfacet
  facet normal 0.000000 0.000000 1.000000
    outer loop
      vertex 25.400000 5.275000 16.860000
      vertex 25.400000 6.825000 16.860000
      vertex 23.200000 6.825000 16.860000
    endloop
  endfacet
  facet normal 0.000000 0.000000 1.000000
    outer loop
      vertex 25.400000 5.275000 16.860000
      vertex 23.200000 6.825000 16.860000
      vertex 23.200000 5.275000 16.860000
    endloop
  endfacet
  facet normal -1.000000 0.000000 0.000000
    outer loop
      vertex 25.400000 5.275000 19.060000
      vertex 25.400000 6.825000 19.060000
      vertex 25.400000 6.825000 16.860000
    endloop
  endfacet
  facet normal -1.000000 0.000000 0.000000
    outer loop
      vertex 25.400000 5.275000 19.060000
      vertex 25.400000 6.825000 16.860000
      vertex 25.400000 5.275000 16.860000
    endloop
  endfacet
  facet normal 1.000000 0.000000 0.000000
    outer loop
      vertex 23.200000 5.275000 16.860000
      vertex 23.200000 6.825000 16.860000
      vertex 23.200000 6.825000 19.060000
    endloop
  endfacet
  facet normal 1.000000 0.000000 0.000000
    outer loop
      vertex 23.200000 5.275000 16.860000
      vertex 23.200000 6.825000 19.060000
      vertex 23.200000 5.275000 19.060000
    endloop
  endfacet
  facet normal 0.000000 -1.000000 0.000000
    outer loop
      vertex 23.970000 10.800000 17.630000
      vertex 24.630000 10.800000 17.630000
      vertex 24.630000 10.800000 18.290000
    endloop
  endfacet
  facet normal 0.000000 -1.000000 0.000000
    outer loop
      vertex 23.970000 10.800000 17.630000
      vertex 24.630000 10.800000 18.290000
      vertex 23.970000 10.800000 18.290000
    endloop
  endfacet
  facet normal 0.000000 1.000000 0.000000
    outer loop
      vertex 23.970000 5.600000 18.290000
      vertex 24.630000 5.600000 18.290000
      vertex 24.630000 5.600000 17.630000
    endloop
  endfacet
  facet normal 0.000000 1.000000 0.000000
    outer loop
      vertex 23.970000 5.600000 18.290000
      vertex 24.630000 5.600000 17.630000
      vertex 23.970000 5.600000 17.630000
    endloop
  endfacet
  facet normal 0.000000 0.000000 -1.000000
    outer loop
      vertex 23.970000 10.800000 18.290000
      vertex 24.630000 10.800000 18.290000
      vertex 24.630000 5.600000 18.290000
    endloop
  endfacet
  facet normal 0.000000 0.000000 -1.000000
    outer loop
      vertex 23.970000 10.800000 18.290000
      vertex 24.630000 5.600000 18.290000
      vertex 23.970000 5.600000 18.290000
    endloop
  endfacet
  facet normal 0.000000 0.000000 1.000000
    outer loop
      vertex 24.630000 5.600000 17.630000
      vertex 24.630000 10.800000 17.630000
      vertex 23.970000 10.800000 17.630000
    endloop
  endfacet
  facet normal 0.000000 0.000000 1.000000
    outer loop
      vertex 24.630000 5.600000 17.630000
      vertex 23.970000 10.800000 17.630000
      vertex 23.970000 5.600000 17.630000
    endloop
  endfacet
  facet normal -1.000000 0.000000 0.000000
    outer loop
      vertex 24.630000 5.600000 18.290000
      vertex 24.630000 10.800000 18.290000
      vertex 24.630000 10.800000 17.630000
    endloop
  endfacet
  facet normal -1.000000 0.000000 0.000000
    outer loop
      vertex 24.630000 5.600000 18.290000
      vertex 24.630000 10.800000 17.630000
      vertex 24.630000 5.600000 17.630000
    endloop
  endfacet
  facet normal 1.000000 0.000000 0.000000
    outer loop
      vertex 23.970000 5.600000 17.630000
      vertex 23.970000 10.800000 17.630000
      vertex 23.970000 10.800000 18.290000
    endloop
  endfacet
  facet normal 1.000000 0.000000 0.000000
    outer loop
      vertex 23.970000 5.600000 17.630000
      vertex 23.970000 10.800000 18.290000
      vertex 23.970000 5.600000 18.290000
    endloop
  endfacet
  facet normal 0.000000 -1.000000 0.000000
    outer loop
      vertex 23.200000 6.825000 14.320000
      vertex 25.400000 6.825000 14.320000
      vertex 25.400000 6.825000 16.520000
    endloop
  endfacet
  facet normal 0.000000 -1.000000 0.000000
    outer loop
      vertex 23.200000 6.825000 14.320000
      vertex 25.400000 6.825000 16.520000
      vertex 23.200000 6.825000 16.520000
    endloop
  endfacet
  facet normal 0.000000 1.000000 0.000000
    outer loop
      vertex 23.200000 5.275000 16.520000
      vertex 25.400000 5.275000 16.520000
      vertex 25.400000 5.275000 14.320000
    endloop
  endfacet
  facet normal 0.000000 1.000000 0.000000
    outer loop
      vertex 23.200000 5.275000 16.520000
      vertex 25.400000 5.275000 14.320000
      vertex 23.200000 5.275000 14.320000
    endloop
  endfacet
  facet normal 0.000000 0.000000 -1.000000
    outer loop
      vertex 23.200000 6.825000 16.520000
      vertex 25.400000 6.825000 16.520000
      vertex 25.400000 5.275000 16.520000
    endloop
  endfacet
  facet normal 0.000000 0.000000 -1.000000
    outer loop
      vertex 23.200000 6.825000 16.520000
      vertex 25.400000 5.275000 16.520000
      vertex 23.200000 5.275000 16.520000
    endloop
  endfacet
  facet normal 0.000000 0.000000 1.000000
    outer loop
      vertex 25.400000 5.275000 14.320000
      vertex 25.400000 6.825000 14.320000
      vertex 23.200000 6.825000 14.320000
    endloop
  endfacet
  facet normal 0.000000 0.000000 1.000000
    outer loop
      vertex 25.400000 5.275000 14.320000
      vertex 23.200000 6.825000 14.320000
      vertex 23.200000 5.275000 14.320000
    endloop
  endfacet
  facet normal -1.000000 0.000000 0.000000
    outer loop
      vertex 25.400000 5.275000 16.520000
      vertex 25.400000 6.825000 16.520000
      vertex 25.400000 6.825000 14.320000
    endloop
  endfacet
  facet normal -1.000000 0.000000 0.000000
    outer loop
      vertex 25.400000 5.275000 16.520000
      vertex 25.400000 6.825000 14.320000
      vertex 25.400000 5.275000 14.320000
    endloop
  endfacet
  facet normal 1.000000 0.000000 0.000000
    outer loop
      vertex 23.200000 5.275000 14.320000
      vertex 23.200000 6.825000 14.320000
      vertex 23.200000 6.825000 16.520000
    endloop
  endfacet
  facet normal 1.000000 0.000000 0.000000
    outer loop
      vertex 23.200000 5.275000 14.320000
      vertex 23.200000 6.825000 16.520000
      vertex 23.200000 5.275000 16.520000
    endloop
  endfacet
  facet normal 0.000000 -1.000000 0.000000
    outer loop
      vertex 23.970000 10.800000 15.090000
      vertex 24.630000 10.800000 15.090000
      vertex 24.630000 10.800000 15.750000
    endloop
  endfacet
  facet normal 0.000000 -1.000000 0.000000
    outer loop
      vertex 23.970000 10.800000 15.090000
      vertex 24.630000 10.800000 15.750000
      vertex 23.970000 10.800000 15.750000
    endloop
  endfacet
  facet normal 0.000000 1.000000 0.000000
    outer loop
      vertex 23.970000 5.600000 15.750000
      vertex 24.630000 5.600000 15.750000
      vertex 24.630000 5.600000 15.090000
    endloop
  endfacet
  facet normal 0.000000 1.000000 0.000000
    outer loop
      vertex 23.970000 5.600000 15.750000
      vertex 24.630000 5.600000 15.090000
      vertex 23.970000 5.600000 15.090000
    endloop
  endfacet
  facet normal 0.000000 0.000000 -1.000000
    outer loop
      vertex 23.970000 10.800000 15.750000
      vertex 24.630000 10.800000 15.750000
      vertex 24.630000 5.600000 15.750000
    endloop
  endfacet
  facet normal 0.000000 0.000000 -1.000000
    outer loop
      vertex 23.970000 10.800000 15.750000
      vertex 24.630000 5.600000 15.750000
      vertex 23.970000 5.600000 15.750000
    endloop
  endfacet
  facet normal 0.000000 0.000000 1.000000
    outer loop
      vertex 24.630000 5.600000 15.090000
      vertex 24.630000 10.800000 15.090000
      vertex 23.970000 10.800000 15.090000
    endloop
  endfacet
  facet normal 0.000000 0.000000 1.000000
    outer loop
      vertex 24.630000 5.600000 15.090000
      vertex 23.970000 10.800000 15.090000
      vertex 23.970000 5.600000 15.090000
    endloop
  endfacet
  facet normal -1.000000 0.000000 0.000000
    outer loop
      vertex 24.630000 5.600000 15.750000
      vertex 24.630000 10.800000 15.750000
      vertex 24.630000 10.800000 15.090000
    endloop
  endfacet
  facet normal -1.000000 0.000000 0.000000
    outer loop
      vertex 24.630000 5.600000 15.750000
      vertex 24.630000 10.800000 15.090000
      vertex 24.630000 5.600000 15.090000
    endloop
  endfacet
  facet normal 1.000000 0.000000 0.000000
    outer loop
      vertex 23.970000 5.600000 15.090000
      vertex 23.970000 10.800000 15.090000
      vertex 23.970000 10.800000 15.750000
    endloop
  endfacet
  facet normal 1.000000 0.000000 0.000000
    outer loop
      vertex 23.970000 5.600000 15.090000
      vertex 23.970000 10.800000 15.750000
      vertex 23.970000 5.600000 15.750000
    endloop
  endfacet
  facet normal 0.000000 -1.000000 0.000000
    outer loop
      vertex 23.200000 6.825000 11.780000
      vertex 25.400000 6.825000 11.780000
      vertex 25.400000 6.825000 13.980000
    endloop
  endfacet
  facet normal 0.000000 -1.000000 0.000000
    outer loop
      vertex 23.200000 6.825000 11.780000
      vertex 25.400000 6.825000 13.980000
      vertex 23.200000 6.825000 13.980000
    endloop
  endfacet
  facet normal 0.000000 1.000000 0.000000
    outer loop
      vertex 23.200000 5.275000 13.980000
      vertex 25.400000 5.275000 13.980000
      vertex 25.400000 5.275000 11.780000
    endloop
  endfacet
  facet normal 0.000000 1.000000 0.000000
    outer loop
      vertex 23.200000 5.275000 13.980000
      vertex 25.400000 5.275000 11.780000
      vertex 23.200000 5.275000 11.780000
    endloop
  endfacet
  facet normal 0.000000 0.000000 -1.000000
    outer loop
      vertex 23.200000 6.825000 13.980000
      vertex 25.400000 6.825000 13.980000
      vertex 25.400000 5.275000 13.980000
    endloop
  endfacet
  facet normal 0.000000 0.000000 -1.000000
    outer loop
      vertex 23.200000 6.825000 13.980000
      vertex 25.400000 5.275000 13.980000
      vertex 23.200000 5.275000 13.980000
    endloop
  endfacet
  facet normal 0.000000 0.000000 1.000000
    outer loop
      vertex 25.400000 5.275000 11.780000
      vertex 25.400000 6.825000 11.780000
      vertex 23.200000 6.825000 11.780000
    endloop
  endfacet
  facet normal 0.000000 0.000000 1.000000
    outer loop
      vertex 25.400000 5.275000 11.780000
      vertex 23.200000 6.825000 11.780000
      vertex 23.200000 5.275000 11.780000
    endloop
  endfacet
  facet normal -1.000000 0.000000 0.000000
    outer loop
      vertex 25.400000 5.275000 13.980000
      vertex 25.400000 6.825000 13.980000
      vertex 25.400000 6.825000 11.780000
    endloop
  endfacet
  facet normal -1.000000 0.000000 0.000000
    outer loop
      vertex 25.400000 5.275000 13.980000
      vertex 25.400000 6.825000 11.780000
      vertex 25.400000 5.275000 11.780000
    endloop
  endfacet
  facet normal 1.000000 0.000000 0.000000
    outer loop
      vertex 23.200000 5.275000 11.780000
      vertex 23.200000 6.825000 11.780000
      vertex 23.200000 6.825000 13.980000
    endloop
  endfacet
  facet normal 1.000000 0.000000 0.000000
    outer loop
      vertex 23.200000 5.275000 11.780000
      vertex 23.200000 6.825000 13.980000
      vertex 23.200000 5.275000 13.980000
    endloop
  endfacet
  facet normal 0.000000 -1.000000 0.000000
    outer loop
      vertex 23.970000 10.800000 12.550000
      vertex 24.630000 10.800000 12.550000
      vertex 24.630000 10.800000 13.210000
    endloop
  endfacet
  facet normal 0.000000 -1.000000 0.000000
    outer loop
      vertex 23.970000 10.800000 12.550000
      vertex 24.630000 10.800000 13.210000
      vertex 23.970000 10.800000 13.210000
    endloop
  endfacet
  facet normal 0.000000 1.000000 0.000000
    outer loop
      vertex 23.970000 5.600000 13.210000
      vertex 24.630000 5.600000 13.210000
      vertex 24.630000 5.600000 12.550000
    endloop
  endfacet
  facet normal 0.000000 1.000000 0.000000
    outer loop
      vertex 23.970000 5.600000 13.210000
      vertex 24.630000 5.600000 12.550000
      vertex 23.970000 5.600000 12.550000
    endloop
  endfacet
  facet normal 0.000000 0.000000 -1.000000
    outer loop
      vertex 23.970000 10.800000 13.210000
      vertex 24.630000 10.800000 13.210000
      vertex 24.630000 5.600000 13.210000
    endloop
  endfacet
  facet normal 0.000000 0.000000 -1.000000
    outer loop
      vertex 23.970000 10.800000 13.210000
      vertex 24.630000 5.600000 13.210000
      vertex 23.970000 5.600000 13.210000
    endloop
  endfacet
  facet normal 0.000000 0.000000 1.000000
    outer loop
      vertex 24.630000 5.600000 12.550000
      vertex 24.630000 10.800000 12.550000
      vertex 23.970000 10.800000 12.550000
    endloop
  endfacet
  facet normal 0.000000 0.000000 1.000000
    outer loop
      vertex 24.630000 5.600000 12.550000
      vertex 23.970000 10.800000 12.550000
      vertex 23.970000 5.600000 12.550000
    endloop
  endfacet
  facet normal -1.000000 0.000000 0.000000
    outer loop
      vertex 24.630000 5.600000 13.210000
      vertex 24.630000 10.800000 13.210000
      vertex 24.630000 10.800000 12.550000
    endloop
  endfacet
  facet normal -1.000000 0.000000 0.000000
    outer loop
      vertex 24.630000 5.600000 13.210000
      vertex 24.630000 10.800000 12.550000
      vertex 24.630000 5.600000 12.550000
    endloop
  endfacet
  facet normal 1.000000 0.000000 0.000000
    outer loop
      vertex 23.970000 5.600000 12.550000
      vertex 23.970000 10.800000 12.550000
      vertex 23.970000 10.800000 13.210000
    endloop
  endfacet
  facet normal 1.000000 0.000000 0.000000
    outer loop
      vertex 23.970000 5.600000 12.550000
      vertex 23.970000 10.800000 13.210000
      vertex 23.970000 5.600000 13.210000
    endloop
  endfacet
  facet normal 0.000000 -1.000000 0.000000
    outer loop
      vertex 23.200000 6.825000 9.240000
      vertex 25.400000 6.825000 9.240000
      vertex 25.400000 6.825000 11.440000
    endloop
  endfacet
  facet normal 0.000000 -1.000000 0.000000
    outer loop
      vertex 23.200000 6.825000 9.240000
      vertex 25.400000 6.825000 11.440000
      vertex 23.200000 6.825000 11.440000
    endloop
  endfacet
  facet normal 0.000000 1.000000 0.000000
    outer loop
      vertex 23.200000 5.275000 11.440000
      vertex 25.400000 5.275000 11.440000
      vertex 25.400000 5.275000 9.240000
    endloop
  endfacet
  facet normal 0.000000 1.000000 0.000000
    outer loop
      vertex 23.200000 5.275000 11.440000
      vertex 25.400000 5.275000 9.240000
      vertex 23.200000 5.275000 9.240000
    endloop
  endfacet
  facet normal 0.000000 0.000000 -1.000000
    outer loop
      vertex 23.200000 6.825000 11.440000
      vertex 25.400000 6.825000 11.440000
      vertex 25.400000 5.275000 11.440000
    endloop
  endfacet
  facet normal 0.000000 0.000000 -1.000000
    outer loop
      vertex 23.200000 6.825000 11.440000
      vertex 25.400000 5.275000 11.440000
      vertex 23.200000 5.275000 11.440000
    endloop
  endfacet
  facet normal 0.000000 0.000000 1.000000
    outer loop
      vertex 25.400000 5.275000 9.240000
      vertex 25.400000 6.825000 9.240000
      vertex 23.200000 6.825000 9.240000
    endloop
  endfacet
  facet normal 0.000000 0.000000 1.000000
    outer loop
      vertex 25.400000 5.275000 9.240000
      vertex 23.200000 6.825000 9.240000
      vertex 23.200000 5.275000 9.240000
    endloop
  endfacet
  facet normal -1.000000 0.000000 0.000000
    outer loop
      vertex 25.400000 5.275000 11.440000
      vertex 25.400000 6.825000 11.440000
      vertex 25.400000 6.825000 9.240000
    endloop
  endfacet
  facet normal -1.000000 0.000000 0.000000
    outer loop
      vertex 25.400000 5.275000 11.440000
      vertex 25.400000 6.825000 9.240000
      vertex 25.400000 5.275000 9.240000
    endloop
  endfacet
  facet normal 1.000000 0.000000 0.000000
    outer loop
      vertex 23.200000 5.275000 9.240000
      vertex 23.200000 6.825000 9.240000
      vertex 23.200000 6.825000 11.440000
    endloop
  endfacet
  facet normal 1.000000 0.000000 0.000000
    outer loop
      vertex 23.200000 5.275000 9.240000
      vertex 23.200000 6.825000 11.440000
      vertex 23.200000 5.275000 11.440000
    endloop
  endfacet
  facet normal 0.000000 -1.000000 0.000000
    outer loop
      vertex 23.970000 10.800000 10.010000
      vertex 24.630000 10.800000 10.010000
      vertex 24.630000 10.800000 10.670000
    endloop
  endfacet
  facet normal 0.000000 -1.000000 0.000000
    outer loop
      vertex 23.970000 10.800000 10.010000
      vertex 24.630000 10.800000 10.670000
      vertex 23.970000 10.800000 10.670000
    endloop
  endfacet
  facet normal 0.000000 1.000000 0.000000
    outer loop
      vertex 23.970000 5.600000 10.670000
      vertex 24.630000 5.600000 10.670000
      vertex 24.630000 5.600000 10.010000
    endloop
  endfacet
  facet normal 0.000000 1.000000 0.000000
    outer loop
      vertex 23.970000 5.600000 10.670000
      vertex 24.630000 5.600000 10.010000
      vertex 23.970000 5.600000 10.010000
    endloop
  endfacet
  facet normal 0.000000 0.000000 -1.000000
    outer loop
      vertex 23.970000 10.800000 10.670000
      vertex 24.630000 10.800000 10.670000
      vertex 24.630000 5.600000 10.670000
    endloop
  endfacet
  facet normal 0.000000 0.000000 -1.000000
    outer loop
      vertex 23.970000 10.800000 10.670000
      vertex 24.630000 5.600000 10.670000
      vertex 23.970000 5.600000 10.670000
    endloop
  endfacet
  facet normal 0.000000 0.000000 1.000000
    outer loop
      vertex 24.630000 5.600000 10.010000
      vertex 24.630000 10.800000 10.010000
      vertex 23.970000 10.800000 10.010000
    endloop
  endfacet
  facet normal 0.000000 0.000000 1.000000
    outer loop
      vertex 24.630000 5.600000 10.010000
      vertex 23.970000 10.800000 10.010000
      vertex 23.970000 5.600000 10.010000
    endloop
  endfacet
  facet normal -1.000000 0.000000 0.000000
    outer loop
      vertex 24.630000 5.600000 10.670000
      vertex 24.630000 10.800000 10.670000
      vertex 24.630000 10.800000 10.010000
    endloop
  endfacet
  facet normal -1.000000 0.000000 0.000000
    outer loop
      vertex 24.630000 5.600000 10.670000
      vertex 24.630000 10.800000 10.010000
      vertex 24.630000 5.600000 10.010000
    endloop
  endfacet
  facet normal 1.000000 0.000000 0.000000
    outer loop
      vertex 23.970000 5.600000 10.010000
      vertex 23.970000 10.800000 10.010000
      vertex 23.970000 10.800000 10.670000
    endloop
  endfacet
  facet normal 1.000000 0.000000 0.000000
    outer loop
      vertex 23.970000 5.600000 10.010000
      vertex 23.970000 10.800000 10.670000
      vertex 23.970000 5.600000 10.670000
    endloop
  endfacet
  facet normal 0.000000 -1.000000 0.000000
    outer loop
      vertex 23.200000 6.825000 6.700000
      vertex 25.400000 6.825000 6.700000
      vertex 25.400000 6.825000 8.900000
    endloop
  endfacet
  facet normal 0.000000 -1.000000 0.000000
    outer loop
      vertex 23.200000 6.825000 6.700000
      vertex 25.400000 6.825000 8.900000
      vertex 23.200000 6.825000 8.900000
    endloop
  endfacet
  facet normal 0.000000 1.000000 0.000000
    outer loop
      vertex 23.200000 5.275000 8.900000
      vertex 25.400000 5.275000 8.900000
      vertex 25.400000 5.275000 6.700000
    endloop
  endfacet
  facet normal 0.000000 1.000000 0.000000
    outer loop
      vertex 23.200000 5.275000 8.900000
      vertex 25.400000 5.275000 6.700000
      vertex 23.200000 5.275000 6.700000
    endloop
  endfacet
  facet normal 0.000000 0.000000 -1.000000
    outer loop
      vertex 23.200000 6.825000 8.900000
      vertex 25.400000 6.825000 8.900000
      vertex 25.400000 5.275000 8.900000
    endloop
  endfacet
  facet normal 0.000000 0.000000 -1.000000
    outer loop
      vertex 23.200000 6.825000 8.900000
      vertex 25.400000 5.275000 8.900000
      vertex 23.200000 5.275000 8.900000
    endloop
  endfacet
  facet normal 0.000000 0.000000 1.000000
    outer loop
      vertex 25.400000 5.275000 6.700000
      vertex 25.400000 6.825000 6.700000
      vertex 23.200000 6.825000 6.700000
    endloop
  endfacet
  facet normal 0.000000 0.000000 1.000000
    outer loop
      vertex 25.400000 5.275000 6.700000
      vertex 23.200000 6.825000 6.700000
      vertex 23.200000 5.275000 6.700000
    endloop
  endfacet
  facet normal -1.000000 0.000000 0.000000
    outer loop
      vertex 25.400000 5.275000 8.900000
      vertex 25.400000 6.825000 8.900000
      vertex 25.400000 6.825000 6.700000
    endloop
  endfacet
  facet normal -1.000000 0.000000 0.000000
    outer loop
      vertex 25.400000 5.275000 8.900000
      vertex 25.400000 6.825000 6.700000
      vertex 25.400000 5.275000 6.700000
    endloop
  endfacet
  facet normal 1.000000 0.000000 0.000000
    outer loop
      vertex 23.200000 5.275000 6.700000
      vertex 23.200000 6.825000 6.700000
      vertex 23.200000 6.825000 8.900000
    endloop
  endfacet
  facet normal 1.000000 0.000000 0.000000
    outer loop
      vertex 23.200000 5.275000 6.700000
      vertex 23.200000 6.825000 8.900000
      vertex 23.200000 5.275000 8.900000
    endloop
  endfacet
  facet normal 0.000000 -1.000000 0.000000
    outer loop
      vertex 23.970000 10.800000 7.470000
      vertex 24.630000 10.800000 7.470000
      vertex 24.630000 10.800000 8.130000
    endloop
  endfacet
  facet normal 0.000000 -1.000000 0.000000
    outer loop
      vertex 23.970000 10.800000 7.470000
      vertex 24.630000 10.800000 8.130000
      vertex 23.970000 10.800000 8.130000
    endloop
  endfacet
  facet normal 0.000000 1.000000 0.000000
    outer loop
      vertex 23.970000 5.600000 8.130000
      vertex 24.630000 5.600000 8.130000
      vertex 24.630000 5.600000 7.470000
    endloop
  endfacet
  facet normal 0.000000 1.000000 0.000000
    outer loop
      vertex 23.970000 5.600000 8.130000
      vertex 24.630000 5.600000 7.470000
      vertex 23.970000 5.600000 7.470000
    endloop
  endfacet
  facet normal 0.000000 0.000000 -1.000000
    outer loop
      vertex 23.970000 10.800000 8.130000
      vertex 24.630000 10.800000 8.130000
      vertex 24.630000 5.600000 8.130000
    endloop
  endfacet
  facet normal 0.000000 0.000000 -1.000000
    outer loop
      vertex 23.970000 10.800000 8.130000
      vertex 24.630000 5.600000 8.130000
      vertex 23.970000 5.600000 8.130000
    endloop
  endfacet
  facet normal 0.000000 0.000000 1.000000
    outer loop
      vertex 24.630000 5.600000 7.470000
      vertex 24.630000 10.800000 7.470000
      vertex 23.970000 10.800000 7.470000
    endloop
  endfacet
  facet normal 0.000000 0.000000 1.000000
    outer loop
      vertex 24.630000 5.600000 7.470000
      vertex 23.970000 10.800000 7.470000
      vertex 23.970000 5.600000 7.470000
    endloop
  endfacet
  facet normal -1.000000 0.000000 0.000000
    outer loop
      vertex 24.630000 5.600000 8.130000
      vertex 24.630000 10.800000 8.130000
      vertex 24.630000 10.800000 7.470000
    endloop
  endfacet
  facet normal -1.000000 0.000000 0.000000
    outer loop
      vertex 24.630000 5.600000 8.130000
      vertex 24.630000 10.800000 7.470000
      vertex 24.630000 5.600000 7.470000
    endloop
  endfacet
  facet normal 1.000000 0.000000 0.000000
    outer loop
      vertex 23.970000 5.600000 7.470000
      vertex 23.970000 10.800000 7.470000
      vertex 23.970000 10.800000 8.130000
    endloop
  endfacet
  facet normal 1.000000 0.000000 0.000000
    outer loop
      vertex 23.970000 5.600000 7.470000
      vertex 23.970000 10.800000 8.130000
      vertex 23.970000 5.600000 8.130000
    endloop
  endfacet
  facet normal 0.000000 -1.000000 0.000000
    outer loop
      vertex 23.200000 6.825000 4.160000
      vertex 25.400000 6.825000 4.160000
      vertex 25.400000 6.825000 6.360000
    endloop
  endfacet
  facet normal 0.000000 -1.000000 0.000000
    outer loop
      vertex 23.200000 6.825000 4.160000
      vertex 25.400000 6.825000 6.360000
      vertex 23.200000 6.825000 6.360000
    endloop
  endfacet
  facet normal 0.000000 1.000000 0.000000
    outer loop
      vertex 23.200000 5.275000 6.360000
      vertex 25.400000 5.275000 6.360000
      vertex 25.400000 5.275000 4.160000
    endloop
  endfacet
  facet normal 0.000000 1.000000 0.000000
    outer loop
      vertex 23.200000 5.275000 6.360000
      vertex 25.400000 5.275000 4.160000
      vertex 23.200000 5.275000 4.160000
    endloop
  endfacet
  facet normal 0.000000 0.000000 -1.000000
    outer loop
      vertex 23.200000 6.825000 6.360000
      vertex 25.400000 6.825000 6.360000
      vertex 25.400000 5.275000 6.360000
    endloop
  endfacet
  facet normal 0.000000 0.000000 -1.000000
    outer loop
      vertex 23.200000 6.825000 6.360000
      vertex 25.400000 5.275000 6.360000
      vertex 23.200000 5.275000 6.360000
    endloop
  endfacet
  facet normal 0.000000 0.000000 1.000000
    outer loop
      vertex 25.400000 5.275000 4.160000
      vertex 25.400000 6.825000 4.160000
      vertex 23.200000 6.825000 4.160000
    endloop
  endfacet
  facet normal 0.000000 0.000000 1.000000
    outer loop
      vertex 25.400000 5.275000 4.160000
      vertex 23.200000 6.825000 4.160000
      vertex 23.200000 5.275000 4.160000
    endloop
  endfacet
  facet normal -1.000000 0.000000 0.000000
    outer loop
      vertex 25.400000 5.275000 6.360000
      vertex 25.400000 6.825000 6.360000
      vertex 25.400000 6.825000 4.160000
    endloop
  endfacet
  facet normal -1.000000 0.000000 0.000000
    outer loop
      vertex 25.400000 5.275000 6.360000
      vertex 25.400000 6.825000 4.160000
      vertex 25.400000 5.275000 4.160000
    endloop
  endfacet
  facet normal 1.000000 0.000000 0.000000
    outer loop
      vertex 23.200000 5.275000 4.160000
      vertex 23.200000 6.825000 4.160000
      vertex 23.200000 6.825000 6.360000
    endloop
  endfacet
  facet normal 1.000000 0.000000 0.000000
    outer loop
      vertex 23.200000 5.275000 4.160000
      vertex 23.200000 6.825000 6.360000
      vertex 23.200000 5.275000 6.360000
    endloop
  endfacet
  facet normal 0.000000 -1.000000 0.000000
    outer loop
      vertex 23.970000 10.800000 4.930000
      vertex 24.630000 10.800000 4.930000
      vertex 24.630000 10.800000 5.590000
    endloop
  endfacet
  facet normal 0.000000 -1.000000 0.000000
    outer loop
      vertex 23.970000 10.800000 4.930000
      vertex 24.630000 10.800000 5.590000
      vertex 23.970000 10.800000 5.590000
    endloop
  endfacet
  facet normal 0.000000 1.000000 0.000000
    outer loop
      vertex 23.970000 5.600000 5.590000
      vertex 24.630000 5.600000 5.590000
      vertex 24.630000 5.600000 4.930000
    endloop
  endfacet
  facet normal 0.000000 1.000000 0.000000
    outer loop
      vertex 23.970000 5.600000 5.590000
      vertex 24.630000 5.600000 4.930000
      vertex 23.970000 5.600000 4.930000
    endloop
  endfacet
  facet normal 0.000000 0.000000 -1.000000
    outer loop
      vertex 23.970000 10.800000 5.590000
      vertex 24.630000 10.800000 5.590000
      vertex 24.630000 5.600000 5.590000
    endloop
  endfacet
  facet normal 0.000000 0.000000 -1.000000
    outer loop
      vertex 23.970000 10.800000 5.590000
      vertex 24.630000 5.600000 5.590000
      vertex 23.970000 5.600000 5.590000
    endloop
  endfacet
  facet normal 0.000000 0.000000 1.000000
    outer loop
      vertex 24.630000 5.600000 4.930000
      vertex 24.630000 10.800000 4.930000
      vertex 23.970000 10.800000 4.930000
    endloop
  endfacet
  facet normal 0.000000 0.000000 1.000000
    outer loop
      vertex 24.630000 5.600000 4.930000
      vertex 23.970000 10.800000 4.930000
      vertex 23.970000 5.600000 4.930000
    endloop
  endfacet
  facet normal -1.000000 0.000000 0.000000
    outer loop
      vertex 24.630000 5.600000 5.590000
      vertex 24.630000 10.800000 5.590000
      vertex 24.630000 10.800000 4.930000
    endloop
  endfacet
  facet normal -1.000000 0.000000 0.000000
    outer loop
      vertex 24.630000 5.600000 5.590000
      vertex 24.630000 10.800000 4.930000
      vertex 24.630000 5.600000 4.930000
    endloop
  endfacet
  facet normal 1.000000 0.000000 0.000000
    outer loop
      vertex 23.970000 5.600000 4.930000
      vertex 23.970000 10.800000 4.930000
      vertex 23.970000 10.800000 5.590000
    endloop
  endfacet
  facet normal 1.000000 0.000000 0.000000
    outer loop
      vertex 23.970000 5.600000 4.930000
      vertex 23.970000 10.800000 5.590000
      vertex 23.970000 5.600000 5.590000
    endloop
  endfacet
  facet normal 0.000000 -1.000000 0.000000
    outer loop
      vertex 23.200000 6.825000 -9.600000
      vertex 25.400000 6.825000 -9.600000
      vertex 25.400000 6.825000 -7.400000
    endloop
  endfacet
  facet normal 0.000000 -1.000000 0.000000
    outer loop
      vertex 23.200000 6.825000 -9.600000
      vertex 25.400000 6.825000 -7.400000
      vertex 23.200000 6.825000 -7.400000
    endloop
  endfacet
  facet normal 0.000000 1.000000 0.000000
    outer loop
      vertex 23.200000 5.275000 -7.400000
      vertex 25.400000 5.275000 -7.400000
      vertex 25.400000 5.275000 -9.600000
    endloop
  endfacet
  facet normal 0.000000 1.000000 0.000000
    outer loop
      vertex 23.200000 5.275000 -7.400000
      vertex 25.400000 5.275000 -9.600000
      vertex 23.200000 5.275000 -9.600000
    endloop
  endfacet
  facet normal 0.000000 0.000000 -1.000000
    outer loop
      vertex 23.200000 6.825000 -7.400000
      vertex 25.400000 6.825000 -7.400000
      vertex 25.400000 5.275000 -7.400000
    endloop
  endfacet
  facet normal 0.000000 0.000000 -1.000000
    outer loop
      vertex 23.200000 6.825000 -7.400000
      vertex 25.400000 5.275000 -7.400000
      vertex 23.200000 5.275000 -7.400000
    endloop
  endfacet
  facet normal 0.000000 0.000000 1.000000
    outer loop
      vertex 25.400000 5.275000 -9.600000
      vertex 25.400000 6.825000 -9.600000
      vertex 23.200000 6.825000 -9.600000
    endloop
  endfacet
  facet normal 0.000000 0.000000 1.000000
    outer loop
      vertex 25.400000 5.275000 -9.600000
      vertex 23.200000 6.825000 -9.600000
      vertex 23.200000 5.275000 -9.600000
    endloop
  endfacet
  facet normal -1.000000 0.000000 0.000000
    outer loop
      vertex 25.400000 5.275000 -7.400000
      vertex 25.400000 6.825000 -7.400000
      vertex 25.400000 6.825000 -9.600000
    endloop
  endfacet
  facet normal -1.000000 0.000000 0.000000
    outer loop
      vertex 25.400000 5.275000 -7.400000
      vertex 25.400000 6.825000 -9.600000
      vertex 25.400000 5.275000 -9.600000
    endloop
  endfacet
  facet normal 1.000000 0.000000 0.000000
    outer loop
      vertex 23.200000 5.275000 -9.600000
      vertex 23.200000 6.825000 -9.600000
      vertex 23.200000 6.825000 -7.400000
    endloop
  endfacet
  facet normal 1.000000 0.000000 0.000000
    outer loop
      vertex 23.200000 5.275000 -9.600000
      vertex 23.200000 6.825000 -7.400000
      vertex 23.200000 5.275000 -7.400000
    endloop
  endfacet
  facet normal 0.000000 -1.000000 0.000000
    outer loop
      vertex 23.970000 10.800000 -8.830000
      vertex 24.630000 10.800000 -8.830000
      vertex 24.630000 10.800000 -8.170000
    endloop
  endfacet
  facet normal 0.000000 -1.000000 0.000000
    outer loop
      vertex 23.970000 10.800000 -8.830000
      vertex 24.630000 10.800000 -8.170000
      vertex 23.970000 10.800000 -8.170000
    endloop
  endfacet
  facet normal 0.000000 1.000000 0.000000
    outer loop
      vertex 23.970000 5.600000 -8.170000
      vertex 24.630000 5.600000 -8.170000
      vertex 24.630000 5.600000 -8.830000
    endloop
  endfacet
  facet normal 0.000000 1.000000 0.000000
    outer loop
      vertex 23.970000 5.600000 -8.170000
      vertex 24.630000 5.600000 -8.830000
      vertex 23.970000 5.600000 -8.830000
    endloop
  endfacet
  facet normal 0.000000 0.000000 -1.000000
    outer loop
      vertex 23.970000 10.800000 -8.170000
      vertex 24.630000 10.800000 -8.170000
      vertex 24.630000 5.600000 -8.170000
    endloop
  endfacet
  facet normal 0.000000 0.000000 -1.000000
    outer loop
      vertex 23.970000 10.800000 -8.170000
      vertex 24.630000 5.600000 -8.170000
      vertex 23.970000 5.600000 -8.170000
    endloop
  endfacet
  facet normal 0.000000 0.000000 1.000000
    outer loop
      vertex 24.630000 5.600000 -8.830000
      vertex 24.630000 10.800000 -8.830000
      vertex 23.970000 10.800000 -8.830000
    endloop
  endfacet
  facet normal 0.000000 0.000000 1.000000
    outer loop
      vertex 24.630000 5.600000 -8.830000
      vertex 23.970000 10.800000 -8.830000
      vertex 23.970000 5.600000 -8.830000
    endloop
  endfacet
  facet normal -1.000000 0.000000 0.000000
    outer loop
      vertex 24.630000 5.600000 -8.170000
      vertex 24.630000 10.800000 -8.170000
      vertex 24.630000 10.800000 -8.830000
    endloop
  endfacet
  facet normal -1.000000 0.000000 0.000000
    outer loop
      vertex 24.630000 5.600000 -8.170000
      vertex 24.630000 10.800000 -8.830000
      vertex 24.630000 5.600000 -8.830000
    endloop
  endfacet
  facet normal 1.000000 0.000000 0.000000
    outer loop
      vertex 23.970000 5.600000 -8.830000
      vertex 23.970000 10.800000 -8.830000
      vertex 23.970000 10.800000 -8.170000
    endloop
  endfacet
  facet normal 1.000000 0.000000 0.000000
    outer loop
      vertex 23.970000 5.600000 -8.830000
      vertex 23.970000 10.800000 -8.170000
      vertex 23.970000 5.600000 -8.170000
    endloop
  endfacet
  facet normal 0.000000 -1.000000 0.000000
    outer loop
      vertex 23.200000 6.825000 -12.140000
      vertex 25.400000 6.825000 -12.140000
      vertex 25.400000 6.825000 -9.940000
    endloop
  endfacet
  facet normal 0.000000 -1.000000 0.000000
    outer loop
      vertex 23.200000 6.825000 -12.140000
      vertex 25.400000 6.825000 -9.940000
      vertex 23.200000 6.825000 -9.940000
    endloop
  endfacet
  facet normal 0.000000 1.000000 0.000000
    outer loop
      vertex 23.200000 5.275000 -9.940000
      vertex 25.400000 5.275000 -9.940000
      vertex 25.400000 5.275000 -12.140000
    endloop
  endfacet
  facet normal 0.000000 1.000000 0.000000
    outer loop
      vertex 23.200000 5.275000 -9.940000
      vertex 25.400000 5.275000 -12.140000
      vertex 23.200000 5.275000 -12.140000
    endloop
  endfacet
  facet normal 0.000000 0.000000 -1.000000
    outer loop
      vertex 23.200000 6.825000 -9.940000
      vertex 25.400000 6.825000 -9.940000
      vertex 25.400000 5.275000 -9.940000
    endloop
  endfacet
  facet normal 0.000000 0.000000 -1.000000
    outer loop
      vertex 23.200000 6.825000 -9.940000
      vertex 25.400000 5.275000 -9.940000
      vertex 23.200000 5.275000 -9.940000
    endloop
  endfacet
  facet normal 0.000000 0.000000 1.000000
    outer loop
      vertex 25.400000 5.275000 -12.140000
      vertex 25.400000 6.825000 -12.140000
      vertex 23.200000 6.825000 -12.140000
    endloop
  endfacet
  facet normal 0.000000 0.000000 1.000000
    outer loop
      vertex 25.400000 5.275000 -12.140000
      vertex 23.200000 6.825000 -12.140000
      vertex 23.200000 5.275000 -12.140000
    endloop
  endfacet
  facet normal -1.000000 0.000000 0.000000
    outer loop
      vertex 25.400000 5.275000 -9.940000
      vertex 25.400000 6.825000 -9.940000
      vertex 25.400000 6.825000 -12.140000
    endloop
  endfacet
  facet normal -1.000000 0.000000 0.000000
    outer loop
      vertex 25.400000 5.275000 -9.940000
      vertex 25.400000 6.825000 -12.140000
      vertex 25.400000 5.275000 -12.140000
    endloop
  endfacet
  facet normal 1.000000 0.000000 0.000000
    outer loop
      vertex 23.200000 5.275000 -12.140000
      vertex 23.200000 6.825000 -12.140000
      vertex 23.200000 6.825000 -9.940000
    endloop
  endfacet
  facet normal 1.000000 0.000000 0.000000
    outer loop
      vertex 23.200000 5.275000 -12.140000
      vertex 23.200000 6.825000 -9.940000
      vertex 23.200000 5.275000 -9.940000
    endloop
  endfacet
  facet normal 0.000000 -1.000000 0.000000
    outer loop
      vertex 23.970000 10.800000 -11.370000
      vertex 24.630000 10.800000 -11.370000
      vertex 24.630000 10.800000 -10.710000
    endloop
  endfacet
  facet normal 0.000000 -1.000000 0.000000
    outer loop
      vertex 23.970000 10.800000 -11.370000
      vertex 24.630000 10.800000 -10.710000
      vertex 23.970000 10.800000 -10.710000
    endloop
  endfacet
  facet normal 0.000000 1.000000 0.000000
    outer loop
      vertex 23.970000 5.600000 -10.710000
      vertex 24.630000 5.600000 -10.710000
      vertex 24.630000 5.600000 -11.370000
    endloop
  endfacet
  facet normal 0.000000 1.000000 0.000000
    outer loop
      vertex 23.970000 5.600000 -10.710000
      vertex 24.630000 5.600000 -11.370000
      vertex 23.970000 5.600000 -11.370000
    endloop
  endfacet
  facet normal 0.000000 0.000000 -1.000000
    outer loop
      vertex 23.970000 10.800000 -10.710000
      vertex 24.630000 10.800000 -10.710000
      vertex 24.630000 5.600000 -10.710000
    endloop
  endfacet
  facet normal 0.000000 0.000000 -1.000000
    outer loop
      vertex 23.970000 10.800000 -10.710000
      vertex 24.630000 5.600000 -10.710000
      vertex 23.970000 5.600000 -10.710000
    endloop
  endfacet
  facet normal 0.000000 0.000000 1.000000
    outer loop
      vertex 24.630000 5.600000 -11.370000
      vertex 24.630000 10.800000 -11.370000
      vertex 23.970000 10.800000 -11.370000
    endloop
  endfacet
  facet normal 0.000000 0.000000 1.000000
    outer loop
      vertex 24.630000 5.600000 -11.370000
      vertex 23.970000 10.800000 -11.370000
      vertex 23.970000 5.600000 -11.370000
    endloop
  endfacet
  facet normal -1.000000 0.000000 0.000000
    outer loop
      vertex 24.630000 5.600000 -10.710000
      vertex 24.630000 10.800000 -10.710000
      vertex 24.630000 10.800000 -11.370000
    endloop
  endfacet
  facet normal -1.000000 0.000000 0.000000
    outer loop
      vertex 24.630000 5.600000 -10.710000
      vertex 24.630000 10.800000 -11.370000
      vertex 24.630000 5.600000 -11.370000
    endloop
  endfacet
  facet normal 1.000000 0.000000 0.000000
    outer loop
      vertex 23.970000 5.600000 -11.370000
      vertex 23.970000 10.800000 -11.370000
      vertex 23.970000 10.800000 -10.710000
    endloop
  endfacet
  facet normal 1.000000 0.000000 0.000000
    outer loop
      vertex 23.970000 5.600000 -11.370000
      vertex 23.970000 10.800000 -10.710000
      vertex 23.970000 5.600000 -10.710000
    endloop
  endfacet
  facet normal 0.000000 -1.000000 0.000000
    outer loop
      vertex 23.200000 6.825000 -14.680000
      vertex 25.400000 6.825000 -14.680000
      vertex 25.400000 6.825000 -12.480000
    endloop
  endfacet
  facet normal 0.000000 -1.000000 0.000000
    outer loop
      vertex 23.200000 6.825000 -14.680000
      vertex 25.400000 6.825000 -12.480000
      vertex 23.200000 6.825000 -12.480000
    endloop
  endfacet
  facet normal 0.000000 1.000000 0.000000
    outer loop
      vertex 23.200000 5.275000 -12.480000
      vertex 25.400000 5.275000 -12.480000
      vertex 25.400000 5.275000 -14.680000
    endloop
  endfacet
  facet normal 0.000000 1.000000 0.000000
    outer loop
      vertex 23.200000 5.275000 -12.480000
      vertex 25.400000 5.275000 -14.680000
      vertex 23.200000 5.275000 -14.680000
    endloop
  endfacet
  facet normal 0.000000 0.000000 -1.000000
    outer loop
      vertex 23.200000 6.825000 -12.480000
      vertex 25.400000 6.825000 -12.480000
      vertex 25.400000 5.275000 -12.480000
    endloop
  endfacet
  facet normal 0.000000 0.000000 -1.000000
    outer loop
      vertex 23.200000 6.825000 -12.480000
      vertex 25.400000 5.275000 -12.480000
      vertex 23.200000 5.275000 -12.480000
    endloop
  endfacet
  facet normal 0.000000 0.000000 1.000000
    outer loop
      vertex 25.400000 5.275000 -14.680000
      vertex 25.400000 6.825000 -14.680000
      vertex 23.200000 6.825000 -14.680000
    endloop
  endfacet
  facet normal 0.000000 0.000000 1.000000
    outer loop
      vertex 25.400000 5.275000 -14.680000
      vertex 23.200000 6.825000 -14.680000
      vertex 23.200000 5.275000 -14.680000
    endloop
  endfacet
  facet normal -1.000000 0.000000 0.000000
    outer loop
      vertex 25.400000 5.275000 -12.480000
      vertex 25.400000 6.825000 -12.480000
      vertex 25.400000 6.825000 -14.680000
    endloop
  endfacet
  facet normal -1.000000 0.000000 0.000000
    outer loop
      vertex 25.400000 5.275000 -12.480000
      vertex 25.400000 6.825000 -14.680000
      vertex 25.400000 5.275000 -14.680000
    endloop
  endfacet
  facet normal 1.000000 0.000000 0.000000
    outer loop
      vertex 23.200000 5.275000 -14.680000
      vertex 23.200000 6.825000 -14.680000
      vertex 23.200000 6.825000 -12.480000
    endloop
  endfacet
  facet normal 1.000000 0.000000 0.000000
    outer loop
      vertex 23.200000 5.275000 -14.680000
      vertex 23.200000 6.825000 -12.480000
      vertex 23.200000 5.275000 -12.480000
    endloop
  endfacet
  facet normal 0.000000 -1.000000 0.000000
    outer loop
      vertex 23.970000 10.800000 -13.910000
      vertex 24.630000 10.800000 -13.910000
      vertex 24.630000 10.800000 -13.250000
    endloop
  endfacet
  facet normal 0.000000 -1.000000 0.000000
    outer loop
      vertex 23.970000 10.800000 -13.910000
      vertex 24.630000 10.800000 -13.250000
      vertex 23.970000 10.800000 -13.250000
    endloop
  endfacet
  facet normal 0.000000 1.000000 0.000000
    outer loop
      vertex 23.970000 5.600000 -13.250000
      vertex 24.630000 5.600000 -13.250000
      vertex 24.630000 5.600000 -13.910000
    endloop
  endfacet
  facet normal 0.000000 1.000000 0.000000
    outer loop
      vertex 23.970000 5.600000 -13.250000
      vertex 24.630000 5.600000 -13.910000
      vertex 23.970000 5.600000 -13.910000
    endloop
  endfacet
  facet normal 0.000000 0.000000 -1.000000
    outer loop
      vertex 23.970000 10.800000 -13.250000
      vertex 24.630000 10.800000 -13.250000
      vertex 24.630000 5.600000 -13.250000
    endloop
  endfacet
  facet normal 0.000000 0.000000 -1.000000
    outer loop
      vertex 23.970000 10.800000 -13.250000
      vertex 24.630000 5.600000 -13.250000
      vertex 23.970000 5.600000 -13.250000
    endloop
  endfacet
  facet normal 0.000000 0.000000 1.000000
    outer loop
      vertex 24.630000 5.600000 -13.910000
      vertex 24.630000 10.800000 -13.910000
      vertex 23.970000 10.800000 -13.910000
    endloop
  endfacet
  facet normal 0.000000 0.000000 1.000000
    outer loop
      vertex 24.630000 5.600000 -13.910000
      vertex 23.970000 10.800000 -13.910000
      vertex 23.970000 5.600000 -13.910000
    endloop
  endfacet
  facet normal -1.000000 0.000000 0.000000
    outer loop
      vertex 24.630000 5.600000 -13.250000
      vertex 24.630000 10.800000 -13.250000
      vertex 24.630000 10.800000 -13.910000
    endloop
  endfacet
  facet normal -1.000000 0.000000 0.000000
    outer loop
      vertex 24.630000 5.600000 -13.250000
      vertex 24.630000 10.800000 -13.910000
      vertex 24.630000 5.600000 -13.910000
    endloop
  endfacet
  facet normal 1.000000 0.000000 0.000000
    outer loop
      vertex 23.970000 5.600000 -13.910000
      vertex 23.970000 10.800000 -13.910000
      vertex 23.970000 10.800000 -13.250000
    endloop
  endfacet
  facet normal 1.000000 0.000000 0.000000
    outer loop
      vertex 23.970000 5.600000 -13.910000
      vertex 23.970000 10.800000 -13.250000
      vertex 23.970000 5.600000 -13.250000
    endloop
  endfacet
  facet normal 0.000000 -1.000000 0.000000
    outer loop
      vertex 23.200000 6.825000 -17.220000
      vertex 25.400000 6.825000 -17.220000
      vertex 25.400000 6.825000 -15.020000
    endloop
  endfacet
  facet normal 0.000000 -1.000000 0.000000
    outer loop
      vertex 23.200000 6.825000 -17.220000
      vertex 25.400000 6.825000 -15.020000
      vertex 23.200000 6.825000 -15.020000
    endloop
  endfacet
  facet normal 0.000000 1.000000 0.000000
    outer loop
      vertex 23.200000 5.275000 -15.020000
      vertex 25.400000 5.275000 -15.020000
      vertex 25.400000 5.275000 -17.220000
    endloop
  endfacet
  facet normal 0.000000 1.000000 0.000000
    outer loop
      vertex 23.200000 5.275000 -15.020000
      vertex 25.400000 5.275000 -17.220000
      vertex 23.200000 5.275000 -17.220000
    endloop
  endfacet
  facet normal 0.000000 0.000000 -1.000000
    outer loop
      vertex 23.200000 6.825000 -15.020000
      vertex 25.400000 6.825000 -15.020000
      vertex 25.400000 5.275000 -15.020000
    endloop
  endfacet
  facet normal 0.000000 0.000000 -1.000000
    outer loop
      vertex 23.200000 6.825000 -15.020000
      vertex 25.400000 5.275000 -15.020000
      vertex 23.200000 5.275000 -15.020000
    endloop
  endfacet
  facet normal 0.000000 0.000000 1.000000
    outer loop
      vertex 25.400000 5.275000 -17.220000
      vertex 25.400000 6.825000 -17.220000
      vertex 23.200000 6.825000 -17.220000
    endloop
  endfacet
  facet normal 0.000000 0.000000 1.000000
    outer loop
      vertex 25.400000 5.275000 -17.220000
      vertex 23.200000 6.825000 -17.220000
      vertex 23.200000 5.275000 -17.220000
    endloop
  endfacet
  facet normal -1.000000 0.000000 0.000000
    outer loop
      vertex 25.400000 5.275000 -15.020000
      vertex 25.400000 6.825000 -15.020000
      vertex 25.400000 6.825000 -17.220000
    endloop
  endfacet
  facet normal -1.000000 0.000000 0.000000
    outer loop
      vertex 25.400000 5.275000 -15.020000
      vertex 25.400000 6.825000 -17.220000
      vertex 25.400000 5.275000 -17.220000
    endloop
  endfacet
  facet normal 1.000000 0.000000 0.000000
    outer loop
      vertex 23.200000 5.275000 -17.220000
      vertex 23.200000 6.825000 -17.220000
      vertex 23.200000 6.825000 -15.020000
    endloop
  endfacet
  facet normal 1.000000 0.000000 0.000000
    outer loop
      vertex 23.200000 5.275000 -17.220000
      vertex 23.200000 6.825000 -15.020000
      vertex 23.200000 5.275000 -15.020000
    endloop
  endfacet
  facet normal 0.000000 -1.000000 0.000000
    outer loop
      vertex 23.970000 10.800000 -16.450000
      vertex 24.630000 10.800000 -16.450000
      vertex 24.630000 10.800000 -15.790000
    endloop
  endfacet
  facet normal 0.000000 -1.000000 0.000000
    outer loop
      vertex 23.970000 10.800000 -16.450000
      vertex 24.630000 10.800000 -15.790000
      vertex 23.970000 10.800000 -15.790000
    endloop
  endfacet
  facet normal 0.000000 1.000000 0.000000
    outer loop
      vertex 23.970000 5.600000 -15.790000
      vertex 24.630000 5.600000 -15.790000
      vertex 24.630000 5.600000 -16.450000
    endloop
  endfacet
  facet normal 0.000000 1.000000 0.000000
    outer loop
      vertex 23.970000 5.600000 -15.790000
      vertex 24.630000 5.600000 -16.450000
      vertex 23.970000 5.600000 -16.450000
    endloop
  endfacet
  facet normal 0.000000 0.000000 -1.000000
    outer loop
      vertex 23.970000 10.800000 -15.790000
      vertex 24.630000 10.800000 -15.790000
      vertex 24.630000 5.600000 -15.790000
    endloop
  endfacet
  facet normal 0.000000 0.000000 -1.000000
    outer loop
      vertex 23.970000 10.800000 -15.790000
      vertex 24.630000 5.600000 -15.790000
      vertex 23.970000 5.600000 -15.790000
    endloop
  endfacet
  facet normal 0.000000 0.000000 1.000000
    outer loop
      vertex 24.630000 5.600000 -16.450000
      vertex 24.630000 10.800000 -16.450000
      vertex 23.970000 10.800000 -16.450000
    endloop
  endfacet
  facet normal 0.000000 0.000000 1.000000
    outer loop
      vertex 24.630000 5.600000 -16.450000
      vertex 23.970000 10.800000 -16.450000
      vertex 23.970000 5.600000 -16.450000
    endloop
  endfacet
  facet normal -1.000000 0.000000 0.000000
    outer loop
      vertex 24.630000 5.600000 -15.790000
      vertex 24.630000 10.800000 -15.790000
      vertex 24.630000 10.800000 -16.450000
    endloop
  endfacet
  facet normal -1.000000 0.000000 0.000000
    outer loop
      vertex 24.630000 5.600000 -15.790000
      vertex 24.630000 10.800000 -16.450000
      vertex 24.630000 5.600000 -16.450000
    endloop
  endfacet
  facet normal 1.000000 0.000000 0.000000
    outer loop
      vertex 23.970000 5.600000 -16.450000
      vertex 23.970000 10.800000 -16.450000
      vertex 23.970000 10.800000 -15.790000
    endloop
  endfacet
  facet normal 1.000000 0.000000 0.000000
    outer loop
      vertex 23.970000 5.600000 -16.450000
      vertex 23.970000 10.800000 -15.790000
      vertex 23.970000 5.600000 -15.790000
    endloop
  endfacet
  facet normal 0.000000 -1.000000 0.000000
    outer loop
      vertex 23.200000 6.825000 -19.760000
      vertex 25.400000 6.825000 -19.760000
      vertex 25.400000 6.825000 -17.560000
    endloop
  endfacet
  facet normal 0.000000 -1.000000 0.000000
    outer loop
      vertex 23.200000 6.825000 -19.760000
      vertex 25.400000 6.825000 -17.560000
      vertex 23.200000 6.825000 -17.560000
    endloop
  endfacet
  facet normal 0.000000 1.000000 0.000000
    outer loop
      vertex 23.200000 5.275000 -17.560000
      vertex 25.400000 5.275000 -17.560000
      vertex 25.400000 5.275000 -19.760000
    endloop
  endfacet
  facet normal 0.000000 1.000000 0.000000
    outer loop
      vertex 23.200000 5.275000 -17.560000
      vertex 25.400000 5.275000 -19.760000
      vertex 23.200000 5.275000 -19.760000
    endloop
  endfacet
  facet normal 0.000000 0.000000 -1.000000
    outer loop
      vertex 23.200000 6.825000 -17.560000
      vertex 25.400000 6.825000 -17.560000
      vertex 25.400000 5.275000 -17.560000
    endloop
  endfacet
  facet normal 0.000000 0.000000 -1.000000
    outer loop
      vertex 23.200000 6.825000 -17.560000
      vertex 25.400000 5.275000 -17.560000
      vertex 23.200000 5.275000 -17.560000
    endloop
  endfacet
  facet normal 0.000000 0.000000 1.000000
    outer loop
      vertex 25.400000 5.275000 -19.760000
      vertex 25.400000 6.825000 -19.760000
      vertex 23.200000 6.825000 -19.760000
    endloop
  endfacet
  facet normal 0.000000 0.000000 1.000000
    outer loop
      vertex 25.400000 5.275000 -19.760000
      vertex 23.200000 6.825000 -19.760000
      vertex 23.200000 5.275000 -19.760000
    endloop
  endfacet
  facet normal -1.000000 0.000000 0.000000
    outer loop
      vertex 25.400000 5.275000 -17.560000
      vertex 25.400000 6.825000 -17.560000
      vertex 25.400000 6.825000 -19.760000
    endloop
  endfacet
  facet normal -1.000000 0.000000 0.000000
    outer loop
      vertex 25.400000 5.275000 -17.560000
      vertex 25.400000 6.825000 -19.760000
      vertex 25.400000 5.275000 -19.760000
    endloop
  endfacet
  facet normal 1.000000 0.000000 0.000000
    outer loop
      vertex 23.200000 5.275000 -19.760000
      vertex 23.200000 6.825000 -19.760000
      vertex 23.200000 6.825000 -17.560000
    endloop
  endfacet
  facet normal 1.000000 0.000000 0.000000
    outer loop
      vertex 23.200000 5.275000 -19.760000
      vertex 23.200000 6.825000 -17.560000
      vertex 23.200000 5.275000 -17.560000
    endloop
  endfacet
  facet normal 0.000000 -1.000000 0.000000
    outer loop
      vertex 23.970000 10.800000 -18.990000
      vertex 24.630000 10.800000 -18.990000
      vertex 24.630000 10.800000 -18.330000
    endloop
  endfacet
  facet normal 0.000000 -1.000000 0.000000
    outer loop
      vertex 23.970000 10.800000 -18.990000
      vertex 24.630000 10.800000 -18.330000
      vertex 23.970000 10.800000 -18.330000
    endloop
  endfacet
  facet normal 0.000000 1.000000 0.000000
    outer loop
      vertex 23.970000 5.600000 -18.330000
      vertex 24.630000 5.600000 -18.330000
      vertex 24.630000 5.600000 -18.990000
    endloop
  endfacet
  facet normal 0.000000 1.000000 0.000000
    outer loop
      vertex 23.970000 5.600000 -18.330000
      vertex 24.630000 5.600000 -18.990000
      vertex 23.970000 5.600000 -18.990000
    endloop
  endfacet
  facet normal 0.000000 0.000000 -1.000000
    outer loop
      vertex 23.970000 10.800000 -18.330000
      vertex 24.630000 10.800000 -18.330000
      vertex 24.630000 5.600000 -18.330000
    endloop
  endfacet
  facet normal 0.000000 0.000000 -1.000000
    outer loop
      vertex 23.970000 10.800000 -18.330000
      vertex 24.630000 5.600000 -18.330000
      vertex 23.970000 5.600000 -18.330000
    endloop
  endfacet
  facet normal 0.000000 0.000000 1.000000
    outer loop
      vertex 24.630000 5.600000 -18.990000
      vertex 24.630000 10.800000 -18.990000
      vertex 23.970000 10.800000 -18.990000
    endloop
  endfacet
  facet normal 0.000000 0.000000 1.000000
    outer loop
      vertex 24.630000 5.600000 -18.990000
      vertex 23.970000 10.800000 -18.990000
      vertex 23.970000 5.600000 -18.990000
    endloop
  endfacet
  facet normal -1.000000 0.000000 0.000000
    outer loop
      vertex 24.630000 5.600000 -18.330000
      vertex 24.630000 10.800000 -18.330000
      vertex 24.630000 10.800000 -18.990000
    endloop
  endfacet
  facet normal -1.000000 0.000000 0.000000
    outer loop
      vertex 24.630000 5.600000 -18.330000
      vertex 24.630000 10.800000 -18.990000
      vertex 24.630000 5.600000 -18.990000
    endloop
  endfacet
  facet normal 1.000000 0.000000 0.000000
    outer loop
      vertex 23.970000 5.600000 -18.990000
      vertex 23.970000 10.800000 -18.990000
      vertex 23.970000 10.800000 -18.330000
    endloop
  endfacet
  facet normal 1.000000 0.000000 0.000000
    outer loop
      vertex 23.970000 5.600000 -18.990000
      vertex 23.970000 10.800000 -18.330000
      vertex 23.970000 5.600000 -18.330000
    endloop
  endfacet
  facet normal 0.000000 -1.000000 0.000000
    outer loop
      vertex 23.200000 6.825000 -22.300000
      vertex 25.400000 6.825000 -22.300000
      vertex 25.400000 6.825000 -20.100000
    endloop
  endfacet
  facet normal 0.000000 -1.000000 0.000000
    outer loop
      vertex 23.200000 6.825000 -22.300000
      vertex 25.400000 6.825000 -20.100000
      vertex 23.200000 6.825000 -20.100000
    endloop
  endfacet
  facet normal 0.000000 1.000000 0.000000
    outer loop
      vertex 23.200000 5.275000 -20.100000
      vertex 25.400000 5.275000 -20.100000
      vertex 25.400000 5.275000 -22.300000
    endloop
  endfacet
  facet normal 0.000000 1.000000 0.000000
    outer loop
      vertex 23.200000 5.275000 -20.100000
      vertex 25.400000 5.275000 -22.300000
      vertex 23.200000 5.275000 -22.300000
    endloop
  endfacet
  facet normal 0.000000 0.000000 -1.000000
    outer loop
      vertex 23.200000 6.825000 -20.100000
      vertex 25.400000 6.825000 -20.100000
      vertex 25.400000 5.275000 -20.100000
    endloop
  endfacet
  facet normal 0.000000 0.000000 -1.000000
    outer loop
      vertex 23.200000 6.825000 -20.100000
      vertex 25.400000 5.275000 -20.100000
      vertex 23.200000 5.275000 -20.100000
    endloop
  endfacet
  facet normal 0.000000 0.000000 1.000000
    outer loop
      vertex 25.400000 5.275000 -22.300000
      vertex 25.400000 6.825000 -22.300000
      vertex 23.200000 6.825000 -22.300000
    endloop
  endfacet
  facet normal 0.000000 0.000000 1.000000
    outer loop
      vertex 25.400000 5.275000 -22.300000
      vertex 23.200000 6.825000 -22.300000
      vertex 23.200000 5.275000 -22.300000
    endloop
  endfacet
  facet normal -1.000000 0.000000 0.000000
    outer loop
      vertex 25.400000 5.275000 -20.100000
      vertex 25.400000 6.825000 -20.100000
      vertex 25.400000 6.825000 -22.300000
    endloop
  endfacet
  facet normal -1.000000 0.000000 0.000000
    outer loop
      vertex 25.400000 5.275000 -20.100000
      vertex 25.400000 6.825000 -22.300000
      vertex 25.400000 5.275000 -22.300000
    endloop
  endfacet
  facet normal 1.000000 0.000000 0.000000
    outer loop
      vertex 23.200000 5.275000 -22.300000
      vertex 23.200000 6.825000 -22.300000
      vertex 23.200000 6.825000 -20.100000
    endloop
  endfacet
  facet normal 1.000000 0.000000 0.000000
    outer loop
      vertex 23.200000 5.275000 -22.300000
      vertex 23.200000 6.825000 -20.100000
      vertex 23.200000 5.275000 -20.100000
    endloop
  endfacet
  facet normal 0.000000 -1.000000 0.000000
    outer loop
      vertex 23.970000 10.800000 -21.530000
      vertex 24.630000 10.800000 -21.530000
      vertex 24.630000 10.800000 -20.870000
    endloop
  endfacet
  facet normal 0.000000 -1.000000 0.000000
    outer loop
      vertex 23.970000 10.800000 -21.530000
      vertex 24.630000 10.800000 -20.870000
      vertex 23.970000 10.800000 -20.870000
    endloop
  endfacet
  facet normal 0.000000 1.000000 0.000000
    outer loop
      vertex 23.970000 5.600000 -20.870000
      vertex 24.630000 5.600000 -20.870000
      vertex 24.630000 5.600000 -21.530000
    endloop
  endfacet
  facet normal 0.000000 1.000000 0.000000
    outer loop
      vertex 23.970000 5.600000 -20.870000
      vertex 24.630000 5.600000 -21.530000
      vertex 23.970000 5.600000 -21.530000
    endloop
  endfacet
  facet normal 0.000000 0.000000 -1.000000
    outer loop
      vertex 23.970000 10.800000 -20.870000
      vertex 24.630000 10.800000 -20.870000
      vertex 24.630000 5.600000 -20.870000
    endloop
  endfacet
  facet normal 0.000000 0.000000 -1.000000
    outer loop
      vertex 23.970000 10.800000 -20.870000
      vertex 24.630000 5.600000 -20.870000
      vertex 23.970000 5.600000 -20.870000
    endloop
  endfacet
  facet normal 0.000000 0.000000 1.000000
    outer loop
      vertex 24.630000 5.600000 -21.530000
      vertex 24.630000 10.800000 -21.530000
      vertex 23.970000 10.800000 -21.530000
    endloop
  endfacet
  facet normal 0.000000 0.000000 1.000000
    outer loop
      vertex 24.630000 5.600000 -21.530000
      vertex 23.970000 10.800000 -21.530000
      vertex 23.970000 5.600000 -21.530000
    endloop
  endfacet
  facet normal -1.000000 0.000000 0.000000
    outer loop
      vertex 24.630000 5.600000 -20.870000
      vertex 24.630000 10.800000 -20.870000
      vertex 24.630000 10.800000 -21.530000
    endloop
  endfacet
  facet normal -1.000000 0.000000 0.000000
    outer loop
      vertex 24.630000 5.600000 -20.870000
      vertex 24.630000 10.800000 -21.530000
      vertex 24.630000 5.600000 -21.530000
    endloop
  endfacet
  facet normal 1.000000 0.000000 0.000000
    outer loop
      vertex 23.970000 5.600000 -21.530000
      vertex 23.970000 10.800000 -21.530000
      vertex 23.970000 10.800000 -20.870000
    endloop
  endfacet
  facet normal 1.000000 0.000000 0.000000
    outer loop
      vertex 23.970000 5.600000 -21.530000
      vertex 23.970000 10.800000 -20.870000
      vertex 23.970000 5.600000 -20.870000
    endloop
  endfacet
  facet normal 0.000000 -1.000000 0.000000
    outer loop
      vertex -33.050000 12.750000 15.750000
      vertex -18.550000 12.750000 15.750000
      vertex -18.550000 12.750000 31.250000
    endloop
  endfacet
  facet normal 0.000000 -1.000000 0.000000
    outer loop
      vertex -33.050000 12.750000 15.750000
      vertex -18.550000 12.750000 31.250000
      vertex -33.050000 12.750000 31.250000
    endloop
  endfacet
  facet normal 0.000000 1.000000 0.000000
    outer loop
      vertex -33.050000 1.250000 31.250000
      vertex -18.550000 1.250000 31.250000
      vertex -18.550000 1.250000 15.750000
    endloop
  endfacet
  facet normal 0.000000 1.000000 0.000000
    outer loop
      vertex -33.050000 1.250000 31.250000
      vertex -18.550000 1.250000 15.750000
      vertex -33.050000 1.250000 15.750000
    endloop
  endfacet
  facet normal 0.000000 0.000000 -1.000000
    outer loop
      vertex -33.050000 12.750000 31.250000
      vertex -18.550000 12.750000 31.250000
      vertex -18.550000 1.250000 31.250000
    endloop
  endfacet
  facet normal 0.000000 0.000000 -1.000000
    outer loop
      vertex -33.050000 12.750000 31.250000
      vertex -18.550000 1.250000 31.250000
      vertex -33.050000 1.250000 31.250000
    endloop
  endfacet
  facet normal 0.000000 0.000000 1.000000
    outer loop
      vertex -18.550000 1.250000 15.750000
      vertex -18.550000 12.750000 15.750000
      vertex -33.050000 12.750000 15.750000
    endloop
  endfacet
  facet normal 0.000000 0.000000 1.000000
    outer loop
      vertex -18.550000 1.250000 15.750000
      vertex -33.050000 12.750000 15.750000
      vertex -33.050000 1.250000 15.750000
    endloop
  endfacet
  facet normal -1.000000 0.000000 0.000000
    outer loop
      vertex -18.550000 1.250000 31.250000
      vertex -18.550000 12.750000 31.250000
      vertex -18.550000 12.750000 15.750000
    endloop
  endfacet
  facet normal -1.000000 0.000000 0.000000
    outer loop
      vertex -18.550000 1.250000 31.250000
      vertex -18.550000 12.750000 15.750000
      vertex -18.550000 1.250000 15.750000
    endloop
  endfacet
  facet normal 1.000000 0.000000 0.000000
    outer loop
      vertex -33.050000 1.250000 15.750000
      vertex -33.050000 12.750000 15.750000
      vertex -33.050000 12.750000 31.250000
    endloop
  endfacet
  facet normal 1.000000 0.000000 0.000000
    outer loop
      vertex -33.050000 1.250000 15.750000
      vertex -33.050000 12.750000 31.250000
      vertex -33.050000 1.250000 31.250000
    endloop
  endfacet
  facet normal 0.000000 -1.000000 0.000000
    outer loop
      vertex -24.000000 12.500000 -31.500000
      vertex -11.000000 12.500000 -31.500000
      vertex -11.000000 12.500000 -17.500000
    endloop
  endfacet
  facet normal 0.000000 -1.000000 0.000000
    outer loop
      vertex -24.000000 12.500000 -31.500000
      vertex -11.000000 12.500000 -17.500000
      vertex -24.000000 12.500000 -17.500000
    endloop
  endfacet
  facet normal 0.000000 1.000000 0.000000
    outer loop
      vertex -24.000000 1.500000 -17.500000
      vertex -11.000000 1.500000 -17.500000
      vertex -11.000000 1.500000 -31.500000
    endloop
  endfacet
  facet normal 0.000000 1.000000 0.000000
    outer loop
      vertex -24.000000 1.500000 -17.500000
      vertex -11.000000 1.500000 -31.500000
      vertex -24.000000 1.500000 -31.500000
    endloop
  endfacet
  facet normal 0.000000 0.000000 -1.000000
    outer loop
      vertex -24.000000 12.500000 -17.500000
      vertex -11.000000 12.500000 -17.500000
      vertex -11.000000 1.500000 -17.500000
    endloop
  endfacet
  facet normal 0.000000 0.000000 -1.000000
    outer loop
      vertex -24.000000 12.500000 -17.500000
      vertex -11.000000 1.500000 -17.500000
      vertex -24.000000 1.500000 -17.500000
    endloop
  endfacet
  facet normal 0.000000 0.000000 1.000000
    outer loop
      vertex -11.000000 1.500000 -31.500000
      vertex -11.000000 12.500000 -31.500000
      vertex -24.000000 12.500000 -31.500000
    endloop
  endfacet
  facet normal 0.000000 0.000000 1.000000
    outer loop
      vertex -11.000000 1.500000 -31.500000
      vertex -24.000000 12.500000 -31.500000
      vertex -24.000000 1.500000 -31.500000
    endloop
  endfacet
  facet normal -1.000000 0.000000 0.000000
    outer loop
      vertex -11.000000 1.500000 -17.500000
      vertex -11.000000 12.500000 -17.500000
      vertex -11.000000 12.500000 -31.500000
    endloop
  endfacet
  facet normal -1.000000 0.000000 0.000000
    outer loop
      vertex -11.000000 1.500000 -17.500000
      vertex -11.000000 12.500000 -31.500000
      vertex -11.000000 1.500000 -31.500000
    endloop
  endfacet
  facet normal 1.000000 0.000000 0.000000
    outer loop
      vertex -24.000000 1.500000 -31.500000
      vertex -24.000000 12.500000 -31.500000
      vertex -24.000000 12.500000 -17.500000
    endloop
  endfacet
  facet normal 1.000000 0.000000 0.000000
    outer loop
      vertex -24.000000 1.500000 -31.500000
      vertex -24.000000 12.500000 -17.500000
      vertex -24.000000 1.500000 -17.500000
    endloop
  endfacet
  facet normal 0.000000 -1.000000 0.000000
    outer loop
      vertex -3.500000 6.300000 -18.750000
      vertex 6.500000 6.300000 -18.750000
      vertex 6.500000 6.300000 16.750000
    endloop
  endfacet
  facet normal 0.000000 -1.000000 0.000000
    outer loop
      vertex -3.500000 6.300000 -18.750000
      vertex 6.500000 6.300000 16.750000
      vertex -3.500000 6.300000 16.750000
    endloop
  endfacet
  facet normal 0.000000 1.000000 0.000000
    outer loop
      vertex -3.500000 1.700000 16.750000
      vertex 6.500000 1.700000 16.750000
      vertex 6.500000 1.700000 -18.750000
    endloop
  endfacet
  facet normal 0.000000 1.000000 0.000000
    outer loop
      vertex -3.500000 1.700000 16.750000
      vertex 6.500000 1.700000 -18.750000
      vertex -3.500000 1.700000 -18.750000
    endloop
  endfacet
  facet normal 0.000000 0.000000 -1.000000
    outer loop
      vertex -3.500000 6.300000 16.750000
      vertex 6.500000 6.300000 16.750000
      vertex 6.500000 1.700000 16.750000
    endloop
  endfacet
  facet normal 0.000000 0.000000 -1.000000
    outer loop
      vertex -3.500000 6.300000 16.750000
      vertex 6.500000 1.700000 16.750000
      vertex -3.500000 1.700000 16.750000
    endloop
  endfacet
  facet normal 0.000000 0.000000 1.000000
    outer loop
      vertex 6.500000 1.700000 -18.750000
      vertex 6.500000 6.300000 -18.750000
      vertex -3.500000 6.300000 -18.750000
    endloop
  endfacet
  facet normal 0.000000 0.000000 1.000000
    outer loop
      vertex 6.500000 1.700000 -18.750000
      vertex -3.500000 6.300000 -18.750000
      vertex -3.500000 1.700000 -18.750000
    endloop
  endfacet
  facet normal -1.000000 0.000000 0.000000
    outer loop
      vertex 6.500000 1.700000 16.750000
      vertex 6.500000 6.300000 16.750000
      vertex 6.500000 6.300000 -18.750000
    endloop
  endfacet
  facet normal -1.000000 0.000000 0.000000
    outer loop
      vertex 6.500000 1.700000 16.750000
      vertex 6.500000 6.300000 -18.750000
      vertex 6.500000 1.700000 -18.750000
    endloop
  endfacet
  facet normal 1.000000 0.000000 0.000000
    outer loop
      vertex -3.500000 1.700000 -18.750000
      vertex -3.500000 6.300000 -18.750000
      vertex -3.500000 6.300000 16.750000
    endloop
  endfacet
  facet normal 1.000000 0.000000 0.000000
    outer loop
      vertex -3.500000 1.700000 -18.750000
      vertex -3.500000 6.300000 16.750000
      vertex -3.500000 1.700000 16.750000
    endloop
  endfacet
  facet normal 0.000000 -1.000000 0.000000
    outer loop
      vertex -20.500000 3.600000 -1.000000
      vertex -13.500000 3.600000 -1.000000
      vertex -13.500000 3.600000 6.000000
    endloop
  endfacet
  facet normal 0.000000 -1.000000 0.000000
    outer loop
      vertex -20.500000 3.600000 -1.000000
      vertex -13.500000 3.600000 6.000000
      vertex -20.500000 3.600000 6.000000
    endloop
  endfacet
  facet normal 0.000000 1.000000 0.000000
    outer loop
      vertex -20.500000 1.600000 6.000000
      vertex -13.500000 1.600000 6.000000
      vertex -13.500000 1.600000 -1.000000
    endloop
  endfacet
  facet normal 0.000000 1.000000 0.000000
    outer loop
      vertex -20.500000 1.600000 6.000000
      vertex -13.500000 1.600000 -1.000000
      vertex -20.500000 1.600000 -1.000000
    endloop
  endfacet
  facet normal 0.000000 0.000000 -1.000000
    outer loop
      vertex -20.500000 3.600000 6.000000
      vertex -13.500000 3.600000 6.000000
      vertex -13.500000 1.600000 6.000000
    endloop
  endfacet
  facet normal 0.000000 0.000000 -1.000000
    outer loop
      vertex -20.500000 3.600000 6.000000
      vertex -13.500000 1.600000 6.000000
      vertex -20.500000 1.600000 6.000000
    endloop
  endfacet
  facet normal 0.000000 0.000000 1.000000
    outer loop
      vertex -13.500000 1.600000 -1.000000
      vertex -13.500000 3.600000 -1.000000
      vertex -20.500000 3.600000 -1.000000
    endloop
  endfacet
  facet normal 0.000000 0.000000 1.000000
    outer loop
      vertex -13.500000 1.600000 -1.000000
      vertex -20.500000 3.600000 -1.000000
      vertex -20.500000 1.600000 -1.000000
    endloop
  endfacet
  facet normal -1.000000 0.000000 0.000000
    outer loop
      vertex -13.500000 1.600000 6.000000
      vertex -13.500000 3.600000 6.000000
      vertex -13.500000 3.600000 -1.000000
    endloop
  endfacet
  facet normal -1.000000 0.000000 0.000000
    outer loop
      vertex -13.500000 1.600000 6.000000
      vertex -13.500000 3.600000 -1.000000
      vertex -13.500000 1.600000 -1.000000
    endloop
  endfacet
  facet normal 1.000000 0.000000 0.000000
    outer loop
      vertex -20.500000 1.600000 -1.000000
      vertex -20.500000 3.600000 -1.000000
      vertex -20.500000 3.600000 6.000000
    endloop
  endfacet
  facet normal 1.000000 0.000000 0.000000
    outer loop
      vertex -20.500000 1.600000 -1.000000
      vertex -20.500000 3.600000 6.000000
      vertex -20.500000 1.600000 6.000000
    endloop
  endfacet
  facet normal 0.000000 -1.000000 0.000000
    outer loop
      vertex -11.750000 5.100000 10.600000
      vertex -1.250000 5.100000 10.600000
      vertex -1.250000 5.100000 15.400000
    endloop
  endfacet
  facet normal 0.000000 -1.000000 0.000000
    outer loop
      vertex -11.750000 5.100000 10.600000
      vertex -1.250000 5.100000 15.400000
      vertex -11.750000 5.100000 15.400000
    endloop
  endfacet
  facet normal 0.000000 1.000000 0.000000
    outer loop
      vertex -11.750000 1.500000 15.400000
      vertex -1.250000 1.500000 15.400000
      vertex -1.250000 1.500000 10.600000
    endloop
  endfacet
  facet normal 0.000000 1.000000 0.000000
    outer loop
      vertex -11.750000 1.500000 15.400000
      vertex -1.250000 1.500000 10.600000
      vertex -11.750000 1.500000 10.600000
    endloop
  endfacet
  facet normal 0.000000 0.000000 -1.000000
    outer loop
      vertex -11.750000 5.100000 15.400000
      vertex -1.250000 5.100000 15.400000
      vertex -1.250000 1.500000 15.400000
    endloop
  endfacet
  facet normal 0.000000 0.000000 -1.000000
    outer loop
      vertex -11.750000 5.100000 15.400000
      vertex -1.250000 1.500000 15.400000
      vertex -11.750000 1.500000 15.400000
    endloop
  endfacet
  facet normal 0.000000 0.000000 1.000000
    outer loop
      vertex -1.250000 1.500000 10.600000
      vertex -1.250000 5.100000 10.600000
      vertex -11.750000 5.100000 10.600000
    endloop
  endfacet
  facet normal 0.000000 0.000000 1.000000
    outer loop
      vertex -1.250000 1.500000 10.600000
      vertex -11.750000 5.100000 10.600000
      vertex -11.750000 1.500000 10.600000
    endloop
  endfacet
  facet normal -1.000000 0.000000 0.000000
    outer loop
      vertex -1.250000 1.500000 15.400000
      vertex -1.250000 5.100000 15.400000
      vertex -1.250000 5.100000 10.600000
    endloop
  endfacet
  facet normal -1.000000 0.000000 0.000000
    outer loop
      vertex -1.250000 1.500000 15.400000
      vertex -1.250000 5.100000 10.600000
      vertex -1.250000 1.500000 10.600000
    endloop
  endfacet
  facet normal 1.000000 0.000000 0.000000
    outer loop
      vertex -11.750000 1.500000 10.600000
      vertex -11.750000 5.100000 10.600000
      vertex -11.750000 5.100000 15.400000
    endloop
  endfacet
  facet normal 1.000000 0.000000 0.000000
    outer loop
      vertex -11.750000 1.500000 10.600000
      vertex -11.750000 5.100000 15.400000
      vertex -11.750000 1.500000 15.400000
    endloop
  endfacet
  facet normal 0.000000 -1.000000 0.000000
    outer loop
      vertex -13.700000 4.000000 17.300000
      vertex -9.300000 4.000000 17.300000
      vertex -9.300000 4.000000 21.700000
    endloop
  endfacet
  facet normal 0.000000 -1.000000 0.000000
    outer loop
      vertex -13.700000 4.000000 17.300000
      vertex -9.300000 4.000000 21.700000
      vertex -13.700000 4.000000 21.700000
    endloop
  endfacet
  facet normal 0.000000 1.000000 0.000000
    outer loop
      vertex -13.700000 2.000000 21.700000
      vertex -9.300000 2.000000 21.700000
      vertex -9.300000 2.000000 17.300000
    endloop
  endfacet
  facet normal 0.000000 1.000000 0.000000
    outer loop
      vertex -13.700000 2.000000 21.700000
      vertex -9.300000 2.000000 17.300000
      vertex -13.700000 2.000000 17.300000
    endloop
  endfacet
  facet normal 0.000000 0.000000 -1.000000
    outer loop
      vertex -13.700000 4.000000 21.700000
      vertex -9.300000 4.000000 21.700000
      vertex -9.300000 2.000000 21.700000
    endloop
  endfacet
  facet normal 0.000000 0.000000 -1.000000
    outer loop
      vertex -13.700000 4.000000 21.700000
      vertex -9.300000 2.000000 21.700000
      vertex -13.700000 2.000000 21.700000
    endloop
  endfacet
  facet normal 0.000000 0.000000 1.000000
    outer loop
      vertex -9.300000 2.000000 17.300000
      vertex -9.300000 4.000000 17.300000
      vertex -13.700000 4.000000 17.300000
    endloop
  endfacet
  facet normal 0.000000 0.000000 1.000000
    outer loop
      vertex -9.300000 2.000000 17.300000
      vertex -13.700000 4.000000 17.300000
      vertex -13.700000 2.000000 17.300000
    endloop
  endfacet
  facet normal -1.000000 0.000000 0.000000
    outer loop
      vertex -9.300000 2.000000 21.700000
      vertex -9.300000 4.000000 21.700000
      vertex -9.300000 4.000000 17.300000
    endloop
  endfacet
  facet normal -1.000000 0.000000 0.000000
    outer loop
      vertex -9.300000 2.000000 21.700000
      vertex -9.300000 4.000000 17.300000
      vertex -9.300000 2.000000 17.300000
    endloop
  endfacet
  facet normal 1.000000 0.000000 0.000000
    outer loop
      vertex -13.700000 2.000000 17.300000
      vertex -13.700000 4.000000 17.300000
      vertex -13.700000 4.000000 21.700000
    endloop
  endfacet
  facet normal 1.000000 0.000000 0.000000
    outer loop
      vertex -13.700000 2.000000 17.300000
      vertex -13.700000 4.000000 21.700000
      vertex -13.700000 2.000000 21.700000
    endloop
  endfacet
  facet normal 0.000000 -1.000000 0.000000
    outer loop
      vertex -5.500000 3.100000 19.000000
      vertex -4.654000 3.100000 19.000000
      vertex -4.675211 3.100000 19.188253
    endloop
  endfacet
  facet normal 0.000000 1.000000 0.000000
    outer loop
      vertex -5.500000 1.600000 19.000000
      vertex -4.675211 1.600000 19.188253
      vertex -4.654000 1.600000 19.000000
    endloop
  endfacet
  facet normal -0.993712 0.000000 -0.111964
    outer loop
      vertex -4.654000 1.600000 19.000000
      vertex -4.675211 1.600000 19.188253
      vertex -4.675211 3.100000 19.188253
    endloop
  endfacet
  facet normal -0.993712 0.000000 -0.111964
    outer loop
      vertex -4.654000 1.600000 19.000000
      vertex -4.675211 3.100000 19.188253
      vertex -4.654000 3.100000 19.000000
    endloop
  endfacet
  facet normal 0.000000 -1.000000 0.000000
    outer loop
      vertex -5.500000 3.100000 19.000000
      vertex -4.675211 3.100000 19.188253
      vertex -4.737780 3.100000 19.367066
    endloop
  endfacet
  facet normal 0.000000 1.000000 0.000000
    outer loop
      vertex -5.500000 1.600000 19.000000
      vertex -4.737780 1.600000 19.367066
      vertex -4.675211 1.600000 19.188253
    endloop
  endfacet
  facet normal -0.943883 0.000000 -0.330279
    outer loop
      vertex -4.675211 1.600000 19.188253
      vertex -4.737780 1.600000 19.367066
      vertex -4.737780 3.100000 19.367066
    endloop
  endfacet
  facet normal -0.943883 0.000000 -0.330279
    outer loop
      vertex -4.675211 1.600000 19.188253
      vertex -4.737780 3.100000 19.367066
      vertex -4.675211 3.100000 19.188253
    endloop
  endfacet
  facet normal 0.000000 -1.000000 0.000000
    outer loop
      vertex -5.500000 3.100000 19.000000
      vertex -4.737780 3.100000 19.367066
      vertex -4.838571 3.100000 19.527472
    endloop
  endfacet
  facet normal 0.000000 1.000000 0.000000
    outer loop
      vertex -5.500000 1.600000 19.000000
      vertex -4.838571 1.600000 19.527472
      vertex -4.737780 1.600000 19.367066
    endloop
  endfacet
  facet normal -0.846724 0.000000 -0.532032
    outer loop
      vertex -4.737780 1.600000 19.367066
      vertex -4.838571 1.600000 19.527472
      vertex -4.838571 3.100000 19.527472
    endloop
  endfacet
  facet normal -0.846724 0.000000 -0.532032
    outer loop
      vertex -4.737780 1.600000 19.367066
      vertex -4.838571 3.100000 19.527472
      vertex -4.737780 3.100000 19.367066
    endloop
  endfacet
  facet normal 0.000000 -1.000000 0.000000
    outer loop
      vertex -5.500000 3.100000 19.000000
      vertex -4.838571 3.100000 19.527472
      vertex -4.972528 3.100000 19.661429
    endloop
  endfacet
  facet normal 0.000000 1.000000 0.000000
    outer loop
      vertex -5.500000 1.600000 19.000000
      vertex -4.972528 1.600000 19.661429
      vertex -4.838571 1.600000 19.527472
    endloop
  endfacet
  facet normal -0.707107 0.000000 -0.707107
    outer loop
      vertex -4.838571 1.600000 19.527472
      vertex -4.972528 1.600000 19.661429
      vertex -4.972528 3.100000 19.661429
    endloop
  endfacet
  facet normal -0.707107 0.000000 -0.707107
    outer loop
      vertex -4.838571 1.600000 19.527472
      vertex -4.972528 3.100000 19.661429
      vertex -4.838571 3.100000 19.527472
    endloop
  endfacet
  facet normal 0.000000 -1.000000 0.000000
    outer loop
      vertex -5.500000 3.100000 19.000000
      vertex -4.972528 3.100000 19.661429
      vertex -5.132934 3.100000 19.762220
    endloop
  endfacet
  facet normal 0.000000 1.000000 0.000000
    outer loop
      vertex -5.500000 1.600000 19.000000
      vertex -5.132934 1.600000 19.762220
      vertex -4.972528 1.600000 19.661429
    endloop
  endfacet
  facet normal -0.532032 0.000000 -0.846724
    outer loop
      vertex -4.972528 1.600000 19.661429
      vertex -5.132934 1.600000 19.762220
      vertex -5.132934 3.100000 19.762220
    endloop
  endfacet
  facet normal -0.532032 0.000000 -0.846724
    outer loop
      vertex -4.972528 1.600000 19.661429
      vertex -5.132934 3.100000 19.762220
      vertex -4.972528 3.100000 19.661429
    endloop
  endfacet
  facet normal 0.000000 -1.000000 0.000000
    outer loop
      vertex -5.500000 3.100000 19.000000
      vertex -5.132934 3.100000 19.762220
      vertex -5.311747 3.100000 19.824789
    endloop
  endfacet
  facet normal 0.000000 1.000000 0.000000
    outer loop
      vertex -5.500000 1.600000 19.000000
      vertex -5.311747 1.600000 19.824789
      vertex -5.132934 1.600000 19.762220
    endloop
  endfacet
  facet normal -0.330279 0.000000 -0.943883
    outer loop
      vertex -5.132934 1.600000 19.762220
      vertex -5.311747 1.600000 19.824789
      vertex -5.311747 3.100000 19.824789
    endloop
  endfacet
  facet normal -0.330279 0.000000 -0.943883
    outer loop
      vertex -5.132934 1.600000 19.762220
      vertex -5.311747 3.100000 19.824789
      vertex -5.132934 3.100000 19.762220
    endloop
  endfacet
  facet normal 0.000000 -1.000000 0.000000
    outer loop
      vertex -5.500000 3.100000 19.000000
      vertex -5.311747 3.100000 19.824789
      vertex -5.500000 3.100000 19.846000
    endloop
  endfacet
  facet normal 0.000000 1.000000 0.000000
    outer loop
      vertex -5.500000 1.600000 19.000000
      vertex -5.500000 1.600000 19.846000
      vertex -5.311747 1.600000 19.824789
    endloop
  endfacet
  facet normal -0.111964 0.000000 -0.993712
    outer loop
      vertex -5.311747 1.600000 19.824789
      vertex -5.500000 1.600000 19.846000
      vertex -5.500000 3.100000 19.846000
    endloop
  endfacet
  facet normal -0.111964 0.000000 -0.993712
    outer loop
      vertex -5.311747 1.600000 19.824789
      vertex -5.500000 3.100000 19.846000
      vertex -5.311747 3.100000 19.824789
    endloop
  endfacet
  facet normal 0.000000 -1.000000 0.000000
    outer loop
      vertex -5.500000 3.100000 19.000000
      vertex -5.500000 3.100000 19.846000
      vertex -5.688253 3.100000 19.824789
    endloop
  endfacet
  facet normal 0.000000 1.000000 0.000000
    outer loop
      vertex -5.500000 1.600000 19.000000
      vertex -5.688253 1.600000 19.824789
      vertex -5.500000 1.600000 19.846000
    endloop
  endfacet
  facet normal 0.111964 0.000000 -0.993712
    outer loop
      vertex -5.500000 1.600000 19.846000
      vertex -5.688253 1.600000 19.824789
      vertex -5.688253 3.100000 19.824789
    endloop
  endfacet
  facet normal 0.111964 0.000000 -0.993712
    outer loop
      vertex -5.500000 1.600000 19.846000
      vertex -5.688253 3.100000 19.824789
      vertex -5.500000 3.100000 19.846000
    endloop
  endfacet
  facet normal 0.000000 -1.000000 0.000000
    outer loop
      vertex -5.500000 3.100000 19.000000
      vertex -5.688253 3.100000 19.824789
      vertex -5.867066 3.100000 19.762220
    endloop
  endfacet
  facet normal 0.000000 1.000000 0.000000
    outer loop
      vertex -5.500000 1.600000 19.000000
      vertex -5.867066 1.600000 19.762220
      vertex -5.688253 1.600000 19.824789
    endloop
  endfacet
  facet normal 0.330279 0.000000 -0.943883
    outer loop
      vertex -5.688253 1.600000 19.824789
      vertex -5.867066 1.600000 19.762220
      vertex -5.867066 3.100000 19.762220
    endloop
  endfacet
  facet normal 0.330279 0.000000 -0.943883
    outer loop
      vertex -5.688253 1.600000 19.824789
      vertex -5.867066 3.100000 19.762220
      vertex -5.688253 3.100000 19.824789
    endloop
  endfacet
  facet normal 0.000000 -1.000000 0.000000
    outer loop
      vertex -5.500000 3.100000 19.000000
      vertex -5.867066 3.100000 19.762220
      vertex -6.027472 3.100000 19.661429
    endloop
  endfacet
  facet normal 0.000000 1.000000 0.000000
    outer loop
      vertex -5.500000 1.600000 19.000000
      vertex -6.027472 1.600000 19.661429
      vertex -5.867066 1.600000 19.762220
    endloop
  endfacet
  facet normal 0.532032 0.000000 -0.846724
    outer loop
      vertex -5.867066 1.600000 19.762220
      vertex -6.027472 1.600000 19.661429
      vertex -6.027472 3.100000 19.661429
    endloop
  endfacet
  facet normal 0.532032 0.000000 -0.846724
    outer loop
      vertex -5.867066 1.600000 19.762220
      vertex -6.027472 3.100000 19.661429
      vertex -5.867066 3.100000 19.762220
    endloop
  endfacet
  facet normal 0.000000 -1.000000 0.000000
    outer loop
      vertex -5.500000 3.100000 19.000000
      vertex -6.027472 3.100000 19.661429
      vertex -6.161429 3.100000 19.527472
    endloop
  endfacet
  facet normal 0.000000 1.000000 0.000000
    outer loop
      vertex -5.500000 1.600000 19.000000
      vertex -6.161429 1.600000 19.527472
      vertex -6.027472 1.600000 19.661429
    endloop
  endfacet
  facet normal 0.707107 0.000000 -0.707107
    outer loop
      vertex -6.027472 1.600000 19.661429
      vertex -6.161429 1.600000 19.527472
      vertex -6.161429 3.100000 19.527472
    endloop
  endfacet
  facet normal 0.707107 0.000000 -0.707107
    outer loop
      vertex -6.027472 1.600000 19.661429
      vertex -6.161429 3.100000 19.527472
      vertex -6.027472 3.100000 19.661429
    endloop
  endfacet
  facet normal 0.000000 -1.000000 0.000000
    outer loop
      vertex -5.500000 3.100000 19.000000
      vertex -6.161429 3.100000 19.527472
      vertex -6.262220 3.100000 19.367066
    endloop
  endfacet
  facet normal 0.000000 1.000000 0.000000
    outer loop
      vertex -5.500000 1.600000 19.000000
      vertex -6.262220 1.600000 19.367066
      vertex -6.161429 1.600000 19.527472
    endloop
  endfacet
  facet normal 0.846724 0.000000 -0.532032
    outer loop
      vertex -6.161429 1.600000 19.527472
      vertex -6.262220 1.600000 19.367066
      vertex -6.262220 3.100000 19.367066
    endloop
  endfacet
  facet normal 0.846724 0.000000 -0.532032
    outer loop
      vertex -6.161429 1.600000 19.527472
      vertex -6.262220 3.100000 19.367066
      vertex -6.161429 3.100000 19.527472
    endloop
  endfacet
  facet normal 0.000000 -1.000000 0.000000
    outer loop
      vertex -5.500000 3.100000 19.000000
      vertex -6.262220 3.100000 19.367066
      vertex -6.324789 3.100000 19.188253
    endloop
  endfacet
  facet normal 0.000000 1.000000 0.000000
    outer loop
      vertex -5.500000 1.600000 19.000000
      vertex -6.324789 1.600000 19.188253
      vertex -6.262220 1.600000 19.367066
    endloop
  endfacet
  facet normal 0.943883 0.000000 -0.330279
    outer loop
      vertex -6.262220 1.600000 19.367066
      vertex -6.324789 1.600000 19.188253
      vertex -6.324789 3.100000 19.188253
    endloop
  endfacet
  facet normal 0.943883 0.000000 -0.330279
    outer loop
      vertex -6.262220 1.600000 19.367066
      vertex -6.324789 3.100000 19.188253
      vertex -6.262220 3.100000 19.367066
    endloop
  endfacet
  facet normal 0.000000 -1.000000 0.000000
    outer loop
      vertex -5.500000 3.100000 19.000000
      vertex -6.324789 3.100000 19.188253
      vertex -6.346000 3.100000 19.000000
    endloop
  endfacet
  facet normal 0.000000 1.000000 0.000000
    outer loop
      vertex -5.500000 1.600000 19.000000
      vertex -6.346000 1.600000 19.000000
      vertex -6.324789 1.600000 19.188253
    endloop
  endfacet
  facet normal 0.993712 0.000000 -0.111964
    outer loop
      vertex -6.324789 1.600000 19.188253
      vertex -6.346000 1.600000 19.000000
      vertex -6.346000 3.100000 19.000000
    endloop
  endfacet
  facet normal 0.993712 0.000000 -0.111964
    outer loop
      vertex -6.324789 1.600000 19.188253
      vertex -6.346000 3.100000 19.000000
      vertex -6.324789 3.100000 19.188253
    endloop
  endfacet
  facet normal 0.000000 -1.000000 0.000000
    outer loop
      vertex -5.500000 3.100000 19.000000
      vertex -6.346000 3.100000 19.000000
      vertex -6.324789 3.100000 18.811747
    endloop
  endfacet
  facet normal 0.000000 1.000000 0.000000
    outer loop
      vertex -5.500000 1.600000 19.000000
      vertex -6.324789 1.600000 18.811747
      vertex -6.346000 1.600000 19.000000
    endloop
  endfacet
  facet normal 0.993712 0.000000 0.111964
    outer loop
      vertex -6.346000 1.600000 19.000000
      vertex -6.324789 1.600000 18.811747
      vertex -6.324789 3.100000 18.811747
    endloop
  endfacet
  facet normal 0.993712 0.000000 0.111964
    outer loop
      vertex -6.346000 1.600000 19.000000
      vertex -6.324789 3.100000 18.811747
      vertex -6.346000 3.100000 19.000000
    endloop
  endfacet
  facet normal 0.000000 -1.000000 0.000000
    outer loop
      vertex -5.500000 3.100000 19.000000
      vertex -6.324789 3.100000 18.811747
      vertex -6.262220 3.100000 18.632934
    endloop
  endfacet
  facet normal 0.000000 1.000000 0.000000
    outer loop
      vertex -5.500000 1.600000 19.000000
      vertex -6.262220 1.600000 18.632934
      vertex -6.324789 1.600000 18.811747
    endloop
  endfacet
  facet normal 0.943883 0.000000 0.330279
    outer loop
      vertex -6.324789 1.600000 18.811747
      vertex -6.262220 1.600000 18.632934
      vertex -6.262220 3.100000 18.632934
    endloop
  endfacet
  facet normal 0.943883 0.000000 0.330279
    outer loop
      vertex -6.324789 1.600000 18.811747
      vertex -6.262220 3.100000 18.632934
      vertex -6.324789 3.100000 18.811747
    endloop
  endfacet
  facet normal 0.000000 -1.000000 0.000000
    outer loop
      vertex -5.500000 3.100000 19.000000
      vertex -6.262220 3.100000 18.632934
      vertex -6.161429 3.100000 18.472528
    endloop
  endfacet
  facet normal 0.000000 1.000000 0.000000
    outer loop
      vertex -5.500000 1.600000 19.000000
      vertex -6.161429 1.600000 18.472528
      vertex -6.262220 1.600000 18.632934
    endloop
  endfacet
  facet normal 0.846724 0.000000 0.532032
    outer loop
      vertex -6.262220 1.600000 18.632934
      vertex -6.161429 1.600000 18.472528
      vertex -6.161429 3.100000 18.472528
    endloop
  endfacet
  facet normal 0.846724 0.000000 0.532032
    outer loop
      vertex -6.262220 1.600000 18.632934
      vertex -6.161429 3.100000 18.472528
      vertex -6.262220 3.100000 18.632934
    endloop
  endfacet
  facet normal 0.000000 -1.000000 0.000000
    outer loop
      vertex -5.500000 3.100000 19.000000
      vertex -6.161429 3.100000 18.472528
      vertex -6.027472 3.100000 18.338571
    endloop
  endfacet
  facet normal 0.000000 1.000000 0.000000
    outer loop
      vertex -5.500000 1.600000 19.000000
      vertex -6.027472 1.600000 18.338571
      vertex -6.161429 1.600000 18.472528
    endloop
  endfacet
  facet normal 0.707107 0.000000 0.707107
    outer loop
      vertex -6.161429 1.600000 18.472528
      vertex -6.027472 1.600000 18.338571
      vertex -6.027472 3.100000 18.338571
    endloop
  endfacet
  facet normal 0.707107 0.000000 0.707107
    outer loop
      vertex -6.161429 1.600000 18.472528
      vertex -6.027472 3.100000 18.338571
      vertex -6.161429 3.100000 18.472528
    endloop
  endfacet
  facet normal 0.000000 -1.000000 0.000000
    outer loop
      vertex -5.500000 3.100000 19.000000
      vertex -6.027472 3.100000 18.338571
      vertex -5.867066 3.100000 18.237780
    endloop
  endfacet
  facet normal 0.000000 1.000000 0.000000
    outer loop
      vertex -5.500000 1.600000 19.000000
      vertex -5.867066 1.600000 18.237780
      vertex -6.027472 1.600000 18.338571
    endloop
  endfacet
  facet normal 0.532032 0.000000 0.846724
    outer loop
      vertex -6.027472 1.600000 18.338571
      vertex -5.867066 1.600000 18.237780
      vertex -5.867066 3.100000 18.237780
    endloop
  endfacet
  facet normal 0.532032 0.000000 0.846724
    outer loop
      vertex -6.027472 1.600000 18.338571
      vertex -5.867066 3.100000 18.237780
      vertex -6.027472 3.100000 18.338571
    endloop
  endfacet
  facet normal 0.000000 -1.000000 0.000000
    outer loop
      vertex -5.500000 3.100000 19.000000
      vertex -5.867066 3.100000 18.237780
      vertex -5.688253 3.100000 18.175211
    endloop
  endfacet
  facet normal 0.000000 1.000000 0.000000
    outer loop
      vertex -5.500000 1.600000 19.000000
      vertex -5.688253 1.600000 18.175211
      vertex -5.867066 1.600000 18.237780
    endloop
  endfacet
  facet normal 0.330279 0.000000 0.943883
    outer loop
      vertex -5.867066 1.600000 18.237780
      vertex -5.688253 1.600000 18.175211
      vertex -5.688253 3.100000 18.175211
    endloop
  endfacet
  facet normal 0.330279 0.000000 0.943883
    outer loop
      vertex -5.867066 1.600000 18.237780
      vertex -5.688253 3.100000 18.175211
      vertex -5.867066 3.100000 18.237780
    endloop
  endfacet
  facet normal 0.000000 -1.000000 0.000000
    outer loop
      vertex -5.500000 3.100000 19.000000
      vertex -5.688253 3.100000 18.175211
      vertex -5.500000 3.100000 18.154000
    endloop
  endfacet
  facet normal 0.000000 1.000000 0.000000
    outer loop
      vertex -5.500000 1.600000 19.000000
      vertex -5.500000 1.600000 18.154000
      vertex -5.688253 1.600000 18.175211
    endloop
  endfacet
  facet normal 0.111964 0.000000 0.993712
    outer loop
      vertex -5.688253 1.600000 18.175211
      vertex -5.500000 1.600000 18.154000
      vertex -5.500000 3.100000 18.154000
    endloop
  endfacet
  facet normal 0.111964 0.000000 0.993712
    outer loop
      vertex -5.688253 1.600000 18.175211
      vertex -5.500000 3.100000 18.154000
      vertex -5.688253 3.100000 18.175211
    endloop
  endfacet
  facet normal 0.000000 -1.000000 0.000000
    outer loop
      vertex -5.500000 3.100000 19.000000
      vertex -5.500000 3.100000 18.154000
      vertex -5.311747 3.100000 18.175211
    endloop
  endfacet
  facet normal 0.000000 1.000000 0.000000
    outer loop
      vertex -5.500000 1.600000 19.000000
      vertex -5.311747 1.600000 18.175211
      vertex -5.500000 1.600000 18.154000
    endloop
  endfacet
  facet normal -0.111964 0.000000 0.993712
    outer loop
      vertex -5.500000 1.600000 18.154000
      vertex -5.311747 1.600000 18.175211
      vertex -5.311747 3.100000 18.175211
    endloop
  endfacet
  facet normal -0.111964 0.000000 0.993712
    outer loop
      vertex -5.500000 1.600000 18.154000
      vertex -5.311747 3.100000 18.175211
      vertex -5.500000 3.100000 18.154000
    endloop
  endfacet
  facet normal 0.000000 -1.000000 0.000000
    outer loop
      vertex -5.500000 3.100000 19.000000
      vertex -5.311747 3.100000 18.175211
      vertex -5.132934 3.100000 18.237780
    endloop
  endfacet
  facet normal 0.000000 1.000000 0.000000
    outer loop
      vertex -5.500000 1.600000 19.000000
      vertex -5.132934 1.600000 18.237780
      vertex -5.311747 1.600000 18.175211
    endloop
  endfacet
  facet normal -0.330279 0.000000 0.943883
    outer loop
      vertex -5.311747 1.600000 18.175211
      vertex -5.132934 1.600000 18.237780
      vertex -5.132934 3.100000 18.237780
    endloop
  endfacet
  facet normal -0.330279 0.000000 0.943883
    outer loop
      vertex -5.311747 1.600000 18.175211
      vertex -5.132934 3.100000 18.237780
      vertex -5.311747 3.100000 18.175211
    endloop
  endfacet
  facet normal 0.000000 -1.000000 0.000000
    outer loop
      vertex -5.500000 3.100000 19.000000
      vertex -5.132934 3.100000 18.237780
      vertex -4.972528 3.100000 18.338571
    endloop
  endfacet
  facet normal 0.000000 1.000000 0.000000
    outer loop
      vertex -5.500000 1.600000 19.000000
      vertex -4.972528 1.600000 18.338571
      vertex -5.132934 1.600000 18.237780
    endloop
  endfacet
  facet normal -0.532032 0.000000 0.846724
    outer loop
      vertex -5.132934 1.600000 18.237780
      vertex -4.972528 1.600000 18.338571
      vertex -4.972528 3.100000 18.338571
    endloop
  endfacet
  facet normal -0.532032 0.000000 0.846724
    outer loop
      vertex -5.132934 1.600000 18.237780
      vertex -4.972528 3.100000 18.338571
      vertex -5.132934 3.100000 18.237780
    endloop
  endfacet
  facet normal 0.000000 -1.000000 0.000000
    outer loop
      vertex -5.500000 3.100000 19.000000
      vertex -4.972528 3.100000 18.338571
      vertex -4.838571 3.100000 18.472528
    endloop
  endfacet
  facet normal 0.000000 1.000000 0.000000
    outer loop
      vertex -5.500000 1.600000 19.000000
      vertex -4.838571 1.600000 18.472528
      vertex -4.972528 1.600000 18.338571
    endloop
  endfacet
  facet normal -0.707107 0.000000 0.707107
    outer loop
      vertex -4.972528 1.600000 18.338571
      vertex -4.838571 1.600000 18.472528
      vertex -4.838571 3.100000 18.472528
    endloop
  endfacet
  facet normal -0.707107 0.000000 0.707107
    outer loop
      vertex -4.972528 1.600000 18.338571
      vertex -4.838571 3.100000 18.472528
      vertex -4.972528 3.100000 18.338571
    endloop
  endfacet
  facet normal 0.000000 -1.000000 0.000000
    outer loop
      vertex -5.500000 3.100000 19.000000
      vertex -4.838571 3.100000 18.472528
      vertex -4.737780 3.100000 18.632934
    endloop
  endfacet
  facet normal 0.000000 1.000000 0.000000
    outer loop
      vertex -5.500000 1.600000 19.000000
      vertex -4.737780 1.600000 18.632934
      vertex -4.838571 1.600000 18.472528
    endloop
  endfacet
  facet normal -0.846724 0.000000 0.532032
    outer loop
      vertex -4.838571 1.600000 18.472528
      vertex -4.737780 1.600000 18.632934
      vertex -4.737780 3.100000 18.632934
    endloop
  endfacet
  facet normal -0.846724 0.000000 0.532032
    outer loop
      vertex -4.838571 1.600000 18.472528
      vertex -4.737780 3.100000 18.632934
      vertex -4.838571 3.100000 18.472528
    endloop
  endfacet
  facet normal 0.000000 -1.000000 0.000000
    outer loop
      vertex -5.500000 3.100000 19.000000
      vertex -4.737780 3.100000 18.632934
      vertex -4.675211 3.100000 18.811747
    endloop
  endfacet
  facet normal 0.000000 1.000000 0.000000
    outer loop
      vertex -5.500000 1.600000 19.000000
      vertex -4.675211 1.600000 18.811747
      vertex -4.737780 1.600000 18.632934
    endloop
  endfacet
  facet normal -0.943883 0.000000 0.330279
    outer loop
      vertex -4.737780 1.600000 18.632934
      vertex -4.675211 1.600000 18.811747
      vertex -4.675211 3.100000 18.811747
    endloop
  endfacet
  facet normal -0.943883 0.000000 0.330279
    outer loop
      vertex -4.737780 1.600000 18.632934
      vertex -4.675211 3.100000 18.811747
      vertex -4.737780 3.100000 18.632934
    endloop
  endfacet
  facet normal 0.000000 -1.000000 0.000000
    outer loop
      vertex -5.500000 3.100000 19.000000
      vertex -4.675211 3.100000 18.811747
      vertex -4.654000 3.100000 19.000000
    endloop
  endfacet
  facet normal 0.000000 1.000000 0.000000
    outer loop
      vertex -5.500000 1.600000 19.000000
      vertex -4.654000 1.600000 19.000000
      vertex -4.675211 1.600000 18.811747
    endloop
  endfacet
  facet normal -0.993712 0.000000 0.111964
    outer loop
      vertex -4.675211 1.600000 18.811747
      vertex -4.654000 1.600000 19.000000
      vertex -4.654000 3.100000 19.000000
    endloop
  endfacet
  facet normal -0.993712 0.000000 0.111964
    outer loop
      vertex -4.675211 1.600000 18.811747
      vertex -4.654000 3.100000 19.000000
      vertex -4.675211 3.100000 18.811747
    endloop
  endfacet
  facet normal -0.098011 -0.995124 -0.011043
    outer loop
      vertex -5.500000 4.000000 19.000000
      vertex -5.324419 3.982707 19.000000
      vertex -5.328821 3.982707 19.039071
    endloop
  endfacet
  facet normal -0.093096 -0.995124 -0.032576
    outer loop
      vertex -5.500000 4.000000 19.000000
      vertex -5.328821 3.982707 19.039071
      vertex -5.341807 3.982707 19.076182
    endloop
  endfacet
  facet normal -0.083514 -0.995124 -0.052475
    outer loop
      vertex -5.500000 4.000000 19.000000
      vertex -5.341807 3.982707 19.076182
      vertex -5.362725 3.982707 19.109473
    endloop
  endfacet
  facet normal -0.069743 -0.995124 -0.069743
    outer loop
      vertex -5.500000 4.000000 19.000000
      vertex -5.362725 3.982707 19.109473
      vertex -5.390527 3.982707 19.137275
    endloop
  endfacet
  facet normal -0.052475 -0.995124 -0.083514
    outer loop
      vertex -5.500000 4.000000 19.000000
      vertex -5.390527 3.982707 19.137275
      vertex -5.423818 3.982707 19.158193
    endloop
  endfacet
  facet normal -0.032576 -0.995124 -0.093096
    outer loop
      vertex -5.500000 4.000000 19.000000
      vertex -5.423818 3.982707 19.158193
      vertex -5.460929 3.982707 19.171179
    endloop
  endfacet
  facet normal -0.011043 -0.995124 -0.098011
    outer loop
      vertex -5.500000 4.000000 19.000000
      vertex -5.460929 3.982707 19.171179
      vertex -5.500000 3.982707 19.175581
    endloop
  endfacet
  facet normal 0.011043 -0.995124 -0.098011
    outer loop
      vertex -5.500000 4.000000 19.000000
      vertex -5.500000 3.982707 19.175581
      vertex -5.539071 3.982707 19.171179
    endloop
  endfacet
  facet normal 0.032576 -0.995124 -0.093096
    outer loop
      vertex -5.500000 4.000000 19.000000
      vertex -5.539071 3.982707 19.171179
      vertex -5.576182 3.982707 19.158193
    endloop
  endfacet
  facet normal 0.052475 -0.995124 -0.083514
    outer loop
      vertex -5.500000 4.000000 19.000000
      vertex -5.576182 3.982707 19.158193
      vertex -5.609473 3.982707 19.137275
    endloop
  endfacet
  facet normal 0.069743 -0.995124 -0.069743
    outer loop
      vertex -5.500000 4.000000 19.000000
      vertex -5.609473 3.982707 19.137275
      vertex -5.637275 3.982707 19.109473
    endloop
  endfacet
  facet normal 0.083514 -0.995124 -0.052475
    outer loop
      vertex -5.500000 4.000000 19.000000
      vertex -5.637275 3.982707 19.109473
      vertex -5.658193 3.982707 19.076182
    endloop
  endfacet
  facet normal 0.093096 -0.995124 -0.032576
    outer loop
      vertex -5.500000 4.000000 19.000000
      vertex -5.658193 3.982707 19.076182
      vertex -5.671179 3.982707 19.039071
    endloop
  endfacet
  facet normal 0.098011 -0.995124 -0.011043
    outer loop
      vertex -5.500000 4.000000 19.000000
      vertex -5.671179 3.982707 19.039071
      vertex -5.675581 3.982707 19.000000
    endloop
  endfacet
  facet normal 0.098011 -0.995124 0.011043
    outer loop
      vertex -5.500000 4.000000 19.000000
      vertex -5.675581 3.982707 19.000000
      vertex -5.671179 3.982707 18.960929
    endloop
  endfacet
  facet normal 0.093096 -0.995124 0.032576
    outer loop
      vertex -5.500000 4.000000 19.000000
      vertex -5.671179 3.982707 18.960929
      vertex -5.658193 3.982707 18.923818
    endloop
  endfacet
  facet normal 0.083514 -0.995124 0.052475
    outer loop
      vertex -5.500000 4.000000 19.000000
      vertex -5.658193 3.982707 18.923818
      vertex -5.637275 3.982707 18.890527
    endloop
  endfacet
  facet normal 0.069743 -0.995124 0.069743
    outer loop
      vertex -5.500000 4.000000 19.000000
      vertex -5.637275 3.982707 18.890527
      vertex -5.609473 3.982707 18.862725
    endloop
  endfacet
  facet normal 0.052475 -0.995124 0.083514
    outer loop
      vertex -5.500000 4.000000 19.000000
      vertex -5.609473 3.982707 18.862725
      vertex -5.576182 3.982707 18.841807
    endloop
  endfacet
  facet normal 0.032576 -0.995124 0.093096
    outer loop
      vertex -5.500000 4.000000 19.000000
      vertex -5.576182 3.982707 18.841807
      vertex -5.539071 3.982707 18.828821
    endloop
  endfacet
  facet normal 0.011043 -0.995124 0.098011
    outer loop
      vertex -5.500000 4.000000 19.000000
      vertex -5.539071 3.982707 18.828821
      vertex -5.500000 3.982707 18.824419
    endloop
  endfacet
  facet normal -0.011043 -0.995124 0.098011
    outer loop
      vertex -5.500000 4.000000 19.000000
      vertex -5.500000 3.982707 18.824419
      vertex -5.460929 3.982707 18.828821
    endloop
  endfacet
  facet normal -0.032576 -0.995124 0.093096
    outer loop
      vertex -5.500000 4.000000 19.000000
      vertex -5.460929 3.982707 18.828821
      vertex -5.423818 3.982707 18.841807
    endloop
  endfacet
  facet normal -0.052475 -0.995124 0.083514
    outer loop
      vertex -5.500000 4.000000 19.000000
      vertex -5.423818 3.982707 18.841807
      vertex -5.390527 3.982707 18.862725
    endloop
  endfacet
  facet normal -0.069743 -0.995124 0.069743
    outer loop
      vertex -5.500000 4.000000 19.000000
      vertex -5.390527 3.982707 18.862725
      vertex -5.362725 3.982707 18.890527
    endloop
  endfacet
  facet normal -0.083514 -0.995124 0.052475
    outer loop
      vertex -5.500000 4.000000 19.000000
      vertex -5.362725 3.982707 18.890527
      vertex -5.341807 3.982707 18.923818
    endloop
  endfacet
  facet normal -0.093096 -0.995124 0.032576
    outer loop
      vertex -5.500000 4.000000 19.000000
      vertex -5.341807 3.982707 18.923818
      vertex -5.328821 3.982707 18.960929
    endloop
  endfacet
  facet normal -0.098011 -0.995124 0.011043
    outer loop
      vertex -5.500000 4.000000 19.000000
      vertex -5.328821 3.982707 18.960929
      vertex -5.324419 3.982707 19.000000
    endloop
  endfacet
  facet normal -0.290130 -0.956429 -0.032690
    outer loop
      vertex -5.324419 3.982707 19.000000
      vertex -5.155585 3.931492 19.000000
      vertex -5.164220 3.931492 19.076640
    endloop
  endfacet
  facet normal -0.290130 -0.956429 -0.032690
    outer loop
      vertex -5.324419 3.982707 19.000000
      vertex -5.164220 3.931492 19.076640
      vertex -5.328821 3.982707 19.039071
    endloop
  endfacet
  facet normal -0.275581 -0.956429 -0.096430
    outer loop
      vertex -5.328821 3.982707 19.039071
      vertex -5.164220 3.931492 19.076640
      vertex -5.189693 3.931492 19.149436
    endloop
  endfacet
  facet normal -0.275581 -0.956429 -0.096430
    outer loop
      vertex -5.328821 3.982707 19.039071
      vertex -5.189693 3.931492 19.149436
      vertex -5.341807 3.982707 19.076182
    endloop
  endfacet
  facet normal -0.247214 -0.956429 -0.155335
    outer loop
      vertex -5.341807 3.982707 19.076182
      vertex -5.189693 3.931492 19.149436
      vertex -5.230725 3.931492 19.214739
    endloop
  endfacet
  facet normal -0.247214 -0.956429 -0.155335
    outer loop
      vertex -5.341807 3.982707 19.076182
      vertex -5.230725 3.931492 19.214739
      vertex -5.362725 3.982707 19.109473
    endloop
  endfacet
  facet normal -0.206451 -0.956429 -0.206451
    outer loop
      vertex -5.362725 3.982707 19.109473
      vertex -5.230725 3.931492 19.214739
      vertex -5.285261 3.931492 19.269275
    endloop
  endfacet
  facet normal -0.206451 -0.956429 -0.206451
    outer loop
      vertex -5.362725 3.982707 19.109473
      vertex -5.285261 3.931492 19.269275
      vertex -5.390527 3.982707 19.137275
    endloop
  endfacet
  facet normal -0.155335 -0.956429 -0.247214
    outer loop
      vertex -5.390527 3.982707 19.137275
      vertex -5.285261 3.931492 19.269275
      vertex -5.350564 3.931492 19.310307
    endloop
  endfacet
  facet normal -0.155335 -0.956429 -0.247214
    outer loop
      vertex -5.390527 3.982707 19.137275
      vertex -5.350564 3.931492 19.310307
      vertex -5.423818 3.982707 19.158193
    endloop
  endfacet
  facet normal -0.096430 -0.956429 -0.275581
    outer loop
      vertex -5.423818 3.982707 19.158193
      vertex -5.350564 3.931492 19.310307
      vertex -5.423360 3.931492 19.335780
    endloop
  endfacet
  facet normal -0.096430 -0.956429 -0.275581
    outer loop
      vertex -5.423818 3.982707 19.158193
      vertex -5.423360 3.931492 19.335780
      vertex -5.460929 3.982707 19.171179
    endloop
  endfacet
  facet normal -0.032690 -0.956429 -0.290130
    outer loop
      vertex -5.460929 3.982707 19.171179
      vertex -5.423360 3.931492 19.335780
      vertex -5.500000 3.931492 19.344415
    endloop
  endfacet
  facet normal -0.032690 -0.956429 -0.290130
    outer loop
      vertex -5.460929 3.982707 19.171179
      vertex -5.500000 3.931492 19.344415
      vertex -5.500000 3.982707 19.175581
    endloop
  endfacet
  facet normal 0.032690 -0.956429 -0.290130
    outer loop
      vertex -5.500000 3.982707 19.175581
      vertex -5.500000 3.931492 19.344415
      vertex -5.576640 3.931492 19.335780
    endloop
  endfacet
  facet normal 0.032690 -0.956429 -0.290130
    outer loop
      vertex -5.500000 3.982707 19.175581
      vertex -5.576640 3.931492 19.335780
      vertex -5.539071 3.982707 19.171179
    endloop
  endfacet
  facet normal 0.096430 -0.956429 -0.275581
    outer loop
      vertex -5.539071 3.982707 19.171179
      vertex -5.576640 3.931492 19.335780
      vertex -5.649436 3.931492 19.310307
    endloop
  endfacet
  facet normal 0.096430 -0.956429 -0.275581
    outer loop
      vertex -5.539071 3.982707 19.171179
      vertex -5.649436 3.931492 19.310307
      vertex -5.576182 3.982707 19.158193
    endloop
  endfacet
  facet normal 0.155335 -0.956429 -0.247214
    outer loop
      vertex -5.576182 3.982707 19.158193
      vertex -5.649436 3.931492 19.310307
      vertex -5.714739 3.931492 19.269275
    endloop
  endfacet
  facet normal 0.155335 -0.956429 -0.247214
    outer loop
      vertex -5.576182 3.982707 19.158193
      vertex -5.714739 3.931492 19.269275
      vertex -5.609473 3.982707 19.137275
    endloop
  endfacet
  facet normal 0.206451 -0.956429 -0.206451
    outer loop
      vertex -5.609473 3.982707 19.137275
      vertex -5.714739 3.931492 19.269275
      vertex -5.769275 3.931492 19.214739
    endloop
  endfacet
  facet normal 0.206451 -0.956429 -0.206451
    outer loop
      vertex -5.609473 3.982707 19.137275
      vertex -5.769275 3.931492 19.214739
      vertex -5.637275 3.982707 19.109473
    endloop
  endfacet
  facet normal 0.247214 -0.956429 -0.155335
    outer loop
      vertex -5.637275 3.982707 19.109473
      vertex -5.769275 3.931492 19.214739
      vertex -5.810307 3.931492 19.149436
    endloop
  endfacet
  facet normal 0.247214 -0.956429 -0.155335
    outer loop
      vertex -5.637275 3.982707 19.109473
      vertex -5.810307 3.931492 19.149436
      vertex -5.658193 3.982707 19.076182
    endloop
  endfacet
  facet normal 0.275581 -0.956429 -0.096430
    outer loop
      vertex -5.658193 3.982707 19.076182
      vertex -5.810307 3.931492 19.149436
      vertex -5.835780 3.931492 19.076640
    endloop
  endfacet
  facet normal 0.275581 -0.956429 -0.096430
    outer loop
      vertex -5.658193 3.982707 19.076182
      vertex -5.835780 3.931492 19.076640
      vertex -5.671179 3.982707 19.039071
    endloop
  endfacet
  facet normal 0.290130 -0.956429 -0.032690
    outer loop
      vertex -5.671179 3.982707 19.039071
      vertex -5.835780 3.931492 19.076640
      vertex -5.844415 3.931492 19.000000
    endloop
  endfacet
  facet normal 0.290130 -0.956429 -0.032690
    outer loop
      vertex -5.671179 3.982707 19.039071
      vertex -5.844415 3.931492 19.000000
      vertex -5.675581 3.982707 19.000000
    endloop
  endfacet
  facet normal 0.290130 -0.956429 0.032690
    outer loop
      vertex -5.675581 3.982707 19.000000
      vertex -5.844415 3.931492 19.000000
      vertex -5.835780 3.931492 18.923360
    endloop
  endfacet
  facet normal 0.290130 -0.956429 0.032690
    outer loop
      vertex -5.675581 3.982707 19.000000
      vertex -5.835780 3.931492 18.923360
      vertex -5.671179 3.982707 18.960929
    endloop
  endfacet
  facet normal 0.275581 -0.956429 0.096430
    outer loop
      vertex -5.671179 3.982707 18.960929
      vertex -5.835780 3.931492 18.923360
      vertex -5.810307 3.931492 18.850564
    endloop
  endfacet
  facet normal 0.275581 -0.956429 0.096430
    outer loop
      vertex -5.671179 3.982707 18.960929
      vertex -5.810307 3.931492 18.850564
      vertex -5.658193 3.982707 18.923818
    endloop
  endfacet
  facet normal 0.247214 -0.956429 0.155335
    outer loop
      vertex -5.658193 3.982707 18.923818
      vertex -5.810307 3.931492 18.850564
      vertex -5.769275 3.931492 18.785261
    endloop
  endfacet
  facet normal 0.247214 -0.956429 0.155335
    outer loop
      vertex -5.658193 3.982707 18.923818
      vertex -5.769275 3.931492 18.785261
      vertex -5.637275 3.982707 18.890527
    endloop
  endfacet
  facet normal 0.206451 -0.956429 0.206451
    outer loop
      vertex -5.637275 3.982707 18.890527
      vertex -5.769275 3.931492 18.785261
      vertex -5.714739 3.931492 18.730725
    endloop
  endfacet
  facet normal 0.206451 -0.956429 0.206451
    outer loop
      vertex -5.637275 3.982707 18.890527
      vertex -5.714739 3.931492 18.730725
      vertex -5.609473 3.982707 18.862725
    endloop
  endfacet
  facet normal 0.155335 -0.956429 0.247214
    outer loop
      vertex -5.609473 3.982707 18.862725
      vertex -5.714739 3.931492 18.730725
      vertex -5.649436 3.931492 18.689693
    endloop
  endfacet
  facet normal 0.155335 -0.956429 0.247214
    outer loop
      vertex -5.609473 3.982707 18.862725
      vertex -5.649436 3.931492 18.689693
      vertex -5.576182 3.982707 18.841807
    endloop
  endfacet
  facet normal 0.096430 -0.956429 0.275581
    outer loop
      vertex -5.576182 3.982707 18.841807
      vertex -5.649436 3.931492 18.689693
      vertex -5.576640 3.931492 18.664220
    endloop
  endfacet
  facet normal 0.096430 -0.956429 0.275581
    outer loop
      vertex -5.576182 3.982707 18.841807
      vertex -5.576640 3.931492 18.664220
      vertex -5.539071 3.982707 18.828821
    endloop
  endfacet
  facet normal 0.032690 -0.956429 0.290130
    outer loop
      vertex -5.539071 3.982707 18.828821
      vertex -5.576640 3.931492 18.664220
      vertex -5.500000 3.931492 18.655585
    endloop
  endfacet
  facet normal 0.032690 -0.956429 0.290130
    outer loop
      vertex -5.539071 3.982707 18.828821
      vertex -5.500000 3.931492 18.655585
      vertex -5.500000 3.982707 18.824419
    endloop
  endfacet
  facet normal -0.032690 -0.956429 0.290130
    outer loop
      vertex -5.500000 3.982707 18.824419
      vertex -5.500000 3.931492 18.655585
      vertex -5.423360 3.931492 18.664220
    endloop
  endfacet
  facet normal -0.032690 -0.956429 0.290130
    outer loop
      vertex -5.500000 3.982707 18.824419
      vertex -5.423360 3.931492 18.664220
      vertex -5.460929 3.982707 18.828821
    endloop
  endfacet
  facet normal -0.096430 -0.956429 0.275581
    outer loop
      vertex -5.460929 3.982707 18.828821
      vertex -5.423360 3.931492 18.664220
      vertex -5.350564 3.931492 18.689693
    endloop
  endfacet
  facet normal -0.096430 -0.956429 0.275581
    outer loop
      vertex -5.460929 3.982707 18.828821
      vertex -5.350564 3.931492 18.689693
      vertex -5.423818 3.982707 18.841807
    endloop
  endfacet
  facet normal -0.155335 -0.956429 0.247214
    outer loop
      vertex -5.423818 3.982707 18.841807
      vertex -5.350564 3.931492 18.689693
      vertex -5.285261 3.931492 18.730725
    endloop
  endfacet
  facet normal -0.155335 -0.956429 0.247214
    outer loop
      vertex -5.423818 3.982707 18.841807
      vertex -5.285261 3.931492 18.730725
      vertex -5.390527 3.982707 18.862725
    endloop
  endfacet
  facet normal -0.206451 -0.956429 0.206451
    outer loop
      vertex -5.390527 3.982707 18.862725
      vertex -5.285261 3.931492 18.730725
      vertex -5.230725 3.931492 18.785261
    endloop
  endfacet
  facet normal -0.206451 -0.956429 0.206451
    outer loop
      vertex -5.390527 3.982707 18.862725
      vertex -5.230725 3.931492 18.785261
      vertex -5.362725 3.982707 18.890527
    endloop
  endfacet
  facet normal -0.247214 -0.956429 0.155335
    outer loop
      vertex -5.362725 3.982707 18.890527
      vertex -5.230725 3.931492 18.785261
      vertex -5.189693 3.931492 18.850564
    endloop
  endfacet
  facet normal -0.247214 -0.956429 0.155335
    outer loop
      vertex -5.362725 3.982707 18.890527
      vertex -5.189693 3.931492 18.850564
      vertex -5.341807 3.982707 18.923818
    endloop
  endfacet
  facet normal -0.275581 -0.956429 0.096430
    outer loop
      vertex -5.341807 3.982707 18.923818
      vertex -5.189693 3.931492 18.850564
      vertex -5.164220 3.931492 18.923360
    endloop
  endfacet
  facet normal -0.275581 -0.956429 0.096430
    outer loop
      vertex -5.341807 3.982707 18.923818
      vertex -5.164220 3.931492 18.923360
      vertex -5.328821 3.982707 18.960929
    endloop
  endfacet
  facet normal -0.290130 -0.956429 0.032690
    outer loop
      vertex -5.328821 3.982707 18.960929
      vertex -5.164220 3.931492 18.923360
      vertex -5.155585 3.931492 19.000000
    endloop
  endfacet
  facet normal -0.290130 -0.956429 0.032690
    outer loop
      vertex -5.328821 3.982707 18.960929
      vertex -5.155585 3.931492 19.000000
      vertex -5.324419 3.982707 19.000000
    endloop
  endfacet
  facet normal -0.470733 -0.880680 -0.053039
    outer loop
      vertex -5.155585 3.931492 19.000000
      vertex -4.999987 3.848323 19.000000
      vertex -5.012523 3.848323 19.111263
    endloop
  endfacet
  facet normal -0.470733 -0.880680 -0.053039
    outer loop
      vertex -5.155585 3.931492 19.000000
      vertex -5.012523 3.848323 19.111263
      vertex -5.164220 3.931492 19.076640
    endloop
  endfacet
  facet normal -0.447129 -0.880680 -0.156457
    outer loop
      vertex -5.164220 3.931492 19.076640
      vertex -5.012523 3.848323 19.111263
      vertex -5.049504 3.848323 19.216948
    endloop
  endfacet
  facet normal -0.447129 -0.880680 -0.156457
    outer loop
      vertex -5.164220 3.931492 19.076640
      vertex -5.049504 3.848323 19.216948
      vertex -5.189693 3.931492 19.149436
    endloop
  endfacet
  facet normal -0.401103 -0.880680 -0.252030
    outer loop
      vertex -5.189693 3.931492 19.149436
      vertex -5.049504 3.848323 19.216948
      vertex -5.109074 3.848323 19.311753
    endloop
  endfacet
  facet normal -0.401103 -0.880680 -0.252030
    outer loop
      vertex -5.189693 3.931492 19.149436
      vertex -5.109074 3.848323 19.311753
      vertex -5.230725 3.931492 19.214739
    endloop
  endfacet
  facet normal -0.334965 -0.880680 -0.334965
    outer loop
      vertex -5.230725 3.931492 19.214739
      vertex -5.109074 3.848323 19.311753
      vertex -5.188247 3.848323 19.390926
    endloop
  endfacet
  facet normal -0.334965 -0.880680 -0.334965
    outer loop
      vertex -5.230725 3.931492 19.214739
      vertex -5.188247 3.848323 19.390926
      vertex -5.285261 3.931492 19.269275
    endloop
  endfacet
  facet normal -0.252030 -0.880680 -0.401103
    outer loop
      vertex -5.285261 3.931492 19.269275
      vertex -5.188247 3.848323 19.390926
      vertex -5.283052 3.848323 19.450496
    endloop
  endfacet
  facet normal -0.252030 -0.880680 -0.401103
    outer loop
      vertex -5.285261 3.931492 19.269275
      vertex -5.283052 3.848323 19.450496
      vertex -5.350564 3.931492 19.310307
    endloop
  endfacet
  facet normal -0.156457 -0.880680 -0.447129
    outer loop
      vertex -5.350564 3.931492 19.310307
      vertex -5.283052 3.848323 19.450496
      vertex -5.388737 3.848323 19.487477
    endloop
  endfacet
  facet normal -0.156457 -0.880680 -0.447129
    outer loop
      vertex -5.350564 3.931492 19.310307
      vertex -5.388737 3.848323 19.487477
      vertex -5.423360 3.931492 19.335780
    endloop
  endfacet
  facet normal -0.053039 -0.880680 -0.470733
    outer loop
      vertex -5.423360 3.931492 19.335780
      vertex -5.388737 3.848323 19.487477
      vertex -5.500000 3.848323 19.500013
    endloop
  endfacet
  facet normal -0.053039 -0.880680 -0.470733
    outer loop
      vertex -5.423360 3.931492 19.335780
      vertex -5.500000 3.848323 19.500013
      vertex -5.500000 3.931492 19.344415
    endloop
  endfacet
  facet normal 0.053039 -0.880680 -0.470733
    outer loop
      vertex -5.500000 3.931492 19.344415
      vertex -5.500000 3.848323 19.500013
      vertex -5.611263 3.848323 19.487477
    endloop
  endfacet
  facet normal 0.053039 -0.880680 -0.470733
    outer loop
      vertex -5.500000 3.931492 19.344415
      vertex -5.611263 3.848323 19.487477
      vertex -5.576640 3.931492 19.335780
    endloop
  endfacet
  facet normal 0.156457 -0.880680 -0.447129
    outer loop
      vertex -5.576640 3.931492 19.335780
      vertex -5.611263 3.848323 19.487477
      vertex -5.716948 3.848323 19.450496
    endloop
  endfacet
  facet normal 0.156457 -0.880680 -0.447129
    outer loop
      vertex -5.576640 3.931492 19.335780
      vertex -5.716948 3.848323 19.450496
      vertex -5.649436 3.931492 19.310307
    endloop
  endfacet
  facet normal 0.252030 -0.880680 -0.401103
    outer loop
      vertex -5.649436 3.931492 19.310307
      vertex -5.716948 3.848323 19.450496
      vertex -5.811753 3.848323 19.390926
    endloop
  endfacet
  facet normal 0.252030 -0.880680 -0.401103
    outer loop
      vertex -5.649436 3.931492 19.310307
      vertex -5.811753 3.848323 19.390926
      vertex -5.714739 3.931492 19.269275
    endloop
  endfacet
  facet normal 0.334965 -0.880680 -0.334965
    outer loop
      vertex -5.714739 3.931492 19.269275
      vertex -5.811753 3.848323 19.390926
      vertex -5.890926 3.848323 19.311753
    endloop
  endfacet
  facet normal 0.334965 -0.880680 -0.334965
    outer loop
      vertex -5.714739 3.931492 19.269275
      vertex -5.890926 3.848323 19.311753
      vertex -5.769275 3.931492 19.214739
    endloop
  endfacet
  facet normal 0.401103 -0.880680 -0.252030
    outer loop
      vertex -5.769275 3.931492 19.214739
      vertex -5.890926 3.848323 19.311753
      vertex -5.950496 3.848323 19.216948
    endloop
  endfacet
  facet normal 0.401103 -0.880680 -0.252030
    outer loop
      vertex -5.769275 3.931492 19.214739
      vertex -5.950496 3.848323 19.216948
      vertex -5.810307 3.931492 19.149436
    endloop
  endfacet
  facet normal 0.447129 -0.880680 -0.156457
    outer loop
      vertex -5.810307 3.931492 19.149436
      vertex -5.950496 3.848323 19.216948
      vertex -5.987477 3.848323 19.111263
    endloop
  endfacet
  facet normal 0.447129 -0.880680 -0.156457
    outer loop
      vertex -5.810307 3.931492 19.149436
      vertex -5.987477 3.848323 19.111263
      vertex -5.835780 3.931492 19.076640
    endloop
  endfacet
  facet normal 0.470733 -0.880680 -0.053039
    outer loop
      vertex -5.835780 3.931492 19.076640
      vertex -5.987477 3.848323 19.111263
      vertex -6.000013 3.848323 19.000000
    endloop
  endfacet
  facet normal 0.470733 -0.880680 -0.053039
    outer loop
      vertex -5.835780 3.931492 19.076640
      vertex -6.000013 3.848323 19.000000
      vertex -5.844415 3.931492 19.000000
    endloop
  endfacet
  facet normal 0.470733 -0.880680 0.053039
    outer loop
      vertex -5.844415 3.931492 19.000000
      vertex -6.000013 3.848323 19.000000
      vertex -5.987477 3.848323 18.888737
    endloop
  endfacet
  facet normal 0.470733 -0.880680 0.053039
    outer loop
      vertex -5.844415 3.931492 19.000000
      vertex -5.987477 3.848323 18.888737
      vertex -5.835780 3.931492 18.923360
    endloop
  endfacet
  facet normal 0.447129 -0.880680 0.156457
    outer loop
      vertex -5.835780 3.931492 18.923360
      vertex -5.987477 3.848323 18.888737
      vertex -5.950496 3.848323 18.783052
    endloop
  endfacet
  facet normal 0.447129 -0.880680 0.156457
    outer loop
      vertex -5.835780 3.931492 18.923360
      vertex -5.950496 3.848323 18.783052
      vertex -5.810307 3.931492 18.850564
    endloop
  endfacet
  facet normal 0.401103 -0.880680 0.252030
    outer loop
      vertex -5.810307 3.931492 18.850564
      vertex -5.950496 3.848323 18.783052
      vertex -5.890926 3.848323 18.688247
    endloop
  endfacet
  facet normal 0.401103 -0.880680 0.252030
    outer loop
      vertex -5.810307 3.931492 18.850564
      vertex -5.890926 3.848323 18.688247
      vertex -5.769275 3.931492 18.785261
    endloop
  endfacet
  facet normal 0.334965 -0.880680 0.334965
    outer loop
      vertex -5.769275 3.931492 18.785261
      vertex -5.890926 3.848323 18.688247
      vertex -5.811753 3.848323 18.609074
    endloop
  endfacet
  facet normal 0.334965 -0.880680 0.334965
    outer loop
      vertex -5.769275 3.931492 18.785261
      vertex -5.811753 3.848323 18.609074
      vertex -5.714739 3.931492 18.730725
    endloop
  endfacet
  facet normal 0.252030 -0.880680 0.401103
    outer loop
      vertex -5.714739 3.931492 18.730725
      vertex -5.811753 3.848323 18.609074
      vertex -5.716948 3.848323 18.549504
    endloop
  endfacet
  facet normal 0.252030 -0.880680 0.401103
    outer loop
      vertex -5.714739 3.931492 18.730725
      vertex -5.716948 3.848323 18.549504
      vertex -5.649436 3.931492 18.689693
    endloop
  endfacet
  facet normal 0.156457 -0.880680 0.447129
    outer loop
      vertex -5.649436 3.931492 18.689693
      vertex -5.716948 3.848323 18.549504
      vertex -5.611263 3.848323 18.512523
    endloop
  endfacet
  facet normal 0.156457 -0.880680 0.447129
    outer loop
      vertex -5.649436 3.931492 18.689693
      vertex -5.611263 3.848323 18.512523
      vertex -5.576640 3.931492 18.664220
    endloop
  endfacet
  facet normal 0.053039 -0.880680 0.470733
    outer loop
      vertex -5.576640 3.931492 18.664220
      vertex -5.611263 3.848323 18.512523
      vertex -5.500000 3.848323 18.499987
    endloop
  endfacet
  facet normal 0.053039 -0.880680 0.470733
    outer loop
      vertex -5.576640 3.931492 18.664220
      vertex -5.500000 3.848323 18.499987
      vertex -5.500000 3.931492 18.655585
    endloop
  endfacet
  facet normal -0.053039 -0.880680 0.470733
    outer loop
      vertex -5.500000 3.931492 18.655585
      vertex -5.500000 3.848323 18.499987
      vertex -5.388737 3.848323 18.512523
    endloop
  endfacet
  facet normal -0.053039 -0.880680 0.470733
    outer loop
      vertex -5.500000 3.931492 18.655585
      vertex -5.388737 3.848323 18.512523
      vertex -5.423360 3.931492 18.664220
    endloop
  endfacet
  facet normal -0.156457 -0.880680 0.447129
    outer loop
      vertex -5.423360 3.931492 18.664220
      vertex -5.388737 3.848323 18.512523
      vertex -5.283052 3.848323 18.549504
    endloop
  endfacet
  facet normal -0.156457 -0.880680 0.447129
    outer loop
      vertex -5.423360 3.931492 18.664220
      vertex -5.283052 3.848323 18.549504
      vertex -5.350564 3.931492 18.689693
    endloop
  endfacet
  facet normal -0.252030 -0.880680 0.401103
    outer loop
      vertex -5.350564 3.931492 18.689693
      vertex -5.283052 3.848323 18.549504
      vertex -5.188247 3.848323 18.609074
    endloop
  endfacet
  facet normal -0.252030 -0.880680 0.401103
    outer loop
      vertex -5.350564 3.931492 18.689693
      vertex -5.188247 3.848323 18.609074
      vertex -5.285261 3.931492 18.730725
    endloop
  endfacet
  facet normal -0.334965 -0.880680 0.334965
    outer loop
      vertex -5.285261 3.931492 18.730725
      vertex -5.188247 3.848323 18.609074
      vertex -5.109074 3.848323 18.688247
    endloop
  endfacet
  facet normal -0.334965 -0.880680 0.334965
    outer loop
      vertex -5.285261 3.931492 18.730725
      vertex -5.109074 3.848323 18.688247
      vertex -5.230725 3.931492 18.785261
    endloop
  endfacet
  facet normal -0.401103 -0.880680 0.252030
    outer loop
      vertex -5.230725 3.931492 18.785261
      vertex -5.109074 3.848323 18.688247
      vertex -5.049504 3.848323 18.783052
    endloop
  endfacet
  facet normal -0.401103 -0.880680 0.252030
    outer loop
      vertex -5.230725 3.931492 18.785261
      vertex -5.049504 3.848323 18.783052
      vertex -5.189693 3.931492 18.850564
    endloop
  endfacet
  facet normal -0.447129 -0.880680 0.156457
    outer loop
      vertex -5.189693 3.931492 18.850564
      vertex -5.049504 3.848323 18.783052
      vertex -5.012523 3.848323 18.888737
    endloop
  endfacet
  facet normal -0.447129 -0.880680 0.156457
    outer loop
      vertex -5.189693 3.931492 18.850564
      vertex -5.012523 3.848323 18.888737
      vertex -5.164220 3.931492 18.923360
    endloop
  endfacet
  facet normal -0.470733 -0.880680 0.053039
    outer loop
      vertex -5.164220 3.931492 18.923360
      vertex -5.012523 3.848323 18.888737
      vertex -4.999987 3.848323 19.000000
    endloop
  endfacet
  facet normal -0.470733 -0.880680 0.053039
    outer loop
      vertex -5.164220 3.931492 18.923360
      vertex -4.999987 3.848323 19.000000
      vertex -5.155585 3.931492 19.000000
    endloop
  endfacet
  facet normal -0.632779 -0.771043 -0.071297
    outer loop
      vertex -4.999987 3.848323 19.000000
      vertex -4.863604 3.736396 19.000000
      vertex -4.879560 3.736396 19.141611
    endloop
  endfacet
  facet normal -0.632779 -0.771043 -0.071297
    outer loop
      vertex -4.999987 3.848323 19.000000
      vertex -4.879560 3.736396 19.141611
      vertex -5.012523 3.848323 19.111263
    endloop
  endfacet
  facet normal -0.601049 -0.771043 -0.210316
    outer loop
      vertex -5.012523 3.848323 19.111263
      vertex -4.879560 3.736396 19.141611
      vertex -4.926627 3.736396 19.276122
    endloop
  endfacet
  facet normal -0.601049 -0.771043 -0.210316
    outer loop
      vertex -5.012523 3.848323 19.111263
      vertex -4.926627 3.736396 19.276122
      vertex -5.049504 3.848323 19.216948
    endloop
  endfacet
  facet normal -0.539179 -0.771043 -0.338789
    outer loop
      vertex -5.049504 3.848323 19.216948
      vertex -4.926627 3.736396 19.276122
      vertex -5.002445 3.736396 19.396786
    endloop
  endfacet
  facet normal -0.539179 -0.771043 -0.338789
    outer loop
      vertex -5.049504 3.848323 19.216948
      vertex -5.002445 3.736396 19.396786
      vertex -5.109074 3.848323 19.311753
    endloop
  endfacet
  facet normal -0.450273 -0.771043 -0.450273
    outer loop
      vertex -5.109074 3.848323 19.311753
      vertex -5.002445 3.736396 19.396786
      vertex -5.103214 3.736396 19.497555
    endloop
  endfacet
  facet normal -0.450273 -0.771043 -0.450273
    outer loop
      vertex -5.109074 3.848323 19.311753
      vertex -5.103214 3.736396 19.497555
      vertex -5.188247 3.848323 19.390926
    endloop
  endfacet
  facet normal -0.338789 -0.771043 -0.539179
    outer loop
      vertex -5.188247 3.848323 19.390926
      vertex -5.103214 3.736396 19.497555
      vertex -5.223878 3.736396 19.573373
    endloop
  endfacet
  facet normal -0.338789 -0.771043 -0.539179
    outer loop
      vertex -5.188247 3.848323 19.390926
      vertex -5.223878 3.736396 19.573373
      vertex -5.283052 3.848323 19.450496
    endloop
  endfacet
  facet normal -0.210316 -0.771043 -0.601049
    outer loop
      vertex -5.283052 3.848323 19.450496
      vertex -5.223878 3.736396 19.573373
      vertex -5.358389 3.736396 19.620440
    endloop
  endfacet
  facet normal -0.210316 -0.771043 -0.601049
    outer loop
      vertex -5.283052 3.848323 19.450496
      vertex -5.358389 3.736396 19.620440
      vertex -5.388737 3.848323 19.487477
    endloop
  endfacet
  facet normal -0.071297 -0.771043 -0.632779
    outer loop
      vertex -5.388737 3.848323 19.487477
      vertex -5.358389 3.736396 19.620440
      vertex -5.500000 3.736396 19.636396
    endloop
  endfacet
  facet normal -0.071297 -0.771043 -0.632779
    outer loop
      vertex -5.388737 3.848323 19.487477
      vertex -5.500000 3.736396 19.636396
      vertex -5.500000 3.848323 19.500013
    endloop
  endfacet
  facet normal 0.071297 -0.771043 -0.632779
    outer loop
      vertex -5.500000 3.848323 19.500013
      vertex -5.500000 3.736396 19.636396
      vertex -5.641611 3.736396 19.620440
    endloop
  endfacet
  facet normal 0.071297 -0.771043 -0.632779
    outer loop
      vertex -5.500000 3.848323 19.500013
      vertex -5.641611 3.736396 19.620440
      vertex -5.611263 3.848323 19.487477
    endloop
  endfacet
  facet normal 0.210316 -0.771043 -0.601049
    outer loop
      vertex -5.611263 3.848323 19.487477
      vertex -5.641611 3.736396 19.620440
      vertex -5.776122 3.736396 19.573373
    endloop
  endfacet
  facet normal 0.210316 -0.771043 -0.601049
    outer loop
      vertex -5.611263 3.848323 19.487477
      vertex -5.776122 3.736396 19.573373
      vertex -5.716948 3.848323 19.450496
    endloop
  endfacet
  facet normal 0.338789 -0.771043 -0.539179
    outer loop
      vertex -5.716948 3.848323 19.450496
      vertex -5.776122 3.736396 19.573373
      vertex -5.896786 3.736396 19.497555
    endloop
  endfacet
  facet normal 0.338789 -0.771043 -0.539179
    outer loop
      vertex -5.716948 3.848323 19.450496
      vertex -5.896786 3.736396 19.497555
      vertex -5.811753 3.848323 19.390926
    endloop
  endfacet
  facet normal 0.450273 -0.771043 -0.450273
    outer loop
      vertex -5.811753 3.848323 19.390926
      vertex -5.896786 3.736396 19.497555
      vertex -5.997555 3.736396 19.396786
    endloop
  endfacet
  facet normal 0.450273 -0.771043 -0.450273
    outer loop
      vertex -5.811753 3.848323 19.390926
      vertex -5.997555 3.736396 19.396786
      vertex -5.890926 3.848323 19.311753
    endloop
  endfacet
  facet normal 0.539179 -0.771043 -0.338789
    outer loop
      vertex -5.890926 3.848323 19.311753
      vertex -5.997555 3.736396 19.396786
      vertex -6.073373 3.736396 19.276122
    endloop
  endfacet
  facet normal 0.539179 -0.771043 -0.338789
    outer loop
      vertex -5.890926 3.848323 19.311753
      vertex -6.073373 3.736396 19.276122
      vertex -5.950496 3.848323 19.216948
    endloop
  endfacet
  facet normal 0.601049 -0.771043 -0.210316
    outer loop
      vertex -5.950496 3.848323 19.216948
      vertex -6.073373 3.736396 19.276122
      vertex -6.120440 3.736396 19.141611
    endloop
  endfacet
  facet normal 0.601049 -0.771043 -0.210316
    outer loop
      vertex -5.950496 3.848323 19.216948
      vertex -6.120440 3.736396 19.141611
      vertex -5.987477 3.848323 19.111263
    endloop
  endfacet
  facet normal 0.632779 -0.771043 -0.071297
    outer loop
      vertex -5.987477 3.848323 19.111263
      vertex -6.120440 3.736396 19.141611
      vertex -6.136396 3.736396 19.000000
    endloop
  endfacet
  facet normal 0.632779 -0.771043 -0.071297
    outer loop
      vertex -5.987477 3.848323 19.111263
      vertex -6.136396 3.736396 19.000000
      vertex -6.000013 3.848323 19.000000
    endloop
  endfacet
  facet normal 0.632779 -0.771043 0.071297
    outer loop
      vertex -6.000013 3.848323 19.000000
      vertex -6.136396 3.736396 19.000000
      vertex -6.120440 3.736396 18.858389
    endloop
  endfacet
  facet normal 0.632779 -0.771043 0.071297
    outer loop
      vertex -6.000013 3.848323 19.000000
      vertex -6.120440 3.736396 18.858389
      vertex -5.987477 3.848323 18.888737
    endloop
  endfacet
  facet normal 0.601049 -0.771043 0.210316
    outer loop
      vertex -5.987477 3.848323 18.888737
      vertex -6.120440 3.736396 18.858389
      vertex -6.073373 3.736396 18.723878
    endloop
  endfacet
  facet normal 0.601049 -0.771043 0.210316
    outer loop
      vertex -5.987477 3.848323 18.888737
      vertex -6.073373 3.736396 18.723878
      vertex -5.950496 3.848323 18.783052
    endloop
  endfacet
  facet normal 0.539179 -0.771043 0.338789
    outer loop
      vertex -5.950496 3.848323 18.783052
      vertex -6.073373 3.736396 18.723878
      vertex -5.997555 3.736396 18.603214
    endloop
  endfacet
  facet normal 0.539179 -0.771043 0.338789
    outer loop
      vertex -5.950496 3.848323 18.783052
      vertex -5.997555 3.736396 18.603214
      vertex -5.890926 3.848323 18.688247
    endloop
  endfacet
  facet normal 0.450273 -0.771043 0.450273
    outer loop
      vertex -5.890926 3.848323 18.688247
      vertex -5.997555 3.736396 18.603214
      vertex -5.896786 3.736396 18.502445
    endloop
  endfacet
  facet normal 0.450273 -0.771043 0.450273
    outer loop
      vertex -5.890926 3.848323 18.688247
      vertex -5.896786 3.736396 18.502445
      vertex -5.811753 3.848323 18.609074
    endloop
  endfacet
  facet normal 0.338789 -0.771043 0.539179
    outer loop
      vertex -5.811753 3.848323 18.609074
      vertex -5.896786 3.736396 18.502445
      vertex -5.776122 3.736396 18.426627
    endloop
  endfacet
  facet normal 0.338789 -0.771043 0.539179
    outer loop
      vertex -5.811753 3.848323 18.609074
      vertex -5.776122 3.736396 18.426627
      vertex -5.716948 3.848323 18.549504
    endloop
  endfacet
  facet normal 0.210316 -0.771043 0.601049
    outer loop
      vertex -5.716948 3.848323 18.549504
      vertex -5.776122 3.736396 18.426627
      vertex -5.641611 3.736396 18.379560
    endloop
  endfacet
  facet normal 0.210316 -0.771043 0.601049
    outer loop
      vertex -5.716948 3.848323 18.549504
      vertex -5.641611 3.736396 18.379560
      vertex -5.611263 3.848323 18.512523
    endloop
  endfacet
  facet normal 0.071297 -0.771043 0.632779
    outer loop
      vertex -5.611263 3.848323 18.512523
      vertex -5.641611 3.736396 18.379560
      vertex -5.500000 3.736396 18.363604
    endloop
  endfacet
  facet normal 0.071297 -0.771043 0.632779
    outer loop
      vertex -5.611263 3.848323 18.512523
      vertex -5.500000 3.736396 18.363604
      vertex -5.500000 3.848323 18.499987
    endloop
  endfacet
  facet normal -0.071297 -0.771043 0.632779
    outer loop
      vertex -5.500000 3.848323 18.499987
      vertex -5.500000 3.736396 18.363604
      vertex -5.358389 3.736396 18.379560
    endloop
  endfacet
  facet normal -0.071297 -0.771043 0.632779
    outer loop
      vertex -5.500000 3.848323 18.499987
      vertex -5.358389 3.736396 18.379560
      vertex -5.388737 3.848323 18.512523
    endloop
  endfacet
  facet normal -0.210316 -0.771043 0.601049
    outer loop
      vertex -5.388737 3.848323 18.512523
      vertex -5.358389 3.736396 18.379560
      vertex -5.223878 3.736396 18.426627
    endloop
  endfacet
  facet normal -0.210316 -0.771043 0.601049
    outer loop
      vertex -5.388737 3.848323 18.512523
      vertex -5.223878 3.736396 18.426627
      vertex -5.283052 3.848323 18.549504
    endloop
  endfacet
  facet normal -0.338789 -0.771043 0.539179
    outer loop
      vertex -5.283052 3.848323 18.549504
      vertex -5.223878 3.736396 18.426627
      vertex -5.103214 3.736396 18.502445
    endloop
  endfacet
  facet normal -0.338789 -0.771043 0.539179
    outer loop
      vertex -5.283052 3.848323 18.549504
      vertex -5.103214 3.736396 18.502445
      vertex -5.188247 3.848323 18.609074
    endloop
  endfacet
  facet normal -0.450273 -0.771043 0.450273
    outer loop
      vertex -5.188247 3.848323 18.609074
      vertex -5.103214 3.736396 18.502445
      vertex -5.002445 3.736396 18.603214
    endloop
  endfacet
  facet normal -0.450273 -0.771043 0.450273
    outer loop
      vertex -5.188247 3.848323 18.609074
      vertex -5.002445 3.736396 18.603214
      vertex -5.109074 3.848323 18.688247
    endloop
  endfacet
  facet normal -0.539179 -0.771043 0.338789
    outer loop
      vertex -5.109074 3.848323 18.688247
      vertex -5.002445 3.736396 18.603214
      vertex -4.926627 3.736396 18.723878
    endloop
  endfacet
  facet normal -0.539179 -0.771043 0.338789
    outer loop
      vertex -5.109074 3.848323 18.688247
      vertex -4.926627 3.736396 18.723878
      vertex -5.049504 3.848323 18.783052
    endloop
  endfacet
  facet normal -0.601049 -0.771043 0.210316
    outer loop
      vertex -5.049504 3.848323 18.783052
      vertex -4.926627 3.736396 18.723878
      vertex -4.879560 3.736396 18.858389
    endloop
  endfacet
  facet normal -0.601049 -0.771043 0.210316
    outer loop
      vertex -5.049504 3.848323 18.783052
      vertex -4.879560 3.736396 18.858389
      vertex -5.012523 3.848323 18.888737
    endloop
  endfacet
  facet normal -0.632779 -0.771043 0.071297
    outer loop
      vertex -5.012523 3.848323 18.888737
      vertex -4.879560 3.736396 18.858389
      vertex -4.863604 3.736396 19.000000
    endloop
  endfacet
  facet normal -0.632779 -0.771043 0.071297
    outer loop
      vertex -5.012523 3.848323 18.888737
      vertex -4.863604 3.736396 19.000000
      vertex -4.999987 3.848323 19.000000
    endloop
  endfacet
  facet normal -0.770095 -0.632001 -0.086769
    outer loop
      vertex -4.863604 3.736396 19.000000
      vertex -4.751677 3.600013 19.000000
      vertex -4.770439 3.600013 19.166517
    endloop
  endfacet
  facet normal -0.770095 -0.632001 -0.086769
    outer loop
      vertex -4.863604 3.736396 19.000000
      vertex -4.770439 3.600013 19.166517
      vertex -4.879560 3.736396 19.141611
    endloop
  endfacet
  facet normal -0.731479 -0.632001 -0.255956
    outer loop
      vertex -4.879560 3.736396 19.141611
      vertex -4.770439 3.600013 19.166517
      vertex -4.825785 3.600013 19.324685
    endloop
  endfacet
  facet normal -0.731479 -0.632001 -0.255956
    outer loop
      vertex -4.879560 3.736396 19.141611
      vertex -4.825785 3.600013 19.324685
      vertex -4.926627 3.736396 19.276122
    endloop
  endfacet
  facet normal -0.656184 -0.632001 -0.412308
    outer loop
      vertex -4.926627 3.736396 19.276122
      vertex -4.825785 3.600013 19.324685
      vertex -4.914938 3.600013 19.466572
    endloop
  endfacet
  facet normal -0.656184 -0.632001 -0.412308
    outer loop
      vertex -4.926627 3.736396 19.276122
      vertex -4.914938 3.600013 19.466572
      vertex -5.002445 3.736396 19.396786
    endloop
  endfacet
  facet normal -0.547985 -0.632001 -0.547985
    outer loop
      vertex -5.002445 3.736396 19.396786
      vertex -4.914938 3.600013 19.466572
      vertex -5.033428 3.600013 19.585062
    endloop
  endfacet
  facet normal -0.547985 -0.632001 -0.547985
    outer loop
      vertex -5.002445 3.736396 19.396786
      vertex -5.033428 3.600013 19.585062
      vertex -5.103214 3.736396 19.497555
    endloop
  endfacet
  facet normal -0.412308 -0.632001 -0.656184
    outer loop
      vertex -5.103214 3.736396 19.497555
      vertex -5.033428 3.600013 19.585062
      vertex -5.175315 3.600013 19.674215
    endloop
  endfacet
  facet normal -0.412308 -0.632001 -0.656184
    outer loop
      vertex -5.103214 3.736396 19.497555
      vertex -5.175315 3.600013 19.674215
      vertex -5.223878 3.736396 19.573373
    endloop
  endfacet
  facet normal -0.255956 -0.632001 -0.731479
    outer loop
      vertex -5.223878 3.736396 19.573373
      vertex -5.175315 3.600013 19.674215
      vertex -5.333483 3.600013 19.729561
    endloop
  endfacet
  facet normal -0.255956 -0.632001 -0.731479
    outer loop
      vertex -5.223878 3.736396 19.573373
      vertex -5.333483 3.600013 19.729561
      vertex -5.358389 3.736396 19.620440
    endloop
  endfacet
  facet normal -0.086769 -0.632001 -0.770095
    outer loop
      vertex -5.358389 3.736396 19.620440
      vertex -5.333483 3.600013 19.729561
      vertex -5.500000 3.600013 19.748323
    endloop
  endfacet
  facet normal -0.086769 -0.632001 -0.770095
    outer loop
      vertex -5.358389 3.736396 19.620440
      vertex -5.500000 3.600013 19.748323
      vertex -5.500000 3.736396 19.636396
    endloop
  endfacet
  facet normal 0.086769 -0.632001 -0.770095
    outer loop
      vertex -5.500000 3.736396 19.636396
      vertex -5.500000 3.600013 19.748323
      vertex -5.666517 3.600013 19.729561
    endloop
  endfacet
  facet normal 0.086769 -0.632001 -0.770095
    outer loop
      vertex -5.500000 3.736396 19.636396
      vertex -5.666517 3.600013 19.729561
      vertex -5.641611 3.736396 19.620440
    endloop
  endfacet
  facet normal 0.255956 -0.632001 -0.731479
    outer loop
      vertex -5.641611 3.736396 19.620440
      vertex -5.666517 3.600013 19.729561
      vertex -5.824685 3.600013 19.674215
    endloop
  endfacet
  facet normal 0.255956 -0.632001 -0.731479
    outer loop
      vertex -5.641611 3.736396 19.620440
      vertex -5.824685 3.600013 19.674215
      vertex -5.776122 3.736396 19.573373
    endloop
  endfacet
  facet normal 0.412308 -0.632001 -0.656184
    outer loop
      vertex -5.776122 3.736396 19.573373
      vertex -5.824685 3.600013 19.674215
      vertex -5.966572 3.600013 19.585062
    endloop
  endfacet
  facet normal 0.412308 -0.632001 -0.656184
    outer loop
      vertex -5.776122 3.736396 19.573373
      vertex -5.966572 3.600013 19.585062
      vertex -5.896786 3.736396 19.497555
    endloop
  endfacet
  facet normal 0.547985 -0.632001 -0.547985
    outer loop
      vertex -5.896786 3.736396 19.497555
      vertex -5.966572 3.600013 19.585062
      vertex -6.085062 3.600013 19.466572
    endloop
  endfacet
  facet normal 0.547985 -0.632001 -0.547985
    outer loop
      vertex -5.896786 3.736396 19.497555
      vertex -6.085062 3.600013 19.466572
      vertex -5.997555 3.736396 19.396786
    endloop
  endfacet
  facet normal 0.656184 -0.632001 -0.412308
    outer loop
      vertex -5.997555 3.736396 19.396786
      vertex -6.085062 3.600013 19.466572
      vertex -6.174215 3.600013 19.324685
    endloop
  endfacet
  facet normal 0.656184 -0.632001 -0.412308
    outer loop
      vertex -5.997555 3.736396 19.396786
      vertex -6.174215 3.600013 19.324685
      vertex -6.073373 3.736396 19.276122
    endloop
  endfacet
  facet normal 0.731479 -0.632001 -0.255956
    outer loop
      vertex -6.073373 3.736396 19.276122
      vertex -6.174215 3.600013 19.324685
      vertex -6.229561 3.600013 19.166517
    endloop
  endfacet
  facet normal 0.731479 -0.632001 -0.255956
    outer loop
      vertex -6.073373 3.736396 19.276122
      vertex -6.229561 3.600013 19.166517
      vertex -6.120440 3.736396 19.141611
    endloop
  endfacet
  facet normal 0.770095 -0.632001 -0.086769
    outer loop
      vertex -6.120440 3.736396 19.141611
      vertex -6.229561 3.600013 19.166517
      vertex -6.248323 3.600013 19.000000
    endloop
  endfacet
  facet normal 0.770095 -0.632001 -0.086769
    outer loop
      vertex -6.120440 3.736396 19.141611
      vertex -6.248323 3.600013 19.000000
      vertex -6.136396 3.736396 19.000000
    endloop
  endfacet
  facet normal 0.770095 -0.632001 0.086769
    outer loop
      vertex -6.136396 3.736396 19.000000
      vertex -6.248323 3.600013 19.000000
      vertex -6.229561 3.600013 18.833483
    endloop
  endfacet
  facet normal 0.770095 -0.632001 0.086769
    outer loop
      vertex -6.136396 3.736396 19.000000
      vertex -6.229561 3.600013 18.833483
      vertex -6.120440 3.736396 18.858389
    endloop
  endfacet
  facet normal 0.731479 -0.632001 0.255956
    outer loop
      vertex -6.120440 3.736396 18.858389
      vertex -6.229561 3.600013 18.833483
      vertex -6.174215 3.600013 18.675315
    endloop
  endfacet
  facet normal 0.731479 -0.632001 0.255956
    outer loop
      vertex -6.120440 3.736396 18.858389
      vertex -6.174215 3.600013 18.675315
      vertex -6.073373 3.736396 18.723878
    endloop
  endfacet
  facet normal 0.656184 -0.632001 0.412308
    outer loop
      vertex -6.073373 3.736396 18.723878
      vertex -6.174215 3.600013 18.675315
      vertex -6.085062 3.600013 18.533428
    endloop
  endfacet
  facet normal 0.656184 -0.632001 0.412308
    outer loop
      vertex -6.073373 3.736396 18.723878
      vertex -6.085062 3.600013 18.533428
      vertex -5.997555 3.736396 18.603214
    endloop
  endfacet
  facet normal 0.547985 -0.632001 0.547985
    outer loop
      vertex -5.997555 3.736396 18.603214
      vertex -6.085062 3.600013 18.533428
      vertex -5.966572 3.600013 18.414938
    endloop
  endfacet
  facet normal 0.547985 -0.632001 0.547985
    outer loop
      vertex -5.997555 3.736396 18.603214
      vertex -5.966572 3.600013 18.414938
      vertex -5.896786 3.736396 18.502445
    endloop
  endfacet
  facet normal 0.412308 -0.632001 0.656184
    outer loop
      vertex -5.896786 3.736396 18.502445
      vertex -5.966572 3.600013 18.414938
      vertex -5.824685 3.600013 18.325785
    endloop
  endfacet
  facet normal 0.412308 -0.632001 0.656184
    outer loop
      vertex -5.896786 3.736396 18.502445
      vertex -5.824685 3.600013 18.325785
      vertex -5.776122 3.736396 18.426627
    endloop
  endfacet
  facet normal 0.255956 -0.632001 0.731479
    outer loop
      vertex -5.776122 3.736396 18.426627
      vertex -5.824685 3.600013 18.325785
      vertex -5.666517 3.600013 18.270439
    endloop
  endfacet
  facet normal 0.255956 -0.632001 0.731479
    outer loop
      vertex -5.776122 3.736396 18.426627
      vertex -5.666517 3.600013 18.270439
      vertex -5.641611 3.736396 18.379560
    endloop
  endfacet
  facet normal 0.086769 -0.632001 0.770095
    outer loop
      vertex -5.641611 3.736396 18.379560
      vertex -5.666517 3.600013 18.270439
      vertex -5.500000 3.600013 18.251677
    endloop
  endfacet
  facet normal 0.086769 -0.632001 0.770095
    outer loop
      vertex -5.641611 3.736396 18.379560
      vertex -5.500000 3.600013 18.251677
      vertex -5.500000 3.736396 18.363604
    endloop
  endfacet
  facet normal -0.086769 -0.632001 0.770095
    outer loop
      vertex -5.500000 3.736396 18.363604
      vertex -5.500000 3.600013 18.251677
      vertex -5.333483 3.600013 18.270439
    endloop
  endfacet
  facet normal -0.086769 -0.632001 0.770095
    outer loop
      vertex -5.500000 3.736396 18.363604
      vertex -5.333483 3.600013 18.270439
      vertex -5.358389 3.736396 18.379560
    endloop
  endfacet
  facet normal -0.255956 -0.632001 0.731479
    outer loop
      vertex -5.358389 3.736396 18.379560
      vertex -5.333483 3.600013 18.270439
      vertex -5.175315 3.600013 18.325785
    endloop
  endfacet
  facet normal -0.255956 -0.632001 0.731479
    outer loop
      vertex -5.358389 3.736396 18.379560
      vertex -5.175315 3.600013 18.325785
      vertex -5.223878 3.736396 18.426627
    endloop
  endfacet
  facet normal -0.412308 -0.632001 0.656184
    outer loop
      vertex -5.223878 3.736396 18.426627
      vertex -5.175315 3.600013 18.325785
      vertex -5.033428 3.600013 18.414938
    endloop
  endfacet
  facet normal -0.412308 -0.632001 0.656184
    outer loop
      vertex -5.223878 3.736396 18.426627
      vertex -5.033428 3.600013 18.414938
      vertex -5.103214 3.736396 18.502445
    endloop
  endfacet
  facet normal -0.547985 -0.632001 0.547985
    outer loop
      vertex -5.103214 3.736396 18.502445
      vertex -5.033428 3.600013 18.414938
      vertex -4.914938 3.600013 18.533428
    endloop
  endfacet
  facet normal -0.547985 -0.632001 0.547985
    outer loop
      vertex -5.103214 3.736396 18.502445
      vertex -4.914938 3.600013 18.533428
      vertex -5.002445 3.736396 18.603214
    endloop
  endfacet
  facet normal -0.656184 -0.632001 0.412308
    outer loop
      vertex -5.002445 3.736396 18.603214
      vertex -4.914938 3.600013 18.533428
      vertex -4.825785 3.600013 18.675315
    endloop
  endfacet
  facet normal -0.656184 -0.632001 0.412308
    outer loop
      vertex -5.002445 3.736396 18.603214
      vertex -4.825785 3.600013 18.675315
      vertex -4.926627 3.736396 18.723878
    endloop
  endfacet
  facet normal -0.731479 -0.632001 0.255956
    outer loop
      vertex -4.926627 3.736396 18.723878
      vertex -4.825785 3.600013 18.675315
      vertex -4.770439 3.600013 18.833483
    endloop
  endfacet
  facet normal -0.731479 -0.632001 0.255956
    outer loop
      vertex -4.926627 3.736396 18.723878
      vertex -4.770439 3.600013 18.833483
      vertex -4.879560 3.736396 18.858389
    endloop
  endfacet
  facet normal -0.770095 -0.632001 0.086769
    outer loop
      vertex -4.879560 3.736396 18.858389
      vertex -4.770439 3.600013 18.833483
      vertex -4.751677 3.600013 19.000000
    endloop
  endfacet
  facet normal -0.770095 -0.632001 0.086769
    outer loop
      vertex -4.879560 3.736396 18.858389
      vertex -4.751677 3.600013 19.000000
      vertex -4.863604 3.736396 19.000000
    endloop
  endfacet
  facet normal -0.877599 -0.469087 -0.098882
    outer loop
      vertex -4.751677 3.600013 19.000000
      vertex -4.668508 3.444415 19.000000
      vertex -4.689356 3.444415 19.185024
    endloop
  endfacet
  facet normal -0.877599 -0.469087 -0.098882
    outer loop
      vertex -4.751677 3.600013 19.000000
      vertex -4.689356 3.444415 19.185024
      vertex -4.770439 3.600013 19.166517
    endloop
  endfacet
  facet normal -0.833593 -0.469087 -0.291687
    outer loop
      vertex -4.770439 3.600013 19.166517
      vertex -4.689356 3.444415 19.185024
      vertex -4.750852 3.444415 19.360771
    endloop
  endfacet
  facet normal -0.833593 -0.469087 -0.291687
    outer loop
      vertex -4.770439 3.600013 19.166517
      vertex -4.750852 3.444415 19.360771
      vertex -4.825785 3.600013 19.324685
    endloop
  endfacet
  facet normal -0.747786 -0.469087 -0.469865
    outer loop
      vertex -4.825785 3.600013 19.324685
      vertex -4.750852 3.444415 19.360771
      vertex -4.849914 3.444415 19.518427
    endloop
  endfacet
  facet normal -0.747786 -0.469087 -0.469865
    outer loop
      vertex -4.825785 3.600013 19.324685
      vertex -4.849914 3.444415 19.518427
      vertex -4.914938 3.600013 19.466572
    endloop
  endfacet
  facet normal -0.624483 -0.469087 -0.624483
    outer loop
      vertex -4.914938 3.600013 19.466572
      vertex -4.849914 3.444415 19.518427
      vertex -4.981573 3.444415 19.650086
    endloop
  endfacet
  facet normal -0.624483 -0.469087 -0.624483
    outer loop
      vertex -4.914938 3.600013 19.466572
      vertex -4.981573 3.444415 19.650086
      vertex -5.033428 3.600013 19.585062
    endloop
  endfacet
  facet normal -0.469865 -0.469087 -0.747786
    outer loop
      vertex -5.033428 3.600013 19.585062
      vertex -4.981573 3.444415 19.650086
      vertex -5.139229 3.444415 19.749148
    endloop
  endfacet
  facet normal -0.469865 -0.469087 -0.747786
    outer loop
      vertex -5.033428 3.600013 19.585062
      vertex -5.139229 3.444415 19.749148
      vertex -5.175315 3.600013 19.674215
    endloop
  endfacet
  facet normal -0.291687 -0.469087 -0.833593
    outer loop
      vertex -5.175315 3.600013 19.674215
      vertex -5.139229 3.444415 19.749148
      vertex -5.314976 3.444415 19.810644
    endloop
  endfacet
  facet normal -0.291687 -0.469087 -0.833593
    outer loop
      vertex -5.175315 3.600013 19.674215
      vertex -5.314976 3.444415 19.810644
      vertex -5.333483 3.600013 19.729561
    endloop
  endfacet
  facet normal -0.098882 -0.469087 -0.877599
    outer loop
      vertex -5.333483 3.600013 19.729561
      vertex -5.314976 3.444415 19.810644
      vertex -5.500000 3.444415 19.831492
    endloop
  endfacet
  facet normal -0.098882 -0.469087 -0.877599
    outer loop
      vertex -5.333483 3.600013 19.729561
      vertex -5.500000 3.444415 19.831492
      vertex -5.500000 3.600013 19.748323
    endloop
  endfacet
  facet normal 0.098882 -0.469087 -0.877599
    outer loop
      vertex -5.500000 3.600013 19.748323
      vertex -5.500000 3.444415 19.831492
      vertex -5.685024 3.444415 19.810644
    endloop
  endfacet
  facet normal 0.098882 -0.469087 -0.877599
    outer loop
      vertex -5.500000 3.600013 19.748323
      vertex -5.685024 3.444415 19.810644
      vertex -5.666517 3.600013 19.729561
    endloop
  endfacet
  facet normal 0.291687 -0.469087 -0.833593
    outer loop
      vertex -5.666517 3.600013 19.729561
      vertex -5.685024 3.444415 19.810644
      vertex -5.860771 3.444415 19.749148
    endloop
  endfacet
  facet normal 0.291687 -0.469087 -0.833593
    outer loop
      vertex -5.666517 3.600013 19.729561
      vertex -5.860771 3.444415 19.749148
      vertex -5.824685 3.600013 19.674215
    endloop
  endfacet
  facet normal 0.469865 -0.469087 -0.747786
    outer loop
      vertex -5.824685 3.600013 19.674215
      vertex -5.860771 3.444415 19.749148
      vertex -6.018427 3.444415 19.650086
    endloop
  endfacet
  facet normal 0.469865 -0.469087 -0.747786
    outer loop
      vertex -5.824685 3.600013 19.674215
      vertex -6.018427 3.444415 19.650086
      vertex -5.966572 3.600013 19.585062
    endloop
  endfacet
  facet normal 0.624483 -0.469087 -0.624483
    outer loop
      vertex -5.966572 3.600013 19.585062
      vertex -6.018427 3.444415 19.650086
      vertex -6.150086 3.444415 19.518427
    endloop
  endfacet
  facet normal 0.624483 -0.469087 -0.624483
    outer loop
      vertex -5.966572 3.600013 19.585062
      vertex -6.150086 3.444415 19.518427
      vertex -6.085062 3.600013 19.466572
    endloop
  endfacet
  facet normal 0.747786 -0.469087 -0.469865
    outer loop
      vertex -6.085062 3.600013 19.466572
      vertex -6.150086 3.444415 19.518427
      vertex -6.249148 3.444415 19.360771
    endloop
  endfacet
  facet normal 0.747786 -0.469087 -0.469865
    outer loop
      vertex -6.085062 3.600013 19.466572
      vertex -6.249148 3.444415 19.360771
      vertex -6.174215 3.600013 19.324685
    endloop
  endfacet
  facet normal 0.833593 -0.469087 -0.291687
    outer loop
      vertex -6.174215 3.600013 19.324685
      vertex -6.249148 3.444415 19.360771
      vertex -6.310644 3.444415 19.185024
    endloop
  endfacet
  facet normal 0.833593 -0.469087 -0.291687
    outer loop
      vertex -6.174215 3.600013 19.324685
      vertex -6.310644 3.444415 19.185024
      vertex -6.229561 3.600013 19.166517
    endloop
  endfacet
  facet normal 0.877599 -0.469087 -0.098882
    outer loop
      vertex -6.229561 3.600013 19.166517
      vertex -6.310644 3.444415 19.185024
      vertex -6.331492 3.444415 19.000000
    endloop
  endfacet
  facet normal 0.877599 -0.469087 -0.098882
    outer loop
      vertex -6.229561 3.600013 19.166517
      vertex -6.331492 3.444415 19.000000
      vertex -6.248323 3.600013 19.000000
    endloop
  endfacet
  facet normal 0.877599 -0.469087 0.098882
    outer loop
      vertex -6.248323 3.600013 19.000000
      vertex -6.331492 3.444415 19.000000
      vertex -6.310644 3.444415 18.814976
    endloop
  endfacet
  facet normal 0.877599 -0.469087 0.098882
    outer loop
      vertex -6.248323 3.600013 19.000000
      vertex -6.310644 3.444415 18.814976
      vertex -6.229561 3.600013 18.833483
    endloop
  endfacet
  facet normal 0.833593 -0.469087 0.291687
    outer loop
      vertex -6.229561 3.600013 18.833483
      vertex -6.310644 3.444415 18.814976
      vertex -6.249148 3.444415 18.639229
    endloop
  endfacet
  facet normal 0.833593 -0.469087 0.291687
    outer loop
      vertex -6.229561 3.600013 18.833483
      vertex -6.249148 3.444415 18.639229
      vertex -6.174215 3.600013 18.675315
    endloop
  endfacet
  facet normal 0.747786 -0.469087 0.469865
    outer loop
      vertex -6.174215 3.600013 18.675315
      vertex -6.249148 3.444415 18.639229
      vertex -6.150086 3.444415 18.481573
    endloop
  endfacet
  facet normal 0.747786 -0.469087 0.469865
    outer loop
      vertex -6.174215 3.600013 18.675315
      vertex -6.150086 3.444415 18.481573
      vertex -6.085062 3.600013 18.533428
    endloop
  endfacet
  facet normal 0.624483 -0.469087 0.624483
    outer loop
      vertex -6.085062 3.600013 18.533428
      vertex -6.150086 3.444415 18.481573
      vertex -6.018427 3.444415 18.349914
    endloop
  endfacet
  facet normal 0.624483 -0.469087 0.624483
    outer loop
      vertex -6.085062 3.600013 18.533428
      vertex -6.018427 3.444415 18.349914
      vertex -5.966572 3.600013 18.414938
    endloop
  endfacet
  facet normal 0.469865 -0.469087 0.747786
    outer loop
      vertex -5.966572 3.600013 18.414938
      vertex -6.018427 3.444415 18.349914
      vertex -5.860771 3.444415 18.250852
    endloop
  endfacet
  facet normal 0.469865 -0.469087 0.747786
    outer loop
      vertex -5.966572 3.600013 18.414938
      vertex -5.860771 3.444415 18.250852
      vertex -5.824685 3.600013 18.325785
    endloop
  endfacet
  facet normal 0.291687 -0.469087 0.833593
    outer loop
      vertex -5.824685 3.600013 18.325785
      vertex -5.860771 3.444415 18.250852
      vertex -5.685024 3.444415 18.189356
    endloop
  endfacet
  facet normal 0.291687 -0.469087 0.833593
    outer loop
      vertex -5.824685 3.600013 18.325785
      vertex -5.685024 3.444415 18.189356
      vertex -5.666517 3.600013 18.270439
    endloop
  endfacet
  facet normal 0.098882 -0.469087 0.877599
    outer loop
      vertex -5.666517 3.600013 18.270439
      vertex -5.685024 3.444415 18.189356
      vertex -5.500000 3.444415 18.168508
    endloop
  endfacet
  facet normal 0.098882 -0.469087 0.877599
    outer loop
      vertex -5.666517 3.600013 18.270439
      vertex -5.500000 3.444415 18.168508
      vertex -5.500000 3.600013 18.251677
    endloop
  endfacet
  facet normal -0.098882 -0.469087 0.877599
    outer loop
      vertex -5.500000 3.600013 18.251677
      vertex -5.500000 3.444415 18.168508
      vertex -5.314976 3.444415 18.189356
    endloop
  endfacet
  facet normal -0.098882 -0.469087 0.877599
    outer loop
      vertex -5.500000 3.600013 18.251677
      vertex -5.314976 3.444415 18.189356
      vertex -5.333483 3.600013 18.270439
    endloop
  endfacet
  facet normal -0.291687 -0.469087 0.833593
    outer loop
      vertex -5.333483 3.600013 18.270439
      vertex -5.314976 3.444415 18.189356
      vertex -5.139229 3.444415 18.250852
    endloop
  endfacet
  facet normal -0.291687 -0.469087 0.833593
    outer loop
      vertex -5.333483 3.600013 18.270439
      vertex -5.139229 3.444415 18.250852
      vertex -5.175315 3.600013 18.325785
    endloop
  endfacet
  facet normal -0.469865 -0.469087 0.747786
    outer loop
      vertex -5.175315 3.600013 18.325785
      vertex -5.139229 3.444415 18.250852
      vertex -4.981573 3.444415 18.349914
    endloop
  endfacet
  facet normal -0.469865 -0.469087 0.747786
    outer loop
      vertex -5.175315 3.600013 18.325785
      vertex -4.981573 3.444415 18.349914
      vertex -5.033428 3.600013 18.414938
    endloop
  endfacet
  facet normal -0.624483 -0.469087 0.624483
    outer loop
      vertex -5.033428 3.600013 18.414938
      vertex -4.981573 3.444415 18.349914
      vertex -4.849914 3.444415 18.481573
    endloop
  endfacet
  facet normal -0.624483 -0.469087 0.624483
    outer loop
      vertex -5.033428 3.600013 18.414938
      vertex -4.849914 3.444415 18.481573
      vertex -4.914938 3.600013 18.533428
    endloop
  endfacet
  facet normal -0.747786 -0.469087 0.469865
    outer loop
      vertex -4.914938 3.600013 18.533428
      vertex -4.849914 3.444415 18.481573
      vertex -4.750852 3.444415 18.639229
    endloop
  endfacet
  facet normal -0.747786 -0.469087 0.469865
    outer loop
      vertex -4.914938 3.600013 18.533428
      vertex -4.750852 3.444415 18.639229
      vertex -4.825785 3.600013 18.675315
    endloop
  endfacet
  facet normal -0.833593 -0.469087 0.291687
    outer loop
      vertex -4.825785 3.600013 18.675315
      vertex -4.750852 3.444415 18.639229
      vertex -4.689356 3.444415 18.814976
    endloop
  endfacet
  facet normal -0.833593 -0.469087 0.291687
    outer loop
      vertex -4.825785 3.600013 18.675315
      vertex -4.689356 3.444415 18.814976
      vertex -4.770439 3.600013 18.833483
    endloop
  endfacet
  facet normal -0.877599 -0.469087 0.098882
    outer loop
      vertex -4.770439 3.600013 18.833483
      vertex -4.689356 3.444415 18.814976
      vertex -4.668508 3.444415 19.000000
    endloop
  endfacet
  facet normal -0.877599 -0.469087 0.098882
    outer loop
      vertex -4.770439 3.600013 18.833483
      vertex -4.668508 3.444415 19.000000
      vertex -4.751677 3.600013 19.000000
    endloop
  endfacet
  facet normal -0.951426 -0.288612 -0.107200
    outer loop
      vertex -4.668508 3.444415 19.000000
      vertex -4.617293 3.275581 19.000000
      vertex -4.639425 3.275581 19.196421
    endloop
  endfacet
  facet normal -0.951426 -0.288612 -0.107200
    outer loop
      vertex -4.668508 3.444415 19.000000
      vertex -4.639425 3.275581 19.196421
      vertex -4.689356 3.444415 19.185024
    endloop
  endfacet
  facet normal -0.903717 -0.288612 -0.316224
    outer loop
      vertex -4.689356 3.444415 19.185024
      vertex -4.639425 3.275581 19.196421
      vertex -4.704709 3.275581 19.382992
    endloop
  endfacet
  facet normal -0.903717 -0.288612 -0.316224
    outer loop
      vertex -4.689356 3.444415 19.185024
      vertex -4.704709 3.275581 19.382992
      vertex -4.750852 3.444415 19.360771
    endloop
  endfacet
  facet normal -0.810693 -0.288612 -0.509392
    outer loop
      vertex -4.750852 3.444415 19.360771
      vertex -4.704709 3.275581 19.382992
      vertex -4.809872 3.275581 19.550359
    endloop
  endfacet
  facet normal -0.810693 -0.288612 -0.509392
    outer loop
      vertex -4.750852 3.444415 19.360771
      vertex -4.809872 3.275581 19.550359
      vertex -4.849914 3.444415 19.518427
    endloop
  endfacet
  facet normal -0.677017 -0.288612 -0.677017
    outer loop
      vertex -4.849914 3.444415 19.518427
      vertex -4.809872 3.275581 19.550359
      vertex -4.949641 3.275581 19.690128
    endloop
  endfacet
  facet normal -0.677017 -0.288612 -0.677017
    outer loop
      vertex -4.849914 3.444415 19.518427
      vertex -4.949641 3.275581 19.690128
      vertex -4.981573 3.444415 19.650086
    endloop
  endfacet
  facet normal -0.509392 -0.288612 -0.810693
    outer loop
      vertex -4.981573 3.444415 19.650086
      vertex -4.949641 3.275581 19.690128
      vertex -5.117008 3.275581 19.795291
    endloop
  endfacet
  facet normal -0.509392 -0.288612 -0.810693
    outer loop
      vertex -4.981573 3.444415 19.650086
      vertex -5.117008 3.275581 19.795291
      vertex -5.139229 3.444415 19.749148
    endloop
  endfacet
  facet normal -0.316224 -0.288612 -0.903717
    outer loop
      vertex -5.139229 3.444415 19.749148
      vertex -5.117008 3.275581 19.795291
      vertex -5.303579 3.275581 19.860575
    endloop
  endfacet
  facet normal -0.316224 -0.288612 -0.903717
    outer loop
      vertex -5.139229 3.444415 19.749148
      vertex -5.303579 3.275581 19.860575
      vertex -5.314976 3.444415 19.810644
    endloop
  endfacet
  facet normal -0.107200 -0.288612 -0.951426
    outer loop
      vertex -5.314976 3.444415 19.810644
      vertex -5.303579 3.275581 19.860575
      vertex -5.500000 3.275581 19.882707
    endloop
  endfacet
  facet normal -0.107200 -0.288612 -0.951426
    outer loop
      vertex -5.314976 3.444415 19.810644
      vertex -5.500000 3.275581 19.882707
      vertex -5.500000 3.444415 19.831492
    endloop
  endfacet
  facet normal 0.107200 -0.288612 -0.951426
    outer loop
      vertex -5.500000 3.444415 19.831492
      vertex -5.500000 3.275581 19.882707
      vertex -5.696421 3.275581 19.860575
    endloop
  endfacet
  facet normal 0.107200 -0.288612 -0.951426
    outer loop
      vertex -5.500000 3.444415 19.831492
      vertex -5.696421 3.275581 19.860575
      vertex -5.685024 3.444415 19.810644
    endloop
  endfacet
  facet normal 0.316224 -0.288612 -0.903717
    outer loop
      vertex -5.685024 3.444415 19.810644
      vertex -5.696421 3.275581 19.860575
      vertex -5.882992 3.275581 19.795291
    endloop
  endfacet
  facet normal 0.316224 -0.288612 -0.903717
    outer loop
      vertex -5.685024 3.444415 19.810644
      vertex -5.882992 3.275581 19.795291
      vertex -5.860771 3.444415 19.749148
    endloop
  endfacet
  facet normal 0.509392 -0.288612 -0.810693
    outer loop
      vertex -5.860771 3.444415 19.749148
      vertex -5.882992 3.275581 19.795291
      vertex -6.050359 3.275581 19.690128
    endloop
  endfacet
  facet normal 0.509392 -0.288612 -0.810693
    outer loop
      vertex -5.860771 3.444415 19.749148
      vertex -6.050359 3.275581 19.690128
      vertex -6.018427 3.444415 19.650086
    endloop
  endfacet
  facet normal 0.677017 -0.288612 -0.677017
    outer loop
      vertex -6.018427 3.444415 19.650086
      vertex -6.050359 3.275581 19.690128
      vertex -6.190128 3.275581 19.550359
    endloop
  endfacet
  facet normal 0.677017 -0.288612 -0.677017
    outer loop
      vertex -6.018427 3.444415 19.650086
      vertex -6.190128 3.275581 19.550359
      vertex -6.150086 3.444415 19.518427
    endloop
  endfacet
  facet normal 0.810693 -0.288612 -0.509392
    outer loop
      vertex -6.150086 3.444415 19.518427
      vertex -6.190128 3.275581 19.550359
      vertex -6.295291 3.275581 19.382992
    endloop
  endfacet
  facet normal 0.810693 -0.288612 -0.509392
    outer loop
      vertex -6.150086 3.444415 19.518427
      vertex -6.295291 3.275581 19.382992
      vertex -6.249148 3.444415 19.360771
    endloop
  endfacet
  facet normal 0.903717 -0.288612 -0.316224
    outer loop
      vertex -6.249148 3.444415 19.360771
      vertex -6.295291 3.275581 19.382992
      vertex -6.360575 3.275581 19.196421
    endloop
  endfacet
  facet normal 0.903717 -0.288612 -0.316224
    outer loop
      vertex -6.249148 3.444415 19.360771
      vertex -6.360575 3.275581 19.196421
      vertex -6.310644 3.444415 19.185024
    endloop
  endfacet
  facet normal 0.951426 -0.288612 -0.107200
    outer loop
      vertex -6.310644 3.444415 19.185024
      vertex -6.360575 3.275581 19.196421
      vertex -6.382707 3.275581 19.000000
    endloop
  endfacet
  facet normal 0.951426 -0.288612 -0.107200
    outer loop
      vertex -6.310644 3.444415 19.185024
      vertex -6.382707 3.275581 19.000000
      vertex -6.331492 3.444415 19.000000
    endloop
  endfacet
  facet normal 0.951426 -0.288612 0.107200
    outer loop
      vertex -6.331492 3.444415 19.000000
      vertex -6.382707 3.275581 19.000000
      vertex -6.360575 3.275581 18.803579
    endloop
  endfacet
  facet normal 0.951426 -0.288612 0.107200
    outer loop
      vertex -6.331492 3.444415 19.000000
      vertex -6.360575 3.275581 18.803579
      vertex -6.310644 3.444415 18.814976
    endloop
  endfacet
  facet normal 0.903717 -0.288612 0.316224
    outer loop
      vertex -6.310644 3.444415 18.814976
      vertex -6.360575 3.275581 18.803579
      vertex -6.295291 3.275581 18.617008
    endloop
  endfacet
  facet normal 0.903717 -0.288612 0.316224
    outer loop
      vertex -6.310644 3.444415 18.814976
      vertex -6.295291 3.275581 18.617008
      vertex -6.249148 3.444415 18.639229
    endloop
  endfacet
  facet normal 0.810693 -0.288612 0.509392
    outer loop
      vertex -6.249148 3.444415 18.639229
      vertex -6.295291 3.275581 18.617008
      vertex -6.190128 3.275581 18.449641
    endloop
  endfacet
  facet normal 0.810693 -0.288612 0.509392
    outer loop
      vertex -6.249148 3.444415 18.639229
      vertex -6.190128 3.275581 18.449641
      vertex -6.150086 3.444415 18.481573
    endloop
  endfacet
  facet normal 0.677017 -0.288612 0.677017
    outer loop
      vertex -6.150086 3.444415 18.481573
      vertex -6.190128 3.275581 18.449641
      vertex -6.050359 3.275581 18.309872
    endloop
  endfacet
  facet normal 0.677017 -0.288612 0.677017
    outer loop
      vertex -6.150086 3.444415 18.481573
      vertex -6.050359 3.275581 18.309872
      vertex -6.018427 3.444415 18.349914
    endloop
  endfacet
  facet normal 0.509392 -0.288612 0.810693
    outer loop
      vertex -6.018427 3.444415 18.349914
      vertex -6.050359 3.275581 18.309872
      vertex -5.882992 3.275581 18.204709
    endloop
  endfacet
  facet normal 0.509392 -0.288612 0.810693
    outer loop
      vertex -6.018427 3.444415 18.349914
      vertex -5.882992 3.275581 18.204709
      vertex -5.860771 3.444415 18.250852
    endloop
  endfacet
  facet normal 0.316224 -0.288612 0.903717
    outer loop
      vertex -5.860771 3.444415 18.250852
      vertex -5.882992 3.275581 18.204709
      vertex -5.696421 3.275581 18.139425
    endloop
  endfacet
  facet normal 0.316224 -0.288612 0.903717
    outer loop
      vertex -5.860771 3.444415 18.250852
      vertex -5.696421 3.275581 18.139425
      vertex -5.685024 3.444415 18.189356
    endloop
  endfacet
  facet normal 0.107200 -0.288612 0.951426
    outer loop
      vertex -5.685024 3.444415 18.189356
      vertex -5.696421 3.275581 18.139425
      vertex -5.500000 3.275581 18.117293
    endloop
  endfacet
  facet normal 0.107200 -0.288612 0.951426
    outer loop
      vertex -5.685024 3.444415 18.189356
      vertex -5.500000 3.275581 18.117293
      vertex -5.500000 3.444415 18.168508
    endloop
  endfacet
  facet normal -0.107200 -0.288612 0.951426
    outer loop
      vertex -5.500000 3.444415 18.168508
      vertex -5.500000 3.275581 18.117293
      vertex -5.303579 3.275581 18.139425
    endloop
  endfacet
  facet normal -0.107200 -0.288612 0.951426
    outer loop
      vertex -5.500000 3.444415 18.168508
      vertex -5.303579 3.275581 18.139425
      vertex -5.314976 3.444415 18.189356
    endloop
  endfacet
  facet normal -0.316224 -0.288612 0.903717
    outer loop
      vertex -5.314976 3.444415 18.189356
      vertex -5.303579 3.275581 18.139425
      vertex -5.117008 3.275581 18.204709
    endloop
  endfacet
  facet normal -0.316224 -0.288612 0.903717
    outer loop
      vertex -5.314976 3.444415 18.189356
      vertex -5.117008 3.275581 18.204709
      vertex -5.139229 3.444415 18.250852
    endloop
  endfacet
  facet normal -0.509392 -0.288612 0.810693
    outer loop
      vertex -5.139229 3.444415 18.250852
      vertex -5.117008 3.275581 18.204709
      vertex -4.949641 3.275581 18.309872
    endloop
  endfacet
  facet normal -0.509392 -0.288612 0.810693
    outer loop
      vertex -5.139229 3.444415 18.250852
      vertex -4.949641 3.275581 18.309872
      vertex -4.981573 3.444415 18.349914
    endloop
  endfacet
  facet normal -0.677017 -0.288612 0.677017
    outer loop
      vertex -4.981573 3.444415 18.349914
      vertex -4.949641 3.275581 18.309872
      vertex -4.809872 3.275581 18.449641
    endloop
  endfacet
  facet normal -0.677017 -0.288612 0.677017
    outer loop
      vertex -4.981573 3.444415 18.349914
      vertex -4.809872 3.275581 18.449641
      vertex -4.849914 3.444415 18.481573
    endloop
  endfacet
  facet normal -0.810693 -0.288612 0.509392
    outer loop
      vertex -4.849914 3.444415 18.481573
      vertex -4.809872 3.275581 18.449641
      vertex -4.704709 3.275581 18.617008
    endloop
  endfacet
  facet normal -0.810693 -0.288612 0.509392
    outer loop
      vertex -4.849914 3.444415 18.481573
      vertex -4.704709 3.275581 18.617008
      vertex -4.750852 3.444415 18.639229
    endloop
  endfacet
  facet normal -0.903717 -0.288612 0.316224
    outer loop
      vertex -4.750852 3.444415 18.639229
      vertex -4.704709 3.275581 18.617008
      vertex -4.639425 3.275581 18.803579
    endloop
  endfacet
  facet normal -0.903717 -0.288612 0.316224
    outer loop
      vertex -4.750852 3.444415 18.639229
      vertex -4.639425 3.275581 18.803579
      vertex -4.689356 3.444415 18.814976
    endloop
  endfacet
  facet normal -0.951426 -0.288612 0.107200
    outer loop
      vertex -4.689356 3.444415 18.814976
      vertex -4.639425 3.275581 18.803579
      vertex -4.617293 3.275581 19.000000
    endloop
  endfacet
  facet normal -0.951426 -0.288612 0.107200
    outer loop
      vertex -4.689356 3.444415 18.814976
      vertex -4.617293 3.275581 19.000000
      vertex -4.668508 3.444415 19.000000
    endloop
  endfacet
  facet normal -0.988987 -0.097407 -0.111432
    outer loop
      vertex -4.617293 3.275581 19.000000
      vertex -4.600000 3.100000 19.000000
      vertex -4.622565 3.100000 19.200269
    endloop
  endfacet
  facet normal -0.988987 -0.097407 -0.111432
    outer loop
      vertex -4.617293 3.275581 19.000000
      vertex -4.622565 3.100000 19.200269
      vertex -4.639425 3.275581 19.196421
    endloop
  endfacet
  facet normal -0.939395 -0.097407 -0.328708
    outer loop
      vertex -4.639425 3.275581 19.196421
      vertex -4.622565 3.100000 19.200269
      vertex -4.689128 3.100000 19.390495
    endloop
  endfacet
  facet normal -0.939395 -0.097407 -0.328708
    outer loop
      vertex -4.639425 3.275581 19.196421
      vertex -4.689128 3.100000 19.390495
      vertex -4.704709 3.275581 19.382992
    endloop
  endfacet
  facet normal -0.842698 -0.097407 -0.529502
    outer loop
      vertex -4.704709 3.275581 19.382992
      vertex -4.689128 3.100000 19.390495
      vertex -4.796352 3.100000 19.561141
    endloop
  endfacet
  facet normal -0.842698 -0.097407 -0.529502
    outer loop
      vertex -4.704709 3.275581 19.382992
      vertex -4.796352 3.100000 19.561141
      vertex -4.809872 3.275581 19.550359
    endloop
  endfacet
  facet normal -0.703744 -0.097407 -0.703744
    outer loop
      vertex -4.809872 3.275581 19.550359
      vertex -4.796352 3.100000 19.561141
      vertex -4.938859 3.100000 19.703648
    endloop
  endfacet
  facet normal -0.703744 -0.097407 -0.703744
    outer loop
      vertex -4.809872 3.275581 19.550359
      vertex -4.938859 3.100000 19.703648
      vertex -4.949641 3.275581 19.690128
    endloop
  endfacet
  facet normal -0.529502 -0.097407 -0.842698
    outer loop
      vertex -4.949641 3.275581 19.690128
      vertex -4.938859 3.100000 19.703648
      vertex -5.109505 3.100000 19.810872
    endloop
  endfacet
  facet normal -0.529502 -0.097407 -0.842698
    outer loop
      vertex -4.949641 3.275581 19.690128
      vertex -5.109505 3.100000 19.810872
      vertex -5.117008 3.275581 19.795291
    endloop
  endfacet
  facet normal -0.328708 -0.097407 -0.939395
    outer loop
      vertex -5.117008 3.275581 19.795291
      vertex -5.109505 3.100000 19.810872
      vertex -5.299731 3.100000 19.877435
    endloop
  endfacet
  facet normal -0.328708 -0.097407 -0.939395
    outer loop
      vertex -5.117008 3.275581 19.795291
      vertex -5.299731 3.100000 19.877435
      vertex -5.303579 3.275581 19.860575
    endloop
  endfacet
  facet normal -0.111432 -0.097407 -0.988987
    outer loop
      vertex -5.303579 3.275581 19.860575
      vertex -5.299731 3.100000 19.877435
      vertex -5.500000 3.100000 19.900000
    endloop
  endfacet
  facet normal -0.111432 -0.097407 -0.988987
    outer loop
      vertex -5.303579 3.275581 19.860575
      vertex -5.500000 3.100000 19.900000
      vertex -5.500000 3.275581 19.882707
    endloop
  endfacet
  facet normal 0.111432 -0.097407 -0.988987
    outer loop
      vertex -5.500000 3.275581 19.882707
      vertex -5.500000 3.100000 19.900000
      vertex -5.700269 3.100000 19.877435
    endloop
  endfacet
  facet normal 0.111432 -0.097407 -0.988987
    outer loop
      vertex -5.500000 3.275581 19.882707
      vertex -5.700269 3.100000 19.877435
      vertex -5.696421 3.275581 19.860575
    endloop
  endfacet
  facet normal 0.328708 -0.097407 -0.939395
    outer loop
      vertex -5.696421 3.275581 19.860575
      vertex -5.700269 3.100000 19.877435
      vertex -5.890495 3.100000 19.810872
    endloop
  endfacet
  facet normal 0.328708 -0.097407 -0.939395
    outer loop
      vertex -5.696421 3.275581 19.860575
      vertex -5.890495 3.100000 19.810872
      vertex -5.882992 3.275581 19.795291
    endloop
  endfacet
  facet normal 0.529502 -0.097407 -0.842698
    outer loop
      vertex -5.882992 3.275581 19.795291
      vertex -5.890495 3.100000 19.810872
      vertex -6.061141 3.100000 19.703648
    endloop
  endfacet
  facet normal 0.529502 -0.097407 -0.842698
    outer loop
      vertex -5.882992 3.275581 19.795291
      vertex -6.061141 3.100000 19.703648
      vertex -6.050359 3.275581 19.690128
    endloop
  endfacet
  facet normal 0.703744 -0.097407 -0.703744
    outer loop
      vertex -6.050359 3.275581 19.690128
      vertex -6.061141 3.100000 19.703648
      vertex -6.203648 3.100000 19.561141
    endloop
  endfacet
  facet normal 0.703744 -0.097407 -0.703744
    outer loop
      vertex -6.050359 3.275581 19.690128
      vertex -6.203648 3.100000 19.561141
      vertex -6.190128 3.275581 19.550359
    endloop
  endfacet
  facet normal 0.842698 -0.097407 -0.529502
    outer loop
      vertex -6.190128 3.275581 19.550359
      vertex -6.203648 3.100000 19.561141
      vertex -6.310872 3.100000 19.390495
    endloop
  endfacet
  facet normal 0.842698 -0.097407 -0.529502
    outer loop
      vertex -6.190128 3.275581 19.550359
      vertex -6.310872 3.100000 19.390495
      vertex -6.295291 3.275581 19.382992
    endloop
  endfacet
  facet normal 0.939395 -0.097407 -0.328708
    outer loop
      vertex -6.295291 3.275581 19.382992
      vertex -6.310872 3.100000 19.390495
      vertex -6.377435 3.100000 19.200269
    endloop
  endfacet
  facet normal 0.939395 -0.097407 -0.328708
    outer loop
      vertex -6.295291 3.275581 19.382992
      vertex -6.377435 3.100000 19.200269
      vertex -6.360575 3.275581 19.196421
    endloop
  endfacet
  facet normal 0.988987 -0.097407 -0.111432
    outer loop
      vertex -6.360575 3.275581 19.196421
      vertex -6.377435 3.100000 19.200269
      vertex -6.400000 3.100000 19.000000
    endloop
  endfacet
  facet normal 0.988987 -0.097407 -0.111432
    outer loop
      vertex -6.360575 3.275581 19.196421
      vertex -6.400000 3.100000 19.000000
      vertex -6.382707 3.275581 19.000000
    endloop
  endfacet
  facet normal 0.988987 -0.097407 0.111432
    outer loop
      vertex -6.382707 3.275581 19.000000
      vertex -6.400000 3.100000 19.000000
      vertex -6.377435 3.100000 18.799731
    endloop
  endfacet
  facet normal 0.988987 -0.097407 0.111432
    outer loop
      vertex -6.382707 3.275581 19.000000
      vertex -6.377435 3.100000 18.799731
      vertex -6.360575 3.275581 18.803579
    endloop
  endfacet
  facet normal 0.939395 -0.097407 0.328708
    outer loop
      vertex -6.360575 3.275581 18.803579
      vertex -6.377435 3.100000 18.799731
      vertex -6.310872 3.100000 18.609505
    endloop
  endfacet
  facet normal 0.939395 -0.097407 0.328708
    outer loop
      vertex -6.360575 3.275581 18.803579
      vertex -6.310872 3.100000 18.609505
      vertex -6.295291 3.275581 18.617008
    endloop
  endfacet
  facet normal 0.842698 -0.097407 0.529502
    outer loop
      vertex -6.295291 3.275581 18.617008
      vertex -6.310872 3.100000 18.609505
      vertex -6.203648 3.100000 18.438859
    endloop
  endfacet
  facet normal 0.842698 -0.097407 0.529502
    outer loop
      vertex -6.295291 3.275581 18.617008
      vertex -6.203648 3.100000 18.438859
      vertex -6.190128 3.275581 18.449641
    endloop
  endfacet
  facet normal 0.703744 -0.097407 0.703744
    outer loop
      vertex -6.190128 3.275581 18.449641
      vertex -6.203648 3.100000 18.438859
      vertex -6.061141 3.100000 18.296352
    endloop
  endfacet
  facet normal 0.703744 -0.097407 0.703744
    outer loop
      vertex -6.190128 3.275581 18.449641
      vertex -6.061141 3.100000 18.296352
      vertex -6.050359 3.275581 18.309872
    endloop
  endfacet
  facet normal 0.529502 -0.097407 0.842698
    outer loop
      vertex -6.050359 3.275581 18.309872
      vertex -6.061141 3.100000 18.296352
      vertex -5.890495 3.100000 18.189128
    endloop
  endfacet
  facet normal 0.529502 -0.097407 0.842698
    outer loop
      vertex -6.050359 3.275581 18.309872
      vertex -5.890495 3.100000 18.189128
      vertex -5.882992 3.275581 18.204709
    endloop
  endfacet
  facet normal 0.328708 -0.097407 0.939395
    outer loop
      vertex -5.882992 3.275581 18.204709
      vertex -5.890495 3.100000 18.189128
      vertex -5.700269 3.100000 18.122565
    endloop
  endfacet
  facet normal 0.328708 -0.097407 0.939395
    outer loop
      vertex -5.882992 3.275581 18.204709
      vertex -5.700269 3.100000 18.122565
      vertex -5.696421 3.275581 18.139425
    endloop
  endfacet
  facet normal 0.111432 -0.097407 0.988987
    outer loop
      vertex -5.696421 3.275581 18.139425
      vertex -5.700269 3.100000 18.122565
      vertex -5.500000 3.100000 18.100000
    endloop
  endfacet
  facet normal 0.111432 -0.097407 0.988987
    outer loop
      vertex -5.696421 3.275581 18.139425
      vertex -5.500000 3.100000 18.100000
      vertex -5.500000 3.275581 18.117293
    endloop
  endfacet
  facet normal -0.111432 -0.097407 0.988987
    outer loop
      vertex -5.500000 3.275581 18.117293
      vertex -5.500000 3.100000 18.100000
      vertex -5.299731 3.100000 18.122565
    endloop
  endfacet
  facet normal -0.111432 -0.097407 0.988987
    outer loop
      vertex -5.500000 3.275581 18.117293
      vertex -5.299731 3.100000 18.122565
      vertex -5.303579 3.275581 18.139425
    endloop
  endfacet
  facet normal -0.328708 -0.097407 0.939395
    outer loop
      vertex -5.303579 3.275581 18.139425
      vertex -5.299731 3.100000 18.122565
      vertex -5.109505 3.100000 18.189128
    endloop
  endfacet
  facet normal -0.328708 -0.097407 0.939395
    outer loop
      vertex -5.303579 3.275581 18.139425
      vertex -5.109505 3.100000 18.189128
      vertex -5.117008 3.275581 18.204709
    endloop
  endfacet
  facet normal -0.529502 -0.097407 0.842698
    outer loop
      vertex -5.117008 3.275581 18.204709
      vertex -5.109505 3.100000 18.189128
      vertex -4.938859 3.100000 18.296352
    endloop
  endfacet
  facet normal -0.529502 -0.097407 0.842698
    outer loop
      vertex -5.117008 3.275581 18.204709
      vertex -4.938859 3.100000 18.296352
      vertex -4.949641 3.275581 18.309872
    endloop
  endfacet
  facet normal -0.703744 -0.097407 0.703744
    outer loop
      vertex -4.949641 3.275581 18.309872
      vertex -4.938859 3.100000 18.296352
      vertex -4.796352 3.100000 18.438859
    endloop
  endfacet
  facet normal -0.703744 -0.097407 0.703744
    outer loop
      vertex -4.949641 3.275581 18.309872
      vertex -4.796352 3.100000 18.438859
      vertex -4.809872 3.275581 18.449641
    endloop
  endfacet
  facet normal -0.842698 -0.097407 0.529502
    outer loop
      vertex -4.809872 3.275581 18.449641
      vertex -4.796352 3.100000 18.438859
      vertex -4.689128 3.100000 18.609505
    endloop
  endfacet
  facet normal -0.842698 -0.097407 0.529502
    outer loop
      vertex -4.809872 3.275581 18.449641
      vertex -4.689128 3.100000 18.609505
      vertex -4.704709 3.275581 18.617008
    endloop
  endfacet
  facet normal -0.939395 -0.097407 0.328708
    outer loop
      vertex -4.704709 3.275581 18.617008
      vertex -4.689128 3.100000 18.609505
      vertex -4.622565 3.100000 18.799731
    endloop
  endfacet
  facet normal -0.939395 -0.097407 0.328708
    outer loop
      vertex -4.704709 3.275581 18.617008
      vertex -4.622565 3.100000 18.799731
      vertex -4.639425 3.275581 18.803579
    endloop
  endfacet
  facet normal -0.988987 -0.097407 0.111432
    outer loop
      vertex -4.639425 3.275581 18.803579
      vertex -4.622565 3.100000 18.799731
      vertex -4.600000 3.100000 19.000000
    endloop
  endfacet
  facet normal -0.988987 -0.097407 0.111432
    outer loop
      vertex -4.639425 3.275581 18.803579
      vertex -4.600000 3.100000 19.000000
      vertex -4.617293 3.275581 19.000000
    endloop
  endfacet
  facet normal 0.000000 -1.000000 0.000000
    outer loop
      vertex -2.800000 2.650000 19.000000
      vertex -2.095000 2.650000 19.000000
      vertex -2.112676 2.650000 19.156877
    endloop
  endfacet
  facet normal 0.000000 1.000000 0.000000
    outer loop
      vertex -2.800000 1.600000 19.000000
      vertex -2.112676 1.600000 19.156877
      vertex -2.095000 1.600000 19.000000
    endloop
  endfacet
  facet normal -0.993712 0.000000 -0.111964
    outer loop
      vertex -2.095000 1.600000 19.000000
      vertex -2.112676 1.600000 19.156877
      vertex -2.112676 2.650000 19.156877
    endloop
  endfacet
  facet normal -0.993712 0.000000 -0.111964
    outer loop
      vertex -2.095000 1.600000 19.000000
      vertex -2.112676 2.650000 19.156877
      vertex -2.095000 2.650000 19.000000
    endloop
  endfacet
  facet normal 0.000000 -1.000000 0.000000
    outer loop
      vertex -2.800000 2.650000 19.000000
      vertex -2.112676 2.650000 19.156877
      vertex -2.164817 2.650000 19.305888
    endloop
  endfacet
  facet normal 0.000000 1.000000 0.000000
    outer loop
      vertex -2.800000 1.600000 19.000000
      vertex -2.164817 1.600000 19.305888
      vertex -2.112676 1.600000 19.156877
    endloop
  endfacet
  facet normal -0.943883 0.000000 -0.330279
    outer loop
      vertex -2.112676 1.600000 19.156877
      vertex -2.164817 1.600000 19.305888
      vertex -2.164817 2.650000 19.305888
    endloop
  endfacet
  facet normal -0.943883 0.000000 -0.330279
    outer loop
      vertex -2.112676 1.600000 19.156877
      vertex -2.164817 2.650000 19.305888
      vertex -2.112676 2.650000 19.156877
    endloop
  endfacet
  facet normal 0.000000 -1.000000 0.000000
    outer loop
      vertex -2.800000 2.650000 19.000000
      vertex -2.164817 2.650000 19.305888
      vertex -2.248809 2.650000 19.439560
    endloop
  endfacet
  facet normal 0.000000 1.000000 0.000000
    outer loop
      vertex -2.800000 1.600000 19.000000
      vertex -2.248809 1.600000 19.439560
      vertex -2.164817 1.600000 19.305888
    endloop
  endfacet
  facet normal -0.846724 0.000000 -0.532032
    outer loop
      vertex -2.164817 1.600000 19.305888
      vertex -2.248809 1.600000 19.439560
      vertex -2.248809 2.650000 19.439560
    endloop
  endfacet
  facet normal -0.846724 0.000000 -0.532032
    outer loop
      vertex -2.164817 1.600000 19.305888
      vertex -2.248809 2.650000 19.439560
      vertex -2.164817 2.650000 19.305888
    endloop
  endfacet
  facet normal 0.000000 -1.000000 0.000000
    outer loop
      vertex -2.800000 2.650000 19.000000
      vertex -2.248809 2.650000 19.439560
      vertex -2.360440 2.650000 19.551191
    endloop
  endfacet
  facet normal 0.000000 1.000000 0.000000
    outer loop
      vertex -2.800000 1.600000 19.000000
      vertex -2.360440 1.600000 19.551191
      vertex -2.248809 1.600000 19.439560
    endloop
  endfacet
  facet normal -0.707107 0.000000 -0.707107
    outer loop
      vertex -2.248809 1.600000 19.439560
      vertex -2.360440 1.600000 19.551191
      vertex -2.360440 2.650000 19.551191
    endloop
  endfacet
  facet normal -0.707107 0.000000 -0.707107
    outer loop
      vertex -2.248809 1.600000 19.439560
      vertex -2.360440 2.650000 19.551191
      vertex -2.248809 2.650000 19.439560
    endloop
  endfacet
  facet normal 0.000000 -1.000000 0.000000
    outer loop
      vertex -2.800000 2.650000 19.000000
      vertex -2.360440 2.650000 19.551191
      vertex -2.494112 2.650000 19.635183
    endloop
  endfacet
  facet normal 0.000000 1.000000 0.000000
    outer loop
      vertex -2.800000 1.600000 19.000000
      vertex -2.494112 1.600000 19.635183
      vertex -2.360440 1.600000 19.551191
    endloop
  endfacet
  facet normal -0.532032 0.000000 -0.846724
    outer loop
      vertex -2.360440 1.600000 19.551191
      vertex -2.494112 1.600000 19.635183
      vertex -2.494112 2.650000 19.635183
    endloop
  endfacet
  facet normal -0.532032 0.000000 -0.846724
    outer loop
      vertex -2.360440 1.600000 19.551191
      vertex -2.494112 2.650000 19.635183
      vertex -2.360440 2.650000 19.551191
    endloop
  endfacet
  facet normal 0.000000 -1.000000 0.000000
    outer loop
      vertex -2.800000 2.650000 19.000000
      vertex -2.494112 2.650000 19.635183
      vertex -2.643123 2.650000 19.687324
    endloop
  endfacet
  facet normal 0.000000 1.000000 0.000000
    outer loop
      vertex -2.800000 1.600000 19.000000
      vertex -2.643123 1.600000 19.687324
      vertex -2.494112 1.600000 19.635183
    endloop
  endfacet
  facet normal -0.330279 0.000000 -0.943883
    outer loop
      vertex -2.494112 1.600000 19.635183
      vertex -2.643123 1.600000 19.687324
      vertex -2.643123 2.650000 19.687324
    endloop
  endfacet
  facet normal -0.330279 0.000000 -0.943883
    outer loop
      vertex -2.494112 1.600000 19.635183
      vertex -2.643123 2.650000 19.687324
      vertex -2.494112 2.650000 19.635183
    endloop
  endfacet
  facet normal 0.000000 -1.000000 0.000000
    outer loop
      vertex -2.800000 2.650000 19.000000
      vertex -2.643123 2.650000 19.687324
      vertex -2.800000 2.650000 19.705000
    endloop
  endfacet
  facet normal 0.000000 1.000000 0.000000
    outer loop
      vertex -2.800000 1.600000 19.000000
      vertex -2.800000 1.600000 19.705000
      vertex -2.643123 1.600000 19.687324
    endloop
  endfacet
  facet normal -0.111964 0.000000 -0.993712
    outer loop
      vertex -2.643123 1.600000 19.687324
      vertex -2.800000 1.600000 19.705000
      vertex -2.800000 2.650000 19.705000
    endloop
  endfacet
  facet normal -0.111964 0.000000 -0.993712
    outer loop
      vertex -2.643123 1.600000 19.687324
      vertex -2.800000 2.650000 19.705000
      vertex -2.643123 2.650000 19.687324
    endloop
  endfacet
  facet normal 0.000000 -1.000000 0.000000
    outer loop
      vertex -2.800000 2.650000 19.000000
      vertex -2.800000 2.650000 19.705000
      vertex -2.956877 2.650000 19.687324
    endloop
  endfacet
  facet normal 0.000000 1.000000 0.000000
    outer loop
      vertex -2.800000 1.600000 19.000000
      vertex -2.956877 1.600000 19.687324
      vertex -2.800000 1.600000 19.705000
    endloop
  endfacet
  facet normal 0.111964 0.000000 -0.993712
    outer loop
      vertex -2.800000 1.600000 19.705000
      vertex -2.956877 1.600000 19.687324
      vertex -2.956877 2.650000 19.687324
    endloop
  endfacet
  facet normal 0.111964 0.000000 -0.993712
    outer loop
      vertex -2.800000 1.600000 19.705000
      vertex -2.956877 2.650000 19.687324
      vertex -2.800000 2.650000 19.705000
    endloop
  endfacet
  facet normal 0.000000 -1.000000 0.000000
    outer loop
      vertex -2.800000 2.650000 19.000000
      vertex -2.956877 2.650000 19.687324
      vertex -3.105888 2.650000 19.635183
    endloop
  endfacet
  facet normal 0.000000 1.000000 0.000000
    outer loop
      vertex -2.800000 1.600000 19.000000
      vertex -3.105888 1.600000 19.635183
      vertex -2.956877 1.600000 19.687324
    endloop
  endfacet
  facet normal 0.330279 0.000000 -0.943883
    outer loop
      vertex -2.956877 1.600000 19.687324
      vertex -3.105888 1.600000 19.635183
      vertex -3.105888 2.650000 19.635183
    endloop
  endfacet
  facet normal 0.330279 0.000000 -0.943883
    outer loop
      vertex -2.956877 1.600000 19.687324
      vertex -3.105888 2.650000 19.635183
      vertex -2.956877 2.650000 19.687324
    endloop
  endfacet
  facet normal 0.000000 -1.000000 0.000000
    outer loop
      vertex -2.800000 2.650000 19.000000
      vertex -3.105888 2.650000 19.635183
      vertex -3.239560 2.650000 19.551191
    endloop
  endfacet
  facet normal 0.000000 1.000000 0.000000
    outer loop
      vertex -2.800000 1.600000 19.000000
      vertex -3.239560 1.600000 19.551191
      vertex -3.105888 1.600000 19.635183
    endloop
  endfacet
  facet normal 0.532032 0.000000 -0.846724
    outer loop
      vertex -3.105888 1.600000 19.635183
      vertex -3.239560 1.600000 19.551191
      vertex -3.239560 2.650000 19.551191
    endloop
  endfacet
  facet normal 0.532032 0.000000 -0.846724
    outer loop
      vertex -3.105888 1.600000 19.635183
      vertex -3.239560 2.650000 19.551191
      vertex -3.105888 2.650000 19.635183
    endloop
  endfacet
  facet normal 0.000000 -1.000000 0.000000
    outer loop
      vertex -2.800000 2.650000 19.000000
      vertex -3.239560 2.650000 19.551191
      vertex -3.351191 2.650000 19.439560
    endloop
  endfacet
  facet normal 0.000000 1.000000 0.000000
    outer loop
      vertex -2.800000 1.600000 19.000000
      vertex -3.351191 1.600000 19.439560
      vertex -3.239560 1.600000 19.551191
    endloop
  endfacet
  facet normal 0.707107 0.000000 -0.707107
    outer loop
      vertex -3.239560 1.600000 19.551191
      vertex -3.351191 1.600000 19.439560
      vertex -3.351191 2.650000 19.439560
    endloop
  endfacet
  facet normal 0.707107 0.000000 -0.707107
    outer loop
      vertex -3.239560 1.600000 19.551191
      vertex -3.351191 2.650000 19.439560
      vertex -3.239560 2.650000 19.551191
    endloop
  endfacet
  facet normal 0.000000 -1.000000 0.000000
    outer loop
      vertex -2.800000 2.650000 19.000000
      vertex -3.351191 2.650000 19.439560
      vertex -3.435183 2.650000 19.305888
    endloop
  endfacet
  facet normal 0.000000 1.000000 0.000000
    outer loop
      vertex -2.800000 1.600000 19.000000
      vertex -3.435183 1.600000 19.305888
      vertex -3.351191 1.600000 19.439560
    endloop
  endfacet
  facet normal 0.846724 0.000000 -0.532032
    outer loop
      vertex -3.351191 1.600000 19.439560
      vertex -3.435183 1.600000 19.305888
      vertex -3.435183 2.650000 19.305888
    endloop
  endfacet
  facet normal 0.846724 0.000000 -0.532032
    outer loop
      vertex -3.351191 1.600000 19.439560
      vertex -3.435183 2.650000 19.305888
      vertex -3.351191 2.650000 19.439560
    endloop
  endfacet
  facet normal 0.000000 -1.000000 0.000000
    outer loop
      vertex -2.800000 2.650000 19.000000
      vertex -3.435183 2.650000 19.305888
      vertex -3.487324 2.650000 19.156877
    endloop
  endfacet
  facet normal 0.000000 1.000000 0.000000
    outer loop
      vertex -2.800000 1.600000 19.000000
      vertex -3.487324 1.600000 19.156877
      vertex -3.435183 1.600000 19.305888
    endloop
  endfacet
  facet normal 0.943883 0.000000 -0.330279
    outer loop
      vertex -3.435183 1.600000 19.305888
      vertex -3.487324 1.600000 19.156877
      vertex -3.487324 2.650000 19.156877
    endloop
  endfacet
  facet normal 0.943883 0.000000 -0.330279
    outer loop
      vertex -3.435183 1.600000 19.305888
      vertex -3.487324 2.650000 19.156877
      vertex -3.435183 2.650000 19.305888
    endloop
  endfacet
  facet normal 0.000000 -1.000000 0.000000
    outer loop
      vertex -2.800000 2.650000 19.000000
      vertex -3.487324 2.650000 19.156877
      vertex -3.505000 2.650000 19.000000
    endloop
  endfacet
  facet normal 0.000000 1.000000 0.000000
    outer loop
      vertex -2.800000 1.600000 19.000000
      vertex -3.505000 1.600000 19.000000
      vertex -3.487324 1.600000 19.156877
    endloop
  endfacet
  facet normal 0.993712 0.000000 -0.111964
    outer loop
      vertex -3.487324 1.600000 19.156877
      vertex -3.505000 1.600000 19.000000
      vertex -3.505000 2.650000 19.000000
    endloop
  endfacet
  facet normal 0.993712 0.000000 -0.111964
    outer loop
      vertex -3.487324 1.600000 19.156877
      vertex -3.505000 2.650000 19.000000
      vertex -3.487324 2.650000 19.156877
    endloop
  endfacet
  facet normal 0.000000 -1.000000 0.000000
    outer loop
      vertex -2.800000 2.650000 19.000000
      vertex -3.505000 2.650000 19.000000
      vertex -3.487324 2.650000 18.843123
    endloop
  endfacet
  facet normal 0.000000 1.000000 0.000000
    outer loop
      vertex -2.800000 1.600000 19.000000
      vertex -3.487324 1.600000 18.843123
      vertex -3.505000 1.600000 19.000000
    endloop
  endfacet
  facet normal 0.993712 0.000000 0.111964
    outer loop
      vertex -3.505000 1.600000 19.000000
      vertex -3.487324 1.600000 18.843123
      vertex -3.487324 2.650000 18.843123
    endloop
  endfacet
  facet normal 0.993712 0.000000 0.111964
    outer loop
      vertex -3.505000 1.600000 19.000000
      vertex -3.487324 2.650000 18.843123
      vertex -3.505000 2.650000 19.000000
    endloop
  endfacet
  facet normal 0.000000 -1.000000 0.000000
    outer loop
      vertex -2.800000 2.650000 19.000000
      vertex -3.487324 2.650000 18.843123
      vertex -3.435183 2.650000 18.694112
    endloop
  endfacet
  facet normal 0.000000 1.000000 0.000000
    outer loop
      vertex -2.800000 1.600000 19.000000
      vertex -3.435183 1.600000 18.694112
      vertex -3.487324 1.600000 18.843123
    endloop
  endfacet
  facet normal 0.943883 0.000000 0.330279
    outer loop
      vertex -3.487324 1.600000 18.843123
      vertex -3.435183 1.600000 18.694112
      vertex -3.435183 2.650000 18.694112
    endloop
  endfacet
  facet normal 0.943883 0.000000 0.330279
    outer loop
      vertex -3.487324 1.600000 18.843123
      vertex -3.435183 2.650000 18.694112
      vertex -3.487324 2.650000 18.843123
    endloop
  endfacet
  facet normal 0.000000 -1.000000 0.000000
    outer loop
      vertex -2.800000 2.650000 19.000000
      vertex -3.435183 2.650000 18.694112
      vertex -3.351191 2.650000 18.560440
    endloop
  endfacet
  facet normal 0.000000 1.000000 0.000000
    outer loop
      vertex -2.800000 1.600000 19.000000
      vertex -3.351191 1.600000 18.560440
      vertex -3.435183 1.600000 18.694112
    endloop
  endfacet
  facet normal 0.846724 0.000000 0.532032
    outer loop
      vertex -3.435183 1.600000 18.694112
      vertex -3.351191 1.600000 18.560440
      vertex -3.351191 2.650000 18.560440
    endloop
  endfacet
  facet normal 0.846724 0.000000 0.532032
    outer loop
      vertex -3.435183 1.600000 18.694112
      vertex -3.351191 2.650000 18.560440
      vertex -3.435183 2.650000 18.694112
    endloop
  endfacet
  facet normal 0.000000 -1.000000 0.000000
    outer loop
      vertex -2.800000 2.650000 19.000000
      vertex -3.351191 2.650000 18.560440
      vertex -3.239560 2.650000 18.448809
    endloop
  endfacet
  facet normal 0.000000 1.000000 0.000000
    outer loop
      vertex -2.800000 1.600000 19.000000
      vertex -3.239560 1.600000 18.448809
      vertex -3.351191 1.600000 18.560440
    endloop
  endfacet
  facet normal 0.707107 0.000000 0.707107
    outer loop
      vertex -3.351191 1.600000 18.560440
      vertex -3.239560 1.600000 18.448809
      vertex -3.239560 2.650000 18.448809
    endloop
  endfacet
  facet normal 0.707107 0.000000 0.707107
    outer loop
      vertex -3.351191 1.600000 18.560440
      vertex -3.239560 2.650000 18.448809
      vertex -3.351191 2.650000 18.560440
    endloop
  endfacet
  facet normal 0.000000 -1.000000 0.000000
    outer loop
      vertex -2.800000 2.650000 19.000000
      vertex -3.239560 2.650000 18.448809
      vertex -3.105888 2.650000 18.364817
    endloop
  endfacet
  facet normal 0.000000 1.000000 0.000000
    outer loop
      vertex -2.800000 1.600000 19.000000
      vertex -3.105888 1.600000 18.364817
      vertex -3.239560 1.600000 18.448809
    endloop
  endfacet
  facet normal 0.532032 0.000000 0.846724
    outer loop
      vertex -3.239560 1.600000 18.448809
      vertex -3.105888 1.600000 18.364817
      vertex -3.105888 2.650000 18.364817
    endloop
  endfacet
  facet normal 0.532032 0.000000 0.846724
    outer loop
      vertex -3.239560 1.600000 18.448809
      vertex -3.105888 2.650000 18.364817
      vertex -3.239560 2.650000 18.448809
    endloop
  endfacet
  facet normal 0.000000 -1.000000 0.000000
    outer loop
      vertex -2.800000 2.650000 19.000000
      vertex -3.105888 2.650000 18.364817
      vertex -2.956877 2.650000 18.312676
    endloop
  endfacet
  facet normal 0.000000 1.000000 0.000000
    outer loop
      vertex -2.800000 1.600000 19.000000
      vertex -2.956877 1.600000 18.312676
      vertex -3.105888 1.600000 18.364817
    endloop
  endfacet
  facet normal 0.330279 0.000000 0.943883
    outer loop
      vertex -3.105888 1.600000 18.364817
      vertex -2.956877 1.600000 18.312676
      vertex -2.956877 2.650000 18.312676
    endloop
  endfacet
  facet normal 0.330279 0.000000 0.943883
    outer loop
      vertex -3.105888 1.600000 18.364817
      vertex -2.956877 2.650000 18.312676
      vertex -3.105888 2.650000 18.364817
    endloop
  endfacet
  facet normal 0.000000 -1.000000 0.000000
    outer loop
      vertex -2.800000 2.650000 19.000000
      vertex -2.956877 2.650000 18.312676
      vertex -2.800000 2.650000 18.295000
    endloop
  endfacet
  facet normal 0.000000 1.000000 0.000000
    outer loop
      vertex -2.800000 1.600000 19.000000
      vertex -2.800000 1.600000 18.295000
      vertex -2.956877 1.600000 18.312676
    endloop
  endfacet
  facet normal 0.111964 0.000000 0.993712
    outer loop
      vertex -2.956877 1.600000 18.312676
      vertex -2.800000 1.600000 18.295000
      vertex -2.800000 2.650000 18.295000
    endloop
  endfacet
  facet normal 0.111964 0.000000 0.993712
    outer loop
      vertex -2.956877 1.600000 18.312676
      vertex -2.800000 2.650000 18.295000
      vertex -2.956877 2.650000 18.312676
    endloop
  endfacet
  facet normal 0.000000 -1.000000 0.000000
    outer loop
      vertex -2.800000 2.650000 19.000000
      vertex -2.800000 2.650000 18.295000
      vertex -2.643123 2.650000 18.312676
    endloop
  endfacet
  facet normal 0.000000 1.000000 0.000000
    outer loop
      vertex -2.800000 1.600000 19.000000
      vertex -2.643123 1.600000 18.312676
      vertex -2.800000 1.600000 18.295000
    endloop
  endfacet
  facet normal -0.111964 0.000000 0.993712
    outer loop
      vertex -2.800000 1.600000 18.295000
      vertex -2.643123 1.600000 18.312676
      vertex -2.643123 2.650000 18.312676
    endloop
  endfacet
  facet normal -0.111964 0.000000 0.993712
    outer loop
      vertex -2.800000 1.600000 18.295000
      vertex -2.643123 2.650000 18.312676
      vertex -2.800000 2.650000 18.295000
    endloop
  endfacet
  facet normal 0.000000 -1.000000 0.000000
    outer loop
      vertex -2.800000 2.650000 19.000000
      vertex -2.643123 2.650000 18.312676
      vertex -2.494112 2.650000 18.364817
    endloop
  endfacet
  facet normal 0.000000 1.000000 0.000000
    outer loop
      vertex -2.800000 1.600000 19.000000
      vertex -2.494112 1.600000 18.364817
      vertex -2.643123 1.600000 18.312676
    endloop
  endfacet
  facet normal -0.330279 0.000000 0.943883
    outer loop
      vertex -2.643123 1.600000 18.312676
      vertex -2.494112 1.600000 18.364817
      vertex -2.494112 2.650000 18.364817
    endloop
  endfacet
  facet normal -0.330279 0.000000 0.943883
    outer loop
      vertex -2.643123 1.600000 18.312676
      vertex -2.494112 2.650000 18.364817
      vertex -2.643123 2.650000 18.312676
    endloop
  endfacet
  facet normal 0.000000 -1.000000 0.000000
    outer loop
      vertex -2.800000 2.650000 19.000000
      vertex -2.494112 2.650000 18.364817
      vertex -2.360440 2.650000 18.448809
    endloop
  endfacet
  facet normal 0.000000 1.000000 0.000000
    outer loop
      vertex -2.800000 1.600000 19.000000
      vertex -2.360440 1.600000 18.448809
      vertex -2.494112 1.600000 18.364817
    endloop
  endfacet
  facet normal -0.532032 0.000000 0.846724
    outer loop
      vertex -2.494112 1.600000 18.364817
      vertex -2.360440 1.600000 18.448809
      vertex -2.360440 2.650000 18.448809
    endloop
  endfacet
  facet normal -0.532032 0.000000 0.846724
    outer loop
      vertex -2.494112 1.600000 18.364817
      vertex -2.360440 2.650000 18.448809
      vertex -2.494112 2.650000 18.364817
    endloop
  endfacet
  facet normal 0.000000 -1.000000 0.000000
    outer loop
      vertex -2.800000 2.650000 19.000000
      vertex -2.360440 2.650000 18.448809
      vertex -2.248809 2.650000 18.560440
    endloop
  endfacet
  facet normal 0.000000 1.000000 0.000000
    outer loop
      vertex -2.800000 1.600000 19.000000
      vertex -2.248809 1.600000 18.560440
      vertex -2.360440 1.600000 18.448809
    endloop
  endfacet
  facet normal -0.707107 0.000000 0.707107
    outer loop
      vertex -2.360440 1.600000 18.448809
      vertex -2.248809 1.600000 18.560440
      vertex -2.248809 2.650000 18.560440
    endloop
  endfacet
  facet normal -0.707107 0.000000 0.707107
    outer loop
      vertex -2.360440 1.600000 18.448809
      vertex -2.248809 2.650000 18.560440
      vertex -2.360440 2.650000 18.448809
    endloop
  endfacet
  facet normal 0.000000 -1.000000 0.000000
    outer loop
      vertex -2.800000 2.650000 19.000000
      vertex -2.248809 2.650000 18.560440
      vertex -2.164817 2.650000 18.694112
    endloop
  endfacet
  facet normal 0.000000 1.000000 0.000000
    outer loop
      vertex -2.800000 1.600000 19.000000
      vertex -2.164817 1.600000 18.694112
      vertex -2.248809 1.600000 18.560440
    endloop
  endfacet
  facet normal -0.846724 0.000000 0.532032
    outer loop
      vertex -2.248809 1.600000 18.560440
      vertex -2.164817 1.600000 18.694112
      vertex -2.164817 2.650000 18.694112
    endloop
  endfacet
  facet normal -0.846724 0.000000 0.532032
    outer loop
      vertex -2.248809 1.600000 18.560440
      vertex -2.164817 2.650000 18.694112
      vertex -2.248809 2.650000 18.560440
    endloop
  endfacet
  facet normal 0.000000 -1.000000 0.000000
    outer loop
      vertex -2.800000 2.650000 19.000000
      vertex -2.164817 2.650000 18.694112
      vertex -2.112676 2.650000 18.843123
    endloop
  endfacet
  facet normal 0.000000 1.000000 0.000000
    outer loop
      vertex -2.800000 1.600000 19.000000
      vertex -2.112676 1.600000 18.843123
      vertex -2.164817 1.600000 18.694112
    endloop
  endfacet
  facet normal -0.943883 0.000000 0.330279
    outer loop
      vertex -2.164817 1.600000 18.694112
      vertex -2.112676 1.600000 18.843123
      vertex -2.112676 2.650000 18.843123
    endloop
  endfacet
  facet normal -0.943883 0.000000 0.330279
    outer loop
      vertex -2.164817 1.600000 18.694112
      vertex -2.112676 2.650000 18.843123
      vertex -2.164817 2.650000 18.694112
    endloop
  endfacet
  facet normal 0.000000 -1.000000 0.000000
    outer loop
      vertex -2.800000 2.650000 19.000000
      vertex -2.112676 2.650000 18.843123
      vertex -2.095000 2.650000 19.000000
    endloop
  endfacet
  facet normal 0.000000 1.000000 0.000000
    outer loop
      vertex -2.800000 1.600000 19.000000
      vertex -2.095000 1.600000 19.000000
      vertex -2.112676 1.600000 18.843123
    endloop
  endfacet
  facet normal -0.993712 0.000000 0.111964
    outer loop
      vertex -2.112676 1.600000 18.843123
      vertex -2.095000 1.600000 19.000000
      vertex -2.095000 2.650000 19.000000
    endloop
  endfacet
  facet normal -0.993712 0.000000 0.111964
    outer loop
      vertex -2.112676 1.600000 18.843123
      vertex -2.095000 2.650000 19.000000
      vertex -2.112676 2.650000 18.843123
    endloop
  endfacet
  facet normal -0.098011 -0.995124 -0.011043
    outer loop
      vertex -2.800000 3.400000 19.000000
      vertex -2.653682 3.385589 19.000000
      vertex -2.657351 3.385589 19.032559
    endloop
  endfacet
  facet normal -0.093096 -0.995124 -0.032576
    outer loop
      vertex -2.800000 3.400000 19.000000
      vertex -2.657351 3.385589 19.032559
      vertex -2.668172 3.385589 19.063485
    endloop
  endfacet
  facet normal -0.083514 -0.995124 -0.052475
    outer loop
      vertex -2.800000 3.400000 19.000000
      vertex -2.668172 3.385589 19.063485
      vertex -2.685604 3.385589 19.091228
    endloop
  endfacet
  facet normal -0.069743 -0.995124 -0.069743
    outer loop
      vertex -2.800000 3.400000 19.000000
      vertex -2.685604 3.385589 19.091228
      vertex -2.708772 3.385589 19.114396
    endloop
  endfacet
  facet normal -0.052475 -0.995124 -0.083514
    outer loop
      vertex -2.800000 3.400000 19.000000
      vertex -2.708772 3.385589 19.114396
      vertex -2.736515 3.385589 19.131828
    endloop
  endfacet
  facet normal -0.032576 -0.995124 -0.093096
    outer loop
      vertex -2.800000 3.400000 19.000000
      vertex -2.736515 3.385589 19.131828
      vertex -2.767441 3.385589 19.142649
    endloop
  endfacet
  facet normal -0.011043 -0.995124 -0.098011
    outer loop
      vertex -2.800000 3.400000 19.000000
      vertex -2.767441 3.385589 19.142649
      vertex -2.800000 3.385589 19.146318
    endloop
  endfacet
  facet normal 0.011043 -0.995124 -0.098011
    outer loop
      vertex -2.800000 3.400000 19.000000
      vertex -2.800000 3.385589 19.146318
      vertex -2.832559 3.385589 19.142649
    endloop
  endfacet
  facet normal 0.032576 -0.995124 -0.093096
    outer loop
      vertex -2.800000 3.400000 19.000000
      vertex -2.832559 3.385589 19.142649
      vertex -2.863485 3.385589 19.131828
    endloop
  endfacet
  facet normal 0.052475 -0.995124 -0.083514
    outer loop
      vertex -2.800000 3.400000 19.000000
      vertex -2.863485 3.385589 19.131828
      vertex -2.891228 3.385589 19.114396
    endloop
  endfacet
  facet normal 0.069743 -0.995124 -0.069743
    outer loop
      vertex -2.800000 3.400000 19.000000
      vertex -2.891228 3.385589 19.114396
      vertex -2.914396 3.385589 19.091228
    endloop
  endfacet
  facet normal 0.083514 -0.995124 -0.052475
    outer loop
      vertex -2.800000 3.400000 19.000000
      vertex -2.914396 3.385589 19.091228
      vertex -2.931828 3.385589 19.063485
    endloop
  endfacet
  facet normal 0.093096 -0.995124 -0.032576
    outer loop
      vertex -2.800000 3.400000 19.000000
      vertex -2.931828 3.385589 19.063485
      vertex -2.942649 3.385589 19.032559
    endloop
  endfacet
  facet normal 0.098011 -0.995124 -0.011043
    outer loop
      vertex -2.800000 3.400000 19.000000
      vertex -2.942649 3.385589 19.032559
      vertex -2.946318 3.385589 19.000000
    endloop
  endfacet
  facet normal 0.098011 -0.995124 0.011043
    outer loop
      vertex -2.800000 3.400000 19.000000
      vertex -2.946318 3.385589 19.000000
      vertex -2.942649 3.385589 18.967441
    endloop
  endfacet
  facet normal 0.093096 -0.995124 0.032576
    outer loop
      vertex -2.800000 3.400000 19.000000
      vertex -2.942649 3.385589 18.967441
      vertex -2.931828 3.385589 18.936515
    endloop
  endfacet
  facet normal 0.083514 -0.995124 0.052475
    outer loop
      vertex -2.800000 3.400000 19.000000
      vertex -2.931828 3.385589 18.936515
      vertex -2.914396 3.385589 18.908772
    endloop
  endfacet
  facet normal 0.069743 -0.995124 0.069743
    outer loop
      vertex -2.800000 3.400000 19.000000
      vertex -2.914396 3.385589 18.908772
      vertex -2.891228 3.385589 18.885604
    endloop
  endfacet
  facet normal 0.052475 -0.995124 0.083514
    outer loop
      vertex -2.800000 3.400000 19.000000
      vertex -2.891228 3.385589 18.885604
      vertex -2.863485 3.385589 18.868172
    endloop
  endfacet
  facet normal 0.032576 -0.995124 0.093096
    outer loop
      vertex -2.800000 3.400000 19.000000
      vertex -2.863485 3.385589 18.868172
      vertex -2.832559 3.385589 18.857351
    endloop
  endfacet
  facet normal 0.011043 -0.995124 0.098011
    outer loop
      vertex -2.800000 3.400000 19.000000
      vertex -2.832559 3.385589 18.857351
      vertex -2.800000 3.385589 18.853682
    endloop
  endfacet
  facet normal -0.011043 -0.995124 0.098011
    outer loop
      vertex -2.800000 3.400000 19.000000
      vertex -2.800000 3.385589 18.853682
      vertex -2.767441 3.385589 18.857351
    endloop
  endfacet
  facet normal -0.032576 -0.995124 0.093096
    outer loop
      vertex -2.800000 3.400000 19.000000
      vertex -2.767441 3.385589 18.857351
      vertex -2.736515 3.385589 18.868172
    endloop
  endfacet
  facet normal -0.052475 -0.995124 0.083514
    outer loop
      vertex -2.800000 3.400000 19.000000
      vertex -2.736515 3.385589 18.868172
      vertex -2.708772 3.385589 18.885604
    endloop
  endfacet
  facet normal -0.069743 -0.995124 0.069743
    outer loop
      vertex -2.800000 3.400000 19.000000
      vertex -2.708772 3.385589 18.885604
      vertex -2.685604 3.385589 18.908772
    endloop
  endfacet
  facet normal -0.083514 -0.995124 0.052475
    outer loop
      vertex -2.800000 3.400000 19.000000
      vertex -2.685604 3.385589 18.908772
      vertex -2.668172 3.385589 18.936515
    endloop
  endfacet
  facet normal -0.093096 -0.995124 0.032576
    outer loop
      vertex -2.800000 3.400000 19.000000
      vertex -2.668172 3.385589 18.936515
      vertex -2.657351 3.385589 18.967441
    endloop
  endfacet
  facet normal -0.098011 -0.995124 0.011043
    outer loop
      vertex -2.800000 3.400000 19.000000
      vertex -2.657351 3.385589 18.967441
      vertex -2.653682 3.385589 19.000000
    endloop
  endfacet
  facet normal -0.290130 -0.956429 -0.032690
    outer loop
      vertex -2.653682 3.385589 19.000000
      vertex -2.512987 3.342910 19.000000
      vertex -2.520183 3.342910 19.063866
    endloop
  endfacet
  facet normal -0.290130 -0.956429 -0.032690
    outer loop
      vertex -2.653682 3.385589 19.000000
      vertex -2.520183 3.342910 19.063866
      vertex -2.657351 3.385589 19.032559
    endloop
  endfacet
  facet normal -0.275581 -0.956429 -0.096430
    outer loop
      vertex -2.657351 3.385589 19.032559
      vertex -2.520183 3.342910 19.063866
      vertex -2.541411 3.342910 19.124530
    endloop
  endfacet
  facet normal -0.275581 -0.956429 -0.096430
    outer loop
      vertex -2.657351 3.385589 19.032559
      vertex -2.541411 3.342910 19.124530
      vertex -2.668172 3.385589 19.063485
    endloop
  endfacet
  facet normal -0.247214 -0.956429 -0.155335
    outer loop
      vertex -2.668172 3.385589 19.063485
      vertex -2.541411 3.342910 19.124530
      vertex -2.575605 3.342910 19.178949
    endloop
  endfacet
  facet normal -0.247214 -0.956429 -0.155335
    outer loop
      vertex -2.668172 3.385589 19.063485
      vertex -2.575605 3.342910 19.178949
      vertex -2.685604 3.385589 19.091228
    endloop
  endfacet
  facet normal -0.206451 -0.956429 -0.206451
    outer loop
      vertex -2.685604 3.385589 19.091228
      vertex -2.575605 3.342910 19.178949
      vertex -2.621051 3.342910 19.224395
    endloop
  endfacet
  facet normal -0.206451 -0.956429 -0.206451
    outer loop
      vertex -2.685604 3.385589 19.091228
      vertex -2.621051 3.342910 19.224395
      vertex -2.708772 3.385589 19.114396
    endloop
  endfacet
  facet normal -0.155335 -0.956429 -0.247214
    outer loop
      vertex -2.708772 3.385589 19.114396
      vertex -2.621051 3.342910 19.224395
      vertex -2.675470 3.342910 19.258589
    endloop
  endfacet
  facet normal -0.155335 -0.956429 -0.247214
    outer loop
      vertex -2.708772 3.385589 19.114396
      vertex -2.675470 3.342910 19.258589
      vertex -2.736515 3.385589 19.131828
    endloop
  endfacet
  facet normal -0.096430 -0.956429 -0.275581
    outer loop
      vertex -2.736515 3.385589 19.131828
      vertex -2.675470 3.342910 19.258589
      vertex -2.736134 3.342910 19.279817
    endloop
  endfacet
  facet normal -0.096430 -0.956429 -0.275581
    outer loop
      vertex -2.736515 3.385589 19.131828
      vertex -2.736134 3.342910 19.279817
      vertex -2.767441 3.385589 19.142649
    endloop
  endfacet
  facet normal -0.032690 -0.956429 -0.290130
    outer loop
      vertex -2.767441 3.385589 19.142649
      vertex -2.736134 3.342910 19.279817
      vertex -2.800000 3.342910 19.287013
    endloop
  endfacet
  facet normal -0.032690 -0.956429 -0.290130
    outer loop
      vertex -2.767441 3.385589 19.142649
      vertex -2.800000 3.342910 19.287013
      vertex -2.800000 3.385589 19.146318
    endloop
  endfacet
  facet normal 0.032690 -0.956429 -0.290130
    outer loop
      vertex -2.800000 3.385589 19.146318
      vertex -2.800000 3.342910 19.287013
      vertex -2.863866 3.342910 19.279817
    endloop
  endfacet
  facet normal 0.032690 -0.956429 -0.290130
    outer loop
      vertex -2.800000 3.385589 19.146318
      vertex -2.863866 3.342910 19.279817
      vertex -2.832559 3.385589 19.142649
    endloop
  endfacet
  facet normal 0.096430 -0.956429 -0.275581
    outer loop
      vertex -2.832559 3.385589 19.142649
      vertex -2.863866 3.342910 19.279817
      vertex -2.924530 3.342910 19.258589
    endloop
  endfacet
  facet normal 0.096430 -0.956429 -0.275581
    outer loop
      vertex -2.832559 3.385589 19.142649
      vertex -2.924530 3.342910 19.258589
      vertex -2.863485 3.385589 19.131828
    endloop
  endfacet
  facet normal 0.155335 -0.956429 -0.247214
    outer loop
      vertex -2.863485 3.385589 19.131828
      vertex -2.924530 3.342910 19.258589
      vertex -2.978949 3.342910 19.224395
    endloop
  endfacet
  facet normal 0.155335 -0.956429 -0.247214
    outer loop
      vertex -2.863485 3.385589 19.131828
      vertex -2.978949 3.342910 19.224395
      vertex -2.891228 3.385589 19.114396
    endloop
  endfacet
  facet normal 0.206451 -0.956429 -0.206451
    outer loop
      vertex -2.891228 3.385589 19.114396
      vertex -2.978949 3.342910 19.224395
      vertex -3.024395 3.342910 19.178949
    endloop
  endfacet
  facet normal 0.206451 -0.956429 -0.206451
    outer loop
      vertex -2.891228 3.385589 19.114396
      vertex -3.024395 3.342910 19.178949
      vertex -2.914396 3.385589 19.091228
    endloop
  endfacet
  facet normal 0.247214 -0.956429 -0.155335
    outer loop
      vertex -2.914396 3.385589 19.091228
      vertex -3.024395 3.342910 19.178949
      vertex -3.058589 3.342910 19.124530
    endloop
  endfacet
  facet normal 0.247214 -0.956429 -0.155335
    outer loop
      vertex -2.914396 3.385589 19.091228
      vertex -3.058589 3.342910 19.124530
      vertex -2.931828 3.385589 19.063485
    endloop
  endfacet
  facet normal 0.275581 -0.956429 -0.096430
    outer loop
      vertex -2.931828 3.385589 19.063485
      vertex -3.058589 3.342910 19.124530
      vertex -3.079817 3.342910 19.063866
    endloop
  endfacet
  facet normal 0.275581 -0.956429 -0.096430
    outer loop
      vertex -2.931828 3.385589 19.063485
      vertex -3.079817 3.342910 19.063866
      vertex -2.942649 3.385589 19.032559
    endloop
  endfacet
  facet normal 0.290130 -0.956429 -0.032690
    outer loop
      vertex -2.942649 3.385589 19.032559
      vertex -3.079817 3.342910 19.063866
      vertex -3.087013 3.342910 19.000000
    endloop
  endfacet
  facet normal 0.290130 -0.956429 -0.032690
    outer loop
      vertex -2.942649 3.385589 19.032559
      vertex -3.087013 3.342910 19.000000
      vertex -2.946318 3.385589 19.000000
    endloop
  endfacet
  facet normal 0.290130 -0.956429 0.032690
    outer loop
      vertex -2.946318 3.385589 19.000000
      vertex -3.087013 3.342910 19.000000
      vertex -3.079817 3.342910 18.936134
    endloop
  endfacet
  facet normal 0.290130 -0.956429 0.032690
    outer loop
      vertex -2.946318 3.385589 19.000000
      vertex -3.079817 3.342910 18.936134
      vertex -2.942649 3.385589 18.967441
    endloop
  endfacet
  facet normal 0.275581 -0.956429 0.096430
    outer loop
      vertex -2.942649 3.385589 18.967441
      vertex -3.079817 3.342910 18.936134
      vertex -3.058589 3.342910 18.875470
    endloop
  endfacet
  facet normal 0.275581 -0.956429 0.096430
    outer loop
      vertex -2.942649 3.385589 18.967441
      vertex -3.058589 3.342910 18.875470
      vertex -2.931828 3.385589 18.936515
    endloop
  endfacet
  facet normal 0.247214 -0.956429 0.155335
    outer loop
      vertex -2.931828 3.385589 18.936515
      vertex -3.058589 3.342910 18.875470
      vertex -3.024395 3.342910 18.821051
    endloop
  endfacet
  facet normal 0.247214 -0.956429 0.155335
    outer loop
      vertex -2.931828 3.385589 18.936515
      vertex -3.024395 3.342910 18.821051
      vertex -2.914396 3.385589 18.908772
    endloop
  endfacet
  facet normal 0.206451 -0.956429 0.206451
    outer loop
      vertex -2.914396 3.385589 18.908772
      vertex -3.024395 3.342910 18.821051
      vertex -2.978949 3.342910 18.775605
    endloop
  endfacet
  facet normal 0.206451 -0.956429 0.206451
    outer loop
      vertex -2.914396 3.385589 18.908772
      vertex -2.978949 3.342910 18.775605
      vertex -2.891228 3.385589 18.885604
    endloop
  endfacet
  facet normal 0.155335 -0.956429 0.247214
    outer loop
      vertex -2.891228 3.385589 18.885604
      vertex -2.978949 3.342910 18.775605
      vertex -2.924530 3.342910 18.741411
    endloop
  endfacet
  facet normal 0.155335 -0.956429 0.247214
    outer loop
      vertex -2.891228 3.385589 18.885604
      vertex -2.924530 3.342910 18.741411
      vertex -2.863485 3.385589 18.868172
    endloop
  endfacet
  facet normal 0.096430 -0.956429 0.275581
    outer loop
      vertex -2.863485 3.385589 18.868172
      vertex -2.924530 3.342910 18.741411
      vertex -2.863866 3.342910 18.720183
    endloop
  endfacet
  facet normal 0.096430 -0.956429 0.275581
    outer loop
      vertex -2.863485 3.385589 18.868172
      vertex -2.863866 3.342910 18.720183
      vertex -2.832559 3.385589 18.857351
    endloop
  endfacet
  facet normal 0.032690 -0.956429 0.290130
    outer loop
      vertex -2.832559 3.385589 18.857351
      vertex -2.863866 3.342910 18.720183
      vertex -2.800000 3.342910 18.712987
    endloop
  endfacet
  facet normal 0.032690 -0.956429 0.290130
    outer loop
      vertex -2.832559 3.385589 18.857351
      vertex -2.800000 3.342910 18.712987
      vertex -2.800000 3.385589 18.853682
    endloop
  endfacet
  facet normal -0.032690 -0.956429 0.290130
    outer loop
      vertex -2.800000 3.385589 18.853682
      vertex -2.800000 3.342910 18.712987
      vertex -2.736134 3.342910 18.720183
    endloop
  endfacet
  facet normal -0.032690 -0.956429 0.290130
    outer loop
      vertex -2.800000 3.385589 18.853682
      vertex -2.736134 3.342910 18.720183
      vertex -2.767441 3.385589 18.857351
    endloop
  endfacet
  facet normal -0.096430 -0.956429 0.275581
    outer loop
      vertex -2.767441 3.385589 18.857351
      vertex -2.736134 3.342910 18.720183
      vertex -2.675470 3.342910 18.741411
    endloop
  endfacet
  facet normal -0.096430 -0.956429 0.275581
    outer loop
      vertex -2.767441 3.385589 18.857351
      vertex -2.675470 3.342910 18.741411
      vertex -2.736515 3.385589 18.868172
    endloop
  endfacet
  facet normal -0.155335 -0.956429 0.247214
    outer loop
      vertex -2.736515 3.385589 18.868172
      vertex -2.675470 3.342910 18.741411
      vertex -2.621051 3.342910 18.775605
    endloop
  endfacet
  facet normal -0.155335 -0.956429 0.247214
    outer loop
      vertex -2.736515 3.385589 18.868172
      vertex -2.621051 3.342910 18.775605
      vertex -2.708772 3.385589 18.885604
    endloop
  endfacet
  facet normal -0.206451 -0.956429 0.206451
    outer loop
      vertex -2.708772 3.385589 18.885604
      vertex -2.621051 3.342910 18.775605
      vertex -2.575605 3.342910 18.821051
    endloop
  endfacet
  facet normal -0.206451 -0.956429 0.206451
    outer loop
      vertex -2.708772 3.385589 18.885604
      vertex -2.575605 3.342910 18.821051
      vertex -2.685604 3.385589 18.908772
    endloop
  endfacet
  facet normal -0.247214 -0.956429 0.155335
    outer loop
      vertex -2.685604 3.385589 18.908772
      vertex -2.575605 3.342910 18.821051
      vertex -2.541411 3.342910 18.875470
    endloop
  endfacet
  facet normal -0.247214 -0.956429 0.155335
    outer loop
      vertex -2.685604 3.385589 18.908772
      vertex -2.541411 3.342910 18.875470
      vertex -2.668172 3.385589 18.936515
    endloop
  endfacet
  facet normal -0.275581 -0.956429 0.096430
    outer loop
      vertex -2.668172 3.385589 18.936515
      vertex -2.541411 3.342910 18.875470
      vertex -2.520183 3.342910 18.936134
    endloop
  endfacet
  facet normal -0.275581 -0.956429 0.096430
    outer loop
      vertex -2.668172 3.385589 18.936515
      vertex -2.520183 3.342910 18.936134
      vertex -2.657351 3.385589 18.967441
    endloop
  endfacet
  facet normal -0.290130 -0.956429 0.032690
    outer loop
      vertex -2.657351 3.385589 18.967441
      vertex -2.520183 3.342910 18.936134
      vertex -2.512987 3.342910 19.000000
    endloop
  endfacet
  facet normal -0.290130 -0.956429 0.032690
    outer loop
      vertex -2.657351 3.385589 18.967441
      vertex -2.512987 3.342910 19.000000
      vertex -2.653682 3.385589 19.000000
    endloop
  endfacet
  facet normal -0.470733 -0.880680 -0.053039
    outer loop
      vertex -2.512987 3.342910 19.000000
      vertex -2.383322 3.273602 19.000000
      vertex -2.393769 3.273602 19.092720
    endloop
  endfacet
  facet normal -0.470733 -0.880680 -0.053039
    outer loop
      vertex -2.512987 3.342910 19.000000
      vertex -2.393769 3.273602 19.092720
      vertex -2.520183 3.342910 19.063866
    endloop
  endfacet
  facet normal -0.447129 -0.880680 -0.156457
    outer loop
      vertex -2.520183 3.342910 19.063866
      vertex -2.393769 3.273602 19.092720
      vertex -2.424586 3.273602 19.180790
    endloop
  endfacet
  facet normal -0.447129 -0.880680 -0.156457
    outer loop
      vertex -2.520183 3.342910 19.063866
      vertex -2.424586 3.273602 19.180790
      vertex -2.541411 3.342910 19.124530
    endloop
  endfacet
  facet normal -0.401103 -0.880680 -0.252030
    outer loop
      vertex -2.541411 3.342910 19.124530
      vertex -2.424586 3.273602 19.180790
      vertex -2.474228 3.273602 19.259794
    endloop
  endfacet
  facet normal -0.401103 -0.880680 -0.252030
    outer loop
      vertex -2.541411 3.342910 19.124530
      vertex -2.474228 3.273602 19.259794
      vertex -2.575605 3.342910 19.178949
    endloop
  endfacet
  facet normal -0.334965 -0.880680 -0.334965
    outer loop
      vertex -2.575605 3.342910 19.178949
      vertex -2.474228 3.273602 19.259794
      vertex -2.540206 3.273602 19.325772
    endloop
  endfacet
  facet normal -0.334965 -0.880680 -0.334965
    outer loop
      vertex -2.575605 3.342910 19.178949
      vertex -2.540206 3.273602 19.325772
      vertex -2.621051 3.342910 19.224395
    endloop
  endfacet
  facet normal -0.252030 -0.880680 -0.401103
    outer loop
      vertex -2.621051 3.342910 19.224395
      vertex -2.540206 3.273602 19.325772
      vertex -2.619210 3.273602 19.375414
    endloop
  endfacet
  facet normal -0.252030 -0.880680 -0.401103
    outer loop
      vertex -2.621051 3.342910 19.224395
      vertex -2.619210 3.273602 19.375414
      vertex -2.675470 3.342910 19.258589
    endloop
  endfacet
  facet normal -0.156457 -0.880680 -0.447129
    outer loop
      vertex -2.675470 3.342910 19.258589
      vertex -2.619210 3.273602 19.375414
      vertex -2.707280 3.273602 19.406231
    endloop
  endfacet
  facet normal -0.156457 -0.880680 -0.447129
    outer loop
      vertex -2.675470 3.342910 19.258589
      vertex -2.707280 3.273602 19.406231
      vertex -2.736134 3.342910 19.279817
    endloop
  endfacet
  facet normal -0.053039 -0.880680 -0.470733
    outer loop
      vertex -2.736134 3.342910 19.279817
      vertex -2.707280 3.273602 19.406231
      vertex -2.800000 3.273602 19.416678
    endloop
  endfacet
  facet normal -0.053039 -0.880680 -0.470733
    outer loop
      vertex -2.736134 3.342910 19.279817
      vertex -2.800000 3.273602 19.416678
      vertex -2.800000 3.342910 19.287013
    endloop
  endfacet
  facet normal 0.053039 -0.880680 -0.470733
    outer loop
      vertex -2.800000 3.342910 19.287013
      vertex -2.800000 3.273602 19.416678
      vertex -2.892720 3.273602 19.406231
    endloop
  endfacet
  facet normal 0.053039 -0.880680 -0.470733
    outer loop
      vertex -2.800000 3.342910 19.287013
      vertex -2.892720 3.273602 19.406231
      vertex -2.863866 3.342910 19.279817
    endloop
  endfacet
  facet normal 0.156457 -0.880680 -0.447129
    outer loop
      vertex -2.863866 3.342910 19.279817
      vertex -2.892720 3.273602 19.406231
      vertex -2.980790 3.273602 19.375414
    endloop
  endfacet
  facet normal 0.156457 -0.880680 -0.447129
    outer loop
      vertex -2.863866 3.342910 19.279817
      vertex -2.980790 3.273602 19.375414
      vertex -2.924530 3.342910 19.258589
    endloop
  endfacet
  facet normal 0.252030 -0.880680 -0.401103
    outer loop
      vertex -2.924530 3.342910 19.258589
      vertex -2.980790 3.273602 19.375414
      vertex -3.059794 3.273602 19.325772
    endloop
  endfacet
  facet normal 0.252030 -0.880680 -0.401103
    outer loop
      vertex -2.924530 3.342910 19.258589
      vertex -3.059794 3.273602 19.325772
      vertex -2.978949 3.342910 19.224395
    endloop
  endfacet
  facet normal 0.334965 -0.880680 -0.334965
    outer loop
      vertex -2.978949 3.342910 19.224395
      vertex -3.059794 3.273602 19.325772
      vertex -3.125772 3.273602 19.259794
    endloop
  endfacet
  facet normal 0.334965 -0.880680 -0.334965
    outer loop
      vertex -2.978949 3.342910 19.224395
      vertex -3.125772 3.273602 19.259794
      vertex -3.024395 3.342910 19.178949
    endloop
  endfacet
  facet normal 0.401103 -0.880680 -0.252030
    outer loop
      vertex -3.024395 3.342910 19.178949
      vertex -3.125772 3.273602 19.259794
      vertex -3.175414 3.273602 19.180790
    endloop
  endfacet
  facet normal 0.401103 -0.880680 -0.252030
    outer loop
      vertex -3.024395 3.342910 19.178949
      vertex -3.175414 3.273602 19.180790
      vertex -3.058589 3.342910 19.124530
    endloop
  endfacet
  facet normal 0.447129 -0.880680 -0.156457
    outer loop
      vertex -3.058589 3.342910 19.124530
      vertex -3.175414 3.273602 19.180790
      vertex -3.206231 3.273602 19.092720
    endloop
  endfacet
  facet normal 0.447129 -0.880680 -0.156457
    outer loop
      vertex -3.058589 3.342910 19.124530
      vertex -3.206231 3.273602 19.092720
      vertex -3.079817 3.342910 19.063866
    endloop
  endfacet
  facet normal 0.470733 -0.880680 -0.053039
    outer loop
      vertex -3.079817 3.342910 19.063866
      vertex -3.206231 3.273602 19.092720
      vertex -3.216678 3.273602 19.000000
    endloop
  endfacet
  facet normal 0.470733 -0.880680 -0.053039
    outer loop
      vertex -3.079817 3.342910 19.063866
      vertex -3.216678 3.273602 19.000000
      vertex -3.087013 3.342910 19.000000
    endloop
  endfacet
  facet normal 0.470733 -0.880680 0.053039
    outer loop
      vertex -3.087013 3.342910 19.000000
      vertex -3.216678 3.273602 19.000000
      vertex -3.206231 3.273602 18.907280
    endloop
  endfacet
  facet normal 0.470733 -0.880680 0.053039
    outer loop
      vertex -3.087013 3.342910 19.000000
      vertex -3.206231 3.273602 18.907280
      vertex -3.079817 3.342910 18.936134
    endloop
  endfacet
  facet normal 0.447129 -0.880680 0.156457
    outer loop
      vertex -3.079817 3.342910 18.936134
      vertex -3.206231 3.273602 18.907280
      vertex -3.175414 3.273602 18.819210
    endloop
  endfacet
  facet normal 0.447129 -0.880680 0.156457
    outer loop
      vertex -3.079817 3.342910 18.936134
      vertex -3.175414 3.273602 18.819210
      vertex -3.058589 3.342910 18.875470
    endloop
  endfacet
  facet normal 0.401103 -0.880680 0.252030
    outer loop
      vertex -3.058589 3.342910 18.875470
      vertex -3.175414 3.273602 18.819210
      vertex -3.125772 3.273602 18.740206
    endloop
  endfacet
  facet normal 0.401103 -0.880680 0.252030
    outer loop
      vertex -3.058589 3.342910 18.875470
      vertex -3.125772 3.273602 18.740206
      vertex -3.024395 3.342910 18.821051
    endloop
  endfacet
  facet normal 0.334965 -0.880680 0.334965
    outer loop
      vertex -3.024395 3.342910 18.821051
      vertex -3.125772 3.273602 18.740206
      vertex -3.059794 3.273602 18.674228
    endloop
  endfacet
  facet normal 0.334965 -0.880680 0.334965
    outer loop
      vertex -3.024395 3.342910 18.821051
      vertex -3.059794 3.273602 18.674228
      vertex -2.978949 3.342910 18.775605
    endloop
  endfacet
  facet normal 0.252030 -0.880680 0.401103
    outer loop
      vertex -2.978949 3.342910 18.775605
      vertex -3.059794 3.273602 18.674228
      vertex -2.980790 3.273602 18.624586
    endloop
  endfacet
  facet normal 0.252030 -0.880680 0.401103
    outer loop
      vertex -2.978949 3.342910 18.775605
      vertex -2.980790 3.273602 18.624586
      vertex -2.924530 3.342910 18.741411
    endloop
  endfacet
  facet normal 0.156457 -0.880680 0.447129
    outer loop
      vertex -2.924530 3.342910 18.741411
      vertex -2.980790 3.273602 18.624586
      vertex -2.892720 3.273602 18.593769
    endloop
  endfacet
  facet normal 0.156457 -0.880680 0.447129
    outer loop
      vertex -2.924530 3.342910 18.741411
      vertex -2.892720 3.273602 18.593769
      vertex -2.863866 3.342910 18.720183
    endloop
  endfacet
  facet normal 0.053039 -0.880680 0.470733
    outer loop
      vertex -2.863866 3.342910 18.720183
      vertex -2.892720 3.273602 18.593769
      vertex -2.800000 3.273602 18.583322
    endloop
  endfacet
  facet normal 0.053039 -0.880680 0.470733
    outer loop
      vertex -2.863866 3.342910 18.720183
      vertex -2.800000 3.273602 18.583322
      vertex -2.800000 3.342910 18.712987
    endloop
  endfacet
  facet normal -0.053039 -0.880680 0.470733
    outer loop
      vertex -2.800000 3.342910 18.712987
      vertex -2.800000 3.273602 18.583322
      vertex -2.707280 3.273602 18.593769
    endloop
  endfacet
  facet normal -0.053039 -0.880680 0.470733
    outer loop
      vertex -2.800000 3.342910 18.712987
      vertex -2.707280 3.273602 18.593769
      vertex -2.736134 3.342910 18.720183
    endloop
  endfacet
  facet normal -0.156457 -0.880680 0.447129
    outer loop
      vertex -2.736134 3.342910 18.720183
      vertex -2.707280 3.273602 18.593769
      vertex -2.619210 3.273602 18.624586
    endloop
  endfacet
  facet normal -0.156457 -0.880680 0.447129
    outer loop
      vertex -2.736134 3.342910 18.720183
      vertex -2.619210 3.273602 18.624586
      vertex -2.675470 3.342910 18.741411
    endloop
  endfacet
  facet normal -0.252030 -0.880680 0.401103
    outer loop
      vertex -2.675470 3.342910 18.741411
      vertex -2.619210 3.273602 18.624586
      vertex -2.540206 3.273602 18.674228
    endloop
  endfacet
  facet normal -0.252030 -0.880680 0.401103
    outer loop
      vertex -2.675470 3.342910 18.741411
      vertex -2.540206 3.273602 18.674228
      vertex -2.621051 3.342910 18.775605
    endloop
  endfacet
  facet normal -0.334965 -0.880680 0.334965
    outer loop
      vertex -2.621051 3.342910 18.775605
      vertex -2.540206 3.273602 18.674228
      vertex -2.474228 3.273602 18.740206
    endloop
  endfacet
  facet normal -0.334965 -0.880680 0.334965
    outer loop
      vertex -2.621051 3.342910 18.775605
      vertex -2.474228 3.273602 18.740206
      vertex -2.575605 3.342910 18.821051
    endloop
  endfacet
  facet normal -0.401103 -0.880680 0.252030
    outer loop
      vertex -2.575605 3.342910 18.821051
      vertex -2.474228 3.273602 18.740206
      vertex -2.424586 3.273602 18.819210
    endloop
  endfacet
  facet normal -0.401103 -0.880680 0.252030
    outer loop
      vertex -2.575605 3.342910 18.821051
      vertex -2.424586 3.273602 18.819210
      vertex -2.541411 3.342910 18.875470
    endloop
  endfacet
  facet normal -0.447129 -0.880680 0.156457
    outer loop
      vertex -2.541411 3.342910 18.875470
      vertex -2.424586 3.273602 18.819210
      vertex -2.393769 3.273602 18.907280
    endloop
  endfacet
  facet normal -0.447129 -0.880680 0.156457
    outer loop
      vertex -2.541411 3.342910 18.875470
      vertex -2.393769 3.273602 18.907280
      vertex -2.520183 3.342910 18.936134
    endloop
  endfacet
  facet normal -0.470733 -0.880680 0.053039
    outer loop
      vertex -2.520183 3.342910 18.936134
      vertex -2.393769 3.273602 18.907280
      vertex -2.383322 3.273602 19.000000
    endloop
  endfacet
  facet normal -0.470733 -0.880680 0.053039
    outer loop
      vertex -2.520183 3.342910 18.936134
      vertex -2.383322 3.273602 19.000000
      vertex -2.512987 3.342910 19.000000
    endloop
  endfacet
  facet normal -0.632779 -0.771043 -0.071297
    outer loop
      vertex -2.383322 3.273602 19.000000
      vertex -2.269670 3.180330 19.000000
      vertex -2.282966 3.180330 19.118010
    endloop
  endfacet
  facet normal -0.632779 -0.771043 -0.071297
    outer loop
      vertex -2.383322 3.273602 19.000000
      vertex -2.282966 3.180330 19.118010
      vertex -2.393769 3.273602 19.092720
    endloop
  endfacet
  facet normal -0.601049 -0.771043 -0.210316
    outer loop
      vertex -2.393769 3.273602 19.092720
      vertex -2.282966 3.180330 19.118010
      vertex -2.322189 3.180330 19.230102
    endloop
  endfacet
  facet normal -0.601049 -0.771043 -0.210316
    outer loop
      vertex -2.393769 3.273602 19.092720
      vertex -2.322189 3.180330 19.230102
      vertex -2.424586 3.273602 19.180790
    endloop
  endfacet
  facet normal -0.539179 -0.771043 -0.338789
    outer loop
      vertex -2.424586 3.273602 19.180790
      vertex -2.322189 3.180330 19.230102
      vertex -2.385371 3.180330 19.330655
    endloop
  endfacet
  facet normal -0.539179 -0.771043 -0.338789
    outer loop
      vertex -2.424586 3.273602 19.180790
      vertex -2.385371 3.180330 19.330655
      vertex -2.474228 3.273602 19.259794
    endloop
  endfacet
  facet normal -0.450273 -0.771043 -0.450273
    outer loop
      vertex -2.474228 3.273602 19.259794
      vertex -2.385371 3.180330 19.330655
      vertex -2.469345 3.180330 19.414629
    endloop
  endfacet
  facet normal -0.450273 -0.771043 -0.450273
    outer loop
      vertex -2.474228 3.273602 19.259794
      vertex -2.469345 3.180330 19.414629
      vertex -2.540206 3.273602 19.325772
    endloop
  endfacet
  facet normal -0.338789 -0.771043 -0.539179
    outer loop
      vertex -2.540206 3.273602 19.325772
      vertex -2.469345 3.180330 19.414629
      vertex -2.569898 3.180330 19.477811
    endloop
  endfacet
  facet normal -0.338789 -0.771043 -0.539179
    outer loop
      vertex -2.540206 3.273602 19.325772
      vertex -2.569898 3.180330 19.477811
      vertex -2.619210 3.273602 19.375414
    endloop
  endfacet
  facet normal -0.210316 -0.771043 -0.601049
    outer loop
      vertex -2.619210 3.273602 19.375414
      vertex -2.569898 3.180330 19.477811
      vertex -2.681990 3.180330 19.517034
    endloop
  endfacet
  facet normal -0.210316 -0.771043 -0.601049
    outer loop
      vertex -2.619210 3.273602 19.375414
      vertex -2.681990 3.180330 19.517034
      vertex -2.707280 3.273602 19.406231
    endloop
  endfacet
  facet normal -0.071297 -0.771043 -0.632779
    outer loop
      vertex -2.707280 3.273602 19.406231
      vertex -2.681990 3.180330 19.517034
      vertex -2.800000 3.180330 19.530330
    endloop
  endfacet
  facet normal -0.071297 -0.771043 -0.632779
    outer loop
      vertex -2.707280 3.273602 19.406231
      vertex -2.800000 3.180330 19.530330
      vertex -2.800000 3.273602 19.416678
    endloop
  endfacet
  facet normal 0.071297 -0.771043 -0.632779
    outer loop
      vertex -2.800000 3.273602 19.416678
      vertex -2.800000 3.180330 19.530330
      vertex -2.918010 3.180330 19.517034
    endloop
  endfacet
  facet normal 0.071297 -0.771043 -0.632779
    outer loop
      vertex -2.800000 3.273602 19.416678
      vertex -2.918010 3.180330 19.517034
      vertex -2.892720 3.273602 19.406231
    endloop
  endfacet
  facet normal 0.210316 -0.771043 -0.601049
    outer loop
      vertex -2.892720 3.273602 19.406231
      vertex -2.918010 3.180330 19.517034
      vertex -3.030102 3.180330 19.477811
    endloop
  endfacet
  facet normal 0.210316 -0.771043 -0.601049
    outer loop
      vertex -2.892720 3.273602 19.406231
      vertex -3.030102 3.180330 19.477811
      vertex -2.980790 3.273602 19.375414
    endloop
  endfacet
  facet normal 0.338789 -0.771043 -0.539179
    outer loop
      vertex -2.980790 3.273602 19.375414
      vertex -3.030102 3.180330 19.477811
      vertex -3.130655 3.180330 19.414629
    endloop
  endfacet
  facet normal 0.338789 -0.771043 -0.539179
    outer loop
      vertex -2.980790 3.273602 19.375414
      vertex -3.130655 3.180330 19.414629
      vertex -3.059794 3.273602 19.325772
    endloop
  endfacet
  facet normal 0.450273 -0.771043 -0.450273
    outer loop
      vertex -3.059794 3.273602 19.325772
      vertex -3.130655 3.180330 19.414629
      vertex -3.214629 3.180330 19.330655
    endloop
  endfacet
  facet normal 0.450273 -0.771043 -0.450273
    outer loop
      vertex -3.059794 3.273602 19.325772
      vertex -3.214629 3.180330 19.330655
      vertex -3.125772 3.273602 19.259794
    endloop
  endfacet
  facet normal 0.539179 -0.771043 -0.338789
    outer loop
      vertex -3.125772 3.273602 19.259794
      vertex -3.214629 3.180330 19.330655
      vertex -3.277811 3.180330 19.230102
    endloop
  endfacet
  facet normal 0.539179 -0.771043 -0.338789
    outer loop
      vertex -3.125772 3.273602 19.259794
      vertex -3.277811 3.180330 19.230102
      vertex -3.175414 3.273602 19.180790
    endloop
  endfacet
  facet normal 0.601049 -0.771043 -0.210316
    outer loop
      vertex -3.175414 3.273602 19.180790
      vertex -3.277811 3.180330 19.230102
      vertex -3.317034 3.180330 19.118010
    endloop
  endfacet
  facet normal 0.601049 -0.771043 -0.210316
    outer loop
      vertex -3.175414 3.273602 19.180790
      vertex -3.317034 3.180330 19.118010
      vertex -3.206231 3.273602 19.092720
    endloop
  endfacet
  facet normal 0.632779 -0.771043 -0.071297
    outer loop
      vertex -3.206231 3.273602 19.092720
      vertex -3.317034 3.180330 19.118010
      vertex -3.330330 3.180330 19.000000
    endloop
  endfacet
  facet normal 0.632779 -0.771043 -0.071297
    outer loop
      vertex -3.206231 3.273602 19.092720
      vertex -3.330330 3.180330 19.000000
      vertex -3.216678 3.273602 19.000000
    endloop
  endfacet
  facet normal 0.632779 -0.771043 0.071297
    outer loop
      vertex -3.216678 3.273602 19.000000
      vertex -3.330330 3.180330 19.000000
      vertex -3.317034 3.180330 18.881990
    endloop
  endfacet
  facet normal 0.632779 -0.771043 0.071297
    outer loop
      vertex -3.216678 3.273602 19.000000
      vertex -3.317034 3.180330 18.881990
      vertex -3.206231 3.273602 18.907280
    endloop
  endfacet
  facet normal 0.601049 -0.771043 0.210316
    outer loop
      vertex -3.206231 3.273602 18.907280
      vertex -3.317034 3.180330 18.881990
      vertex -3.277811 3.180330 18.769898
    endloop
  endfacet
  facet normal 0.601049 -0.771043 0.210316
    outer loop
      vertex -3.206231 3.273602 18.907280
      vertex -3.277811 3.180330 18.769898
      vertex -3.175414 3.273602 18.819210
    endloop
  endfacet
  facet normal 0.539179 -0.771043 0.338789
    outer loop
      vertex -3.175414 3.273602 18.819210
      vertex -3.277811 3.180330 18.769898
      vertex -3.214629 3.180330 18.669345
    endloop
  endfacet
  facet normal 0.539179 -0.771043 0.338789
    outer loop
      vertex -3.175414 3.273602 18.819210
      vertex -3.214629 3.180330 18.669345
      vertex -3.125772 3.273602 18.740206
    endloop
  endfacet
  facet normal 0.450273 -0.771043 0.450273
    outer loop
      vertex -3.125772 3.273602 18.740206
      vertex -3.214629 3.180330 18.669345
      vertex -3.130655 3.180330 18.585371
    endloop
  endfacet
  facet normal 0.450273 -0.771043 0.450273
    outer loop
      vertex -3.125772 3.273602 18.740206
      vertex -3.130655 3.180330 18.585371
      vertex -3.059794 3.273602 18.674228
    endloop
  endfacet
  facet normal 0.338789 -0.771043 0.539179
    outer loop
      vertex -3.059794 3.273602 18.674228
      vertex -3.130655 3.180330 18.585371
      vertex -3.030102 3.180330 18.522189
    endloop
  endfacet
  facet normal 0.338789 -0.771043 0.539179
    outer loop
      vertex -3.059794 3.273602 18.674228
      vertex -3.030102 3.180330 18.522189
      vertex -2.980790 3.273602 18.624586
    endloop
  endfacet
  facet normal 0.210316 -0.771043 0.601049
    outer loop
      vertex -2.980790 3.273602 18.624586
      vertex -3.030102 3.180330 18.522189
      vertex -2.918010 3.180330 18.482966
    endloop
  endfacet
  facet normal 0.210316 -0.771043 0.601049
    outer loop
      vertex -2.980790 3.273602 18.624586
      vertex -2.918010 3.180330 18.482966
      vertex -2.892720 3.273602 18.593769
    endloop
  endfacet
  facet normal 0.071297 -0.771043 0.632779
    outer loop
      vertex -2.892720 3.273602 18.593769
      vertex -2.918010 3.180330 18.482966
      vertex -2.800000 3.180330 18.469670
    endloop
  endfacet
  facet normal 0.071297 -0.771043 0.632779
    outer loop
      vertex -2.892720 3.273602 18.593769
      vertex -2.800000 3.180330 18.469670
      vertex -2.800000 3.273602 18.583322
    endloop
  endfacet
  facet normal -0.071297 -0.771043 0.632779
    outer loop
      vertex -2.800000 3.273602 18.583322
      vertex -2.800000 3.180330 18.469670
      vertex -2.681990 3.180330 18.482966
    endloop
  endfacet
  facet normal -0.071297 -0.771043 0.632779
    outer loop
      vertex -2.800000 3.273602 18.583322
      vertex -2.681990 3.180330 18.482966
      vertex -2.707280 3.273602 18.593769
    endloop
  endfacet
  facet normal -0.210316 -0.771043 0.601049
    outer loop
      vertex -2.707280 3.273602 18.593769
      vertex -2.681990 3.180330 18.482966
      vertex -2.569898 3.180330 18.522189
    endloop
  endfacet
  facet normal -0.210316 -0.771043 0.601049
    outer loop
      vertex -2.707280 3.273602 18.593769
      vertex -2.569898 3.180330 18.522189
      vertex -2.619210 3.273602 18.624586
    endloop
  endfacet
  facet normal -0.338789 -0.771043 0.539179
    outer loop
      vertex -2.619210 3.273602 18.624586
      vertex -2.569898 3.180330 18.522189
      vertex -2.469345 3.180330 18.585371
    endloop
  endfacet
  facet normal -0.338789 -0.771043 0.539179
    outer loop
      vertex -2.619210 3.273602 18.624586
      vertex -2.469345 3.180330 18.585371
      vertex -2.540206 3.273602 18.674228
    endloop
  endfacet
  facet normal -0.450273 -0.771043 0.450273
    outer loop
      vertex -2.540206 3.273602 18.674228
      vertex -2.469345 3.180330 18.585371
      vertex -2.385371 3.180330 18.669345
    endloop
  endfacet
  facet normal -0.450273 -0.771043 0.450273
    outer loop
      vertex -2.540206 3.273602 18.674228
      vertex -2.385371 3.180330 18.669345
      vertex -2.474228 3.273602 18.740206
    endloop
  endfacet
  facet normal -0.539179 -0.771043 0.338789
    outer loop
      vertex -2.474228 3.273602 18.740206
      vertex -2.385371 3.180330 18.669345
      vertex -2.322189 3.180330 18.769898
    endloop
  endfacet
  facet normal -0.539179 -0.771043 0.338789
    outer loop
      vertex -2.474228 3.273602 18.740206
      vertex -2.322189 3.180330 18.769898
      vertex -2.424586 3.273602 18.819210
    endloop
  endfacet
  facet normal -0.601049 -0.771043 0.210316
    outer loop
      vertex -2.424586 3.273602 18.819210
      vertex -2.322189 3.180330 18.769898
      vertex -2.282966 3.180330 18.881990
    endloop
  endfacet
  facet normal -0.601049 -0.771043 0.210316
    outer loop
      vertex -2.424586 3.273602 18.819210
      vertex -2.282966 3.180330 18.881990
      vertex -2.393769 3.273602 18.907280
    endloop
  endfacet
  facet normal -0.632779 -0.771043 0.071297
    outer loop
      vertex -2.393769 3.273602 18.907280
      vertex -2.282966 3.180330 18.881990
      vertex -2.269670 3.180330 19.000000
    endloop
  endfacet
  facet normal -0.632779 -0.771043 0.071297
    outer loop
      vertex -2.393769 3.273602 18.907280
      vertex -2.269670 3.180330 19.000000
      vertex -2.383322 3.273602 19.000000
    endloop
  endfacet
  facet normal -0.770095 -0.632001 -0.086769
    outer loop
      vertex -2.269670 3.180330 19.000000
      vertex -2.176398 3.066678 19.000000
      vertex -2.192033 3.066678 19.138765
    endloop
  endfacet
  facet normal -0.770095 -0.632001 -0.086769
    outer loop
      vertex -2.269670 3.180330 19.000000
      vertex -2.192033 3.066678 19.138765
      vertex -2.282966 3.180330 19.118010
    endloop
  endfacet
  facet normal -0.731479 -0.632001 -0.255956
    outer loop
      vertex -2.282966 3.180330 19.118010
      vertex -2.192033 3.066678 19.138765
      vertex -2.238154 3.066678 19.270571
    endloop
  endfacet
  facet normal -0.731479 -0.632001 -0.255956
    outer loop
      vertex -2.282966 3.180330 19.118010
      vertex -2.238154 3.066678 19.270571
      vertex -2.322189 3.180330 19.230102
    endloop
  endfacet
  facet normal -0.656184 -0.632001 -0.412308
    outer loop
      vertex -2.322189 3.180330 19.230102
      vertex -2.238154 3.066678 19.270571
      vertex -2.312448 3.066678 19.388810
    endloop
  endfacet
  facet normal -0.656184 -0.632001 -0.412308
    outer loop
      vertex -2.322189 3.180330 19.230102
      vertex -2.312448 3.066678 19.388810
      vertex -2.385371 3.180330 19.330655
    endloop
  endfacet
  facet normal -0.547985 -0.632001 -0.547985
    outer loop
      vertex -2.385371 3.180330 19.330655
      vertex -2.312448 3.066678 19.388810
      vertex -2.411190 3.066678 19.487552
    endloop
  endfacet
  facet normal -0.547985 -0.632001 -0.547985
    outer loop
      vertex -2.385371 3.180330 19.330655
      vertex -2.411190 3.066678 19.487552
      vertex -2.469345 3.180330 19.414629
    endloop
  endfacet
  facet normal -0.412308 -0.632001 -0.656184
    outer loop
      vertex -2.469345 3.180330 19.414629
      vertex -2.411190 3.066678 19.487552
      vertex -2.529429 3.066678 19.561846
    endloop
  endfacet
  facet normal -0.412308 -0.632001 -0.656184
    outer loop
      vertex -2.469345 3.180330 19.414629
      vertex -2.529429 3.066678 19.561846
      vertex -2.569898 3.180330 19.477811
    endloop
  endfacet
  facet normal -0.255956 -0.632001 -0.731479
    outer loop
      vertex -2.569898 3.180330 19.477811
      vertex -2.529429 3.066678 19.561846
      vertex -2.661235 3.066678 19.607967
    endloop
  endfacet
  facet normal -0.255956 -0.632001 -0.731479
    outer loop
      vertex -2.569898 3.180330 19.477811
      vertex -2.661235 3.066678 19.607967
      vertex -2.681990 3.180330 19.517034
    endloop
  endfacet
  facet normal -0.086769 -0.632001 -0.770095
    outer loop
      vertex -2.681990 3.180330 19.517034
      vertex -2.661235 3.066678 19.607967
      vertex -2.800000 3.066678 19.623602
    endloop
  endfacet
  facet normal -0.086769 -0.632001 -0.770095
    outer loop
      vertex -2.681990 3.180330 19.517034
      vertex -2.800000 3.066678 19.623602
      vertex -2.800000 3.180330 19.530330
    endloop
  endfacet
  facet normal 0.086769 -0.632001 -0.770095
    outer loop
      vertex -2.800000 3.180330 19.530330
      vertex -2.800000 3.066678 19.623602
      vertex -2.938765 3.066678 19.607967
    endloop
  endfacet
  facet normal 0.086769 -0.632001 -0.770095
    outer loop
      vertex -2.800000 3.180330 19.530330
      vertex -2.938765 3.066678 19.607967
      vertex -2.918010 3.180330 19.517034
    endloop
  endfacet
  facet normal 0.255956 -0.632001 -0.731479
    outer loop
      vertex -2.918010 3.180330 19.517034
      vertex -2.938765 3.066678 19.607967
      vertex -3.070571 3.066678 19.561846
    endloop
  endfacet
  facet normal 0.255956 -0.632001 -0.731479
    outer loop
      vertex -2.918010 3.180330 19.517034
      vertex -3.070571 3.066678 19.561846
      vertex -3.030102 3.180330 19.477811
    endloop
  endfacet
  facet normal 0.412308 -0.632001 -0.656184
    outer loop
      vertex -3.030102 3.180330 19.477811
      vertex -3.070571 3.066678 19.561846
      vertex -3.188810 3.066678 19.487552
    endloop
  endfacet
  facet normal 0.412308 -0.632001 -0.656184
    outer loop
      vertex -3.030102 3.180330 19.477811
      vertex -3.188810 3.066678 19.487552
      vertex -3.130655 3.180330 19.414629
    endloop
  endfacet
  facet normal 0.547985 -0.632001 -0.547985
    outer loop
      vertex -3.130655 3.180330 19.414629
      vertex -3.188810 3.066678 19.487552
      vertex -3.287552 3.066678 19.388810
    endloop
  endfacet
  facet normal 0.547985 -0.632001 -0.547985
    outer loop
      vertex -3.130655 3.180330 19.414629
      vertex -3.287552 3.066678 19.388810
      vertex -3.214629 3.180330 19.330655
    endloop
  endfacet
  facet normal 0.656184 -0.632001 -0.412308
    outer loop
      vertex -3.214629 3.180330 19.330655
      vertex -3.287552 3.066678 19.388810
      vertex -3.361846 3.066678 19.270571
    endloop
  endfacet
  facet normal 0.656184 -0.632001 -0.412308
    outer loop
      vertex -3.214629 3.180330 19.330655
      vertex -3.361846 3.066678 19.270571
      vertex -3.277811 3.180330 19.230102
    endloop
  endfacet
  facet normal 0.731479 -0.632001 -0.255956
    outer loop
      vertex -3.277811 3.180330 19.230102
      vertex -3.361846 3.066678 19.270571
      vertex -3.407967 3.066678 19.138765
    endloop
  endfacet
  facet normal 0.731479 -0.632001 -0.255956
    outer loop
      vertex -3.277811 3.180330 19.230102
      vertex -3.407967 3.066678 19.138765
      vertex -3.317034 3.180330 19.118010
    endloop
  endfacet
  facet normal 0.770095 -0.632001 -0.086769
    outer loop
      vertex -3.317034 3.180330 19.118010
      vertex -3.407967 3.066678 19.138765
      vertex -3.423602 3.066678 19.000000
    endloop
  endfacet
  facet normal 0.770095 -0.632001 -0.086769
    outer loop
      vertex -3.317034 3.180330 19.118010
      vertex -3.423602 3.066678 19.000000
      vertex -3.330330 3.180330 19.000000
    endloop
  endfacet
  facet normal 0.770095 -0.632001 0.086769
    outer loop
      vertex -3.330330 3.180330 19.000000
      vertex -3.423602 3.066678 19.000000
      vertex -3.407967 3.066678 18.861235
    endloop
  endfacet
  facet normal 0.770095 -0.632001 0.086769
    outer loop
      vertex -3.330330 3.180330 19.000000
      vertex -3.407967 3.066678 18.861235
      vertex -3.317034 3.180330 18.881990
    endloop
  endfacet
  facet normal 0.731479 -0.632001 0.255956
    outer loop
      vertex -3.317034 3.180330 18.881990
      vertex -3.407967 3.066678 18.861235
      vertex -3.361846 3.066678 18.729429
    endloop
  endfacet
  facet normal 0.731479 -0.632001 0.255956
    outer loop
      vertex -3.317034 3.180330 18.881990
      vertex -3.361846 3.066678 18.729429
      vertex -3.277811 3.180330 18.769898
    endloop
  endfacet
  facet normal 0.656184 -0.632001 0.412308
    outer loop
      vertex -3.277811 3.180330 18.769898
      vertex -3.361846 3.066678 18.729429
      vertex -3.287552 3.066678 18.611190
    endloop
  endfacet
  facet normal 0.656184 -0.632001 0.412308
    outer loop
      vertex -3.277811 3.180330 18.769898
      vertex -3.287552 3.066678 18.611190
      vertex -3.214629 3.180330 18.669345
    endloop
  endfacet
  facet normal 0.547985 -0.632001 0.547985
    outer loop
      vertex -3.214629 3.180330 18.669345
      vertex -3.287552 3.066678 18.611190
      vertex -3.188810 3.066678 18.512448
    endloop
  endfacet
  facet normal 0.547985 -0.632001 0.547985
    outer loop
      vertex -3.214629 3.180330 18.669345
      vertex -3.188810 3.066678 18.512448
      vertex -3.130655 3.180330 18.585371
    endloop
  endfacet
  facet normal 0.412308 -0.632001 0.656184
    outer loop
      vertex -3.130655 3.180330 18.585371
      vertex -3.188810 3.066678 18.512448
      vertex -3.070571 3.066678 18.438154
    endloop
  endfacet
  facet normal 0.412308 -0.632001 0.656184
    outer loop
      vertex -3.130655 3.180330 18.585371
      vertex -3.070571 3.066678 18.438154
      vertex -3.030102 3.180330 18.522189
    endloop
  endfacet
  facet normal 0.255956 -0.632001 0.731479
    outer loop
      vertex -3.030102 3.180330 18.522189
      vertex -3.070571 3.066678 18.438154
      vertex -2.938765 3.066678 18.392033
    endloop
  endfacet
  facet normal 0.255956 -0.632001 0.731479
    outer loop
      vertex -3.030102 3.180330 18.522189
      vertex -2.938765 3.066678 18.392033
      vertex -2.918010 3.180330 18.482966
    endloop
  endfacet
  facet normal 0.086769 -0.632001 0.770095
    outer loop
      vertex -2.918010 3.180330 18.482966
      vertex -2.938765 3.066678 18.392033
      vertex -2.800000 3.066678 18.376398
    endloop
  endfacet
  facet normal 0.086769 -0.632001 0.770095
    outer loop
      vertex -2.918010 3.180330 18.482966
      vertex -2.800000 3.066678 18.376398
      vertex -2.800000 3.180330 18.469670
    endloop
  endfacet
  facet normal -0.086769 -0.632001 0.770095
    outer loop
      vertex -2.800000 3.180330 18.469670
      vertex -2.800000 3.066678 18.376398
      vertex -2.661235 3.066678 18.392033
    endloop
  endfacet
  facet normal -0.086769 -0.632001 0.770095
    outer loop
      vertex -2.800000 3.180330 18.469670
      vertex -2.661235 3.066678 18.392033
      vertex -2.681990 3.180330 18.482966
    endloop
  endfacet
  facet normal -0.255956 -0.632001 0.731479
    outer loop
      vertex -2.681990 3.180330 18.482966
      vertex -2.661235 3.066678 18.392033
      vertex -2.529429 3.066678 18.438154
    endloop
  endfacet
  facet normal -0.255956 -0.632001 0.731479
    outer loop
      vertex -2.681990 3.180330 18.482966
      vertex -2.529429 3.066678 18.438154
      vertex -2.569898 3.180330 18.522189
    endloop
  endfacet
  facet normal -0.412308 -0.632001 0.656184
    outer loop
      vertex -2.569898 3.180330 18.522189
      vertex -2.529429 3.066678 18.438154
      vertex -2.411190 3.066678 18.512448
    endloop
  endfacet
  facet normal -0.412308 -0.632001 0.656184
    outer loop
      vertex -2.569898 3.180330 18.522189
      vertex -2.411190 3.066678 18.512448
      vertex -2.469345 3.180330 18.585371
    endloop
  endfacet
  facet normal -0.547985 -0.632001 0.547985
    outer loop
      vertex -2.469345 3.180330 18.585371
      vertex -2.411190 3.066678 18.512448
      vertex -2.312448 3.066678 18.611190
    endloop
  endfacet
  facet normal -0.547985 -0.632001 0.547985
    outer loop
      vertex -2.469345 3.180330 18.585371
      vertex -2.312448 3.066678 18.611190
      vertex -2.385371 3.180330 18.669345
    endloop
  endfacet
  facet normal -0.656184 -0.632001 0.412308
    outer loop
      vertex -2.385371 3.180330 18.669345
      vertex -2.312448 3.066678 18.611190
      vertex -2.238154 3.066678 18.729429
    endloop
  endfacet
  facet normal -0.656184 -0.632001 0.412308
    outer loop
      vertex -2.385371 3.180330 18.669345
      vertex -2.238154 3.066678 18.729429
      vertex -2.322189 3.180330 18.769898
    endloop
  endfacet
  facet normal -0.731479 -0.632001 0.255956
    outer loop
      vertex -2.322189 3.180330 18.769898
      vertex -2.238154 3.066678 18.729429
      vertex -2.192033 3.066678 18.861235
    endloop
  endfacet
  facet normal -0.731479 -0.632001 0.255956
    outer loop
      vertex -2.322189 3.180330 18.769898
      vertex -2.192033 3.066678 18.861235
      vertex -2.282966 3.180330 18.881990
    endloop
  endfacet
  facet normal -0.770095 -0.632001 0.086769
    outer loop
      vertex -2.282966 3.180330 18.881990
      vertex -2.192033 3.066678 18.861235
      vertex -2.176398 3.066678 19.000000
    endloop
  endfacet
  facet normal -0.770095 -0.632001 0.086769
    outer loop
      vertex -2.282966 3.180330 18.881990
      vertex -2.176398 3.066678 19.000000
      vertex -2.269670 3.180330 19.000000
    endloop
  endfacet
  facet normal -0.877599 -0.469087 -0.098882
    outer loop
      vertex -2.176398 3.066678 19.000000
      vertex -2.107090 2.937013 19.000000
      vertex -2.124463 2.937013 19.154187
    endloop
  endfacet
  facet normal -0.877599 -0.469087 -0.098882
    outer loop
      vertex -2.176398 3.066678 19.000000
      vertex -2.124463 2.937013 19.154187
      vertex -2.192033 3.066678 19.138765
    endloop
  endfacet
  facet normal -0.833593 -0.469087 -0.291687
    outer loop
      vertex -2.192033 3.066678 19.138765
      vertex -2.124463 2.937013 19.154187
      vertex -2.175710 2.937013 19.300642
    endloop
  endfacet
  facet normal -0.833593 -0.469087 -0.291687
    outer loop
      vertex -2.192033 3.066678 19.138765
      vertex -2.175710 2.937013 19.300642
      vertex -2.238154 3.066678 19.270571
    endloop
  endfacet
  facet normal -0.747786 -0.469087 -0.469865
    outer loop
      vertex -2.238154 3.066678 19.270571
      vertex -2.175710 2.937013 19.300642
      vertex -2.258261 2.937013 19.432022
    endloop
  endfacet
  facet normal -0.747786 -0.469087 -0.469865
    outer loop
      vertex -2.238154 3.066678 19.270571
      vertex -2.258261 2.937013 19.432022
      vertex -2.312448 3.066678 19.388810
    endloop
  endfacet
  facet normal -0.624483 -0.469087 -0.624483
    outer loop
      vertex -2.312448 3.066678 19.388810
      vertex -2.258261 2.937013 19.432022
      vertex -2.367978 2.937013 19.541739
    endloop
  endfacet
  facet normal -0.624483 -0.469087 -0.624483
    outer loop
      vertex -2.312448 3.066678 19.388810
      vertex -2.367978 2.937013 19.541739
      vertex -2.411190 3.066678 19.487552
    endloop
  endfacet
  facet normal -0.469865 -0.469087 -0.747786
    outer loop
      vertex -2.411190 3.066678 19.487552
      vertex -2.367978 2.937013 19.541739
      vertex -2.499358 2.937013 19.624290
    endloop
  endfacet
  facet normal -0.469865 -0.469087 -0.747786
    outer loop
      vertex -2.411190 3.066678 19.487552
      vertex -2.499358 2.937013 19.624290
      vertex -2.529429 3.066678 19.561846
    endloop
  endfacet
  facet normal -0.291687 -0.469087 -0.833593
    outer loop
      vertex -2.529429 3.066678 19.561846
      vertex -2.499358 2.937013 19.624290
      vertex -2.645813 2.937013 19.675537
    endloop
  endfacet
  facet normal -0.291687 -0.469087 -0.833593
    outer loop
      vertex -2.529429 3.066678 19.561846
      vertex -2.645813 2.937013 19.675537
      vertex -2.661235 3.066678 19.607967
    endloop
  endfacet
  facet normal -0.098882 -0.469087 -0.877599
    outer loop
      vertex -2.661235 3.066678 19.607967
      vertex -2.645813 2.937013 19.675537
      vertex -2.800000 2.937013 19.692910
    endloop
  endfacet
  facet normal -0.098882 -0.469087 -0.877599
    outer loop
      vertex -2.661235 3.066678 19.607967
      vertex -2.800000 2.937013 19.692910
      vertex -2.800000 3.066678 19.623602
    endloop
  endfacet
  facet normal 0.098882 -0.469087 -0.877599
    outer loop
      vertex -2.800000 3.066678 19.623602
      vertex -2.800000 2.937013 19.692910
      vertex -2.954187 2.937013 19.675537
    endloop
  endfacet
  facet normal 0.098882 -0.469087 -0.877599
    outer loop
      vertex -2.800000 3.066678 19.623602
      vertex -2.954187 2.937013 19.675537
      vertex -2.938765 3.066678 19.607967
    endloop
  endfacet
  facet normal 0.291687 -0.469087 -0.833593
    outer loop
      vertex -2.938765 3.066678 19.607967
      vertex -2.954187 2.937013 19.675537
      vertex -3.100642 2.937013 19.624290
    endloop
  endfacet
  facet normal 0.291687 -0.469087 -0.833593
    outer loop
      vertex -2.938765 3.066678 19.607967
      vertex -3.100642 2.937013 19.624290
      vertex -3.070571 3.066678 19.561846
    endloop
  endfacet
  facet normal 0.469865 -0.469087 -0.747786
    outer loop
      vertex -3.070571 3.066678 19.561846
      vertex -3.100642 2.937013 19.624290
      vertex -3.232022 2.937013 19.541739
    endloop
  endfacet
  facet normal 0.469865 -0.469087 -0.747786
    outer loop
      vertex -3.070571 3.066678 19.561846
      vertex -3.232022 2.937013 19.541739
      vertex -3.188810 3.066678 19.487552
    endloop
  endfacet
  facet normal 0.624483 -0.469087 -0.624483
    outer loop
      vertex -3.188810 3.066678 19.487552
      vertex -3.232022 2.937013 19.541739
      vertex -3.341739 2.937013 19.432022
    endloop
  endfacet
  facet normal 0.624483 -0.469087 -0.624483
    outer loop
      vertex -3.188810 3.066678 19.487552
      vertex -3.341739 2.937013 19.432022
      vertex -3.287552 3.066678 19.388810
    endloop
  endfacet
  facet normal 0.747786 -0.469087 -0.469865
    outer loop
      vertex -3.287552 3.066678 19.388810
      vertex -3.341739 2.937013 19.432022
      vertex -3.424290 2.937013 19.300642
    endloop
  endfacet
  facet normal 0.747786 -0.469087 -0.469865
    outer loop
      vertex -3.287552 3.066678 19.388810
      vertex -3.424290 2.937013 19.300642
      vertex -3.361846 3.066678 19.270571
    endloop
  endfacet
  facet normal 0.833593 -0.469087 -0.291687
    outer loop
      vertex -3.361846 3.066678 19.270571
      vertex -3.424290 2.937013 19.300642
      vertex -3.475537 2.937013 19.154187
    endloop
  endfacet
  facet normal 0.833593 -0.469087 -0.291687
    outer loop
      vertex -3.361846 3.066678 19.270571
      vertex -3.475537 2.937013 19.154187
      vertex -3.407967 3.066678 19.138765
    endloop
  endfacet
  facet normal 0.877599 -0.469087 -0.098882
    outer loop
      vertex -3.407967 3.066678 19.138765
      vertex -3.475537 2.937013 19.154187
      vertex -3.492910 2.937013 19.000000
    endloop
  endfacet
  facet normal 0.877599 -0.469087 -0.098882
    outer loop
      vertex -3.407967 3.066678 19.138765
      vertex -3.492910 2.937013 19.000000
      vertex -3.423602 3.066678 19.000000
    endloop
  endfacet
  facet normal 0.877599 -0.469087 0.098882
    outer loop
      vertex -3.423602 3.066678 19.000000
      vertex -3.492910 2.937013 19.000000
      vertex -3.475537 2.937013 18.845813
    endloop
  endfacet
  facet normal 0.877599 -0.469087 0.098882
    outer loop
      vertex -3.423602 3.066678 19.000000
      vertex -3.475537 2.937013 18.845813
      vertex -3.407967 3.066678 18.861235
    endloop
  endfacet
  facet normal 0.833593 -0.469087 0.291687
    outer loop
      vertex -3.407967 3.066678 18.861235
      vertex -3.475537 2.937013 18.845813
      vertex -3.424290 2.937013 18.699358
    endloop
  endfacet
  facet normal 0.833593 -0.469087 0.291687
    outer loop
      vertex -3.407967 3.066678 18.861235
      vertex -3.424290 2.937013 18.699358
      vertex -3.361846 3.066678 18.729429
    endloop
  endfacet
  facet normal 0.747786 -0.469087 0.469865
    outer loop
      vertex -3.361846 3.066678 18.729429
      vertex -3.424290 2.937013 18.699358
      vertex -3.341739 2.937013 18.567978
    endloop
  endfacet
  facet normal 0.747786 -0.469087 0.469865
    outer loop
      vertex -3.361846 3.066678 18.729429
      vertex -3.341739 2.937013 18.567978
      vertex -3.287552 3.066678 18.611190
    endloop
  endfacet
  facet normal 0.624483 -0.469087 0.624483
    outer loop
      vertex -3.287552 3.066678 18.611190
      vertex -3.341739 2.937013 18.567978
      vertex -3.232022 2.937013 18.458261
    endloop
  endfacet
  facet normal 0.624483 -0.469087 0.624483
    outer loop
      vertex -3.287552 3.066678 18.611190
      vertex -3.232022 2.937013 18.458261
      vertex -3.188810 3.066678 18.512448
    endloop
  endfacet
  facet normal 0.469865 -0.469087 0.747786
    outer loop
      vertex -3.188810 3.066678 18.512448
      vertex -3.232022 2.937013 18.458261
      vertex -3.100642 2.937013 18.375710
    endloop
  endfacet
  facet normal 0.469865 -0.469087 0.747786
    outer loop
      vertex -3.188810 3.066678 18.512448
      vertex -3.100642 2.937013 18.375710
      vertex -3.070571 3.066678 18.438154
    endloop
  endfacet
  facet normal 0.291687 -0.469087 0.833593
    outer loop
      vertex -3.070571 3.066678 18.438154
      vertex -3.100642 2.937013 18.375710
      vertex -2.954187 2.937013 18.324463
    endloop
  endfacet
  facet normal 0.291687 -0.469087 0.833593
    outer loop
      vertex -3.070571 3.066678 18.438154
      vertex -2.954187 2.937013 18.324463
      vertex -2.938765 3.066678 18.392033
    endloop
  endfacet
  facet normal 0.098882 -0.469087 0.877599
    outer loop
      vertex -2.938765 3.066678 18.392033
      vertex -2.954187 2.937013 18.324463
      vertex -2.800000 2.937013 18.307090
    endloop
  endfacet
  facet normal 0.098882 -0.469087 0.877599
    outer loop
      vertex -2.938765 3.066678 18.392033
      vertex -2.800000 2.937013 18.307090
      vertex -2.800000 3.066678 18.376398
    endloop
  endfacet
  facet normal -0.098882 -0.469087 0.877599
    outer loop
      vertex -2.800000 3.066678 18.376398
      vertex -2.800000 2.937013 18.307090
      vertex -2.645813 2.937013 18.324463
    endloop
  endfacet
  facet normal -0.098882 -0.469087 0.877599
    outer loop
      vertex -2.800000 3.066678 18.376398
      vertex -2.645813 2.937013 18.324463
      vertex -2.661235 3.066678 18.392033
    endloop
  endfacet
  facet normal -0.291687 -0.469087 0.833593
    outer loop
      vertex -2.661235 3.066678 18.392033
      vertex -2.645813 2.937013 18.324463
      vertex -2.499358 2.937013 18.375710
    endloop
  endfacet
  facet normal -0.291687 -0.469087 0.833593
    outer loop
      vertex -2.661235 3.066678 18.392033
      vertex -2.499358 2.937013 18.375710
      vertex -2.529429 3.066678 18.438154
    endloop
  endfacet
  facet normal -0.469865 -0.469087 0.747786
    outer loop
      vertex -2.529429 3.066678 18.438154
      vertex -2.499358 2.937013 18.375710
      vertex -2.367978 2.937013 18.458261
    endloop
  endfacet
  facet normal -0.469865 -0.469087 0.747786
    outer loop
      vertex -2.529429 3.066678 18.438154
      vertex -2.367978 2.937013 18.458261
      vertex -2.411190 3.066678 18.512448
    endloop
  endfacet
  facet normal -0.624483 -0.469087 0.624483
    outer loop
      vertex -2.411190 3.066678 18.512448
      vertex -2.367978 2.937013 18.458261
      vertex -2.258261 2.937013 18.567978
    endloop
  endfacet
  facet normal -0.624483 -0.469087 0.624483
    outer loop
      vertex -2.411190 3.066678 18.512448
      vertex -2.258261 2.937013 18.567978
      vertex -2.312448 3.066678 18.611190
    endloop
  endfacet
  facet normal -0.747786 -0.469087 0.469865
    outer loop
      vertex -2.312448 3.066678 18.611190
      vertex -2.258261 2.937013 18.567978
      vertex -2.175710 2.937013 18.699358
    endloop
  endfacet
  facet normal -0.747786 -0.469087 0.469865
    outer loop
      vertex -2.312448 3.066678 18.611190
      vertex -2.175710 2.937013 18.699358
      vertex -2.238154 3.066678 18.729429
    endloop
  endfacet
  facet normal -0.833593 -0.469087 0.291687
    outer loop
      vertex -2.238154 3.066678 18.729429
      vertex -2.175710 2.937013 18.699358
      vertex -2.124463 2.937013 18.845813
    endloop
  endfacet
  facet normal -0.833593 -0.469087 0.291687
    outer loop
      vertex -2.238154 3.066678 18.729429
      vertex -2.124463 2.937013 18.845813
      vertex -2.192033 3.066678 18.861235
    endloop
  endfacet
  facet normal -0.877599 -0.469087 0.098882
    outer loop
      vertex -2.192033 3.066678 18.861235
      vertex -2.124463 2.937013 18.845813
      vertex -2.107090 2.937013 19.000000
    endloop
  endfacet
  facet normal -0.877599 -0.469087 0.098882
    outer loop
      vertex -2.192033 3.066678 18.861235
      vertex -2.107090 2.937013 19.000000
      vertex -2.176398 3.066678 19.000000
    endloop
  endfacet
  facet normal -0.951426 -0.288612 -0.107200
    outer loop
      vertex -2.107090 2.937013 19.000000
      vertex -2.064411 2.796318 19.000000
      vertex -2.082854 2.796318 19.163684
    endloop
  endfacet
  facet normal -0.951426 -0.288612 -0.107200
    outer loop
      vertex -2.107090 2.937013 19.000000
      vertex -2.082854 2.796318 19.163684
      vertex -2.124463 2.937013 19.154187
    endloop
  endfacet
  facet normal -0.903717 -0.288612 -0.316224
    outer loop
      vertex -2.124463 2.937013 19.154187
      vertex -2.082854 2.796318 19.163684
      vertex -2.137257 2.796318 19.319160
    endloop
  endfacet
  facet normal -0.903717 -0.288612 -0.316224
    outer loop
      vertex -2.124463 2.937013 19.154187
      vertex -2.137257 2.796318 19.319160
      vertex -2.175710 2.937013 19.300642
    endloop
  endfacet
  facet normal -0.810693 -0.288612 -0.509392
    outer loop
      vertex -2.175710 2.937013 19.300642
      vertex -2.137257 2.796318 19.319160
      vertex -2.224893 2.796318 19.458632
    endloop
  endfacet
  facet normal -0.810693 -0.288612 -0.509392
    outer loop
      vertex -2.175710 2.937013 19.300642
      vertex -2.224893 2.796318 19.458632
      vertex -2.258261 2.937013 19.432022
    endloop
  endfacet
  facet normal -0.677017 -0.288612 -0.677017
    outer loop
      vertex -2.258261 2.937013 19.432022
      vertex -2.224893 2.796318 19.458632
      vertex -2.341368 2.796318 19.575107
    endloop
  endfacet
  facet normal -0.677017 -0.288612 -0.677017
    outer loop
      vertex -2.258261 2.937013 19.432022
      vertex -2.341368 2.796318 19.575107
      vertex -2.367978 2.937013 19.541739
    endloop
  endfacet
  facet normal -0.509392 -0.288612 -0.810693
    outer loop
      vertex -2.367978 2.937013 19.541739
      vertex -2.341368 2.796318 19.575107
      vertex -2.480840 2.796318 19.662743
    endloop
  endfacet
  facet normal -0.509392 -0.288612 -0.810693
    outer loop
      vertex -2.367978 2.937013 19.541739
      vertex -2.480840 2.796318 19.662743
      vertex -2.499358 2.937013 19.624290
    endloop
  endfacet
  facet normal -0.316224 -0.288612 -0.903717
    outer loop
      vertex -2.499358 2.937013 19.624290
      vertex -2.480840 2.796318 19.662743
      vertex -2.636316 2.796318 19.717146
    endloop
  endfacet
  facet normal -0.316224 -0.288612 -0.903717
    outer loop
      vertex -2.499358 2.937013 19.624290
      vertex -2.636316 2.796318 19.717146
      vertex -2.645813 2.937013 19.675537
    endloop
  endfacet
  facet normal -0.107200 -0.288612 -0.951426
    outer loop
      vertex -2.645813 2.937013 19.675537
      vertex -2.636316 2.796318 19.717146
      vertex -2.800000 2.796318 19.735589
    endloop
  endfacet
  facet normal -0.107200 -0.288612 -0.951426
    outer loop
      vertex -2.645813 2.937013 19.675537
      vertex -2.800000 2.796318 19.735589
      vertex -2.800000 2.937013 19.692910
    endloop
  endfacet
  facet normal 0.107200 -0.288612 -0.951426
    outer loop
      vertex -2.800000 2.937013 19.692910
      vertex -2.800000 2.796318 19.735589
      vertex -2.963684 2.796318 19.717146
    endloop
  endfacet
  facet normal 0.107200 -0.288612 -0.951426
    outer loop
      vertex -2.800000 2.937013 19.692910
      vertex -2.963684 2.796318 19.717146
      vertex -2.954187 2.937013 19.675537
    endloop
  endfacet
  facet normal 0.316224 -0.288612 -0.903717
    outer loop
      vertex -2.954187 2.937013 19.675537
      vertex -2.963684 2.796318 19.717146
      vertex -3.119160 2.796318 19.662743
    endloop
  endfacet
  facet normal 0.316224 -0.288612 -0.903717
    outer loop
      vertex -2.954187 2.937013 19.675537
      vertex -3.119160 2.796318 19.662743
      vertex -3.100642 2.937013 19.624290
    endloop
  endfacet
  facet normal 0.509392 -0.288612 -0.810693
    outer loop
      vertex -3.100642 2.937013 19.624290
      vertex -3.119160 2.796318 19.662743
      vertex -3.258632 2.796318 19.575107
    endloop
  endfacet
  facet normal 0.509392 -0.288612 -0.810693
    outer loop
      vertex -3.100642 2.937013 19.624290
      vertex -3.258632 2.796318 19.575107
      vertex -3.232022 2.937013 19.541739
    endloop
  endfacet
  facet normal 0.677017 -0.288612 -0.677017
    outer loop
      vertex -3.232022 2.937013 19.541739
      vertex -3.258632 2.796318 19.575107
      vertex -3.375107 2.796318 19.458632
    endloop
  endfacet
  facet normal 0.677017 -0.288612 -0.677017
    outer loop
      vertex -3.232022 2.937013 19.541739
      vertex -3.375107 2.796318 19.458632
      vertex -3.341739 2.937013 19.432022
    endloop
  endfacet
  facet normal 0.810693 -0.288612 -0.509392
    outer loop
      vertex -3.341739 2.937013 19.432022
      vertex -3.375107 2.796318 19.458632
      vertex -3.462743 2.796318 19.319160
    endloop
  endfacet
  facet normal 0.810693 -0.288612 -0.509392
    outer loop
      vertex -3.341739 2.937013 19.432022
      vertex -3.462743 2.796318 19.319160
      vertex -3.424290 2.937013 19.300642
    endloop
  endfacet
  facet normal 0.903717 -0.288612 -0.316224
    outer loop
      vertex -3.424290 2.937013 19.300642
      vertex -3.462743 2.796318 19.319160
      vertex -3.517146 2.796318 19.163684
    endloop
  endfacet
  facet normal 0.903717 -0.288612 -0.316224
    outer loop
      vertex -3.424290 2.937013 19.300642
      vertex -3.517146 2.796318 19.163684
      vertex -3.475537 2.937013 19.154187
    endloop
  endfacet
  facet normal 0.951426 -0.288612 -0.107200
    outer loop
      vertex -3.475537 2.937013 19.154187
      vertex -3.517146 2.796318 19.163684
      vertex -3.535589 2.796318 19.000000
    endloop
  endfacet
  facet normal 0.951426 -0.288612 -0.107200
    outer loop
      vertex -3.475537 2.937013 19.154187
      vertex -3.535589 2.796318 19.000000
      vertex -3.492910 2.937013 19.000000
    endloop
  endfacet
  facet normal 0.951426 -0.288612 0.107200
    outer loop
      vertex -3.492910 2.937013 19.000000
      vertex -3.535589 2.796318 19.000000
      vertex -3.517146 2.796318 18.836316
    endloop
  endfacet
  facet normal 0.951426 -0.288612 0.107200
    outer loop
      vertex -3.492910 2.937013 19.000000
      vertex -3.517146 2.796318 18.836316
      vertex -3.475537 2.937013 18.845813
    endloop
  endfacet
  facet normal 0.903717 -0.288612 0.316224
    outer loop
      vertex -3.475537 2.937013 18.845813
      vertex -3.517146 2.796318 18.836316
      vertex -3.462743 2.796318 18.680840
    endloop
  endfacet
  facet normal 0.903717 -0.288612 0.316224
    outer loop
      vertex -3.475537 2.937013 18.845813
      vertex -3.462743 2.796318 18.680840
      vertex -3.424290 2.937013 18.699358
    endloop
  endfacet
  facet normal 0.810693 -0.288612 0.509392
    outer loop
      vertex -3.424290 2.937013 18.699358
      vertex -3.462743 2.796318 18.680840
      vertex -3.375107 2.796318 18.541368
    endloop
  endfacet
  facet normal 0.810693 -0.288612 0.509392
    outer loop
      vertex -3.424290 2.937013 18.699358
      vertex -3.375107 2.796318 18.541368
      vertex -3.341739 2.937013 18.567978
    endloop
  endfacet
  facet normal 0.677017 -0.288612 0.677017
    outer loop
      vertex -3.341739 2.937013 18.567978
      vertex -3.375107 2.796318 18.541368
      vertex -3.258632 2.796318 18.424893
    endloop
  endfacet
  facet normal 0.677017 -0.288612 0.677017
    outer loop
      vertex -3.341739 2.937013 18.567978
      vertex -3.258632 2.796318 18.424893
      vertex -3.232022 2.937013 18.458261
    endloop
  endfacet
  facet normal 0.509392 -0.288612 0.810693
    outer loop
      vertex -3.232022 2.937013 18.458261
      vertex -3.258632 2.796318 18.424893
      vertex -3.119160 2.796318 18.337257
    endloop
  endfacet
  facet normal 0.509392 -0.288612 0.810693
    outer loop
      vertex -3.232022 2.937013 18.458261
      vertex -3.119160 2.796318 18.337257
      vertex -3.100642 2.937013 18.375710
    endloop
  endfacet
  facet normal 0.316224 -0.288612 0.903717
    outer loop
      vertex -3.100642 2.937013 18.375710
      vertex -3.119160 2.796318 18.337257
      vertex -2.963684 2.796318 18.282854
    endloop
  endfacet
  facet normal 0.316224 -0.288612 0.903717
    outer loop
      vertex -3.100642 2.937013 18.375710
      vertex -2.963684 2.796318 18.282854
      vertex -2.954187 2.937013 18.324463
    endloop
  endfacet
  facet normal 0.107200 -0.288612 0.951426
    outer loop
      vertex -2.954187 2.937013 18.324463
      vertex -2.963684 2.796318 18.282854
      vertex -2.800000 2.796318 18.264411
    endloop
  endfacet
  facet normal 0.107200 -0.288612 0.951426
    outer loop
      vertex -2.954187 2.937013 18.324463
      vertex -2.800000 2.796318 18.264411
      vertex -2.800000 2.937013 18.307090
    endloop
  endfacet
  facet normal -0.107200 -0.288612 0.951426
    outer loop
      vertex -2.800000 2.937013 18.307090
      vertex -2.800000 2.796318 18.264411
      vertex -2.636316 2.796318 18.282854
    endloop
  endfacet
  facet normal -0.107200 -0.288612 0.951426
    outer loop
      vertex -2.800000 2.937013 18.307090
      vertex -2.636316 2.796318 18.282854
      vertex -2.645813 2.937013 18.324463
    endloop
  endfacet
  facet normal -0.316224 -0.288612 0.903717
    outer loop
      vertex -2.645813 2.937013 18.324463
      vertex -2.636316 2.796318 18.282854
      vertex -2.480840 2.796318 18.337257
    endloop
  endfacet
  facet normal -0.316224 -0.288612 0.903717
    outer loop
      vertex -2.645813 2.937013 18.324463
      vertex -2.480840 2.796318 18.337257
      vertex -2.499358 2.937013 18.375710
    endloop
  endfacet
  facet normal -0.509392 -0.288612 0.810693
    outer loop
      vertex -2.499358 2.937013 18.375710
      vertex -2.480840 2.796318 18.337257
      vertex -2.341368 2.796318 18.424893
    endloop
  endfacet
  facet normal -0.509392 -0.288612 0.810693
    outer loop
      vertex -2.499358 2.937013 18.375710
      vertex -2.341368 2.796318 18.424893
      vertex -2.367978 2.937013 18.458261
    endloop
  endfacet
  facet normal -0.677017 -0.288612 0.677017
    outer loop
      vertex -2.367978 2.937013 18.458261
      vertex -2.341368 2.796318 18.424893
      vertex -2.224893 2.796318 18.541368
    endloop
  endfacet
  facet normal -0.677017 -0.288612 0.677017
    outer loop
      vertex -2.367978 2.937013 18.458261
      vertex -2.224893 2.796318 18.541368
      vertex -2.258261 2.937013 18.567978
    endloop
  endfacet
  facet normal -0.810693 -0.288612 0.509392
    outer loop
      vertex -2.258261 2.937013 18.567978
      vertex -2.224893 2.796318 18.541368
      vertex -2.137257 2.796318 18.680840
    endloop
  endfacet
  facet normal -0.810693 -0.288612 0.509392
    outer loop
      vertex -2.258261 2.937013 18.567978
      vertex -2.137257 2.796318 18.680840
      vertex -2.175710 2.937013 18.699358
    endloop
  endfacet
  facet normal -0.903717 -0.288612 0.316224
    outer loop
      vertex -2.175710 2.937013 18.699358
      vertex -2.137257 2.796318 18.680840
      vertex -2.082854 2.796318 18.836316
    endloop
  endfacet
  facet normal -0.903717 -0.288612 0.316224
    outer loop
      vertex -2.175710 2.937013 18.699358
      vertex -2.082854 2.796318 18.836316
      vertex -2.124463 2.937013 18.845813
    endloop
  endfacet
  facet normal -0.951426 -0.288612 0.107200
    outer loop
      vertex -2.124463 2.937013 18.845813
      vertex -2.082854 2.796318 18.836316
      vertex -2.064411 2.796318 19.000000
    endloop
  endfacet
  facet normal -0.951426 -0.288612 0.107200
    outer loop
      vertex -2.124463 2.937013 18.845813
      vertex -2.064411 2.796318 19.000000
      vertex -2.107090 2.937013 19.000000
    endloop
  endfacet
  facet normal -0.988987 -0.097407 -0.111432
    outer loop
      vertex -2.064411 2.796318 19.000000
      vertex -2.050000 2.650000 19.000000
      vertex -2.068804 2.650000 19.166891
    endloop
  endfacet
  facet normal -0.988987 -0.097407 -0.111432
    outer loop
      vertex -2.064411 2.796318 19.000000
      vertex -2.068804 2.650000 19.166891
      vertex -2.082854 2.796318 19.163684
    endloop
  endfacet
  facet normal -0.939395 -0.097407 -0.328708
    outer loop
      vertex -2.082854 2.796318 19.163684
      vertex -2.068804 2.650000 19.166891
      vertex -2.124273 2.650000 19.325413
    endloop
  endfacet
  facet normal -0.939395 -0.097407 -0.328708
    outer loop
      vertex -2.082854 2.796318 19.163684
      vertex -2.124273 2.650000 19.325413
      vertex -2.137257 2.796318 19.319160
    endloop
  endfacet
  facet normal -0.842698 -0.097407 -0.529502
    outer loop
      vertex -2.137257 2.796318 19.319160
      vertex -2.124273 2.650000 19.325413
      vertex -2.213626 2.650000 19.467617
    endloop
  endfacet
  facet normal -0.842698 -0.097407 -0.529502
    outer loop
      vertex -2.137257 2.796318 19.319160
      vertex -2.213626 2.650000 19.467617
      vertex -2.224893 2.796318 19.458632
    endloop
  endfacet
  facet normal -0.703744 -0.097407 -0.703744
    outer loop
      vertex -2.224893 2.796318 19.458632
      vertex -2.213626 2.650000 19.467617
      vertex -2.332383 2.650000 19.586374
    endloop
  endfacet
  facet normal -0.703744 -0.097407 -0.703744
    outer loop
      vertex -2.224893 2.796318 19.458632
      vertex -2.332383 2.650000 19.586374
      vertex -2.341368 2.796318 19.575107
    endloop
  endfacet
  facet normal -0.529502 -0.097407 -0.842698
    outer loop
      vertex -2.341368 2.796318 19.575107
      vertex -2.332383 2.650000 19.586374
      vertex -2.474587 2.650000 19.675727
    endloop
  endfacet
  facet normal -0.529502 -0.097407 -0.842698
    outer loop
      vertex -2.341368 2.796318 19.575107
      vertex -2.474587 2.650000 19.675727
      vertex -2.480840 2.796318 19.662743
    endloop
  endfacet
  facet normal -0.328708 -0.097407 -0.939395
    outer loop
      vertex -2.480840 2.796318 19.662743
      vertex -2.474587 2.650000 19.675727
      vertex -2.633109 2.650000 19.731196
    endloop
  endfacet
  facet normal -0.328708 -0.097407 -0.939395
    outer loop
      vertex -2.480840 2.796318 19.662743
      vertex -2.633109 2.650000 19.731196
      vertex -2.636316 2.796318 19.717146
    endloop
  endfacet
  facet normal -0.111432 -0.097407 -0.988987
    outer loop
      vertex -2.636316 2.796318 19.717146
      vertex -2.633109 2.650000 19.731196
      vertex -2.800000 2.650000 19.750000
    endloop
  endfacet
  facet normal -0.111432 -0.097407 -0.988987
    outer loop
      vertex -2.636316 2.796318 19.717146
      vertex -2.800000 2.650000 19.750000
      vertex -2.800000 2.796318 19.735589
    endloop
  endfacet
  facet normal 0.111432 -0.097407 -0.988987
    outer loop
      vertex -2.800000 2.796318 19.735589
      vertex -2.800000 2.650000 19.750000
      vertex -2.966891 2.650000 19.731196
    endloop
  endfacet
  facet normal 0.111432 -0.097407 -0.988987
    outer loop
      vertex -2.800000 2.796318 19.735589
      vertex -2.966891 2.650000 19.731196
      vertex -2.963684 2.796318 19.717146
    endloop
  endfacet
  facet normal 0.328708 -0.097407 -0.939395
    outer loop
      vertex -2.963684 2.796318 19.717146
      vertex -2.966891 2.650000 19.731196
      vertex -3.125413 2.650000 19.675727
    endloop
  endfacet
  facet normal 0.328708 -0.097407 -0.939395
    outer loop
      vertex -2.963684 2.796318 19.717146
      vertex -3.125413 2.650000 19.675727
      vertex -3.119160 2.796318 19.662743
    endloop
  endfacet
  facet normal 0.529502 -0.097407 -0.842698
    outer loop
      vertex -3.119160 2.796318 19.662743
      vertex -3.125413 2.650000 19.675727
      vertex -3.267617 2.650000 19.586374
    endloop
  endfacet
  facet normal 0.529502 -0.097407 -0.842698
    outer loop
      vertex -3.119160 2.796318 19.662743
      vertex -3.267617 2.650000 19.586374
      vertex -3.258632 2.796318 19.575107
    endloop
  endfacet
  facet normal 0.703744 -0.097407 -0.703744
    outer loop
      vertex -3.258632 2.796318 19.575107
      vertex -3.267617 2.650000 19.586374
      vertex -3.386374 2.650000 19.467617
    endloop
  endfacet
  facet normal 0.703744 -0.097407 -0.703744
    outer loop
      vertex -3.258632 2.796318 19.575107
      vertex -3.386374 2.650000 19.467617
      vertex -3.375107 2.796318 19.458632
    endloop
  endfacet
  facet normal 0.842698 -0.097407 -0.529502
    outer loop
      vertex -3.375107 2.796318 19.458632
      vertex -3.386374 2.650000 19.467617
      vertex -3.475727 2.650000 19.325413
    endloop
  endfacet
  facet normal 0.842698 -0.097407 -0.529502
    outer loop
      vertex -3.375107 2.796318 19.458632
      vertex -3.475727 2.650000 19.325413
      vertex -3.462743 2.796318 19.319160
    endloop
  endfacet
  facet normal 0.939395 -0.097407 -0.328708
    outer loop
      vertex -3.462743 2.796318 19.319160
      vertex -3.475727 2.650000 19.325413
      vertex -3.531196 2.650000 19.166891
    endloop
  endfacet
  facet normal 0.939395 -0.097407 -0.328708
    outer loop
      vertex -3.462743 2.796318 19.319160
      vertex -3.531196 2.650000 19.166891
      vertex -3.517146 2.796318 19.163684
    endloop
  endfacet
  facet normal 0.988987 -0.097407 -0.111432
    outer loop
      vertex -3.517146 2.796318 19.163684
      vertex -3.531196 2.650000 19.166891
      vertex -3.550000 2.650000 19.000000
    endloop
  endfacet
  facet normal 0.988987 -0.097407 -0.111432
    outer loop
      vertex -3.517146 2.796318 19.163684
      vertex -3.550000 2.650000 19.000000
      vertex -3.535589 2.796318 19.000000
    endloop
  endfacet
  facet normal 0.988987 -0.097407 0.111432
    outer loop
      vertex -3.535589 2.796318 19.000000
      vertex -3.550000 2.650000 19.000000
      vertex -3.531196 2.650000 18.833109
    endloop
  endfacet
  facet normal 0.988987 -0.097407 0.111432
    outer loop
      vertex -3.535589 2.796318 19.000000
      vertex -3.531196 2.650000 18.833109
      vertex -3.517146 2.796318 18.836316
    endloop
  endfacet
  facet normal 0.939395 -0.097407 0.328708
    outer loop
      vertex -3.517146 2.796318 18.836316
      vertex -3.531196 2.650000 18.833109
      vertex -3.475727 2.650000 18.674587
    endloop
  endfacet
  facet normal 0.939395 -0.097407 0.328708
    outer loop
      vertex -3.517146 2.796318 18.836316
      vertex -3.475727 2.650000 18.674587
      vertex -3.462743 2.796318 18.680840
    endloop
  endfacet
  facet normal 0.842698 -0.097407 0.529502
    outer loop
      vertex -3.462743 2.796318 18.680840
      vertex -3.475727 2.650000 18.674587
      vertex -3.386374 2.650000 18.532383
    endloop
  endfacet
  facet normal 0.842698 -0.097407 0.529502
    outer loop
      vertex -3.462743 2.796318 18.680840
      vertex -3.386374 2.650000 18.532383
      vertex -3.375107 2.796318 18.541368
    endloop
  endfacet
  facet normal 0.703744 -0.097407 0.703744
    outer loop
      vertex -3.375107 2.796318 18.541368
      vertex -3.386374 2.650000 18.532383
      vertex -3.267617 2.650000 18.413626
    endloop
  endfacet
  facet normal 0.703744 -0.097407 0.703744
    outer loop
      vertex -3.375107 2.796318 18.541368
      vertex -3.267617 2.650000 18.413626
      vertex -3.258632 2.796318 18.424893
    endloop
  endfacet
  facet normal 0.529502 -0.097407 0.842698
    outer loop
      vertex -3.258632 2.796318 18.424893
      vertex -3.267617 2.650000 18.413626
      vertex -3.125413 2.650000 18.324273
    endloop
  endfacet
  facet normal 0.529502 -0.097407 0.842698
    outer loop
      vertex -3.258632 2.796318 18.424893
      vertex -3.125413 2.650000 18.324273
      vertex -3.119160 2.796318 18.337257
    endloop
  endfacet
  facet normal 0.328708 -0.097407 0.939395
    outer loop
      vertex -3.119160 2.796318 18.337257
      vertex -3.125413 2.650000 18.324273
      vertex -2.966891 2.650000 18.268804
    endloop
  endfacet
  facet normal 0.328708 -0.097407 0.939395
    outer loop
      vertex -3.119160 2.796318 18.337257
      vertex -2.966891 2.650000 18.268804
      vertex -2.963684 2.796318 18.282854
    endloop
  endfacet
  facet normal 0.111432 -0.097407 0.988987
    outer loop
      vertex -2.963684 2.796318 18.282854
      vertex -2.966891 2.650000 18.268804
      vertex -2.800000 2.650000 18.250000
    endloop
  endfacet
  facet normal 0.111432 -0.097407 0.988987
    outer loop
      vertex -2.963684 2.796318 18.282854
      vertex -2.800000 2.650000 18.250000
      vertex -2.800000 2.796318 18.264411
    endloop
  endfacet
  facet normal -0.111432 -0.097407 0.988987
    outer loop
      vertex -2.800000 2.796318 18.264411
      vertex -2.800000 2.650000 18.250000
      vertex -2.633109 2.650000 18.268804
    endloop
  endfacet
  facet normal -0.111432 -0.097407 0.988987
    outer loop
      vertex -2.800000 2.796318 18.264411
      vertex -2.633109 2.650000 18.268804
      vertex -2.636316 2.796318 18.282854
    endloop
  endfacet
  facet normal -0.328708 -0.097407 0.939395
    outer loop
      vertex -2.636316 2.796318 18.282854
      vertex -2.633109 2.650000 18.268804
      vertex -2.474587 2.650000 18.324273
    endloop
  endfacet
  facet normal -0.328708 -0.097407 0.939395
    outer loop
      vertex -2.636316 2.796318 18.282854
      vertex -2.474587 2.650000 18.324273
      vertex -2.480840 2.796318 18.337257
    endloop
  endfacet
  facet normal -0.529502 -0.097407 0.842698
    outer loop
      vertex -2.480840 2.796318 18.337257
      vertex -2.474587 2.650000 18.324273
      vertex -2.332383 2.650000 18.413626
    endloop
  endfacet
  facet normal -0.529502 -0.097407 0.842698
    outer loop
      vertex -2.480840 2.796318 18.337257
      vertex -2.332383 2.650000 18.413626
      vertex -2.341368 2.796318 18.424893
    endloop
  endfacet
  facet normal -0.703744 -0.097407 0.703744
    outer loop
      vertex -2.341368 2.796318 18.424893
      vertex -2.332383 2.650000 18.413626
      vertex -2.213626 2.650000 18.532383
    endloop
  endfacet
  facet normal -0.703744 -0.097407 0.703744
    outer loop
      vertex -2.341368 2.796318 18.424893
      vertex -2.213626 2.650000 18.532383
      vertex -2.224893 2.796318 18.541368
    endloop
  endfacet
  facet normal -0.842698 -0.097407 0.529502
    outer loop
      vertex -2.224893 2.796318 18.541368
      vertex -2.213626 2.650000 18.532383
      vertex -2.124273 2.650000 18.674587
    endloop
  endfacet
  facet normal -0.842698 -0.097407 0.529502
    outer loop
      vertex -2.224893 2.796318 18.541368
      vertex -2.124273 2.650000 18.674587
      vertex -2.137257 2.796318 18.680840
    endloop
  endfacet
  facet normal -0.939395 -0.097407 0.328708
    outer loop
      vertex -2.137257 2.796318 18.680840
      vertex -2.124273 2.650000 18.674587
      vertex -2.068804 2.650000 18.833109
    endloop
  endfacet
  facet normal -0.939395 -0.097407 0.328708
    outer loop
      vertex -2.137257 2.796318 18.680840
      vertex -2.068804 2.650000 18.833109
      vertex -2.082854 2.796318 18.836316
    endloop
  endfacet
  facet normal -0.988987 -0.097407 0.111432
    outer loop
      vertex -2.082854 2.796318 18.836316
      vertex -2.068804 2.650000 18.833109
      vertex -2.050000 2.650000 19.000000
    endloop
  endfacet
  facet normal -0.988987 -0.097407 0.111432
    outer loop
      vertex -2.082854 2.796318 18.836316
      vertex -2.050000 2.650000 19.000000
      vertex -2.064411 2.796318 19.000000
    endloop
  endfacet
  facet normal 0.000000 -1.000000 0.000000
    outer loop
      vertex -0.400000 2.650000 19.000000
      vertex 0.305000 2.650000 19.000000
      vertex 0.287324 2.650000 19.156877
    endloop
  endfacet
  facet normal 0.000000 1.000000 0.000000
    outer loop
      vertex -0.400000 1.600000 19.000000
      vertex 0.287324 1.600000 19.156877
      vertex 0.305000 1.600000 19.000000
    endloop
  endfacet
  facet normal -0.993712 0.000000 -0.111964
    outer loop
      vertex 0.305000 1.600000 19.000000
      vertex 0.287324 1.600000 19.156877
      vertex 0.287324 2.650000 19.156877
    endloop
  endfacet
  facet normal -0.993712 0.000000 -0.111964
    outer loop
      vertex 0.305000 1.600000 19.000000
      vertex 0.287324 2.650000 19.156877
      vertex 0.305000 2.650000 19.000000
    endloop
  endfacet
  facet normal 0.000000 -1.000000 0.000000
    outer loop
      vertex -0.400000 2.650000 19.000000
      vertex 0.287324 2.650000 19.156877
      vertex 0.235183 2.650000 19.305888
    endloop
  endfacet
  facet normal 0.000000 1.000000 0.000000
    outer loop
      vertex -0.400000 1.600000 19.000000
      vertex 0.235183 1.600000 19.305888
      vertex 0.287324 1.600000 19.156877
    endloop
  endfacet
  facet normal -0.943883 0.000000 -0.330279
    outer loop
      vertex 0.287324 1.600000 19.156877
      vertex 0.235183 1.600000 19.305888
      vertex 0.235183 2.650000 19.305888
    endloop
  endfacet
  facet normal -0.943883 0.000000 -0.330279
    outer loop
      vertex 0.287324 1.600000 19.156877
      vertex 0.235183 2.650000 19.305888
      vertex 0.287324 2.650000 19.156877
    endloop
  endfacet
  facet normal 0.000000 -1.000000 0.000000
    outer loop
      vertex -0.400000 2.650000 19.000000
      vertex 0.235183 2.650000 19.305888
      vertex 0.151191 2.650000 19.439560
    endloop
  endfacet
  facet normal 0.000000 1.000000 0.000000
    outer loop
      vertex -0.400000 1.600000 19.000000
      vertex 0.151191 1.600000 19.439560
      vertex 0.235183 1.600000 19.305888
    endloop
  endfacet
  facet normal -0.846724 0.000000 -0.532032
    outer loop
      vertex 0.235183 1.600000 19.305888
      vertex 0.151191 1.600000 19.439560
      vertex 0.151191 2.650000 19.439560
    endloop
  endfacet
  facet normal -0.846724 0.000000 -0.532032
    outer loop
      vertex 0.235183 1.600000 19.305888
      vertex 0.151191 2.650000 19.439560
      vertex 0.235183 2.650000 19.305888
    endloop
  endfacet
  facet normal 0.000000 -1.000000 0.000000
    outer loop
      vertex -0.400000 2.650000 19.000000
      vertex 0.151191 2.650000 19.439560
      vertex 0.039560 2.650000 19.551191
    endloop
  endfacet
  facet normal 0.000000 1.000000 0.000000
    outer loop
      vertex -0.400000 1.600000 19.000000
      vertex 0.039560 1.600000 19.551191
      vertex 0.151191 1.600000 19.439560
    endloop
  endfacet
  facet normal -0.707107 0.000000 -0.707107
    outer loop
      vertex 0.151191 1.600000 19.439560
      vertex 0.039560 1.600000 19.551191
      vertex 0.039560 2.650000 19.551191
    endloop
  endfacet
  facet normal -0.707107 0.000000 -0.707107
    outer loop
      vertex 0.151191 1.600000 19.439560
      vertex 0.039560 2.650000 19.551191
      vertex 0.151191 2.650000 19.439560
    endloop
  endfacet
  facet normal 0.000000 -1.000000 0.000000
    outer loop
      vertex -0.400000 2.650000 19.000000
      vertex 0.039560 2.650000 19.551191
      vertex -0.094112 2.650000 19.635183
    endloop
  endfacet
  facet normal 0.000000 1.000000 0.000000
    outer loop
      vertex -0.400000 1.600000 19.000000
      vertex -0.094112 1.600000 19.635183
      vertex 0.039560 1.600000 19.551191
    endloop
  endfacet
  facet normal -0.532032 0.000000 -0.846724
    outer loop
      vertex 0.039560 1.600000 19.551191
      vertex -0.094112 1.600000 19.635183
      vertex -0.094112 2.650000 19.635183
    endloop
  endfacet
  facet normal -0.532032 0.000000 -0.846724
    outer loop
      vertex 0.039560 1.600000 19.551191
      vertex -0.094112 2.650000 19.635183
      vertex 0.039560 2.650000 19.551191
    endloop
  endfacet
  facet normal 0.000000 -1.000000 0.000000
    outer loop
      vertex -0.400000 2.650000 19.000000
      vertex -0.094112 2.650000 19.635183
      vertex -0.243123 2.650000 19.687324
    endloop
  endfacet
  facet normal 0.000000 1.000000 0.000000
    outer loop
      vertex -0.400000 1.600000 19.000000
      vertex -0.243123 1.600000 19.687324
      vertex -0.094112 1.600000 19.635183
    endloop
  endfacet
  facet normal -0.330279 0.000000 -0.943883
    outer loop
      vertex -0.094112 1.600000 19.635183
      vertex -0.243123 1.600000 19.687324
      vertex -0.243123 2.650000 19.687324
    endloop
  endfacet
  facet normal -0.330279 0.000000 -0.943883
    outer loop
      vertex -0.094112 1.600000 19.635183
      vertex -0.243123 2.650000 19.687324
      vertex -0.094112 2.650000 19.635183
    endloop
  endfacet
  facet normal 0.000000 -1.000000 0.000000
    outer loop
      vertex -0.400000 2.650000 19.000000
      vertex -0.243123 2.650000 19.687324
      vertex -0.400000 2.650000 19.705000
    endloop
  endfacet
  facet normal 0.000000 1.000000 0.000000
    outer loop
      vertex -0.400000 1.600000 19.000000
      vertex -0.400000 1.600000 19.705000
      vertex -0.243123 1.600000 19.687324
    endloop
  endfacet
  facet normal -0.111964 0.000000 -0.993712
    outer loop
      vertex -0.243123 1.600000 19.687324
      vertex -0.400000 1.600000 19.705000
      vertex -0.400000 2.650000 19.705000
    endloop
  endfacet
  facet normal -0.111964 0.000000 -0.993712
    outer loop
      vertex -0.243123 1.600000 19.687324
      vertex -0.400000 2.650000 19.705000
      vertex -0.243123 2.650000 19.687324
    endloop
  endfacet
  facet normal 0.000000 -1.000000 0.000000
    outer loop
      vertex -0.400000 2.650000 19.000000
      vertex -0.400000 2.650000 19.705000
      vertex -0.556877 2.650000 19.687324
    endloop
  endfacet
  facet normal 0.000000 1.000000 0.000000
    outer loop
      vertex -0.400000 1.600000 19.000000
      vertex -0.556877 1.600000 19.687324
      vertex -0.400000 1.600000 19.705000
    endloop
  endfacet
  facet normal 0.111964 0.000000 -0.993712
    outer loop
      vertex -0.400000 1.600000 19.705000
      vertex -0.556877 1.600000 19.687324
      vertex -0.556877 2.650000 19.687324
    endloop
  endfacet
  facet normal 0.111964 0.000000 -0.993712
    outer loop
      vertex -0.400000 1.600000 19.705000
      vertex -0.556877 2.650000 19.687324
      vertex -0.400000 2.650000 19.705000
    endloop
  endfacet
  facet normal 0.000000 -1.000000 0.000000
    outer loop
      vertex -0.400000 2.650000 19.000000
      vertex -0.556877 2.650000 19.687324
      vertex -0.705888 2.650000 19.635183
    endloop
  endfacet
  facet normal 0.000000 1.000000 0.000000
    outer loop
      vertex -0.400000 1.600000 19.000000
      vertex -0.705888 1.600000 19.635183
      vertex -0.556877 1.600000 19.687324
    endloop
  endfacet
  facet normal 0.330279 0.000000 -0.943883
    outer loop
      vertex -0.556877 1.600000 19.687324
      vertex -0.705888 1.600000 19.635183
      vertex -0.705888 2.650000 19.635183
    endloop
  endfacet
  facet normal 0.330279 0.000000 -0.943883
    outer loop
      vertex -0.556877 1.600000 19.687324
      vertex -0.705888 2.650000 19.635183
      vertex -0.556877 2.650000 19.687324
    endloop
  endfacet
  facet normal 0.000000 -1.000000 0.000000
    outer loop
      vertex -0.400000 2.650000 19.000000
      vertex -0.705888 2.650000 19.635183
      vertex -0.839560 2.650000 19.551191
    endloop
  endfacet
  facet normal 0.000000 1.000000 0.000000
    outer loop
      vertex -0.400000 1.600000 19.000000
      vertex -0.839560 1.600000 19.551191
      vertex -0.705888 1.600000 19.635183
    endloop
  endfacet
  facet normal 0.532032 0.000000 -0.846724
    outer loop
      vertex -0.705888 1.600000 19.635183
      vertex -0.839560 1.600000 19.551191
      vertex -0.839560 2.650000 19.551191
    endloop
  endfacet
  facet normal 0.532032 0.000000 -0.846724
    outer loop
      vertex -0.705888 1.600000 19.635183
      vertex -0.839560 2.650000 19.551191
      vertex -0.705888 2.650000 19.635183
    endloop
  endfacet
  facet normal 0.000000 -1.000000 0.000000
    outer loop
      vertex -0.400000 2.650000 19.000000
      vertex -0.839560 2.650000 19.551191
      vertex -0.951191 2.650000 19.439560
    endloop
  endfacet
  facet normal 0.000000 1.000000 0.000000
    outer loop
      vertex -0.400000 1.600000 19.000000
      vertex -0.951191 1.600000 19.439560
      vertex -0.839560 1.600000 19.551191
    endloop
  endfacet
  facet normal 0.707107 0.000000 -0.707107
    outer loop
      vertex -0.839560 1.600000 19.551191
      vertex -0.951191 1.600000 19.439560
      vertex -0.951191 2.650000 19.439560
    endloop
  endfacet
  facet normal 0.707107 0.000000 -0.707107
    outer loop
      vertex -0.839560 1.600000 19.551191
      vertex -0.951191 2.650000 19.439560
      vertex -0.839560 2.650000 19.551191
    endloop
  endfacet
  facet normal 0.000000 -1.000000 0.000000
    outer loop
      vertex -0.400000 2.650000 19.000000
      vertex -0.951191 2.650000 19.439560
      vertex -1.035183 2.650000 19.305888
    endloop
  endfacet
  facet normal 0.000000 1.000000 0.000000
    outer loop
      vertex -0.400000 1.600000 19.000000
      vertex -1.035183 1.600000 19.305888
      vertex -0.951191 1.600000 19.439560
    endloop
  endfacet
  facet normal 0.846724 0.000000 -0.532032
    outer loop
      vertex -0.951191 1.600000 19.439560
      vertex -1.035183 1.600000 19.305888
      vertex -1.035183 2.650000 19.305888
    endloop
  endfacet
  facet normal 0.846724 0.000000 -0.532032
    outer loop
      vertex -0.951191 1.600000 19.439560
      vertex -1.035183 2.650000 19.305888
      vertex -0.951191 2.650000 19.439560
    endloop
  endfacet
  facet normal 0.000000 -1.000000 0.000000
    outer loop
      vertex -0.400000 2.650000 19.000000
      vertex -1.035183 2.650000 19.305888
      vertex -1.087324 2.650000 19.156877
    endloop
  endfacet
  facet normal 0.000000 1.000000 0.000000
    outer loop
      vertex -0.400000 1.600000 19.000000
      vertex -1.087324 1.600000 19.156877
      vertex -1.035183 1.600000 19.305888
    endloop
  endfacet
  facet normal 0.943883 0.000000 -0.330279
    outer loop
      vertex -1.035183 1.600000 19.305888
      vertex -1.087324 1.600000 19.156877
      vertex -1.087324 2.650000 19.156877
    endloop
  endfacet
  facet normal 0.943883 0.000000 -0.330279
    outer loop
      vertex -1.035183 1.600000 19.305888
      vertex -1.087324 2.650000 19.156877
      vertex -1.035183 2.650000 19.305888
    endloop
  endfacet
  facet normal 0.000000 -1.000000 0.000000
    outer loop
      vertex -0.400000 2.650000 19.000000
      vertex -1.087324 2.650000 19.156877
      vertex -1.105000 2.650000 19.000000
    endloop
  endfacet
  facet normal 0.000000 1.000000 0.000000
    outer loop
      vertex -0.400000 1.600000 19.000000
      vertex -1.105000 1.600000 19.000000
      vertex -1.087324 1.600000 19.156877
    endloop
  endfacet
  facet normal 0.993712 0.000000 -0.111964
    outer loop
      vertex -1.087324 1.600000 19.156877
      vertex -1.105000 1.600000 19.000000
      vertex -1.105000 2.650000 19.000000
    endloop
  endfacet
  facet normal 0.993712 0.000000 -0.111964
    outer loop
      vertex -1.087324 1.600000 19.156877
      vertex -1.105000 2.650000 19.000000
      vertex -1.087324 2.650000 19.156877
    endloop
  endfacet
  facet normal 0.000000 -1.000000 0.000000
    outer loop
      vertex -0.400000 2.650000 19.000000
      vertex -1.105000 2.650000 19.000000
      vertex -1.087324 2.650000 18.843123
    endloop
  endfacet
  facet normal 0.000000 1.000000 0.000000
    outer loop
      vertex -0.400000 1.600000 19.000000
      vertex -1.087324 1.600000 18.843123
      vertex -1.105000 1.600000 19.000000
    endloop
  endfacet
  facet normal 0.993712 0.000000 0.111964
    outer loop
      vertex -1.105000 1.600000 19.000000
      vertex -1.087324 1.600000 18.843123
      vertex -1.087324 2.650000 18.843123
    endloop
  endfacet
  facet normal 0.993712 0.000000 0.111964
    outer loop
      vertex -1.105000 1.600000 19.000000
      vertex -1.087324 2.650000 18.843123
      vertex -1.105000 2.650000 19.000000
    endloop
  endfacet
  facet normal 0.000000 -1.000000 0.000000
    outer loop
      vertex -0.400000 2.650000 19.000000
      vertex -1.087324 2.650000 18.843123
      vertex -1.035183 2.650000 18.694112
    endloop
  endfacet
  facet normal 0.000000 1.000000 0.000000
    outer loop
      vertex -0.400000 1.600000 19.000000
      vertex -1.035183 1.600000 18.694112
      vertex -1.087324 1.600000 18.843123
    endloop
  endfacet
  facet normal 0.943883 0.000000 0.330279
    outer loop
      vertex -1.087324 1.600000 18.843123
      vertex -1.035183 1.600000 18.694112
      vertex -1.035183 2.650000 18.694112
    endloop
  endfacet
  facet normal 0.943883 0.000000 0.330279
    outer loop
      vertex -1.087324 1.600000 18.843123
      vertex -1.035183 2.650000 18.694112
      vertex -1.087324 2.650000 18.843123
    endloop
  endfacet
  facet normal 0.000000 -1.000000 0.000000
    outer loop
      vertex -0.400000 2.650000 19.000000
      vertex -1.035183 2.650000 18.694112
      vertex -0.951191 2.650000 18.560440
    endloop
  endfacet
  facet normal 0.000000 1.000000 0.000000
    outer loop
      vertex -0.400000 1.600000 19.000000
      vertex -0.951191 1.600000 18.560440
      vertex -1.035183 1.600000 18.694112
    endloop
  endfacet
  facet normal 0.846724 0.000000 0.532032
    outer loop
      vertex -1.035183 1.600000 18.694112
      vertex -0.951191 1.600000 18.560440
      vertex -0.951191 2.650000 18.560440
    endloop
  endfacet
  facet normal 0.846724 0.000000 0.532032
    outer loop
      vertex -1.035183 1.600000 18.694112
      vertex -0.951191 2.650000 18.560440
      vertex -1.035183 2.650000 18.694112
    endloop
  endfacet
  facet normal 0.000000 -1.000000 0.000000
    outer loop
      vertex -0.400000 2.650000 19.000000
      vertex -0.951191 2.650000 18.560440
      vertex -0.839560 2.650000 18.448809
    endloop
  endfacet
  facet normal 0.000000 1.000000 0.000000
    outer loop
      vertex -0.400000 1.600000 19.000000
      vertex -0.839560 1.600000 18.448809
      vertex -0.951191 1.600000 18.560440
    endloop
  endfacet
  facet normal 0.707107 0.000000 0.707107
    outer loop
      vertex -0.951191 1.600000 18.560440
      vertex -0.839560 1.600000 18.448809
      vertex -0.839560 2.650000 18.448809
    endloop
  endfacet
  facet normal 0.707107 0.000000 0.707107
    outer loop
      vertex -0.951191 1.600000 18.560440
      vertex -0.839560 2.650000 18.448809
      vertex -0.951191 2.650000 18.560440
    endloop
  endfacet
  facet normal 0.000000 -1.000000 0.000000
    outer loop
      vertex -0.400000 2.650000 19.000000
      vertex -0.839560 2.650000 18.448809
      vertex -0.705888 2.650000 18.364817
    endloop
  endfacet
  facet normal 0.000000 1.000000 0.000000
    outer loop
      vertex -0.400000 1.600000 19.000000
      vertex -0.705888 1.600000 18.364817
      vertex -0.839560 1.600000 18.448809
    endloop
  endfacet
  facet normal 0.532032 0.000000 0.846724
    outer loop
      vertex -0.839560 1.600000 18.448809
      vertex -0.705888 1.600000 18.364817
      vertex -0.705888 2.650000 18.364817
    endloop
  endfacet
  facet normal 0.532032 0.000000 0.846724
    outer loop
      vertex -0.839560 1.600000 18.448809
      vertex -0.705888 2.650000 18.364817
      vertex -0.839560 2.650000 18.448809
    endloop
  endfacet
  facet normal 0.000000 -1.000000 0.000000
    outer loop
      vertex -0.400000 2.650000 19.000000
      vertex -0.705888 2.650000 18.364817
      vertex -0.556877 2.650000 18.312676
    endloop
  endfacet
  facet normal 0.000000 1.000000 0.000000
    outer loop
      vertex -0.400000 1.600000 19.000000
      vertex -0.556877 1.600000 18.312676
      vertex -0.705888 1.600000 18.364817
    endloop
  endfacet
  facet normal 0.330279 0.000000 0.943883
    outer loop
      vertex -0.705888 1.600000 18.364817
      vertex -0.556877 1.600000 18.312676
      vertex -0.556877 2.650000 18.312676
    endloop
  endfacet
  facet normal 0.330279 0.000000 0.943883
    outer loop
      vertex -0.705888 1.600000 18.364817
      vertex -0.556877 2.650000 18.312676
      vertex -0.705888 2.650000 18.364817
    endloop
  endfacet
  facet normal 0.000000 -1.000000 0.000000
    outer loop
      vertex -0.400000 2.650000 19.000000
      vertex -0.556877 2.650000 18.312676
      vertex -0.400000 2.650000 18.295000
    endloop
  endfacet
  facet normal 0.000000 1.000000 0.000000
    outer loop
      vertex -0.400000 1.600000 19.000000
      vertex -0.400000 1.600000 18.295000
      vertex -0.556877 1.600000 18.312676
    endloop
  endfacet
  facet normal 0.111964 0.000000 0.993712
    outer loop
      vertex -0.556877 1.600000 18.312676
      vertex -0.400000 1.600000 18.295000
      vertex -0.400000 2.650000 18.295000
    endloop
  endfacet
  facet normal 0.111964 0.000000 0.993712
    outer loop
      vertex -0.556877 1.600000 18.312676
      vertex -0.400000 2.650000 18.295000
      vertex -0.556877 2.650000 18.312676
    endloop
  endfacet
  facet normal 0.000000 -1.000000 0.000000
    outer loop
      vertex -0.400000 2.650000 19.000000
      vertex -0.400000 2.650000 18.295000
      vertex -0.243123 2.650000 18.312676
    endloop
  endfacet
  facet normal 0.000000 1.000000 0.000000
    outer loop
      vertex -0.400000 1.600000 19.000000
      vertex -0.243123 1.600000 18.312676
      vertex -0.400000 1.600000 18.295000
    endloop
  endfacet
  facet normal -0.111964 0.000000 0.993712
    outer loop
      vertex -0.400000 1.600000 18.295000
      vertex -0.243123 1.600000 18.312676
      vertex -0.243123 2.650000 18.312676
    endloop
  endfacet
  facet normal -0.111964 0.000000 0.993712
    outer loop
      vertex -0.400000 1.600000 18.295000
      vertex -0.243123 2.650000 18.312676
      vertex -0.400000 2.650000 18.295000
    endloop
  endfacet
  facet normal 0.000000 -1.000000 0.000000
    outer loop
      vertex -0.400000 2.650000 19.000000
      vertex -0.243123 2.650000 18.312676
      vertex -0.094112 2.650000 18.364817
    endloop
  endfacet
  facet normal 0.000000 1.000000 0.000000
    outer loop
      vertex -0.400000 1.600000 19.000000
      vertex -0.094112 1.600000 18.364817
      vertex -0.243123 1.600000 18.312676
    endloop
  endfacet
  facet normal -0.330279 0.000000 0.943883
    outer loop
      vertex -0.243123 1.600000 18.312676
      vertex -0.094112 1.600000 18.364817
      vertex -0.094112 2.650000 18.364817
    endloop
  endfacet
  facet normal -0.330279 0.000000 0.943883
    outer loop
      vertex -0.243123 1.600000 18.312676
      vertex -0.094112 2.650000 18.364817
      vertex -0.243123 2.650000 18.312676
    endloop
  endfacet
  facet normal 0.000000 -1.000000 0.000000
    outer loop
      vertex -0.400000 2.650000 19.000000
      vertex -0.094112 2.650000 18.364817
      vertex 0.039560 2.650000 18.448809
    endloop
  endfacet
  facet normal 0.000000 1.000000 0.000000
    outer loop
      vertex -0.400000 1.600000 19.000000
      vertex 0.039560 1.600000 18.448809
      vertex -0.094112 1.600000 18.364817
    endloop
  endfacet
  facet normal -0.532032 0.000000 0.846724
    outer loop
      vertex -0.094112 1.600000 18.364817
      vertex 0.039560 1.600000 18.448809
      vertex 0.039560 2.650000 18.448809
    endloop
  endfacet
  facet normal -0.532032 0.000000 0.846724
    outer loop
      vertex -0.094112 1.600000 18.364817
      vertex 0.039560 2.650000 18.448809
      vertex -0.094112 2.650000 18.364817
    endloop
  endfacet
  facet normal 0.000000 -1.000000 0.000000
    outer loop
      vertex -0.400000 2.650000 19.000000
      vertex 0.039560 2.650000 18.448809
      vertex 0.151191 2.650000 18.560440
    endloop
  endfacet
  facet normal 0.000000 1.000000 0.000000
    outer loop
      vertex -0.400000 1.600000 19.000000
      vertex 0.151191 1.600000 18.560440
      vertex 0.039560 1.600000 18.448809
    endloop
  endfacet
  facet normal -0.707107 0.000000 0.707107
    outer loop
      vertex 0.039560 1.600000 18.448809
      vertex 0.151191 1.600000 18.560440
      vertex 0.151191 2.650000 18.560440
    endloop
  endfacet
  facet normal -0.707107 0.000000 0.707107
    outer loop
      vertex 0.039560 1.600000 18.448809
      vertex 0.151191 2.650000 18.560440
      vertex 0.039560 2.650000 18.448809
    endloop
  endfacet
  facet normal 0.000000 -1.000000 0.000000
    outer loop
      vertex -0.400000 2.650000 19.000000
      vertex 0.151191 2.650000 18.560440
      vertex 0.235183 2.650000 18.694112
    endloop
  endfacet
  facet normal 0.000000 1.000000 0.000000
    outer loop
      vertex -0.400000 1.600000 19.000000
      vertex 0.235183 1.600000 18.694112
      vertex 0.151191 1.600000 18.560440
    endloop
  endfacet
  facet normal -0.846724 0.000000 0.532032
    outer loop
      vertex 0.151191 1.600000 18.560440
      vertex 0.235183 1.600000 18.694112
      vertex 0.235183 2.650000 18.694112
    endloop
  endfacet
  facet normal -0.846724 0.000000 0.532032
    outer loop
      vertex 0.151191 1.600000 18.560440
      vertex 0.235183 2.650000 18.694112
      vertex 0.151191 2.650000 18.560440
    endloop
  endfacet
  facet normal 0.000000 -1.000000 0.000000
    outer loop
      vertex -0.400000 2.650000 19.000000
      vertex 0.235183 2.650000 18.694112
      vertex 0.287324 2.650000 18.843123
    endloop
  endfacet
  facet normal 0.000000 1.000000 0.000000
    outer loop
      vertex -0.400000 1.600000 19.000000
      vertex 0.287324 1.600000 18.843123
      vertex 0.235183 1.600000 18.694112
    endloop
  endfacet
  facet normal -0.943883 0.000000 0.330279
    outer loop
      vertex 0.235183 1.600000 18.694112
      vertex 0.287324 1.600000 18.843123
      vertex 0.287324 2.650000 18.843123
    endloop
  endfacet
  facet normal -0.943883 0.000000 0.330279
    outer loop
      vertex 0.235183 1.600000 18.694112
      vertex 0.287324 2.650000 18.843123
      vertex 0.235183 2.650000 18.694112
    endloop
  endfacet
  facet normal 0.000000 -1.000000 0.000000
    outer loop
      vertex -0.400000 2.650000 19.000000
      vertex 0.287324 2.650000 18.843123
      vertex 0.305000 2.650000 19.000000
    endloop
  endfacet
  facet normal 0.000000 1.000000 0.000000
    outer loop
      vertex -0.400000 1.600000 19.000000
      vertex 0.305000 1.600000 19.000000
      vertex 0.287324 1.600000 18.843123
    endloop
  endfacet
  facet normal -0.993712 0.000000 0.111964
    outer loop
      vertex 0.287324 1.600000 18.843123
      vertex 0.305000 1.600000 19.000000
      vertex 0.305000 2.650000 19.000000
    endloop
  endfacet
  facet normal -0.993712 0.000000 0.111964
    outer loop
      vertex 0.287324 1.600000 18.843123
      vertex 0.305000 2.650000 19.000000
      vertex 0.287324 2.650000 18.843123
    endloop
  endfacet
  facet normal -0.098011 -0.995124 -0.011043
    outer loop
      vertex -0.400000 3.400000 19.000000
      vertex -0.253682 3.385589 19.000000
      vertex -0.257351 3.385589 19.032559
    endloop
  endfacet
  facet normal -0.093096 -0.995124 -0.032576
    outer loop
      vertex -0.400000 3.400000 19.000000
      vertex -0.257351 3.385589 19.032559
      vertex -0.268172 3.385589 19.063485
    endloop
  endfacet
  facet normal -0.083514 -0.995124 -0.052475
    outer loop
      vertex -0.400000 3.400000 19.000000
      vertex -0.268172 3.385589 19.063485
      vertex -0.285604 3.385589 19.091228
    endloop
  endfacet
  facet normal -0.069743 -0.995124 -0.069743
    outer loop
      vertex -0.400000 3.400000 19.000000
      vertex -0.285604 3.385589 19.091228
      vertex -0.308772 3.385589 19.114396
    endloop
  endfacet
  facet normal -0.052475 -0.995124 -0.083514
    outer loop
      vertex -0.400000 3.400000 19.000000
      vertex -0.308772 3.385589 19.114396
      vertex -0.336515 3.385589 19.131828
    endloop
  endfacet
  facet normal -0.032576 -0.995124 -0.093096
    outer loop
      vertex -0.400000 3.400000 19.000000
      vertex -0.336515 3.385589 19.131828
      vertex -0.367441 3.385589 19.142649
    endloop
  endfacet
  facet normal -0.011043 -0.995124 -0.098011
    outer loop
      vertex -0.400000 3.400000 19.000000
      vertex -0.367441 3.385589 19.142649
      vertex -0.400000 3.385589 19.146318
    endloop
  endfacet
  facet normal 0.011043 -0.995124 -0.098011
    outer loop
      vertex -0.400000 3.400000 19.000000
      vertex -0.400000 3.385589 19.146318
      vertex -0.432559 3.385589 19.142649
    endloop
  endfacet
  facet normal 0.032576 -0.995124 -0.093096
    outer loop
      vertex -0.400000 3.400000 19.000000
      vertex -0.432559 3.385589 19.142649
      vertex -0.463485 3.385589 19.131828
    endloop
  endfacet
  facet normal 0.052475 -0.995124 -0.083514
    outer loop
      vertex -0.400000 3.400000 19.000000
      vertex -0.463485 3.385589 19.131828
      vertex -0.491228 3.385589 19.114396
    endloop
  endfacet
  facet normal 0.069743 -0.995124 -0.069743
    outer loop
      vertex -0.400000 3.400000 19.000000
      vertex -0.491228 3.385589 19.114396
      vertex -0.514396 3.385589 19.091228
    endloop
  endfacet
  facet normal 0.083514 -0.995124 -0.052475
    outer loop
      vertex -0.400000 3.400000 19.000000
      vertex -0.514396 3.385589 19.091228
      vertex -0.531828 3.385589 19.063485
    endloop
  endfacet
  facet normal 0.093096 -0.995124 -0.032576
    outer loop
      vertex -0.400000 3.400000 19.000000
      vertex -0.531828 3.385589 19.063485
      vertex -0.542649 3.385589 19.032559
    endloop
  endfacet
  facet normal 0.098011 -0.995124 -0.011043
    outer loop
      vertex -0.400000 3.400000 19.000000
      vertex -0.542649 3.385589 19.032559
      vertex -0.546318 3.385589 19.000000
    endloop
  endfacet
  facet normal 0.098011 -0.995124 0.011043
    outer loop
      vertex -0.400000 3.400000 19.000000
      vertex -0.546318 3.385589 19.000000
      vertex -0.542649 3.385589 18.967441
    endloop
  endfacet
  facet normal 0.093096 -0.995124 0.032576
    outer loop
      vertex -0.400000 3.400000 19.000000
      vertex -0.542649 3.385589 18.967441
      vertex -0.531828 3.385589 18.936515
    endloop
  endfacet
  facet normal 0.083514 -0.995124 0.052475
    outer loop
      vertex -0.400000 3.400000 19.000000
      vertex -0.531828 3.385589 18.936515
      vertex -0.514396 3.385589 18.908772
    endloop
  endfacet
  facet normal 0.069743 -0.995124 0.069743
    outer loop
      vertex -0.400000 3.400000 19.000000
      vertex -0.514396 3.385589 18.908772
      vertex -0.491228 3.385589 18.885604
    endloop
  endfacet
  facet normal 0.052475 -0.995124 0.083514
    outer loop
      vertex -0.400000 3.400000 19.000000
      vertex -0.491228 3.385589 18.885604
      vertex -0.463485 3.385589 18.868172
    endloop
  endfacet
  facet normal 0.032576 -0.995124 0.093096
    outer loop
      vertex -0.400000 3.400000 19.000000
      vertex -0.463485 3.385589 18.868172
      vertex -0.432559 3.385589 18.857351
    endloop
  endfacet
  facet normal 0.011043 -0.995124 0.098011
    outer loop
      vertex -0.400000 3.400000 19.000000
      vertex -0.432559 3.385589 18.857351
      vertex -0.400000 3.385589 18.853682
    endloop
  endfacet
  facet normal -0.011043 -0.995124 0.098011
    outer loop
      vertex -0.400000 3.400000 19.000000
      vertex -0.400000 3.385589 18.853682
      vertex -0.367441 3.385589 18.857351
    endloop
  endfacet
  facet normal -0.032576 -0.995124 0.093096
    outer loop
      vertex -0.400000 3.400000 19.000000
      vertex -0.367441 3.385589 18.857351
      vertex -0.336515 3.385589 18.868172
    endloop
  endfacet
  facet normal -0.052475 -0.995124 0.083514
    outer loop
      vertex -0.400000 3.400000 19.000000
      vertex -0.336515 3.385589 18.868172
      vertex -0.308772 3.385589 18.885604
    endloop
  endfacet
  facet normal -0.069743 -0.995124 0.069743
    outer loop
      vertex -0.400000 3.400000 19.000000
      vertex -0.308772 3.385589 18.885604
      vertex -0.285604 3.385589 18.908772
    endloop
  endfacet
  facet normal -0.083514 -0.995124 0.052475
    outer loop
      vertex -0.400000 3.400000 19.000000
      vertex -0.285604 3.385589 18.908772
      vertex -0.268172 3.385589 18.936515
    endloop
  endfacet
  facet normal -0.093096 -0.995124 0.032576
    outer loop
      vertex -0.400000 3.400000 19.000000
      vertex -0.268172 3.385589 18.936515
      vertex -0.257351 3.385589 18.967441
    endloop
  endfacet
  facet normal -0.098011 -0.995124 0.011043
    outer loop
      vertex -0.400000 3.400000 19.000000
      vertex -0.257351 3.385589 18.967441
      vertex -0.253682 3.385589 19.000000
    endloop
  endfacet
  facet normal -0.290130 -0.956429 -0.032690
    outer loop
      vertex -0.253682 3.385589 19.000000
      vertex -0.112987 3.342910 19.000000
      vertex -0.120183 3.342910 19.063866
    endloop
  endfacet
  facet normal -0.290130 -0.956429 -0.032690
    outer loop
      vertex -0.253682 3.385589 19.000000
      vertex -0.120183 3.342910 19.063866
      vertex -0.257351 3.385589 19.032559
    endloop
  endfacet
  facet normal -0.275581 -0.956429 -0.096430
    outer loop
      vertex -0.257351 3.385589 19.032559
      vertex -0.120183 3.342910 19.063866
      vertex -0.141411 3.342910 19.124530
    endloop
  endfacet
  facet normal -0.275581 -0.956429 -0.096430
    outer loop
      vertex -0.257351 3.385589 19.032559
      vertex -0.141411 3.342910 19.124530
      vertex -0.268172 3.385589 19.063485
    endloop
  endfacet
  facet normal -0.247214 -0.956429 -0.155335
    outer loop
      vertex -0.268172 3.385589 19.063485
      vertex -0.141411 3.342910 19.124530
      vertex -0.175605 3.342910 19.178949
    endloop
  endfacet
  facet normal -0.247214 -0.956429 -0.155335
    outer loop
      vertex -0.268172 3.385589 19.063485
      vertex -0.175605 3.342910 19.178949
      vertex -0.285604 3.385589 19.091228
    endloop
  endfacet
  facet normal -0.206451 -0.956429 -0.206451
    outer loop
      vertex -0.285604 3.385589 19.091228
      vertex -0.175605 3.342910 19.178949
      vertex -0.221051 3.342910 19.224395
    endloop
  endfacet
  facet normal -0.206451 -0.956429 -0.206451
    outer loop
      vertex -0.285604 3.385589 19.091228
      vertex -0.221051 3.342910 19.224395
      vertex -0.308772 3.385589 19.114396
    endloop
  endfacet
  facet normal -0.155335 -0.956429 -0.247214
    outer loop
      vertex -0.308772 3.385589 19.114396
      vertex -0.221051 3.342910 19.224395
      vertex -0.275470 3.342910 19.258589
    endloop
  endfacet
  facet normal -0.155335 -0.956429 -0.247214
    outer loop
      vertex -0.308772 3.385589 19.114396
      vertex -0.275470 3.342910 19.258589
      vertex -0.336515 3.385589 19.131828
    endloop
  endfacet
  facet normal -0.096430 -0.956429 -0.275581
    outer loop
      vertex -0.336515 3.385589 19.131828
      vertex -0.275470 3.342910 19.258589
      vertex -0.336134 3.342910 19.279817
    endloop
  endfacet
  facet normal -0.096430 -0.956429 -0.275581
    outer loop
      vertex -0.336515 3.385589 19.131828
      vertex -0.336134 3.342910 19.279817
      vertex -0.367441 3.385589 19.142649
    endloop
  endfacet
  facet normal -0.032690 -0.956429 -0.290130
    outer loop
      vertex -0.367441 3.385589 19.142649
      vertex -0.336134 3.342910 19.279817
      vertex -0.400000 3.342910 19.287013
    endloop
  endfacet
  facet normal -0.032690 -0.956429 -0.290130
    outer loop
      vertex -0.367441 3.385589 19.142649
      vertex -0.400000 3.342910 19.287013
      vertex -0.400000 3.385589 19.146318
    endloop
  endfacet
  facet normal 0.032690 -0.956429 -0.290130
    outer loop
      vertex -0.400000 3.385589 19.146318
      vertex -0.400000 3.342910 19.287013
      vertex -0.463866 3.342910 19.279817
    endloop
  endfacet
  facet normal 0.032690 -0.956429 -0.290130
    outer loop
      vertex -0.400000 3.385589 19.146318
      vertex -0.463866 3.342910 19.279817
      vertex -0.432559 3.385589 19.142649
    endloop
  endfacet
  facet normal 0.096430 -0.956429 -0.275581
    outer loop
      vertex -0.432559 3.385589 19.142649
      vertex -0.463866 3.342910 19.279817
      vertex -0.524530 3.342910 19.258589
    endloop
  endfacet
  facet normal 0.096430 -0.956429 -0.275581
    outer loop
      vertex -0.432559 3.385589 19.142649
      vertex -0.524530 3.342910 19.258589
      vertex -0.463485 3.385589 19.131828
    endloop
  endfacet
  facet normal 0.155335 -0.956429 -0.247214
    outer loop
      vertex -0.463485 3.385589 19.131828
      vertex -0.524530 3.342910 19.258589
      vertex -0.578949 3.342910 19.224395
    endloop
  endfacet
  facet normal 0.155335 -0.956429 -0.247214
    outer loop
      vertex -0.463485 3.385589 19.131828
      vertex -0.578949 3.342910 19.224395
      vertex -0.491228 3.385589 19.114396
    endloop
  endfacet
  facet normal 0.206451 -0.956429 -0.206451
    outer loop
      vertex -0.491228 3.385589 19.114396
      vertex -0.578949 3.342910 19.224395
      vertex -0.624395 3.342910 19.178949
    endloop
  endfacet
  facet normal 0.206451 -0.956429 -0.206451
    outer loop
      vertex -0.491228 3.385589 19.114396
      vertex -0.624395 3.342910 19.178949
      vertex -0.514396 3.385589 19.091228
    endloop
  endfacet
  facet normal 0.247214 -0.956429 -0.155335
    outer loop
      vertex -0.514396 3.385589 19.091228
      vertex -0.624395 3.342910 19.178949
      vertex -0.658589 3.342910 19.124530
    endloop
  endfacet
  facet normal 0.247214 -0.956429 -0.155335
    outer loop
      vertex -0.514396 3.385589 19.091228
      vertex -0.658589 3.342910 19.124530
      vertex -0.531828 3.385589 19.063485
    endloop
  endfacet
  facet normal 0.275581 -0.956429 -0.096430
    outer loop
      vertex -0.531828 3.385589 19.063485
      vertex -0.658589 3.342910 19.124530
      vertex -0.679817 3.342910 19.063866
    endloop
  endfacet
  facet normal 0.275581 -0.956429 -0.096430
    outer loop
      vertex -0.531828 3.385589 19.063485
      vertex -0.679817 3.342910 19.063866
      vertex -0.542649 3.385589 19.032559
    endloop
  endfacet
  facet normal 0.290130 -0.956429 -0.032690
    outer loop
      vertex -0.542649 3.385589 19.032559
      vertex -0.679817 3.342910 19.063866
      vertex -0.687013 3.342910 19.000000
    endloop
  endfacet
  facet normal 0.290130 -0.956429 -0.032690
    outer loop
      vertex -0.542649 3.385589 19.032559
      vertex -0.687013 3.342910 19.000000
      vertex -0.546318 3.385589 19.000000
    endloop
  endfacet
  facet normal 0.290130 -0.956429 0.032690
    outer loop
      vertex -0.546318 3.385589 19.000000
      vertex -0.687013 3.342910 19.000000
      vertex -0.679817 3.342910 18.936134
    endloop
  endfacet
  facet normal 0.290130 -0.956429 0.032690
    outer loop
      vertex -0.546318 3.385589 19.000000
      vertex -0.679817 3.342910 18.936134
      vertex -0.542649 3.385589 18.967441
    endloop
  endfacet
  facet normal 0.275581 -0.956429 0.096430
    outer loop
      vertex -0.542649 3.385589 18.967441
      vertex -0.679817 3.342910 18.936134
      vertex -0.658589 3.342910 18.875470
    endloop
  endfacet
  facet normal 0.275581 -0.956429 0.096430
    outer loop
      vertex -0.542649 3.385589 18.967441
      vertex -0.658589 3.342910 18.875470
      vertex -0.531828 3.385589 18.936515
    endloop
  endfacet
  facet normal 0.247214 -0.956429 0.155335
    outer loop
      vertex -0.531828 3.385589 18.936515
      vertex -0.658589 3.342910 18.875470
      vertex -0.624395 3.342910 18.821051
    endloop
  endfacet
  facet normal 0.247214 -0.956429 0.155335
    outer loop
      vertex -0.531828 3.385589 18.936515
      vertex -0.624395 3.342910 18.821051
      vertex -0.514396 3.385589 18.908772
    endloop
  endfacet
  facet normal 0.206451 -0.956429 0.206451
    outer loop
      vertex -0.514396 3.385589 18.908772
      vertex -0.624395 3.342910 18.821051
      vertex -0.578949 3.342910 18.775605
    endloop
  endfacet
  facet normal 0.206451 -0.956429 0.206451
    outer loop
      vertex -0.514396 3.385589 18.908772
      vertex -0.578949 3.342910 18.775605
      vertex -0.491228 3.385589 18.885604
    endloop
  endfacet
  facet normal 0.155335 -0.956429 0.247214
    outer loop
      vertex -0.491228 3.385589 18.885604
      vertex -0.578949 3.342910 18.775605
      vertex -0.524530 3.342910 18.741411
    endloop
  endfacet
  facet normal 0.155335 -0.956429 0.247214
    outer loop
      vertex -0.491228 3.385589 18.885604
      vertex -0.524530 3.342910 18.741411
      vertex -0.463485 3.385589 18.868172
    endloop
  endfacet
  facet normal 0.096430 -0.956429 0.275581
    outer loop
      vertex -0.463485 3.385589 18.868172
      vertex -0.524530 3.342910 18.741411
      vertex -0.463866 3.342910 18.720183
    endloop
  endfacet
  facet normal 0.096430 -0.956429 0.275581
    outer loop
      vertex -0.463485 3.385589 18.868172
      vertex -0.463866 3.342910 18.720183
      vertex -0.432559 3.385589 18.857351
    endloop
  endfacet
  facet normal 0.032690 -0.956429 0.290130
    outer loop
      vertex -0.432559 3.385589 18.857351
      vertex -0.463866 3.342910 18.720183
      vertex -0.400000 3.342910 18.712987
    endloop
  endfacet
  facet normal 0.032690 -0.956429 0.290130
    outer loop
      vertex -0.432559 3.385589 18.857351
      vertex -0.400000 3.342910 18.712987
      vertex -0.400000 3.385589 18.853682
    endloop
  endfacet
  facet normal -0.032690 -0.956429 0.290130
    outer loop
      vertex -0.400000 3.385589 18.853682
      vertex -0.400000 3.342910 18.712987
      vertex -0.336134 3.342910 18.720183
    endloop
  endfacet
  facet normal -0.032690 -0.956429 0.290130
    outer loop
      vertex -0.400000 3.385589 18.853682
      vertex -0.336134 3.342910 18.720183
      vertex -0.367441 3.385589 18.857351
    endloop
  endfacet
  facet normal -0.096430 -0.956429 0.275581
    outer loop
      vertex -0.367441 3.385589 18.857351
      vertex -0.336134 3.342910 18.720183
      vertex -0.275470 3.342910 18.741411
    endloop
  endfacet
  facet normal -0.096430 -0.956429 0.275581
    outer loop
      vertex -0.367441 3.385589 18.857351
      vertex -0.275470 3.342910 18.741411
      vertex -0.336515 3.385589 18.868172
    endloop
  endfacet
  facet normal -0.155335 -0.956429 0.247214
    outer loop
      vertex -0.336515 3.385589 18.868172
      vertex -0.275470 3.342910 18.741411
      vertex -0.221051 3.342910 18.775605
    endloop
  endfacet
  facet normal -0.155335 -0.956429 0.247214
    outer loop
      vertex -0.336515 3.385589 18.868172
      vertex -0.221051 3.342910 18.775605
      vertex -0.308772 3.385589 18.885604
    endloop
  endfacet
  facet normal -0.206451 -0.956429 0.206451
    outer loop
      vertex -0.308772 3.385589 18.885604
      vertex -0.221051 3.342910 18.775605
      vertex -0.175605 3.342910 18.821051
    endloop
  endfacet
  facet normal -0.206451 -0.956429 0.206451
    outer loop
      vertex -0.308772 3.385589 18.885604
      vertex -0.175605 3.342910 18.821051
      vertex -0.285604 3.385589 18.908772
    endloop
  endfacet
  facet normal -0.247214 -0.956429 0.155335
    outer loop
      vertex -0.285604 3.385589 18.908772
      vertex -0.175605 3.342910 18.821051
      vertex -0.141411 3.342910 18.875470
    endloop
  endfacet
  facet normal -0.247214 -0.956429 0.155335
    outer loop
      vertex -0.285604 3.385589 18.908772
      vertex -0.141411 3.342910 18.875470
      vertex -0.268172 3.385589 18.936515
    endloop
  endfacet
  facet normal -0.275581 -0.956429 0.096430
    outer loop
      vertex -0.268172 3.385589 18.936515
      vertex -0.141411 3.342910 18.875470
      vertex -0.120183 3.342910 18.936134
    endloop
  endfacet
  facet normal -0.275581 -0.956429 0.096430
    outer loop
      vertex -0.268172 3.385589 18.936515
      vertex -0.120183 3.342910 18.936134
      vertex -0.257351 3.385589 18.967441
    endloop
  endfacet
  facet normal -0.290130 -0.956429 0.032690
    outer loop
      vertex -0.257351 3.385589 18.967441
      vertex -0.120183 3.342910 18.936134
      vertex -0.112987 3.342910 19.000000
    endloop
  endfacet
  facet normal -0.290130 -0.956429 0.032690
    outer loop
      vertex -0.257351 3.385589 18.967441
      vertex -0.112987 3.342910 19.000000
      vertex -0.253682 3.385589 19.000000
    endloop
  endfacet
  facet normal -0.470733 -0.880680 -0.053039
    outer loop
      vertex -0.112987 3.342910 19.000000
      vertex 0.016678 3.273602 19.000000
      vertex 0.006231 3.273602 19.092720
    endloop
  endfacet
  facet normal -0.470733 -0.880680 -0.053039
    outer loop
      vertex -0.112987 3.342910 19.000000
      vertex 0.006231 3.273602 19.092720
      vertex -0.120183 3.342910 19.063866
    endloop
  endfacet
  facet normal -0.447129 -0.880680 -0.156457
    outer loop
      vertex -0.120183 3.342910 19.063866
      vertex 0.006231 3.273602 19.092720
      vertex -0.024586 3.273602 19.180790
    endloop
  endfacet
  facet normal -0.447129 -0.880680 -0.156457
    outer loop
      vertex -0.120183 3.342910 19.063866
      vertex -0.024586 3.273602 19.180790
      vertex -0.141411 3.342910 19.124530
    endloop
  endfacet
  facet normal -0.401103 -0.880680 -0.252030
    outer loop
      vertex -0.141411 3.342910 19.124530
      vertex -0.024586 3.273602 19.180790
      vertex -0.074228 3.273602 19.259794
    endloop
  endfacet
  facet normal -0.401103 -0.880680 -0.252030
    outer loop
      vertex -0.141411 3.342910 19.124530
      vertex -0.074228 3.273602 19.259794
      vertex -0.175605 3.342910 19.178949
    endloop
  endfacet
  facet normal -0.334965 -0.880680 -0.334965
    outer loop
      vertex -0.175605 3.342910 19.178949
      vertex -0.074228 3.273602 19.259794
      vertex -0.140206 3.273602 19.325772
    endloop
  endfacet
  facet normal -0.334965 -0.880680 -0.334965
    outer loop
      vertex -0.175605 3.342910 19.178949
      vertex -0.140206 3.273602 19.325772
      vertex -0.221051 3.342910 19.224395
    endloop
  endfacet
  facet normal -0.252030 -0.880680 -0.401103
    outer loop
      vertex -0.221051 3.342910 19.224395
      vertex -0.140206 3.273602 19.325772
      vertex -0.219210 3.273602 19.375414
    endloop
  endfacet
  facet normal -0.252030 -0.880680 -0.401103
    outer loop
      vertex -0.221051 3.342910 19.224395
      vertex -0.219210 3.273602 19.375414
      vertex -0.275470 3.342910 19.258589
    endloop
  endfacet
  facet normal -0.156457 -0.880680 -0.447129
    outer loop
      vertex -0.275470 3.342910 19.258589
      vertex -0.219210 3.273602 19.375414
      vertex -0.307280 3.273602 19.406231
    endloop
  endfacet
  facet normal -0.156457 -0.880680 -0.447129
    outer loop
      vertex -0.275470 3.342910 19.258589
      vertex -0.307280 3.273602 19.406231
      vertex -0.336134 3.342910 19.279817
    endloop
  endfacet
  facet normal -0.053039 -0.880680 -0.470733
    outer loop
      vertex -0.336134 3.342910 19.279817
      vertex -0.307280 3.273602 19.406231
      vertex -0.400000 3.273602 19.416678
    endloop
  endfacet
  facet normal -0.053039 -0.880680 -0.470733
    outer loop
      vertex -0.336134 3.342910 19.279817
      vertex -0.400000 3.273602 19.416678
      vertex -0.400000 3.342910 19.287013
    endloop
  endfacet
  facet normal 0.053039 -0.880680 -0.470733
    outer loop
      vertex -0.400000 3.342910 19.287013
      vertex -0.400000 3.273602 19.416678
      vertex -0.492720 3.273602 19.406231
    endloop
  endfacet
  facet normal 0.053039 -0.880680 -0.470733
    outer loop
      vertex -0.400000 3.342910 19.287013
      vertex -0.492720 3.273602 19.406231
      vertex -0.463866 3.342910 19.279817
    endloop
  endfacet
  facet normal 0.156457 -0.880680 -0.447129
    outer loop
      vertex -0.463866 3.342910 19.279817
      vertex -0.492720 3.273602 19.406231
      vertex -0.580790 3.273602 19.375414
    endloop
  endfacet
  facet normal 0.156457 -0.880680 -0.447129
    outer loop
      vertex -0.463866 3.342910 19.279817
      vertex -0.580790 3.273602 19.375414
      vertex -0.524530 3.342910 19.258589
    endloop
  endfacet
  facet normal 0.252030 -0.880680 -0.401103
    outer loop
      vertex -0.524530 3.342910 19.258589
      vertex -0.580790 3.273602 19.375414
      vertex -0.659794 3.273602 19.325772
    endloop
  endfacet
  facet normal 0.252030 -0.880680 -0.401103
    outer loop
      vertex -0.524530 3.342910 19.258589
      vertex -0.659794 3.273602 19.325772
      vertex -0.578949 3.342910 19.224395
    endloop
  endfacet
  facet normal 0.334965 -0.880680 -0.334965
    outer loop
      vertex -0.578949 3.342910 19.224395
      vertex -0.659794 3.273602 19.325772
      vertex -0.725772 3.273602 19.259794
    endloop
  endfacet
  facet normal 0.334965 -0.880680 -0.334965
    outer loop
      vertex -0.578949 3.342910 19.224395
      vertex -0.725772 3.273602 19.259794
      vertex -0.624395 3.342910 19.178949
    endloop
  endfacet
  facet normal 0.401103 -0.880680 -0.252030
    outer loop
      vertex -0.624395 3.342910 19.178949
      vertex -0.725772 3.273602 19.259794
      vertex -0.775414 3.273602 19.180790
    endloop
  endfacet
  facet normal 0.401103 -0.880680 -0.252030
    outer loop
      vertex -0.624395 3.342910 19.178949
      vertex -0.775414 3.273602 19.180790
      vertex -0.658589 3.342910 19.124530
    endloop
  endfacet
  facet normal 0.447129 -0.880680 -0.156457
    outer loop
      vertex -0.658589 3.342910 19.124530
      vertex -0.775414 3.273602 19.180790
      vertex -0.806231 3.273602 19.092720
    endloop
  endfacet
  facet normal 0.447129 -0.880680 -0.156457
    outer loop
      vertex -0.658589 3.342910 19.124530
      vertex -0.806231 3.273602 19.092720
      vertex -0.679817 3.342910 19.063866
    endloop
  endfacet
  facet normal 0.470733 -0.880680 -0.053039
    outer loop
      vertex -0.679817 3.342910 19.063866
      vertex -0.806231 3.273602 19.092720
      vertex -0.816678 3.273602 19.000000
    endloop
  endfacet
  facet normal 0.470733 -0.880680 -0.053039
    outer loop
      vertex -0.679817 3.342910 19.063866
      vertex -0.816678 3.273602 19.000000
      vertex -0.687013 3.342910 19.000000
    endloop
  endfacet
  facet normal 0.470733 -0.880680 0.053039
    outer loop
      vertex -0.687013 3.342910 19.000000
      vertex -0.816678 3.273602 19.000000
      vertex -0.806231 3.273602 18.907280
    endloop
  endfacet
  facet normal 0.470733 -0.880680 0.053039
    outer loop
      vertex -0.687013 3.342910 19.000000
      vertex -0.806231 3.273602 18.907280
      vertex -0.679817 3.342910 18.936134
    endloop
  endfacet
  facet normal 0.447129 -0.880680 0.156457
    outer loop
      vertex -0.679817 3.342910 18.936134
      vertex -0.806231 3.273602 18.907280
      vertex -0.775414 3.273602 18.819210
    endloop
  endfacet
  facet normal 0.447129 -0.880680 0.156457
    outer loop
      vertex -0.679817 3.342910 18.936134
      vertex -0.775414 3.273602 18.819210
      vertex -0.658589 3.342910 18.875470
    endloop
  endfacet
  facet normal 0.401103 -0.880680 0.252030
    outer loop
      vertex -0.658589 3.342910 18.875470
      vertex -0.775414 3.273602 18.819210
      vertex -0.725772 3.273602 18.740206
    endloop
  endfacet
  facet normal 0.401103 -0.880680 0.252030
    outer loop
      vertex -0.658589 3.342910 18.875470
      vertex -0.725772 3.273602 18.740206
      vertex -0.624395 3.342910 18.821051
    endloop
  endfacet
  facet normal 0.334965 -0.880680 0.334965
    outer loop
      vertex -0.624395 3.342910 18.821051
      vertex -0.725772 3.273602 18.740206
      vertex -0.659794 3.273602 18.674228
    endloop
  endfacet
  facet normal 0.334965 -0.880680 0.334965
    outer loop
      vertex -0.624395 3.342910 18.821051
      vertex -0.659794 3.273602 18.674228
      vertex -0.578949 3.342910 18.775605
    endloop
  endfacet
  facet normal 0.252030 -0.880680 0.401103
    outer loop
      vertex -0.578949 3.342910 18.775605
      vertex -0.659794 3.273602 18.674228
      vertex -0.580790 3.273602 18.624586
    endloop
  endfacet
  facet normal 0.252030 -0.880680 0.401103
    outer loop
      vertex -0.578949 3.342910 18.775605
      vertex -0.580790 3.273602 18.624586
      vertex -0.524530 3.342910 18.741411
    endloop
  endfacet
  facet normal 0.156457 -0.880680 0.447129
    outer loop
      vertex -0.524530 3.342910 18.741411
      vertex -0.580790 3.273602 18.624586
      vertex -0.492720 3.273602 18.593769
    endloop
  endfacet
  facet normal 0.156457 -0.880680 0.447129
    outer loop
      vertex -0.524530 3.342910 18.741411
      vertex -0.492720 3.273602 18.593769
      vertex -0.463866 3.342910 18.720183
    endloop
  endfacet
  facet normal 0.053039 -0.880680 0.470733
    outer loop
      vertex -0.463866 3.342910 18.720183
      vertex -0.492720 3.273602 18.593769
      vertex -0.400000 3.273602 18.583322
    endloop
  endfacet
  facet normal 0.053039 -0.880680 0.470733
    outer loop
      vertex -0.463866 3.342910 18.720183
      vertex -0.400000 3.273602 18.583322
      vertex -0.400000 3.342910 18.712987
    endloop
  endfacet
  facet normal -0.053039 -0.880680 0.470733
    outer loop
      vertex -0.400000 3.342910 18.712987
      vertex -0.400000 3.273602 18.583322
      vertex -0.307280 3.273602 18.593769
    endloop
  endfacet
  facet normal -0.053039 -0.880680 0.470733
    outer loop
      vertex -0.400000 3.342910 18.712987
      vertex -0.307280 3.273602 18.593769
      vertex -0.336134 3.342910 18.720183
    endloop
  endfacet
  facet normal -0.156457 -0.880680 0.447129
    outer loop
      vertex -0.336134 3.342910 18.720183
      vertex -0.307280 3.273602 18.593769
      vertex -0.219210 3.273602 18.624586
    endloop
  endfacet
  facet normal -0.156457 -0.880680 0.447129
    outer loop
      vertex -0.336134 3.342910 18.720183
      vertex -0.219210 3.273602 18.624586
      vertex -0.275470 3.342910 18.741411
    endloop
  endfacet
  facet normal -0.252030 -0.880680 0.401103
    outer loop
      vertex -0.275470 3.342910 18.741411
      vertex -0.219210 3.273602 18.624586
      vertex -0.140206 3.273602 18.674228
    endloop
  endfacet
  facet normal -0.252030 -0.880680 0.401103
    outer loop
      vertex -0.275470 3.342910 18.741411
      vertex -0.140206 3.273602 18.674228
      vertex -0.221051 3.342910 18.775605
    endloop
  endfacet
  facet normal -0.334965 -0.880680 0.334965
    outer loop
      vertex -0.221051 3.342910 18.775605
      vertex -0.140206 3.273602 18.674228
      vertex -0.074228 3.273602 18.740206
    endloop
  endfacet
  facet normal -0.334965 -0.880680 0.334965
    outer loop
      vertex -0.221051 3.342910 18.775605
      vertex -0.074228 3.273602 18.740206
      vertex -0.175605 3.342910 18.821051
    endloop
  endfacet
  facet normal -0.401103 -0.880680 0.252030
    outer loop
      vertex -0.175605 3.342910 18.821051
      vertex -0.074228 3.273602 18.740206
      vertex -0.024586 3.273602 18.819210
    endloop
  endfacet
  facet normal -0.401103 -0.880680 0.252030
    outer loop
      vertex -0.175605 3.342910 18.821051
      vertex -0.024586 3.273602 18.819210
      vertex -0.141411 3.342910 18.875470
    endloop
  endfacet
  facet normal -0.447129 -0.880680 0.156457
    outer loop
      vertex -0.141411 3.342910 18.875470
      vertex -0.024586 3.273602 18.819210
      vertex 0.006231 3.273602 18.907280
    endloop
  endfacet
  facet normal -0.447129 -0.880680 0.156457
    outer loop
      vertex -0.141411 3.342910 18.875470
      vertex 0.006231 3.273602 18.907280
      vertex -0.120183 3.342910 18.936134
    endloop
  endfacet
  facet normal -0.470733 -0.880680 0.053039
    outer loop
      vertex -0.120183 3.342910 18.936134
      vertex 0.006231 3.273602 18.907280
      vertex 0.016678 3.273602 19.000000
    endloop
  endfacet
  facet normal -0.470733 -0.880680 0.053039
    outer loop
      vertex -0.120183 3.342910 18.936134
      vertex 0.016678 3.273602 19.000000
      vertex -0.112987 3.342910 19.000000
    endloop
  endfacet
  facet normal -0.632779 -0.771043 -0.071297
    outer loop
      vertex 0.016678 3.273602 19.000000
      vertex 0.130330 3.180330 19.000000
      vertex 0.117034 3.180330 19.118010
    endloop
  endfacet
  facet normal -0.632779 -0.771043 -0.071297
    outer loop
      vertex 0.016678 3.273602 19.000000
      vertex 0.117034 3.180330 19.118010
      vertex 0.006231 3.273602 19.092720
    endloop
  endfacet
  facet normal -0.601049 -0.771043 -0.210316
    outer loop
      vertex 0.006231 3.273602 19.092720
      vertex 0.117034 3.180330 19.118010
      vertex 0.077811 3.180330 19.230102
    endloop
  endfacet
  facet normal -0.601049 -0.771043 -0.210316
    outer loop
      vertex 0.006231 3.273602 19.092720
      vertex 0.077811 3.180330 19.230102
      vertex -0.024586 3.273602 19.180790
    endloop
  endfacet
  facet normal -0.539179 -0.771043 -0.338789
    outer loop
      vertex -0.024586 3.273602 19.180790
      vertex 0.077811 3.180330 19.230102
      vertex 0.014629 3.180330 19.330655
    endloop
  endfacet
  facet normal -0.539179 -0.771043 -0.338789
    outer loop
      vertex -0.024586 3.273602 19.180790
      vertex 0.014629 3.180330 19.330655
      vertex -0.074228 3.273602 19.259794
    endloop
  endfacet
  facet normal -0.450273 -0.771043 -0.450273
    outer loop
      vertex -0.074228 3.273602 19.259794
      vertex 0.014629 3.180330 19.330655
      vertex -0.069345 3.180330 19.414629
    endloop
  endfacet
  facet normal -0.450273 -0.771043 -0.450273
    outer loop
      vertex -0.074228 3.273602 19.259794
      vertex -0.069345 3.180330 19.414629
      vertex -0.140206 3.273602 19.325772
    endloop
  endfacet
  facet normal -0.338789 -0.771043 -0.539179
    outer loop
      vertex -0.140206 3.273602 19.325772
      vertex -0.069345 3.180330 19.414629
      vertex -0.169898 3.180330 19.477811
    endloop
  endfacet
  facet normal -0.338789 -0.771043 -0.539179
    outer loop
      vertex -0.140206 3.273602 19.325772
      vertex -0.169898 3.180330 19.477811
      vertex -0.219210 3.273602 19.375414
    endloop
  endfacet
  facet normal -0.210316 -0.771043 -0.601049
    outer loop
      vertex -0.219210 3.273602 19.375414
      vertex -0.169898 3.180330 19.477811
      vertex -0.281990 3.180330 19.517034
    endloop
  endfacet
  facet normal -0.210316 -0.771043 -0.601049
    outer loop
      vertex -0.219210 3.273602 19.375414
      vertex -0.281990 3.180330 19.517034
      vertex -0.307280 3.273602 19.406231
    endloop
  endfacet
  facet normal -0.071297 -0.771043 -0.632779
    outer loop
      vertex -0.307280 3.273602 19.406231
      vertex -0.281990 3.180330 19.517034
      vertex -0.400000 3.180330 19.530330
    endloop
  endfacet
  facet normal -0.071297 -0.771043 -0.632779
    outer loop
      vertex -0.307280 3.273602 19.406231
      vertex -0.400000 3.180330 19.530330
      vertex -0.400000 3.273602 19.416678
    endloop
  endfacet
  facet normal 0.071297 -0.771043 -0.632779
    outer loop
      vertex -0.400000 3.273602 19.416678
      vertex -0.400000 3.180330 19.530330
      vertex -0.518010 3.180330 19.517034
    endloop
  endfacet
  facet normal 0.071297 -0.771043 -0.632779
    outer loop
      vertex -0.400000 3.273602 19.416678
      vertex -0.518010 3.180330 19.517034
      vertex -0.492720 3.273602 19.406231
    endloop
  endfacet
  facet normal 0.210316 -0.771043 -0.601049
    outer loop
      vertex -0.492720 3.273602 19.406231
      vertex -0.518010 3.180330 19.517034
      vertex -0.630102 3.180330 19.477811
    endloop
  endfacet
  facet normal 0.210316 -0.771043 -0.601049
    outer loop
      vertex -0.492720 3.273602 19.406231
      vertex -0.630102 3.180330 19.477811
      vertex -0.580790 3.273602 19.375414
    endloop
  endfacet
  facet normal 0.338789 -0.771043 -0.539179
    outer loop
      vertex -0.580790 3.273602 19.375414
      vertex -0.630102 3.180330 19.477811
      vertex -0.730655 3.180330 19.414629
    endloop
  endfacet
  facet normal 0.338789 -0.771043 -0.539179
    outer loop
      vertex -0.580790 3.273602 19.375414
      vertex -0.730655 3.180330 19.414629
      vertex -0.659794 3.273602 19.325772
    endloop
  endfacet
  facet normal 0.450273 -0.771043 -0.450273
    outer loop
      vertex -0.659794 3.273602 19.325772
      vertex -0.730655 3.180330 19.414629
      vertex -0.814629 3.180330 19.330655
    endloop
  endfacet
  facet normal 0.450273 -0.771043 -0.450273
    outer loop
      vertex -0.659794 3.273602 19.325772
      vertex -0.814629 3.180330 19.330655
      vertex -0.725772 3.273602 19.259794
    endloop
  endfacet
  facet normal 0.539179 -0.771043 -0.338789
    outer loop
      vertex -0.725772 3.273602 19.259794
      vertex -0.814629 3.180330 19.330655
      vertex -0.877811 3.180330 19.230102
    endloop
  endfacet
  facet normal 0.539179 -0.771043 -0.338789
    outer loop
      vertex -0.725772 3.273602 19.259794
      vertex -0.877811 3.180330 19.230102
      vertex -0.775414 3.273602 19.180790
    endloop
  endfacet
  facet normal 0.601049 -0.771043 -0.210316
    outer loop
      vertex -0.775414 3.273602 19.180790
      vertex -0.877811 3.180330 19.230102
      vertex -0.917034 3.180330 19.118010
    endloop
  endfacet
  facet normal 0.601049 -0.771043 -0.210316
    outer loop
      vertex -0.775414 3.273602 19.180790
      vertex -0.917034 3.180330 19.118010
      vertex -0.806231 3.273602 19.092720
    endloop
  endfacet
  facet normal 0.632779 -0.771043 -0.071297
    outer loop
      vertex -0.806231 3.273602 19.092720
      vertex -0.917034 3.180330 19.118010
      vertex -0.930330 3.180330 19.000000
    endloop
  endfacet
  facet normal 0.632779 -0.771043 -0.071297
    outer loop
      vertex -0.806231 3.273602 19.092720
      vertex -0.930330 3.180330 19.000000
      vertex -0.816678 3.273602 19.000000
    endloop
  endfacet
  facet normal 0.632779 -0.771043 0.071297
    outer loop
      vertex -0.816678 3.273602 19.000000
      vertex -0.930330 3.180330 19.000000
      vertex -0.917034 3.180330 18.881990
    endloop
  endfacet
  facet normal 0.632779 -0.771043 0.071297
    outer loop
      vertex -0.816678 3.273602 19.000000
      vertex -0.917034 3.180330 18.881990
      vertex -0.806231 3.273602 18.907280
    endloop
  endfacet
  facet normal 0.601049 -0.771043 0.210316
    outer loop
      vertex -0.806231 3.273602 18.907280
      vertex -0.917034 3.180330 18.881990
      vertex -0.877811 3.180330 18.769898
    endloop
  endfacet
  facet normal 0.601049 -0.771043 0.210316
    outer loop
      vertex -0.806231 3.273602 18.907280
      vertex -0.877811 3.180330 18.769898
      vertex -0.775414 3.273602 18.819210
    endloop
  endfacet
  facet normal 0.539179 -0.771043 0.338789
    outer loop
      vertex -0.775414 3.273602 18.819210
      vertex -0.877811 3.180330 18.769898
      vertex -0.814629 3.180330 18.669345
    endloop
  endfacet
  facet normal 0.539179 -0.771043 0.338789
    outer loop
      vertex -0.775414 3.273602 18.819210
      vertex -0.814629 3.180330 18.669345
      vertex -0.725772 3.273602 18.740206
    endloop
  endfacet
  facet normal 0.450273 -0.771043 0.450273
    outer loop
      vertex -0.725772 3.273602 18.740206
      vertex -0.814629 3.180330 18.669345
      vertex -0.730655 3.180330 18.585371
    endloop
  endfacet
  facet normal 0.450273 -0.771043 0.450273
    outer loop
      vertex -0.725772 3.273602 18.740206
      vertex -0.730655 3.180330 18.585371
      vertex -0.659794 3.273602 18.674228
    endloop
  endfacet
  facet normal 0.338789 -0.771043 0.539179
    outer loop
      vertex -0.659794 3.273602 18.674228
      vertex -0.730655 3.180330 18.585371
      vertex -0.630102 3.180330 18.522189
    endloop
  endfacet
  facet normal 0.338789 -0.771043 0.539179
    outer loop
      vertex -0.659794 3.273602 18.674228
      vertex -0.630102 3.180330 18.522189
      vertex -0.580790 3.273602 18.624586
    endloop
  endfacet
  facet normal 0.210316 -0.771043 0.601049
    outer loop
      vertex -0.580790 3.273602 18.624586
      vertex -0.630102 3.180330 18.522189
      vertex -0.518010 3.180330 18.482966
    endloop
  endfacet
  facet normal 0.210316 -0.771043 0.601049
    outer loop
      vertex -0.580790 3.273602 18.624586
      vertex -0.518010 3.180330 18.482966
      vertex -0.492720 3.273602 18.593769
    endloop
  endfacet
  facet normal 0.071297 -0.771043 0.632779
    outer loop
      vertex -0.492720 3.273602 18.593769
      vertex -0.518010 3.180330 18.482966
      vertex -0.400000 3.180330 18.469670
    endloop
  endfacet
  facet normal 0.071297 -0.771043 0.632779
    outer loop
      vertex -0.492720 3.273602 18.593769
      vertex -0.400000 3.180330 18.469670
      vertex -0.400000 3.273602 18.583322
    endloop
  endfacet
  facet normal -0.071297 -0.771043 0.632779
    outer loop
      vertex -0.400000 3.273602 18.583322
      vertex -0.400000 3.180330 18.469670
      vertex -0.281990 3.180330 18.482966
    endloop
  endfacet
  facet normal -0.071297 -0.771043 0.632779
    outer loop
      vertex -0.400000 3.273602 18.583322
      vertex -0.281990 3.180330 18.482966
      vertex -0.307280 3.273602 18.593769
    endloop
  endfacet
  facet normal -0.210316 -0.771043 0.601049
    outer loop
      vertex -0.307280 3.273602 18.593769
      vertex -0.281990 3.180330 18.482966
      vertex -0.169898 3.180330 18.522189
    endloop
  endfacet
  facet normal -0.210316 -0.771043 0.601049
    outer loop
      vertex -0.307280 3.273602 18.593769
      vertex -0.169898 3.180330 18.522189
      vertex -0.219210 3.273602 18.624586
    endloop
  endfacet
  facet normal -0.338789 -0.771043 0.539179
    outer loop
      vertex -0.219210 3.273602 18.624586
      vertex -0.169898 3.180330 18.522189
      vertex -0.069345 3.180330 18.585371
    endloop
  endfacet
  facet normal -0.338789 -0.771043 0.539179
    outer loop
      vertex -0.219210 3.273602 18.624586
      vertex -0.069345 3.180330 18.585371
      vertex -0.140206 3.273602 18.674228
    endloop
  endfacet
  facet normal -0.450273 -0.771043 0.450273
    outer loop
      vertex -0.140206 3.273602 18.674228
      vertex -0.069345 3.180330 18.585371
      vertex 0.014629 3.180330 18.669345
    endloop
  endfacet
  facet normal -0.450273 -0.771043 0.450273
    outer loop
      vertex -0.140206 3.273602 18.674228
      vertex 0.014629 3.180330 18.669345
      vertex -0.074228 3.273602 18.740206
    endloop
  endfacet
  facet normal -0.539179 -0.771043 0.338789
    outer loop
      vertex -0.074228 3.273602 18.740206
      vertex 0.014629 3.180330 18.669345
      vertex 0.077811 3.180330 18.769898
    endloop
  endfacet
  facet normal -0.539179 -0.771043 0.338789
    outer loop
      vertex -0.074228 3.273602 18.740206
      vertex 0.077811 3.180330 18.769898
      vertex -0.024586 3.273602 18.819210
    endloop
  endfacet
  facet normal -0.601049 -0.771043 0.210316
    outer loop
      vertex -0.024586 3.273602 18.819210
      vertex 0.077811 3.180330 18.769898
      vertex 0.117034 3.180330 18.881990
    endloop
  endfacet
  facet normal -0.601049 -0.771043 0.210316
    outer loop
      vertex -0.024586 3.273602 18.819210
      vertex 0.117034 3.180330 18.881990
      vertex 0.006231 3.273602 18.907280
    endloop
  endfacet
  facet normal -0.632779 -0.771043 0.071297
    outer loop
      vertex 0.006231 3.273602 18.907280
      vertex 0.117034 3.180330 18.881990
      vertex 0.130330 3.180330 19.000000
    endloop
  endfacet
  facet normal -0.632779 -0.771043 0.071297
    outer loop
      vertex 0.006231 3.273602 18.907280
      vertex 0.130330 3.180330 19.000000
      vertex 0.016678 3.273602 19.000000
    endloop
  endfacet
  facet normal -0.770095 -0.632001 -0.086769
    outer loop
      vertex 0.130330 3.180330 19.000000
      vertex 0.223602 3.066678 19.000000
      vertex 0.207967 3.066678 19.138765
    endloop
  endfacet
  facet normal -0.770095 -0.632001 -0.086769
    outer loop
      vertex 0.130330 3.180330 19.000000
      vertex 0.207967 3.066678 19.138765
      vertex 0.117034 3.180330 19.118010
    endloop
  endfacet
  facet normal -0.731479 -0.632001 -0.255956
    outer loop
      vertex 0.117034 3.180330 19.118010
      vertex 0.207967 3.066678 19.138765
      vertex 0.161846 3.066678 19.270571
    endloop
  endfacet
  facet normal -0.731479 -0.632001 -0.255956
    outer loop
      vertex 0.117034 3.180330 19.118010
      vertex 0.161846 3.066678 19.270571
      vertex 0.077811 3.180330 19.230102
    endloop
  endfacet
  facet normal -0.656184 -0.632001 -0.412308
    outer loop
      vertex 0.077811 3.180330 19.230102
      vertex 0.161846 3.066678 19.270571
      vertex 0.087552 3.066678 19.388810
    endloop
  endfacet
  facet normal -0.656184 -0.632001 -0.412308
    outer loop
      vertex 0.077811 3.180330 19.230102
      vertex 0.087552 3.066678 19.388810
      vertex 0.014629 3.180330 19.330655
    endloop
  endfacet
  facet normal -0.547985 -0.632001 -0.547985
    outer loop
      vertex 0.014629 3.180330 19.330655
      vertex 0.087552 3.066678 19.388810
      vertex -0.011190 3.066678 19.487552
    endloop
  endfacet
  facet normal -0.547985 -0.632001 -0.547985
    outer loop
      vertex 0.014629 3.180330 19.330655
      vertex -0.011190 3.066678 19.487552
      vertex -0.069345 3.180330 19.414629
    endloop
  endfacet
  facet normal -0.412308 -0.632001 -0.656184
    outer loop
      vertex -0.069345 3.180330 19.414629
      vertex -0.011190 3.066678 19.487552
      vertex -0.129429 3.066678 19.561846
    endloop
  endfacet
  facet normal -0.412308 -0.632001 -0.656184
    outer loop
      vertex -0.069345 3.180330 19.414629
      vertex -0.129429 3.066678 19.561846
      vertex -0.169898 3.180330 19.477811
    endloop
  endfacet
  facet normal -0.255956 -0.632001 -0.731479
    outer loop
      vertex -0.169898 3.180330 19.477811
      vertex -0.129429 3.066678 19.561846
      vertex -0.261235 3.066678 19.607967
    endloop
  endfacet
  facet normal -0.255956 -0.632001 -0.731479
    outer loop
      vertex -0.169898 3.180330 19.477811
      vertex -0.261235 3.066678 19.607967
      vertex -0.281990 3.180330 19.517034
    endloop
  endfacet
  facet normal -0.086769 -0.632001 -0.770095
    outer loop
      vertex -0.281990 3.180330 19.517034
      vertex -0.261235 3.066678 19.607967
      vertex -0.400000 3.066678 19.623602
    endloop
  endfacet
  facet normal -0.086769 -0.632001 -0.770095
    outer loop
      vertex -0.281990 3.180330 19.517034
      vertex -0.400000 3.066678 19.623602
      vertex -0.400000 3.180330 19.530330
    endloop
  endfacet
  facet normal 0.086769 -0.632001 -0.770095
    outer loop
      vertex -0.400000 3.180330 19.530330
      vertex -0.400000 3.066678 19.623602
      vertex -0.538765 3.066678 19.607967
    endloop
  endfacet
  facet normal 0.086769 -0.632001 -0.770095
    outer loop
      vertex -0.400000 3.180330 19.530330
      vertex -0.538765 3.066678 19.607967
      vertex -0.518010 3.180330 19.517034
    endloop
  endfacet
  facet normal 0.255956 -0.632001 -0.731479
    outer loop
      vertex -0.518010 3.180330 19.517034
      vertex -0.538765 3.066678 19.607967
      vertex -0.670571 3.066678 19.561846
    endloop
  endfacet
  facet normal 0.255956 -0.632001 -0.731479
    outer loop
      vertex -0.518010 3.180330 19.517034
      vertex -0.670571 3.066678 19.561846
      vertex -0.630102 3.180330 19.477811
    endloop
  endfacet
  facet normal 0.412308 -0.632001 -0.656184
    outer loop
      vertex -0.630102 3.180330 19.477811
      vertex -0.670571 3.066678 19.561846
      vertex -0.788810 3.066678 19.487552
    endloop
  endfacet
  facet normal 0.412308 -0.632001 -0.656184
    outer loop
      vertex -0.630102 3.180330 19.477811
      vertex -0.788810 3.066678 19.487552
      vertex -0.730655 3.180330 19.414629
    endloop
  endfacet
  facet normal 0.547985 -0.632001 -0.547985
    outer loop
      vertex -0.730655 3.180330 19.414629
      vertex -0.788810 3.066678 19.487552
      vertex -0.887552 3.066678 19.388810
    endloop
  endfacet
  facet normal 0.547985 -0.632001 -0.547985
    outer loop
      vertex -0.730655 3.180330 19.414629
      vertex -0.887552 3.066678 19.388810
      vertex -0.814629 3.180330 19.330655
    endloop
  endfacet
  facet normal 0.656184 -0.632001 -0.412308
    outer loop
      vertex -0.814629 3.180330 19.330655
      vertex -0.887552 3.066678 19.388810
      vertex -0.961846 3.066678 19.270571
    endloop
  endfacet
  facet normal 0.656184 -0.632001 -0.412308
    outer loop
      vertex -0.814629 3.180330 19.330655
      vertex -0.961846 3.066678 19.270571
      vertex -0.877811 3.180330 19.230102
    endloop
  endfacet
  facet normal 0.731479 -0.632001 -0.255956
    outer loop
      vertex -0.877811 3.180330 19.230102
      vertex -0.961846 3.066678 19.270571
      vertex -1.007967 3.066678 19.138765
    endloop
  endfacet
  facet normal 0.731479 -0.632001 -0.255956
    outer loop
      vertex -0.877811 3.180330 19.230102
      vertex -1.007967 3.066678 19.138765
      vertex -0.917034 3.180330 19.118010
    endloop
  endfacet
  facet normal 0.770095 -0.632001 -0.086769
    outer loop
      vertex -0.917034 3.180330 19.118010
      vertex -1.007967 3.066678 19.138765
      vertex -1.023602 3.066678 19.000000
    endloop
  endfacet
  facet normal 0.770095 -0.632001 -0.086769
    outer loop
      vertex -0.917034 3.180330 19.118010
      vertex -1.023602 3.066678 19.000000
      vertex -0.930330 3.180330 19.000000
    endloop
  endfacet
  facet normal 0.770095 -0.632001 0.086769
    outer loop
      vertex -0.930330 3.180330 19.000000
      vertex -1.023602 3.066678 19.000000
      vertex -1.007967 3.066678 18.861235
    endloop
  endfacet
  facet normal 0.770095 -0.632001 0.086769
    outer loop
      vertex -0.930330 3.180330 19.000000
      vertex -1.007967 3.066678 18.861235
      vertex -0.917034 3.180330 18.881990
    endloop
  endfacet
  facet normal 0.731479 -0.632001 0.255956
    outer loop
      vertex -0.917034 3.180330 18.881990
      vertex -1.007967 3.066678 18.861235
      vertex -0.961846 3.066678 18.729429
    endloop
  endfacet
  facet normal 0.731479 -0.632001 0.255956
    outer loop
      vertex -0.917034 3.180330 18.881990
      vertex -0.961846 3.066678 18.729429
      vertex -0.877811 3.180330 18.769898
    endloop
  endfacet
  facet normal 0.656184 -0.632001 0.412308
    outer loop
      vertex -0.877811 3.180330 18.769898
      vertex -0.961846 3.066678 18.729429
      vertex -0.887552 3.066678 18.611190
    endloop
  endfacet
  facet normal 0.656184 -0.632001 0.412308
    outer loop
      vertex -0.877811 3.180330 18.769898
      vertex -0.887552 3.066678 18.611190
      vertex -0.814629 3.180330 18.669345
    endloop
  endfacet
  facet normal 0.547985 -0.632001 0.547985
    outer loop
      vertex -0.814629 3.180330 18.669345
      vertex -0.887552 3.066678 18.611190
      vertex -0.788810 3.066678 18.512448
    endloop
  endfacet
  facet normal 0.547985 -0.632001 0.547985
    outer loop
      vertex -0.814629 3.180330 18.669345
      vertex -0.788810 3.066678 18.512448
      vertex -0.730655 3.180330 18.585371
    endloop
  endfacet
  facet normal 0.412308 -0.632001 0.656184
    outer loop
      vertex -0.730655 3.180330 18.585371
      vertex -0.788810 3.066678 18.512448
      vertex -0.670571 3.066678 18.438154
    endloop
  endfacet
  facet normal 0.412308 -0.632001 0.656184
    outer loop
      vertex -0.730655 3.180330 18.585371
      vertex -0.670571 3.066678 18.438154
      vertex -0.630102 3.180330 18.522189
    endloop
  endfacet
  facet normal 0.255956 -0.632001 0.731479
    outer loop
      vertex -0.630102 3.180330 18.522189
      vertex -0.670571 3.066678 18.438154
      vertex -0.538765 3.066678 18.392033
    endloop
  endfacet
  facet normal 0.255956 -0.632001 0.731479
    outer loop
      vertex -0.630102 3.180330 18.522189
      vertex -0.538765 3.066678 18.392033
      vertex -0.518010 3.180330 18.482966
    endloop
  endfacet
  facet normal 0.086769 -0.632001 0.770095
    outer loop
      vertex -0.518010 3.180330 18.482966
      vertex -0.538765 3.066678 18.392033
      vertex -0.400000 3.066678 18.376398
    endloop
  endfacet
  facet normal 0.086769 -0.632001 0.770095
    outer loop
      vertex -0.518010 3.180330 18.482966
      vertex -0.400000 3.066678 18.376398
      vertex -0.400000 3.180330 18.469670
    endloop
  endfacet
  facet normal -0.086769 -0.632001 0.770095
    outer loop
      vertex -0.400000 3.180330 18.469670
      vertex -0.400000 3.066678 18.376398
      vertex -0.261235 3.066678 18.392033
    endloop
  endfacet
  facet normal -0.086769 -0.632001 0.770095
    outer loop
      vertex -0.400000 3.180330 18.469670
      vertex -0.261235 3.066678 18.392033
      vertex -0.281990 3.180330 18.482966
    endloop
  endfacet
  facet normal -0.255956 -0.632001 0.731479
    outer loop
      vertex -0.281990 3.180330 18.482966
      vertex -0.261235 3.066678 18.392033
      vertex -0.129429 3.066678 18.438154
    endloop
  endfacet
  facet normal -0.255956 -0.632001 0.731479
    outer loop
      vertex -0.281990 3.180330 18.482966
      vertex -0.129429 3.066678 18.438154
      vertex -0.169898 3.180330 18.522189
    endloop
  endfacet
  facet normal -0.412308 -0.632001 0.656184
    outer loop
      vertex -0.169898 3.180330 18.522189
      vertex -0.129429 3.066678 18.438154
      vertex -0.011190 3.066678 18.512448
    endloop
  endfacet
  facet normal -0.412308 -0.632001 0.656184
    outer loop
      vertex -0.169898 3.180330 18.522189
      vertex -0.011190 3.066678 18.512448
      vertex -0.069345 3.180330 18.585371
    endloop
  endfacet
  facet normal -0.547985 -0.632001 0.547985
    outer loop
      vertex -0.069345 3.180330 18.585371
      vertex -0.011190 3.066678 18.512448
      vertex 0.087552 3.066678 18.611190
    endloop
  endfacet
  facet normal -0.547985 -0.632001 0.547985
    outer loop
      vertex -0.069345 3.180330 18.585371
      vertex 0.087552 3.066678 18.611190
      vertex 0.014629 3.180330 18.669345
    endloop
  endfacet
  facet normal -0.656184 -0.632001 0.412308
    outer loop
      vertex 0.014629 3.180330 18.669345
      vertex 0.087552 3.066678 18.611190
      vertex 0.161846 3.066678 18.729429
    endloop
  endfacet
  facet normal -0.656184 -0.632001 0.412308
    outer loop
      vertex 0.014629 3.180330 18.669345
      vertex 0.161846 3.066678 18.729429
      vertex 0.077811 3.180330 18.769898
    endloop
  endfacet
  facet normal -0.731479 -0.632001 0.255956
    outer loop
      vertex 0.077811 3.180330 18.769898
      vertex 0.161846 3.066678 18.729429
      vertex 0.207967 3.066678 18.861235
    endloop
  endfacet
  facet normal -0.731479 -0.632001 0.255956
    outer loop
      vertex 0.077811 3.180330 18.769898
      vertex 0.207967 3.066678 18.861235
      vertex 0.117034 3.180330 18.881990
    endloop
  endfacet
  facet normal -0.770095 -0.632001 0.086769
    outer loop
      vertex 0.117034 3.180330 18.881990
      vertex 0.207967 3.066678 18.861235
      vertex 0.223602 3.066678 19.000000
    endloop
  endfacet
  facet normal -0.770095 -0.632001 0.086769
    outer loop
      vertex 0.117034 3.180330 18.881990
      vertex 0.223602 3.066678 19.000000
      vertex 0.130330 3.180330 19.000000
    endloop
  endfacet
  facet normal -0.877599 -0.469087 -0.098882
    outer loop
      vertex 0.223602 3.066678 19.000000
      vertex 0.292910 2.937013 19.000000
      vertex 0.275537 2.937013 19.154187
    endloop
  endfacet
  facet normal -0.877599 -0.469087 -0.098882
    outer loop
      vertex 0.223602 3.066678 19.000000
      vertex 0.275537 2.937013 19.154187
      vertex 0.207967 3.066678 19.138765
    endloop
  endfacet
  facet normal -0.833593 -0.469087 -0.291687
    outer loop
      vertex 0.207967 3.066678 19.138765
      vertex 0.275537 2.937013 19.154187
      vertex 0.224290 2.937013 19.300642
    endloop
  endfacet
  facet normal -0.833593 -0.469087 -0.291687
    outer loop
      vertex 0.207967 3.066678 19.138765
      vertex 0.224290 2.937013 19.300642
      vertex 0.161846 3.066678 19.270571
    endloop
  endfacet
  facet normal -0.747786 -0.469087 -0.469865
    outer loop
      vertex 0.161846 3.066678 19.270571
      vertex 0.224290 2.937013 19.300642
      vertex 0.141739 2.937013 19.432022
    endloop
  endfacet
  facet normal -0.747786 -0.469087 -0.469865
    outer loop
      vertex 0.161846 3.066678 19.270571
      vertex 0.141739 2.937013 19.432022
      vertex 0.087552 3.066678 19.388810
    endloop
  endfacet
  facet normal -0.624483 -0.469087 -0.624483
    outer loop
      vertex 0.087552 3.066678 19.388810
      vertex 0.141739 2.937013 19.432022
      vertex 0.032022 2.937013 19.541739
    endloop
  endfacet
  facet normal -0.624483 -0.469087 -0.624483
    outer loop
      vertex 0.087552 3.066678 19.388810
      vertex 0.032022 2.937013 19.541739
      vertex -0.011190 3.066678 19.487552
    endloop
  endfacet
  facet normal -0.469865 -0.469087 -0.747786
    outer loop
      vertex -0.011190 3.066678 19.487552
      vertex 0.032022 2.937013 19.541739
      vertex -0.099358 2.937013 19.624290
    endloop
  endfacet
  facet normal -0.469865 -0.469087 -0.747786
    outer loop
      vertex -0.011190 3.066678 19.487552
      vertex -0.099358 2.937013 19.624290
      vertex -0.129429 3.066678 19.561846
    endloop
  endfacet
  facet normal -0.291687 -0.469087 -0.833593
    outer loop
      vertex -0.129429 3.066678 19.561846
      vertex -0.099358 2.937013 19.624290
      vertex -0.245813 2.937013 19.675537
    endloop
  endfacet
  facet normal -0.291687 -0.469087 -0.833593
    outer loop
      vertex -0.129429 3.066678 19.561846
      vertex -0.245813 2.937013 19.675537
      vertex -0.261235 3.066678 19.607967
    endloop
  endfacet
  facet normal -0.098882 -0.469087 -0.877599
    outer loop
      vertex -0.261235 3.066678 19.607967
      vertex -0.245813 2.937013 19.675537
      vertex -0.400000 2.937013 19.692910
    endloop
  endfacet
  facet normal -0.098882 -0.469087 -0.877599
    outer loop
      vertex -0.261235 3.066678 19.607967
      vertex -0.400000 2.937013 19.692910
      vertex -0.400000 3.066678 19.623602
    endloop
  endfacet
  facet normal 0.098882 -0.469087 -0.877599
    outer loop
      vertex -0.400000 3.066678 19.623602
      vertex -0.400000 2.937013 19.692910
      vertex -0.554187 2.937013 19.675537
    endloop
  endfacet
  facet normal 0.098882 -0.469087 -0.877599
    outer loop
      vertex -0.400000 3.066678 19.623602
      vertex -0.554187 2.937013 19.675537
      vertex -0.538765 3.066678 19.607967
    endloop
  endfacet
  facet normal 0.291687 -0.469087 -0.833593
    outer loop
      vertex -0.538765 3.066678 19.607967
      vertex -0.554187 2.937013 19.675537
      vertex -0.700642 2.937013 19.624290
    endloop
  endfacet
  facet normal 0.291687 -0.469087 -0.833593
    outer loop
      vertex -0.538765 3.066678 19.607967
      vertex -0.700642 2.937013 19.624290
      vertex -0.670571 3.066678 19.561846
    endloop
  endfacet
  facet normal 0.469865 -0.469087 -0.747786
    outer loop
      vertex -0.670571 3.066678 19.561846
      vertex -0.700642 2.937013 19.624290
      vertex -0.832022 2.937013 19.541739
    endloop
  endfacet
  facet normal 0.469865 -0.469087 -0.747786
    outer loop
      vertex -0.670571 3.066678 19.561846
      vertex -0.832022 2.937013 19.541739
      vertex -0.788810 3.066678 19.487552
    endloop
  endfacet
  facet normal 0.624483 -0.469087 -0.624483
    outer loop
      vertex -0.788810 3.066678 19.487552
      vertex -0.832022 2.937013 19.541739
      vertex -0.941739 2.937013 19.432022
    endloop
  endfacet
  facet normal 0.624483 -0.469087 -0.624483
    outer loop
      vertex -0.788810 3.066678 19.487552
      vertex -0.941739 2.937013 19.432022
      vertex -0.887552 3.066678 19.388810
    endloop
  endfacet
  facet normal 0.747786 -0.469087 -0.469865
    outer loop
      vertex -0.887552 3.066678 19.388810
      vertex -0.941739 2.937013 19.432022
      vertex -1.024290 2.937013 19.300642
    endloop
  endfacet
  facet normal 0.747786 -0.469087 -0.469865
    outer loop
      vertex -0.887552 3.066678 19.388810
      vertex -1.024290 2.937013 19.300642
      vertex -0.961846 3.066678 19.270571
    endloop
  endfacet
  facet normal 0.833593 -0.469087 -0.291687
    outer loop
      vertex -0.961846 3.066678 19.270571
      vertex -1.024290 2.937013 19.300642
      vertex -1.075537 2.937013 19.154187
    endloop
  endfacet
  facet normal 0.833593 -0.469087 -0.291687
    outer loop
      vertex -0.961846 3.066678 19.270571
      vertex -1.075537 2.937013 19.154187
      vertex -1.007967 3.066678 19.138765
    endloop
  endfacet
  facet normal 0.877599 -0.469087 -0.098882
    outer loop
      vertex -1.007967 3.066678 19.138765
      vertex -1.075537 2.937013 19.154187
      vertex -1.092910 2.937013 19.000000
    endloop
  endfacet
  facet normal 0.877599 -0.469087 -0.098882
    outer loop
      vertex -1.007967 3.066678 19.138765
      vertex -1.092910 2.937013 19.000000
      vertex -1.023602 3.066678 19.000000
    endloop
  endfacet
  facet normal 0.877599 -0.469087 0.098882
    outer loop
      vertex -1.023602 3.066678 19.000000
      vertex -1.092910 2.937013 19.000000
      vertex -1.075537 2.937013 18.845813
    endloop
  endfacet
  facet normal 0.877599 -0.469087 0.098882
    outer loop
      vertex -1.023602 3.066678 19.000000
      vertex -1.075537 2.937013 18.845813
      vertex -1.007967 3.066678 18.861235
    endloop
  endfacet
  facet normal 0.833593 -0.469087 0.291687
    outer loop
      vertex -1.007967 3.066678 18.861235
      vertex -1.075537 2.937013 18.845813
      vertex -1.024290 2.937013 18.699358
    endloop
  endfacet
  facet normal 0.833593 -0.469087 0.291687
    outer loop
      vertex -1.007967 3.066678 18.861235
      vertex -1.024290 2.937013 18.699358
      vertex -0.961846 3.066678 18.729429
    endloop
  endfacet
  facet normal 0.747786 -0.469087 0.469865
    outer loop
      vertex -0.961846 3.066678 18.729429
      vertex -1.024290 2.937013 18.699358
      vertex -0.941739 2.937013 18.567978
    endloop
  endfacet
  facet normal 0.747786 -0.469087 0.469865
    outer loop
      vertex -0.961846 3.066678 18.729429
      vertex -0.941739 2.937013 18.567978
      vertex -0.887552 3.066678 18.611190
    endloop
  endfacet
  facet normal 0.624483 -0.469087 0.624483
    outer loop
      vertex -0.887552 3.066678 18.611190
      vertex -0.941739 2.937013 18.567978
      vertex -0.832022 2.937013 18.458261
    endloop
  endfacet
  facet normal 0.624483 -0.469087 0.624483
    outer loop
      vertex -0.887552 3.066678 18.611190
      vertex -0.832022 2.937013 18.458261
      vertex -0.788810 3.066678 18.512448
    endloop
  endfacet
  facet normal 0.469865 -0.469087 0.747786
    outer loop
      vertex -0.788810 3.066678 18.512448
      vertex -0.832022 2.937013 18.458261
      vertex -0.700642 2.937013 18.375710
    endloop
  endfacet
  facet normal 0.469865 -0.469087 0.747786
    outer loop
      vertex -0.788810 3.066678 18.512448
      vertex -0.700642 2.937013 18.375710
      vertex -0.670571 3.066678 18.438154
    endloop
  endfacet
  facet normal 0.291687 -0.469087 0.833593
    outer loop
      vertex -0.670571 3.066678 18.438154
      vertex -0.700642 2.937013 18.375710
      vertex -0.554187 2.937013 18.324463
    endloop
  endfacet
  facet normal 0.291687 -0.469087 0.833593
    outer loop
      vertex -0.670571 3.066678 18.438154
      vertex -0.554187 2.937013 18.324463
      vertex -0.538765 3.066678 18.392033
    endloop
  endfacet
  facet normal 0.098882 -0.469087 0.877599
    outer loop
      vertex -0.538765 3.066678 18.392033
      vertex -0.554187 2.937013 18.324463
      vertex -0.400000 2.937013 18.307090
    endloop
  endfacet
  facet normal 0.098882 -0.469087 0.877599
    outer loop
      vertex -0.538765 3.066678 18.392033
      vertex -0.400000 2.937013 18.307090
      vertex -0.400000 3.066678 18.376398
    endloop
  endfacet
  facet normal -0.098882 -0.469087 0.877599
    outer loop
      vertex -0.400000 3.066678 18.376398
      vertex -0.400000 2.937013 18.307090
      vertex -0.245813 2.937013 18.324463
    endloop
  endfacet
  facet normal -0.098882 -0.469087 0.877599
    outer loop
      vertex -0.400000 3.066678 18.376398
      vertex -0.245813 2.937013 18.324463
      vertex -0.261235 3.066678 18.392033
    endloop
  endfacet
  facet normal -0.291687 -0.469087 0.833593
    outer loop
      vertex -0.261235 3.066678 18.392033
      vertex -0.245813 2.937013 18.324463
      vertex -0.099358 2.937013 18.375710
    endloop
  endfacet
  facet normal -0.291687 -0.469087 0.833593
    outer loop
      vertex -0.261235 3.066678 18.392033
      vertex -0.099358 2.937013 18.375710
      vertex -0.129429 3.066678 18.438154
    endloop
  endfacet
  facet normal -0.469865 -0.469087 0.747786
    outer loop
      vertex -0.129429 3.066678 18.438154
      vertex -0.099358 2.937013 18.375710
      vertex 0.032022 2.937013 18.458261
    endloop
  endfacet
  facet normal -0.469865 -0.469087 0.747786
    outer loop
      vertex -0.129429 3.066678 18.438154
      vertex 0.032022 2.937013 18.458261
      vertex -0.011190 3.066678 18.512448
    endloop
  endfacet
  facet normal -0.624483 -0.469087 0.624483
    outer loop
      vertex -0.011190 3.066678 18.512448
      vertex 0.032022 2.937013 18.458261
      vertex 0.141739 2.937013 18.567978
    endloop
  endfacet
  facet normal -0.624483 -0.469087 0.624483
    outer loop
      vertex -0.011190 3.066678 18.512448
      vertex 0.141739 2.937013 18.567978
      vertex 0.087552 3.066678 18.611190
    endloop
  endfacet
  facet normal -0.747786 -0.469087 0.469865
    outer loop
      vertex 0.087552 3.066678 18.611190
      vertex 0.141739 2.937013 18.567978
      vertex 0.224290 2.937013 18.699358
    endloop
  endfacet
  facet normal -0.747786 -0.469087 0.469865
    outer loop
      vertex 0.087552 3.066678 18.611190
      vertex 0.224290 2.937013 18.699358
      vertex 0.161846 3.066678 18.729429
    endloop
  endfacet
  facet normal -0.833593 -0.469087 0.291687
    outer loop
      vertex 0.161846 3.066678 18.729429
      vertex 0.224290 2.937013 18.699358
      vertex 0.275537 2.937013 18.845813
    endloop
  endfacet
  facet normal -0.833593 -0.469087 0.291687
    outer loop
      vertex 0.161846 3.066678 18.729429
      vertex 0.275537 2.937013 18.845813
      vertex 0.207967 3.066678 18.861235
    endloop
  endfacet
  facet normal -0.877599 -0.469087 0.098882
    outer loop
      vertex 0.207967 3.066678 18.861235
      vertex 0.275537 2.937013 18.845813
      vertex 0.292910 2.937013 19.000000
    endloop
  endfacet
  facet normal -0.877599 -0.469087 0.098882
    outer loop
      vertex 0.207967 3.066678 18.861235
      vertex 0.292910 2.937013 19.000000
      vertex 0.223602 3.066678 19.000000
    endloop
  endfacet
  facet normal -0.951426 -0.288612 -0.107200
    outer loop
      vertex 0.292910 2.937013 19.000000
      vertex 0.335589 2.796318 19.000000
      vertex 0.317146 2.796318 19.163684
    endloop
  endfacet
  facet normal -0.951426 -0.288612 -0.107200
    outer loop
      vertex 0.292910 2.937013 19.000000
      vertex 0.317146 2.796318 19.163684
      vertex 0.275537 2.937013 19.154187
    endloop
  endfacet
  facet normal -0.903717 -0.288612 -0.316224
    outer loop
      vertex 0.275537 2.937013 19.154187
      vertex 0.317146 2.796318 19.163684
      vertex 0.262743 2.796318 19.319160
    endloop
  endfacet
  facet normal -0.903717 -0.288612 -0.316224
    outer loop
      vertex 0.275537 2.937013 19.154187
      vertex 0.262743 2.796318 19.319160
      vertex 0.224290 2.937013 19.300642
    endloop
  endfacet
  facet normal -0.810693 -0.288612 -0.509392
    outer loop
      vertex 0.224290 2.937013 19.300642
      vertex 0.262743 2.796318 19.319160
      vertex 0.175107 2.796318 19.458632
    endloop
  endfacet
  facet normal -0.810693 -0.288612 -0.509392
    outer loop
      vertex 0.224290 2.937013 19.300642
      vertex 0.175107 2.796318 19.458632
      vertex 0.141739 2.937013 19.432022
    endloop
  endfacet
  facet normal -0.677017 -0.288612 -0.677017
    outer loop
      vertex 0.141739 2.937013 19.432022
      vertex 0.175107 2.796318 19.458632
      vertex 0.058632 2.796318 19.575107
    endloop
  endfacet
  facet normal -0.677017 -0.288612 -0.677017
    outer loop
      vertex 0.141739 2.937013 19.432022
      vertex 0.058632 2.796318 19.575107
      vertex 0.032022 2.937013 19.541739
    endloop
  endfacet
  facet normal -0.509392 -0.288612 -0.810693
    outer loop
      vertex 0.032022 2.937013 19.541739
      vertex 0.058632 2.796318 19.575107
      vertex -0.080840 2.796318 19.662743
    endloop
  endfacet
  facet normal -0.509392 -0.288612 -0.810693
    outer loop
      vertex 0.032022 2.937013 19.541739
      vertex -0.080840 2.796318 19.662743
      vertex -0.099358 2.937013 19.624290
    endloop
  endfacet
  facet normal -0.316224 -0.288612 -0.903717
    outer loop
      vertex -0.099358 2.937013 19.624290
      vertex -0.080840 2.796318 19.662743
      vertex -0.236316 2.796318 19.717146
    endloop
  endfacet
  facet normal -0.316224 -0.288612 -0.903717
    outer loop
      vertex -0.099358 2.937013 19.624290
      vertex -0.236316 2.796318 19.717146
      vertex -0.245813 2.937013 19.675537
    endloop
  endfacet
  facet normal -0.107200 -0.288612 -0.951426
    outer loop
      vertex -0.245813 2.937013 19.675537
      vertex -0.236316 2.796318 19.717146
      vertex -0.400000 2.796318 19.735589
    endloop
  endfacet
  facet normal -0.107200 -0.288612 -0.951426
    outer loop
      vertex -0.245813 2.937013 19.675537
      vertex -0.400000 2.796318 19.735589
      vertex -0.400000 2.937013 19.692910
    endloop
  endfacet
  facet normal 0.107200 -0.288612 -0.951426
    outer loop
      vertex -0.400000 2.937013 19.692910
      vertex -0.400000 2.796318 19.735589
      vertex -0.563684 2.796318 19.717146
    endloop
  endfacet
  facet normal 0.107200 -0.288612 -0.951426
    outer loop
      vertex -0.400000 2.937013 19.692910
      vertex -0.563684 2.796318 19.717146
      vertex -0.554187 2.937013 19.675537
    endloop
  endfacet
  facet normal 0.316224 -0.288612 -0.903717
    outer loop
      vertex -0.554187 2.937013 19.675537
      vertex -0.563684 2.796318 19.717146
      vertex -0.719160 2.796318 19.662743
    endloop
  endfacet
  facet normal 0.316224 -0.288612 -0.903717
    outer loop
      vertex -0.554187 2.937013 19.675537
      vertex -0.719160 2.796318 19.662743
      vertex -0.700642 2.937013 19.624290
    endloop
  endfacet
  facet normal 0.509392 -0.288612 -0.810693
    outer loop
      vertex -0.700642 2.937013 19.624290
      vertex -0.719160 2.796318 19.662743
      vertex -0.858632 2.796318 19.575107
    endloop
  endfacet
  facet normal 0.509392 -0.288612 -0.810693
    outer loop
      vertex -0.700642 2.937013 19.624290
      vertex -0.858632 2.796318 19.575107
      vertex -0.832022 2.937013 19.541739
    endloop
  endfacet
  facet normal 0.677017 -0.288612 -0.677017
    outer loop
      vertex -0.832022 2.937013 19.541739
      vertex -0.858632 2.796318 19.575107
      vertex -0.975107 2.796318 19.458632
    endloop
  endfacet
  facet normal 0.677017 -0.288612 -0.677017
    outer loop
      vertex -0.832022 2.937013 19.541739
      vertex -0.975107 2.796318 19.458632
      vertex -0.941739 2.937013 19.432022
    endloop
  endfacet
  facet normal 0.810693 -0.288612 -0.509392
    outer loop
      vertex -0.941739 2.937013 19.432022
      vertex -0.975107 2.796318 19.458632
      vertex -1.062743 2.796318 19.319160
    endloop
  endfacet
  facet normal 0.810693 -0.288612 -0.509392
    outer loop
      vertex -0.941739 2.937013 19.432022
      vertex -1.062743 2.796318 19.319160
      vertex -1.024290 2.937013 19.300642
    endloop
  endfacet
  facet normal 0.903717 -0.288612 -0.316224
    outer loop
      vertex -1.024290 2.937013 19.300642
      vertex -1.062743 2.796318 19.319160
      vertex -1.117146 2.796318 19.163684
    endloop
  endfacet
  facet normal 0.903717 -0.288612 -0.316224
    outer loop
      vertex -1.024290 2.937013 19.300642
      vertex -1.117146 2.796318 19.163684
      vertex -1.075537 2.937013 19.154187
    endloop
  endfacet
  facet normal 0.951426 -0.288612 -0.107200
    outer loop
      vertex -1.075537 2.937013 19.154187
      vertex -1.117146 2.796318 19.163684
      vertex -1.135589 2.796318 19.000000
    endloop
  endfacet
  facet normal 0.951426 -0.288612 -0.107200
    outer loop
      vertex -1.075537 2.937013 19.154187
      vertex -1.135589 2.796318 19.000000
      vertex -1.092910 2.937013 19.000000
    endloop
  endfacet
  facet normal 0.951426 -0.288612 0.107200
    outer loop
      vertex -1.092910 2.937013 19.000000
      vertex -1.135589 2.796318 19.000000
      vertex -1.117146 2.796318 18.836316
    endloop
  endfacet
  facet normal 0.951426 -0.288612 0.107200
    outer loop
      vertex -1.092910 2.937013 19.000000
      vertex -1.117146 2.796318 18.836316
      vertex -1.075537 2.937013 18.845813
    endloop
  endfacet
  facet normal 0.903717 -0.288612 0.316224
    outer loop
      vertex -1.075537 2.937013 18.845813
      vertex -1.117146 2.796318 18.836316
      vertex -1.062743 2.796318 18.680840
    endloop
  endfacet
  facet normal 0.903717 -0.288612 0.316224
    outer loop
      vertex -1.075537 2.937013 18.845813
      vertex -1.062743 2.796318 18.680840
      vertex -1.024290 2.937013 18.699358
    endloop
  endfacet
  facet normal 0.810693 -0.288612 0.509392
    outer loop
      vertex -1.024290 2.937013 18.699358
      vertex -1.062743 2.796318 18.680840
      vertex -0.975107 2.796318 18.541368
    endloop
  endfacet
  facet normal 0.810693 -0.288612 0.509392
    outer loop
      vertex -1.024290 2.937013 18.699358
      vertex -0.975107 2.796318 18.541368
      vertex -0.941739 2.937013 18.567978
    endloop
  endfacet
  facet normal 0.677017 -0.288612 0.677017
    outer loop
      vertex -0.941739 2.937013 18.567978
      vertex -0.975107 2.796318 18.541368
      vertex -0.858632 2.796318 18.424893
    endloop
  endfacet
  facet normal 0.677017 -0.288612 0.677017
    outer loop
      vertex -0.941739 2.937013 18.567978
      vertex -0.858632 2.796318 18.424893
      vertex -0.832022 2.937013 18.458261
    endloop
  endfacet
  facet normal 0.509392 -0.288612 0.810693
    outer loop
      vertex -0.832022 2.937013 18.458261
      vertex -0.858632 2.796318 18.424893
      vertex -0.719160 2.796318 18.337257
    endloop
  endfacet
  facet normal 0.509392 -0.288612 0.810693
    outer loop
      vertex -0.832022 2.937013 18.458261
      vertex -0.719160 2.796318 18.337257
      vertex -0.700642 2.937013 18.375710
    endloop
  endfacet
  facet normal 0.316224 -0.288612 0.903717
    outer loop
      vertex -0.700642 2.937013 18.375710
      vertex -0.719160 2.796318 18.337257
      vertex -0.563684 2.796318 18.282854
    endloop
  endfacet
  facet normal 0.316224 -0.288612 0.903717
    outer loop
      vertex -0.700642 2.937013 18.375710
      vertex -0.563684 2.796318 18.282854
      vertex -0.554187 2.937013 18.324463
    endloop
  endfacet
  facet normal 0.107200 -0.288612 0.951426
    outer loop
      vertex -0.554187 2.937013 18.324463
      vertex -0.563684 2.796318 18.282854
      vertex -0.400000 2.796318 18.264411
    endloop
  endfacet
  facet normal 0.107200 -0.288612 0.951426
    outer loop
      vertex -0.554187 2.937013 18.324463
      vertex -0.400000 2.796318 18.264411
      vertex -0.400000 2.937013 18.307090
    endloop
  endfacet
  facet normal -0.107200 -0.288612 0.951426
    outer loop
      vertex -0.400000 2.937013 18.307090
      vertex -0.400000 2.796318 18.264411
      vertex -0.236316 2.796318 18.282854
    endloop
  endfacet
  facet normal -0.107200 -0.288612 0.951426
    outer loop
      vertex -0.400000 2.937013 18.307090
      vertex -0.236316 2.796318 18.282854
      vertex -0.245813 2.937013 18.324463
    endloop
  endfacet
  facet normal -0.316224 -0.288612 0.903717
    outer loop
      vertex -0.245813 2.937013 18.324463
      vertex -0.236316 2.796318 18.282854
      vertex -0.080840 2.796318 18.337257
    endloop
  endfacet
  facet normal -0.316224 -0.288612 0.903717
    outer loop
      vertex -0.245813 2.937013 18.324463
      vertex -0.080840 2.796318 18.337257
      vertex -0.099358 2.937013 18.375710
    endloop
  endfacet
  facet normal -0.509392 -0.288612 0.810693
    outer loop
      vertex -0.099358 2.937013 18.375710
      vertex -0.080840 2.796318 18.337257
      vertex 0.058632 2.796318 18.424893
    endloop
  endfacet
  facet normal -0.509392 -0.288612 0.810693
    outer loop
      vertex -0.099358 2.937013 18.375710
      vertex 0.058632 2.796318 18.424893
      vertex 0.032022 2.937013 18.458261
    endloop
  endfacet
  facet normal -0.677017 -0.288612 0.677017
    outer loop
      vertex 0.032022 2.937013 18.458261
      vertex 0.058632 2.796318 18.424893
      vertex 0.175107 2.796318 18.541368
    endloop
  endfacet
  facet normal -0.677017 -0.288612 0.677017
    outer loop
      vertex 0.032022 2.937013 18.458261
      vertex 0.175107 2.796318 18.541368
      vertex 0.141739 2.937013 18.567978
    endloop
  endfacet
  facet normal -0.810693 -0.288612 0.509392
    outer loop
      vertex 0.141739 2.937013 18.567978
      vertex 0.175107 2.796318 18.541368
      vertex 0.262743 2.796318 18.680840
    endloop
  endfacet
  facet normal -0.810693 -0.288612 0.509392
    outer loop
      vertex 0.141739 2.937013 18.567978
      vertex 0.262743 2.796318 18.680840
      vertex 0.224290 2.937013 18.699358
    endloop
  endfacet
  facet normal -0.903717 -0.288612 0.316224
    outer loop
      vertex 0.224290 2.937013 18.699358
      vertex 0.262743 2.796318 18.680840
      vertex 0.317146 2.796318 18.836316
    endloop
  endfacet
  facet normal -0.903717 -0.288612 0.316224
    outer loop
      vertex 0.224290 2.937013 18.699358
      vertex 0.317146 2.796318 18.836316
      vertex 0.275537 2.937013 18.845813
    endloop
  endfacet
  facet normal -0.951426 -0.288612 0.107200
    outer loop
      vertex 0.275537 2.937013 18.845813
      vertex 0.317146 2.796318 18.836316
      vertex 0.335589 2.796318 19.000000
    endloop
  endfacet
  facet normal -0.951426 -0.288612 0.107200
    outer loop
      vertex 0.275537 2.937013 18.845813
      vertex 0.335589 2.796318 19.000000
      vertex 0.292910 2.937013 19.000000
    endloop
  endfacet
  facet normal -0.988987 -0.097407 -0.111432
    outer loop
      vertex 0.335589 2.796318 19.000000
      vertex 0.350000 2.650000 19.000000
      vertex 0.331196 2.650000 19.166891
    endloop
  endfacet
  facet normal -0.988987 -0.097407 -0.111432
    outer loop
      vertex 0.335589 2.796318 19.000000
      vertex 0.331196 2.650000 19.166891
      vertex 0.317146 2.796318 19.163684
    endloop
  endfacet
  facet normal -0.939395 -0.097407 -0.328708
    outer loop
      vertex 0.317146 2.796318 19.163684
      vertex 0.331196 2.650000 19.166891
      vertex 0.275727 2.650000 19.325413
    endloop
  endfacet
  facet normal -0.939395 -0.097407 -0.328708
    outer loop
      vertex 0.317146 2.796318 19.163684
      vertex 0.275727 2.650000 19.325413
      vertex 0.262743 2.796318 19.319160
    endloop
  endfacet
  facet normal -0.842698 -0.097407 -0.529502
    outer loop
      vertex 0.262743 2.796318 19.319160
      vertex 0.275727 2.650000 19.325413
      vertex 0.186374 2.650000 19.467617
    endloop
  endfacet
  facet normal -0.842698 -0.097407 -0.529502
    outer loop
      vertex 0.262743 2.796318 19.319160
      vertex 0.186374 2.650000 19.467617
      vertex 0.175107 2.796318 19.458632
    endloop
  endfacet
  facet normal -0.703744 -0.097407 -0.703744
    outer loop
      vertex 0.175107 2.796318 19.458632
      vertex 0.186374 2.650000 19.467617
      vertex 0.067617 2.650000 19.586374
    endloop
  endfacet
  facet normal -0.703744 -0.097407 -0.703744
    outer loop
      vertex 0.175107 2.796318 19.458632
      vertex 0.067617 2.650000 19.586374
      vertex 0.058632 2.796318 19.575107
    endloop
  endfacet
  facet normal -0.529502 -0.097407 -0.842698
    outer loop
      vertex 0.058632 2.796318 19.575107
      vertex 0.067617 2.650000 19.586374
      vertex -0.074587 2.650000 19.675727
    endloop
  endfacet
  facet normal -0.529502 -0.097407 -0.842698
    outer loop
      vertex 0.058632 2.796318 19.575107
      vertex -0.074587 2.650000 19.675727
      vertex -0.080840 2.796318 19.662743
    endloop
  endfacet
  facet normal -0.328708 -0.097407 -0.939395
    outer loop
      vertex -0.080840 2.796318 19.662743
      vertex -0.074587 2.650000 19.675727
      vertex -0.233109 2.650000 19.731196
    endloop
  endfacet
  facet normal -0.328708 -0.097407 -0.939395
    outer loop
      vertex -0.080840 2.796318 19.662743
      vertex -0.233109 2.650000 19.731196
      vertex -0.236316 2.796318 19.717146
    endloop
  endfacet
  facet normal -0.111432 -0.097407 -0.988987
    outer loop
      vertex -0.236316 2.796318 19.717146
      vertex -0.233109 2.650000 19.731196
      vertex -0.400000 2.650000 19.750000
    endloop
  endfacet
  facet normal -0.111432 -0.097407 -0.988987
    outer loop
      vertex -0.236316 2.796318 19.717146
      vertex -0.400000 2.650000 19.750000
      vertex -0.400000 2.796318 19.735589
    endloop
  endfacet
  facet normal 0.111432 -0.097407 -0.988987
    outer loop
      vertex -0.400000 2.796318 19.735589
      vertex -0.400000 2.650000 19.750000
      vertex -0.566891 2.650000 19.731196
    endloop
  endfacet
  facet normal 0.111432 -0.097407 -0.988987
    outer loop
      vertex -0.400000 2.796318 19.735589
      vertex -0.566891 2.650000 19.731196
      vertex -0.563684 2.796318 19.717146
    endloop
  endfacet
  facet normal 0.328708 -0.097407 -0.939395
    outer loop
      vertex -0.563684 2.796318 19.717146
      vertex -0.566891 2.650000 19.731196
      vertex -0.725413 2.650000 19.675727
    endloop
  endfacet
  facet normal 0.328708 -0.097407 -0.939395
    outer loop
      vertex -0.563684 2.796318 19.717146
      vertex -0.725413 2.650000 19.675727
      vertex -0.719160 2.796318 19.662743
    endloop
  endfacet
  facet normal 0.529502 -0.097407 -0.842698
    outer loop
      vertex -0.719160 2.796318 19.662743
      vertex -0.725413 2.650000 19.675727
      vertex -0.867617 2.650000 19.586374
    endloop
  endfacet
  facet normal 0.529502 -0.097407 -0.842698
    outer loop
      vertex -0.719160 2.796318 19.662743
      vertex -0.867617 2.650000 19.586374
      vertex -0.858632 2.796318 19.575107
    endloop
  endfacet
  facet normal 0.703744 -0.097407 -0.703744
    outer loop
      vertex -0.858632 2.796318 19.575107
      vertex -0.867617 2.650000 19.586374
      vertex -0.986374 2.650000 19.467617
    endloop
  endfacet
  facet normal 0.703744 -0.097407 -0.703744
    outer loop
      vertex -0.858632 2.796318 19.575107
      vertex -0.986374 2.650000 19.467617
      vertex -0.975107 2.796318 19.458632
    endloop
  endfacet
  facet normal 0.842698 -0.097407 -0.529502
    outer loop
      vertex -0.975107 2.796318 19.458632
      vertex -0.986374 2.650000 19.467617
      vertex -1.075727 2.650000 19.325413
    endloop
  endfacet
  facet normal 0.842698 -0.097407 -0.529502
    outer loop
      vertex -0.975107 2.796318 19.458632
      vertex -1.075727 2.650000 19.325413
      vertex -1.062743 2.796318 19.319160
    endloop
  endfacet
  facet normal 0.939395 -0.097407 -0.328708
    outer loop
      vertex -1.062743 2.796318 19.319160
      vertex -1.075727 2.650000 19.325413
      vertex -1.131196 2.650000 19.166891
    endloop
  endfacet
  facet normal 0.939395 -0.097407 -0.328708
    outer loop
      vertex -1.062743 2.796318 19.319160
      vertex -1.131196 2.650000 19.166891
      vertex -1.117146 2.796318 19.163684
    endloop
  endfacet
  facet normal 0.988987 -0.097407 -0.111432
    outer loop
      vertex -1.117146 2.796318 19.163684
      vertex -1.131196 2.650000 19.166891
      vertex -1.150000 2.650000 19.000000
    endloop
  endfacet
  facet normal 0.988987 -0.097407 -0.111432
    outer loop
      vertex -1.117146 2.796318 19.163684
      vertex -1.150000 2.650000 19.000000
      vertex -1.135589 2.796318 19.000000
    endloop
  endfacet
  facet normal 0.988987 -0.097407 0.111432
    outer loop
      vertex -1.135589 2.796318 19.000000
      vertex -1.150000 2.650000 19.000000
      vertex -1.131196 2.650000 18.833109
    endloop
  endfacet
  facet normal 0.988987 -0.097407 0.111432
    outer loop
      vertex -1.135589 2.796318 19.000000
      vertex -1.131196 2.650000 18.833109
      vertex -1.117146 2.796318 18.836316
    endloop
  endfacet
  facet normal 0.939395 -0.097407 0.328708
    outer loop
      vertex -1.117146 2.796318 18.836316
      vertex -1.131196 2.650000 18.833109
      vertex -1.075727 2.650000 18.674587
    endloop
  endfacet
  facet normal 0.939395 -0.097407 0.328708
    outer loop
      vertex -1.117146 2.796318 18.836316
      vertex -1.075727 2.650000 18.674587
      vertex -1.062743 2.796318 18.680840
    endloop
  endfacet
  facet normal 0.842698 -0.097407 0.529502
    outer loop
      vertex -1.062743 2.796318 18.680840
      vertex -1.075727 2.650000 18.674587
      vertex -0.986374 2.650000 18.532383
    endloop
  endfacet
  facet normal 0.842698 -0.097407 0.529502
    outer loop
      vertex -1.062743 2.796318 18.680840
      vertex -0.986374 2.650000 18.532383
      vertex -0.975107 2.796318 18.541368
    endloop
  endfacet
  facet normal 0.703744 -0.097407 0.703744
    outer loop
      vertex -0.975107 2.796318 18.541368
      vertex -0.986374 2.650000 18.532383
      vertex -0.867617 2.650000 18.413626
    endloop
  endfacet
  facet normal 0.703744 -0.097407 0.703744
    outer loop
      vertex -0.975107 2.796318 18.541368
      vertex -0.867617 2.650000 18.413626
      vertex -0.858632 2.796318 18.424893
    endloop
  endfacet
  facet normal 0.529502 -0.097407 0.842698
    outer loop
      vertex -0.858632 2.796318 18.424893
      vertex -0.867617 2.650000 18.413626
      vertex -0.725413 2.650000 18.324273
    endloop
  endfacet
  facet normal 0.529502 -0.097407 0.842698
    outer loop
      vertex -0.858632 2.796318 18.424893
      vertex -0.725413 2.650000 18.324273
      vertex -0.719160 2.796318 18.337257
    endloop
  endfacet
  facet normal 0.328708 -0.097407 0.939395
    outer loop
      vertex -0.719160 2.796318 18.337257
      vertex -0.725413 2.650000 18.324273
      vertex -0.566891 2.650000 18.268804
    endloop
  endfacet
  facet normal 0.328708 -0.097407 0.939395
    outer loop
      vertex -0.719160 2.796318 18.337257
      vertex -0.566891 2.650000 18.268804
      vertex -0.563684 2.796318 18.282854
    endloop
  endfacet
  facet normal 0.111432 -0.097407 0.988987
    outer loop
      vertex -0.563684 2.796318 18.282854
      vertex -0.566891 2.650000 18.268804
      vertex -0.400000 2.650000 18.250000
    endloop
  endfacet
  facet normal 0.111432 -0.097407 0.988987
    outer loop
      vertex -0.563684 2.796318 18.282854
      vertex -0.400000 2.650000 18.250000
      vertex -0.400000 2.796318 18.264411
    endloop
  endfacet
  facet normal -0.111432 -0.097407 0.988987
    outer loop
      vertex -0.400000 2.796318 18.264411
      vertex -0.400000 2.650000 18.250000
      vertex -0.233109 2.650000 18.268804
    endloop
  endfacet
  facet normal -0.111432 -0.097407 0.988987
    outer loop
      vertex -0.400000 2.796318 18.264411
      vertex -0.233109 2.650000 18.268804
      vertex -0.236316 2.796318 18.282854
    endloop
  endfacet
  facet normal -0.328708 -0.097407 0.939395
    outer loop
      vertex -0.236316 2.796318 18.282854
      vertex -0.233109 2.650000 18.268804
      vertex -0.074587 2.650000 18.324273
    endloop
  endfacet
  facet normal -0.328708 -0.097407 0.939395
    outer loop
      vertex -0.236316 2.796318 18.282854
      vertex -0.074587 2.650000 18.324273
      vertex -0.080840 2.796318 18.337257
    endloop
  endfacet
  facet normal -0.529502 -0.097407 0.842698
    outer loop
      vertex -0.080840 2.796318 18.337257
      vertex -0.074587 2.650000 18.324273
      vertex 0.067617 2.650000 18.413626
    endloop
  endfacet
  facet normal -0.529502 -0.097407 0.842698
    outer loop
      vertex -0.080840 2.796318 18.337257
      vertex 0.067617 2.650000 18.413626
      vertex 0.058632 2.796318 18.424893
    endloop
  endfacet
  facet normal -0.703744 -0.097407 0.703744
    outer loop
      vertex 0.058632 2.796318 18.424893
      vertex 0.067617 2.650000 18.413626
      vertex 0.186374 2.650000 18.532383
    endloop
  endfacet
  facet normal -0.703744 -0.097407 0.703744
    outer loop
      vertex 0.058632 2.796318 18.424893
      vertex 0.186374 2.650000 18.532383
      vertex 0.175107 2.796318 18.541368
    endloop
  endfacet
  facet normal -0.842698 -0.097407 0.529502
    outer loop
      vertex 0.175107 2.796318 18.541368
      vertex 0.186374 2.650000 18.532383
      vertex 0.275727 2.650000 18.674587
    endloop
  endfacet
  facet normal -0.842698 -0.097407 0.529502
    outer loop
      vertex 0.175107 2.796318 18.541368
      vertex 0.275727 2.650000 18.674587
      vertex 0.262743 2.796318 18.680840
    endloop
  endfacet
  facet normal -0.939395 -0.097407 0.328708
    outer loop
      vertex 0.262743 2.796318 18.680840
      vertex 0.275727 2.650000 18.674587
      vertex 0.331196 2.650000 18.833109
    endloop
  endfacet
  facet normal -0.939395 -0.097407 0.328708
    outer loop
      vertex 0.262743 2.796318 18.680840
      vertex 0.331196 2.650000 18.833109
      vertex 0.317146 2.796318 18.836316
    endloop
  endfacet
  facet normal -0.988987 -0.097407 0.111432
    outer loop
      vertex 0.317146 2.796318 18.836316
      vertex 0.331196 2.650000 18.833109
      vertex 0.350000 2.650000 19.000000
    endloop
  endfacet
  facet normal -0.988987 -0.097407 0.111432
    outer loop
      vertex 0.317146 2.796318 18.836316
      vertex 0.350000 2.650000 19.000000
      vertex 0.335589 2.796318 19.000000
    endloop
  endfacet
  facet normal 0.000000 -1.000000 0.000000
    outer loop
      vertex -18.800000 9.200000 -9.500000
      vertex -15.200000 9.200000 -9.500000
      vertex -15.322667 9.200000 -8.568251
    endloop
  endfacet
  facet normal 0.000000 1.000000 0.000000
    outer loop
      vertex -18.800000 1.200000 -9.500000
      vertex -15.322667 1.200000 -8.568251
      vertex -15.200000 1.200000 -9.500000
    endloop
  endfacet
  facet normal -0.991445 0.000000 -0.130526
    outer loop
      vertex -15.200000 1.200000 -9.500000
      vertex -15.322667 1.200000 -8.568251
      vertex -15.322667 9.200000 -8.568251
    endloop
  endfacet
  facet normal -0.991445 0.000000 -0.130526
    outer loop
      vertex -15.200000 1.200000 -9.500000
      vertex -15.322667 9.200000 -8.568251
      vertex -15.200000 9.200000 -9.500000
    endloop
  endfacet
  facet normal 0.000000 -1.000000 0.000000
    outer loop
      vertex -18.800000 9.200000 -9.500000
      vertex -15.322667 9.200000 -8.568251
      vertex -15.682309 9.200000 -7.700000
    endloop
  endfacet
  facet normal 0.000000 1.000000 0.000000
    outer loop
      vertex -18.800000 1.200000 -9.500000
      vertex -15.682309 1.200000 -7.700000
      vertex -15.322667 1.200000 -8.568251
    endloop
  endfacet
  facet normal -0.923880 0.000000 -0.382683
    outer loop
      vertex -15.322667 1.200000 -8.568251
      vertex -15.682309 1.200000 -7.700000
      vertex -15.682309 9.200000 -7.700000
    endloop
  endfacet
  facet normal -0.923880 0.000000 -0.382683
    outer loop
      vertex -15.322667 1.200000 -8.568251
      vertex -15.682309 9.200000 -7.700000
      vertex -15.322667 9.200000 -8.568251
    endloop
  endfacet
  facet normal 0.000000 -1.000000 0.000000
    outer loop
      vertex -18.800000 9.200000 -9.500000
      vertex -15.682309 9.200000 -7.700000
      vertex -16.254416 9.200000 -6.954416
    endloop
  endfacet
  facet normal 0.000000 1.000000 0.000000
    outer loop
      vertex -18.800000 1.200000 -9.500000
      vertex -16.254416 1.200000 -6.954416
      vertex -15.682309 1.200000 -7.700000
    endloop
  endfacet
  facet normal -0.793353 0.000000 -0.608761
    outer loop
      vertex -15.682309 1.200000 -7.700000
      vertex -16.254416 1.200000 -6.954416
      vertex -16.254416 9.200000 -6.954416
    endloop
  endfacet
  facet normal -0.793353 0.000000 -0.608761
    outer loop
      vertex -15.682309 1.200000 -7.700000
      vertex -16.254416 9.200000 -6.954416
      vertex -15.682309 9.200000 -7.700000
    endloop
  endfacet
  facet normal 0.000000 -1.000000 0.000000
    outer loop
      vertex -18.800000 9.200000 -9.500000
      vertex -16.254416 9.200000 -6.954416
      vertex -17.000000 9.200000 -6.382309
    endloop
  endfacet
  facet normal 0.000000 1.000000 0.000000
    outer loop
      vertex -18.800000 1.200000 -9.500000
      vertex -17.000000 1.200000 -6.382309
      vertex -16.254416 1.200000 -6.954416
    endloop
  endfacet
  facet normal -0.608761 0.000000 -0.793353
    outer loop
      vertex -16.254416 1.200000 -6.954416
      vertex -17.000000 1.200000 -6.382309
      vertex -17.000000 9.200000 -6.382309
    endloop
  endfacet
  facet normal -0.608761 0.000000 -0.793353
    outer loop
      vertex -16.254416 1.200000 -6.954416
      vertex -17.000000 9.200000 -6.382309
      vertex -16.254416 9.200000 -6.954416
    endloop
  endfacet
  facet normal 0.000000 -1.000000 0.000000
    outer loop
      vertex -18.800000 9.200000 -9.500000
      vertex -17.000000 9.200000 -6.382309
      vertex -17.868251 9.200000 -6.022667
    endloop
  endfacet
  facet normal 0.000000 1.000000 0.000000
    outer loop
      vertex -18.800000 1.200000 -9.500000
      vertex -17.868251 1.200000 -6.022667
      vertex -17.000000 1.200000 -6.382309
    endloop
  endfacet
  facet normal -0.382683 0.000000 -0.923880
    outer loop
      vertex -17.000000 1.200000 -6.382309
      vertex -17.868251 1.200000 -6.022667
      vertex -17.868251 9.200000 -6.022667
    endloop
  endfacet
  facet normal -0.382683 0.000000 -0.923880
    outer loop
      vertex -17.000000 1.200000 -6.382309
      vertex -17.868251 9.200000 -6.022667
      vertex -17.000000 9.200000 -6.382309
    endloop
  endfacet
  facet normal 0.000000 -1.000000 0.000000
    outer loop
      vertex -18.800000 9.200000 -9.500000
      vertex -17.868251 9.200000 -6.022667
      vertex -18.800000 9.200000 -5.900000
    endloop
  endfacet
  facet normal 0.000000 1.000000 0.000000
    outer loop
      vertex -18.800000 1.200000 -9.500000
      vertex -18.800000 1.200000 -5.900000
      vertex -17.868251 1.200000 -6.022667
    endloop
  endfacet
  facet normal -0.130526 0.000000 -0.991445
    outer loop
      vertex -17.868251 1.200000 -6.022667
      vertex -18.800000 1.200000 -5.900000
      vertex -18.800000 9.200000 -5.900000
    endloop
  endfacet
  facet normal -0.130526 0.000000 -0.991445
    outer loop
      vertex -17.868251 1.200000 -6.022667
      vertex -18.800000 9.200000 -5.900000
      vertex -17.868251 9.200000 -6.022667
    endloop
  endfacet
  facet normal 0.000000 -1.000000 0.000000
    outer loop
      vertex -18.800000 9.200000 -9.500000
      vertex -18.800000 9.200000 -5.900000
      vertex -19.731749 9.200000 -6.022667
    endloop
  endfacet
  facet normal 0.000000 1.000000 0.000000
    outer loop
      vertex -18.800000 1.200000 -9.500000
      vertex -19.731749 1.200000 -6.022667
      vertex -18.800000 1.200000 -5.900000
    endloop
  endfacet
  facet normal 0.130526 0.000000 -0.991445
    outer loop
      vertex -18.800000 1.200000 -5.900000
      vertex -19.731749 1.200000 -6.022667
      vertex -19.731749 9.200000 -6.022667
    endloop
  endfacet
  facet normal 0.130526 0.000000 -0.991445
    outer loop
      vertex -18.800000 1.200000 -5.900000
      vertex -19.731749 9.200000 -6.022667
      vertex -18.800000 9.200000 -5.900000
    endloop
  endfacet
  facet normal 0.000000 -1.000000 0.000000
    outer loop
      vertex -18.800000 9.200000 -9.500000
      vertex -19.731749 9.200000 -6.022667
      vertex -20.600000 9.200000 -6.382309
    endloop
  endfacet
  facet normal 0.000000 1.000000 0.000000
    outer loop
      vertex -18.800000 1.200000 -9.500000
      vertex -20.600000 1.200000 -6.382309
      vertex -19.731749 1.200000 -6.022667
    endloop
  endfacet
  facet normal 0.382683 0.000000 -0.923880
    outer loop
      vertex -19.731749 1.200000 -6.022667
      vertex -20.600000 1.200000 -6.382309
      vertex -20.600000 9.200000 -6.382309
    endloop
  endfacet
  facet normal 0.382683 0.000000 -0.923880
    outer loop
      vertex -19.731749 1.200000 -6.022667
      vertex -20.600000 9.200000 -6.382309
      vertex -19.731749 9.200000 -6.022667
    endloop
  endfacet
  facet normal 0.000000 -1.000000 0.000000
    outer loop
      vertex -18.800000 9.200000 -9.500000
      vertex -20.600000 9.200000 -6.382309
      vertex -21.345584 9.200000 -6.954416
    endloop
  endfacet
  facet normal 0.000000 1.000000 0.000000
    outer loop
      vertex -18.800000 1.200000 -9.500000
      vertex -21.345584 1.200000 -6.954416
      vertex -20.600000 1.200000 -6.382309
    endloop
  endfacet
  facet normal 0.608761 0.000000 -0.793353
    outer loop
      vertex -20.600000 1.200000 -6.382309
      vertex -21.345584 1.200000 -6.954416
      vertex -21.345584 9.200000 -6.954416
    endloop
  endfacet
  facet normal 0.608761 0.000000 -0.793353
    outer loop
      vertex -20.600000 1.200000 -6.382309
      vertex -21.345584 9.200000 -6.954416
      vertex -20.600000 9.200000 -6.382309
    endloop
  endfacet
  facet normal 0.000000 -1.000000 0.000000
    outer loop
      vertex -18.800000 9.200000 -9.500000
      vertex -21.345584 9.200000 -6.954416
      vertex -21.917691 9.200000 -7.700000
    endloop
  endfacet
  facet normal 0.000000 1.000000 0.000000
    outer loop
      vertex -18.800000 1.200000 -9.500000
      vertex -21.917691 1.200000 -7.700000
      vertex -21.345584 1.200000 -6.954416
    endloop
  endfacet
  facet normal 0.793353 0.000000 -0.608761
    outer loop
      vertex -21.345584 1.200000 -6.954416
      vertex -21.917691 1.200000 -7.700000
      vertex -21.917691 9.200000 -7.700000
    endloop
  endfacet
  facet normal 0.793353 0.000000 -0.608761
    outer loop
      vertex -21.345584 1.200000 -6.954416
      vertex -21.917691 9.200000 -7.700000
      vertex -21.345584 9.200000 -6.954416
    endloop
  endfacet
  facet normal 0.000000 -1.000000 0.000000
    outer loop
      vertex -18.800000 9.200000 -9.500000
      vertex -21.917691 9.200000 -7.700000
      vertex -22.277333 9.200000 -8.568251
    endloop
  endfacet
  facet normal 0.000000 1.000000 0.000000
    outer loop
      vertex -18.800000 1.200000 -9.500000
      vertex -22.277333 1.200000 -8.568251
      vertex -21.917691 1.200000 -7.700000
    endloop
  endfacet
  facet normal 0.923880 0.000000 -0.382683
    outer loop
      vertex -21.917691 1.200000 -7.700000
      vertex -22.277333 1.200000 -8.568251
      vertex -22.277333 9.200000 -8.568251
    endloop
  endfacet
  facet normal 0.923880 0.000000 -0.382683
    outer loop
      vertex -21.917691 1.200000 -7.700000
      vertex -22.277333 9.200000 -8.568251
      vertex -21.917691 9.200000 -7.700000
    endloop
  endfacet
  facet normal 0.000000 -1.000000 0.000000
    outer loop
      vertex -18.800000 9.200000 -9.500000
      vertex -22.277333 9.200000 -8.568251
      vertex -22.400000 9.200000 -9.500000
    endloop
  endfacet
  facet normal 0.000000 1.000000 0.000000
    outer loop
      vertex -18.800000 1.200000 -9.500000
      vertex -22.400000 1.200000 -9.500000
      vertex -22.277333 1.200000 -8.568251
    endloop
  endfacet
  facet normal 0.991445 0.000000 -0.130526
    outer loop
      vertex -22.277333 1.200000 -8.568251
      vertex -22.400000 1.200000 -9.500000
      vertex -22.400000 9.200000 -9.500000
    endloop
  endfacet
  facet normal 0.991445 0.000000 -0.130526
    outer loop
      vertex -22.277333 1.200000 -8.568251
      vertex -22.400000 9.200000 -9.500000
      vertex -22.277333 9.200000 -8.568251
    endloop
  endfacet
  facet normal 0.000000 -1.000000 0.000000
    outer loop
      vertex -18.800000 9.200000 -9.500000
      vertex -22.400000 9.200000 -9.500000
      vertex -22.277333 9.200000 -10.431749
    endloop
  endfacet
  facet normal 0.000000 1.000000 0.000000
    outer loop
      vertex -18.800000 1.200000 -9.500000
      vertex -22.277333 1.200000 -10.431749
      vertex -22.400000 1.200000 -9.500000
    endloop
  endfacet
  facet normal 0.991445 0.000000 0.130526
    outer loop
      vertex -22.400000 1.200000 -9.500000
      vertex -22.277333 1.200000 -10.431749
      vertex -22.277333 9.200000 -10.431749
    endloop
  endfacet
  facet normal 0.991445 0.000000 0.130526
    outer loop
      vertex -22.400000 1.200000 -9.500000
      vertex -22.277333 9.200000 -10.431749
      vertex -22.400000 9.200000 -9.500000
    endloop
  endfacet
  facet normal 0.000000 -1.000000 0.000000
    outer loop
      vertex -18.800000 9.200000 -9.500000
      vertex -22.277333 9.200000 -10.431749
      vertex -21.917691 9.200000 -11.300000
    endloop
  endfacet
  facet normal 0.000000 1.000000 0.000000
    outer loop
      vertex -18.800000 1.200000 -9.500000
      vertex -21.917691 1.200000 -11.300000
      vertex -22.277333 1.200000 -10.431749
    endloop
  endfacet
  facet normal 0.923880 0.000000 0.382683
    outer loop
      vertex -22.277333 1.200000 -10.431749
      vertex -21.917691 1.200000 -11.300000
      vertex -21.917691 9.200000 -11.300000
    endloop
  endfacet
  facet normal 0.923880 0.000000 0.382683
    outer loop
      vertex -22.277333 1.200000 -10.431749
      vertex -21.917691 9.200000 -11.300000
      vertex -22.277333 9.200000 -10.431749
    endloop
  endfacet
  facet normal 0.000000 -1.000000 0.000000
    outer loop
      vertex -18.800000 9.200000 -9.500000
      vertex -21.917691 9.200000 -11.300000
      vertex -21.345584 9.200000 -12.045584
    endloop
  endfacet
  facet normal 0.000000 1.000000 0.000000
    outer loop
      vertex -18.800000 1.200000 -9.500000
      vertex -21.345584 1.200000 -12.045584
      vertex -21.917691 1.200000 -11.300000
    endloop
  endfacet
  facet normal 0.793353 0.000000 0.608761
    outer loop
      vertex -21.917691 1.200000 -11.300000
      vertex -21.345584 1.200000 -12.045584
      vertex -21.345584 9.200000 -12.045584
    endloop
  endfacet
  facet normal 0.793353 0.000000 0.608761
    outer loop
      vertex -21.917691 1.200000 -11.300000
      vertex -21.345584 9.200000 -12.045584
      vertex -21.917691 9.200000 -11.300000
    endloop
  endfacet
  facet normal 0.000000 -1.000000 0.000000
    outer loop
      vertex -18.800000 9.200000 -9.500000
      vertex -21.345584 9.200000 -12.045584
      vertex -20.600000 9.200000 -12.617691
    endloop
  endfacet
  facet normal 0.000000 1.000000 0.000000
    outer loop
      vertex -18.800000 1.200000 -9.500000
      vertex -20.600000 1.200000 -12.617691
      vertex -21.345584 1.200000 -12.045584
    endloop
  endfacet
  facet normal 0.608761 0.000000 0.793353
    outer loop
      vertex -21.345584 1.200000 -12.045584
      vertex -20.600000 1.200000 -12.617691
      vertex -20.600000 9.200000 -12.617691
    endloop
  endfacet
  facet normal 0.608761 0.000000 0.793353
    outer loop
      vertex -21.345584 1.200000 -12.045584
      vertex -20.600000 9.200000 -12.617691
      vertex -21.345584 9.200000 -12.045584
    endloop
  endfacet
  facet normal 0.000000 -1.000000 0.000000
    outer loop
      vertex -18.800000 9.200000 -9.500000
      vertex -20.600000 9.200000 -12.617691
      vertex -19.731749 9.200000 -12.977333
    endloop
  endfacet
  facet normal 0.000000 1.000000 0.000000
    outer loop
      vertex -18.800000 1.200000 -9.500000
      vertex -19.731749 1.200000 -12.977333
      vertex -20.600000 1.200000 -12.617691
    endloop
  endfacet
  facet normal 0.382683 0.000000 0.923880
    outer loop
      vertex -20.600000 1.200000 -12.617691
      vertex -19.731749 1.200000 -12.977333
      vertex -19.731749 9.200000 -12.977333
    endloop
  endfacet
  facet normal 0.382683 0.000000 0.923880
    outer loop
      vertex -20.600000 1.200000 -12.617691
      vertex -19.731749 9.200000 -12.977333
      vertex -20.600000 9.200000 -12.617691
    endloop
  endfacet
  facet normal 0.000000 -1.000000 0.000000
    outer loop
      vertex -18.800000 9.200000 -9.500000
      vertex -19.731749 9.200000 -12.977333
      vertex -18.800000 9.200000 -13.100000
    endloop
  endfacet
  facet normal 0.000000 1.000000 0.000000
    outer loop
      vertex -18.800000 1.200000 -9.500000
      vertex -18.800000 1.200000 -13.100000
      vertex -19.731749 1.200000 -12.977333
    endloop
  endfacet
  facet normal 0.130526 0.000000 0.991445
    outer loop
      vertex -19.731749 1.200000 -12.977333
      vertex -18.800000 1.200000 -13.100000
      vertex -18.800000 9.200000 -13.100000
    endloop
  endfacet
  facet normal 0.130526 0.000000 0.991445
    outer loop
      vertex -19.731749 1.200000 -12.977333
      vertex -18.800000 9.200000 -13.100000
      vertex -19.731749 9.200000 -12.977333
    endloop
  endfacet
  facet normal 0.000000 -1.000000 0.000000
    outer loop
      vertex -18.800000 9.200000 -9.500000
      vertex -18.800000 9.200000 -13.100000
      vertex -17.868251 9.200000 -12.977333
    endloop
  endfacet
  facet normal 0.000000 1.000000 0.000000
    outer loop
      vertex -18.800000 1.200000 -9.500000
      vertex -17.868251 1.200000 -12.977333
      vertex -18.800000 1.200000 -13.100000
    endloop
  endfacet
  facet normal -0.130526 0.000000 0.991445
    outer loop
      vertex -18.800000 1.200000 -13.100000
      vertex -17.868251 1.200000 -12.977333
      vertex -17.868251 9.200000 -12.977333
    endloop
  endfacet
  facet normal -0.130526 0.000000 0.991445
    outer loop
      vertex -18.800000 1.200000 -13.100000
      vertex -17.868251 9.200000 -12.977333
      vertex -18.800000 9.200000 -13.100000
    endloop
  endfacet
  facet normal 0.000000 -1.000000 0.000000
    outer loop
      vertex -18.800000 9.200000 -9.500000
      vertex -17.868251 9.200000 -12.977333
      vertex -17.000000 9.200000 -12.617691
    endloop
  endfacet
  facet normal 0.000000 1.000000 0.000000
    outer loop
      vertex -18.800000 1.200000 -9.500000
      vertex -17.000000 1.200000 -12.617691
      vertex -17.868251 1.200000 -12.977333
    endloop
  endfacet
  facet normal -0.382683 0.000000 0.923880
    outer loop
      vertex -17.868251 1.200000 -12.977333
      vertex -17.000000 1.200000 -12.617691
      vertex -17.000000 9.200000 -12.617691
    endloop
  endfacet
  facet normal -0.382683 0.000000 0.923880
    outer loop
      vertex -17.868251 1.200000 -12.977333
      vertex -17.000000 9.200000 -12.617691
      vertex -17.868251 9.200000 -12.977333
    endloop
  endfacet
  facet normal 0.000000 -1.000000 0.000000
    outer loop
      vertex -18.800000 9.200000 -9.500000
      vertex -17.000000 9.200000 -12.617691
      vertex -16.254416 9.200000 -12.045584
    endloop
  endfacet
  facet normal 0.000000 1.000000 0.000000
    outer loop
      vertex -18.800000 1.200000 -9.500000
      vertex -16.254416 1.200000 -12.045584
      vertex -17.000000 1.200000 -12.617691
    endloop
  endfacet
  facet normal -0.608761 0.000000 0.793353
    outer loop
      vertex -17.000000 1.200000 -12.617691
      vertex -16.254416 1.200000 -12.045584
      vertex -16.254416 9.200000 -12.045584
    endloop
  endfacet
  facet normal -0.608761 0.000000 0.793353
    outer loop
      vertex -17.000000 1.200000 -12.617691
      vertex -16.254416 9.200000 -12.045584
      vertex -17.000000 9.200000 -12.617691
    endloop
  endfacet
  facet normal 0.000000 -1.000000 0.000000
    outer loop
      vertex -18.800000 9.200000 -9.500000
      vertex -16.254416 9.200000 -12.045584
      vertex -15.682309 9.200000 -11.300000
    endloop
  endfacet
  facet normal 0.000000 1.000000 0.000000
    outer loop
      vertex -18.800000 1.200000 -9.500000
      vertex -15.682309 1.200000 -11.300000
      vertex -16.254416 1.200000 -12.045584
    endloop
  endfacet
  facet normal -0.793353 0.000000 0.608761
    outer loop
      vertex -16.254416 1.200000 -12.045584
      vertex -15.682309 1.200000 -11.300000
      vertex -15.682309 9.200000 -11.300000
    endloop
  endfacet
  facet normal -0.793353 0.000000 0.608761
    outer loop
      vertex -16.254416 1.200000 -12.045584
      vertex -15.682309 9.200000 -11.300000
      vertex -16.254416 9.200000 -12.045584
    endloop
  endfacet
  facet normal 0.000000 -1.000000 0.000000
    outer loop
      vertex -18.800000 9.200000 -9.500000
      vertex -15.682309 9.200000 -11.300000
      vertex -15.322667 9.200000 -10.431749
    endloop
  endfacet
  facet normal 0.000000 1.000000 0.000000
    outer loop
      vertex -18.800000 1.200000 -9.500000
      vertex -15.322667 1.200000 -10.431749
      vertex -15.682309 1.200000 -11.300000
    endloop
  endfacet
  facet normal -0.923880 0.000000 0.382683
    outer loop
      vertex -15.682309 1.200000 -11.300000
      vertex -15.322667 1.200000 -10.431749
      vertex -15.322667 9.200000 -10.431749
    endloop
  endfacet
  facet normal -0.923880 0.000000 0.382683
    outer loop
      vertex -15.682309 1.200000 -11.300000
      vertex -15.322667 9.200000 -10.431749
      vertex -15.682309 9.200000 -11.300000
    endloop
  endfacet
  facet normal 0.000000 -1.000000 0.000000
    outer loop
      vertex -18.800000 9.200000 -9.500000
      vertex -15.322667 9.200000 -10.431749
      vertex -15.200000 9.200000 -9.500000
    endloop
  endfacet
  facet normal 0.000000 1.000000 0.000000
    outer loop
      vertex -18.800000 1.200000 -9.500000
      vertex -15.200000 1.200000 -9.500000
      vertex -15.322667 1.200000 -10.431749
    endloop
  endfacet
  facet normal -0.991445 0.000000 0.130526
    outer loop
      vertex -15.322667 1.200000 -10.431749
      vertex -15.200000 1.200000 -9.500000
      vertex -15.200000 9.200000 -9.500000
    endloop
  endfacet
  facet normal -0.991445 0.000000 0.130526
    outer loop
      vertex -15.322667 1.200000 -10.431749
      vertex -15.200000 9.200000 -9.500000
      vertex -15.322667 9.200000 -10.431749
    endloop
  endfacet
  facet normal 0.000000 -1.000000 0.000000
    outer loop
      vertex -13.800000 9.200000 -9.500000
      vertex -10.200000 9.200000 -9.500000
      vertex -10.322667 9.200000 -8.568251
    endloop
  endfacet
  facet normal 0.000000 1.000000 0.000000
    outer loop
      vertex -13.800000 1.200000 -9.500000
      vertex -10.322667 1.200000 -8.568251
      vertex -10.200000 1.200000 -9.500000
    endloop
  endfacet
  facet normal -0.991445 0.000000 -0.130526
    outer loop
      vertex -10.200000 1.200000 -9.500000
      vertex -10.322667 1.200000 -8.568251
      vertex -10.322667 9.200000 -8.568251
    endloop
  endfacet
  facet normal -0.991445 0.000000 -0.130526
    outer loop
      vertex -10.200000 1.200000 -9.500000
      vertex -10.322667 9.200000 -8.568251
      vertex -10.200000 9.200000 -9.500000
    endloop
  endfacet
  facet normal 0.000000 -1.000000 0.000000
    outer loop
      vertex -13.800000 9.200000 -9.500000
      vertex -10.322667 9.200000 -8.568251
      vertex -10.682309 9.200000 -7.700000
    endloop
  endfacet
  facet normal 0.000000 1.000000 0.000000
    outer loop
      vertex -13.800000 1.200000 -9.500000
      vertex -10.682309 1.200000 -7.700000
      vertex -10.322667 1.200000 -8.568251
    endloop
  endfacet
  facet normal -0.923880 0.000000 -0.382683
    outer loop
      vertex -10.322667 1.200000 -8.568251
      vertex -10.682309 1.200000 -7.700000
      vertex -10.682309 9.200000 -7.700000
    endloop
  endfacet
  facet normal -0.923880 0.000000 -0.382683
    outer loop
      vertex -10.322667 1.200000 -8.568251
      vertex -10.682309 9.200000 -7.700000
      vertex -10.322667 9.200000 -8.568251
    endloop
  endfacet
  facet normal 0.000000 -1.000000 0.000000
    outer loop
      vertex -13.800000 9.200000 -9.500000
      vertex -10.682309 9.200000 -7.700000
      vertex -11.254416 9.200000 -6.954416
    endloop
  endfacet
  facet normal 0.000000 1.000000 0.000000
    outer loop
      vertex -13.800000 1.200000 -9.500000
      vertex -11.254416 1.200000 -6.954416
      vertex -10.682309 1.200000 -7.700000
    endloop
  endfacet
  facet normal -0.793353 0.000000 -0.608761
    outer loop
      vertex -10.682309 1.200000 -7.700000
      vertex -11.254416 1.200000 -6.954416
      vertex -11.254416 9.200000 -6.954416
    endloop
  endfacet
  facet normal -0.793353 0.000000 -0.608761
    outer loop
      vertex -10.682309 1.200000 -7.700000
      vertex -11.254416 9.200000 -6.954416
      vertex -10.682309 9.200000 -7.700000
    endloop
  endfacet
  facet normal 0.000000 -1.000000 0.000000
    outer loop
      vertex -13.800000 9.200000 -9.500000
      vertex -11.254416 9.200000 -6.954416
      vertex -12.000000 9.200000 -6.382309
    endloop
  endfacet
  facet normal 0.000000 1.000000 0.000000
    outer loop
      vertex -13.800000 1.200000 -9.500000
      vertex -12.000000 1.200000 -6.382309
      vertex -11.254416 1.200000 -6.954416
    endloop
  endfacet
  facet normal -0.608761 0.000000 -0.793353
    outer loop
      vertex -11.254416 1.200000 -6.954416
      vertex -12.000000 1.200000 -6.382309
      vertex -12.000000 9.200000 -6.382309
    endloop
  endfacet
  facet normal -0.608761 0.000000 -0.793353
    outer loop
      vertex -11.254416 1.200000 -6.954416
      vertex -12.000000 9.200000 -6.382309
      vertex -11.254416 9.200000 -6.954416
    endloop
  endfacet
  facet normal 0.000000 -1.000000 0.000000
    outer loop
      vertex -13.800000 9.200000 -9.500000
      vertex -12.000000 9.200000 -6.382309
      vertex -12.868251 9.200000 -6.022667
    endloop
  endfacet
  facet normal 0.000000 1.000000 0.000000
    outer loop
      vertex -13.800000 1.200000 -9.500000
      vertex -12.868251 1.200000 -6.022667
      vertex -12.000000 1.200000 -6.382309
    endloop
  endfacet
  facet normal -0.382683 0.000000 -0.923880
    outer loop
      vertex -12.000000 1.200000 -6.382309
      vertex -12.868251 1.200000 -6.022667
      vertex -12.868251 9.200000 -6.022667
    endloop
  endfacet
  facet normal -0.382683 0.000000 -0.923880
    outer loop
      vertex -12.000000 1.200000 -6.382309
      vertex -12.868251 9.200000 -6.022667
      vertex -12.000000 9.200000 -6.382309
    endloop
  endfacet
  facet normal 0.000000 -1.000000 0.000000
    outer loop
      vertex -13.800000 9.200000 -9.500000
      vertex -12.868251 9.200000 -6.022667
      vertex -13.800000 9.200000 -5.900000
    endloop
  endfacet
  facet normal 0.000000 1.000000 0.000000
    outer loop
      vertex -13.800000 1.200000 -9.500000
      vertex -13.800000 1.200000 -5.900000
      vertex -12.868251 1.200000 -6.022667
    endloop
  endfacet
  facet normal -0.130526 0.000000 -0.991445
    outer loop
      vertex -12.868251 1.200000 -6.022667
      vertex -13.800000 1.200000 -5.900000
      vertex -13.800000 9.200000 -5.900000
    endloop
  endfacet
  facet normal -0.130526 0.000000 -0.991445
    outer loop
      vertex -12.868251 1.200000 -6.022667
      vertex -13.800000 9.200000 -5.900000
      vertex -12.868251 9.200000 -6.022667
    endloop
  endfacet
  facet normal 0.000000 -1.000000 0.000000
    outer loop
      vertex -13.800000 9.200000 -9.500000
      vertex -13.800000 9.200000 -5.900000
      vertex -14.731749 9.200000 -6.022667
    endloop
  endfacet
  facet normal 0.000000 1.000000 0.000000
    outer loop
      vertex -13.800000 1.200000 -9.500000
      vertex -14.731749 1.200000 -6.022667
      vertex -13.800000 1.200000 -5.900000
    endloop
  endfacet
  facet normal 0.130526 0.000000 -0.991445
    outer loop
      vertex -13.800000 1.200000 -5.900000
      vertex -14.731749 1.200000 -6.022667
      vertex -14.731749 9.200000 -6.022667
    endloop
  endfacet
  facet normal 0.130526 0.000000 -0.991445
    outer loop
      vertex -13.800000 1.200000 -5.900000
      vertex -14.731749 9.200000 -6.022667
      vertex -13.800000 9.200000 -5.900000
    endloop
  endfacet
  facet normal 0.000000 -1.000000 0.000000
    outer loop
      vertex -13.800000 9.200000 -9.500000
      vertex -14.731749 9.200000 -6.022667
      vertex -15.600000 9.200000 -6.382309
    endloop
  endfacet
  facet normal 0.000000 1.000000 0.000000
    outer loop
      vertex -13.800000 1.200000 -9.500000
      vertex -15.600000 1.200000 -6.382309
      vertex -14.731749 1.200000 -6.022667
    endloop
  endfacet
  facet normal 0.382683 0.000000 -0.923880
    outer loop
      vertex -14.731749 1.200000 -6.022667
      vertex -15.600000 1.200000 -6.382309
      vertex -15.600000 9.200000 -6.382309
    endloop
  endfacet
  facet normal 0.382683 0.000000 -0.923880
    outer loop
      vertex -14.731749 1.200000 -6.022667
      vertex -15.600000 9.200000 -6.382309
      vertex -14.731749 9.200000 -6.022667
    endloop
  endfacet
  facet normal 0.000000 -1.000000 0.000000
    outer loop
      vertex -13.800000 9.200000 -9.500000
      vertex -15.600000 9.200000 -6.382309
      vertex -16.345584 9.200000 -6.954416
    endloop
  endfacet
  facet normal 0.000000 1.000000 0.000000
    outer loop
      vertex -13.800000 1.200000 -9.500000
      vertex -16.345584 1.200000 -6.954416
      vertex -15.600000 1.200000 -6.382309
    endloop
  endfacet
  facet normal 0.608761 0.000000 -0.793353
    outer loop
      vertex -15.600000 1.200000 -6.382309
      vertex -16.345584 1.200000 -6.954416
      vertex -16.345584 9.200000 -6.954416
    endloop
  endfacet
  facet normal 0.608761 0.000000 -0.793353
    outer loop
      vertex -15.600000 1.200000 -6.382309
      vertex -16.345584 9.200000 -6.954416
      vertex -15.600000 9.200000 -6.382309
    endloop
  endfacet
  facet normal 0.000000 -1.000000 0.000000
    outer loop
      vertex -13.800000 9.200000 -9.500000
      vertex -16.345584 9.200000 -6.954416
      vertex -16.917691 9.200000 -7.700000
    endloop
  endfacet
  facet normal 0.000000 1.000000 0.000000
    outer loop
      vertex -13.800000 1.200000 -9.500000
      vertex -16.917691 1.200000 -7.700000
      vertex -16.345584 1.200000 -6.954416
    endloop
  endfacet
  facet normal 0.793353 0.000000 -0.608761
    outer loop
      vertex -16.345584 1.200000 -6.954416
      vertex -16.917691 1.200000 -7.700000
      vertex -16.917691 9.200000 -7.700000
    endloop
  endfacet
  facet normal 0.793353 0.000000 -0.608761
    outer loop
      vertex -16.345584 1.200000 -6.954416
      vertex -16.917691 9.200000 -7.700000
      vertex -16.345584 9.200000 -6.954416
    endloop
  endfacet
  facet normal 0.000000 -1.000000 0.000000
    outer loop
      vertex -13.800000 9.200000 -9.500000
      vertex -16.917691 9.200000 -7.700000
      vertex -17.277333 9.200000 -8.568251
    endloop
  endfacet
  facet normal 0.000000 1.000000 0.000000
    outer loop
      vertex -13.800000 1.200000 -9.500000
      vertex -17.277333 1.200000 -8.568251
      vertex -16.917691 1.200000 -7.700000
    endloop
  endfacet
  facet normal 0.923880 0.000000 -0.382683
    outer loop
      vertex -16.917691 1.200000 -7.700000
      vertex -17.277333 1.200000 -8.568251
      vertex -17.277333 9.200000 -8.568251
    endloop
  endfacet
  facet normal 0.923880 0.000000 -0.382683
    outer loop
      vertex -16.917691 1.200000 -7.700000
      vertex -17.277333 9.200000 -8.568251
      vertex -16.917691 9.200000 -7.700000
    endloop
  endfacet
  facet normal 0.000000 -1.000000 0.000000
    outer loop
      vertex -13.800000 9.200000 -9.500000
      vertex -17.277333 9.200000 -8.568251
      vertex -17.400000 9.200000 -9.500000
    endloop
  endfacet
  facet normal 0.000000 1.000000 0.000000
    outer loop
      vertex -13.800000 1.200000 -9.500000
      vertex -17.400000 1.200000 -9.500000
      vertex -17.277333 1.200000 -8.568251
    endloop
  endfacet
  facet normal 0.991445 0.000000 -0.130526
    outer loop
      vertex -17.277333 1.200000 -8.568251
      vertex -17.400000 1.200000 -9.500000
      vertex -17.400000 9.200000 -9.500000
    endloop
  endfacet
  facet normal 0.991445 0.000000 -0.130526
    outer loop
      vertex -17.277333 1.200000 -8.568251
      vertex -17.400000 9.200000 -9.500000
      vertex -17.277333 9.200000 -8.568251
    endloop
  endfacet
  facet normal 0.000000 -1.000000 0.000000
    outer loop
      vertex -13.800000 9.200000 -9.500000
      vertex -17.400000 9.200000 -9.500000
      vertex -17.277333 9.200000 -10.431749
    endloop
  endfacet
  facet normal 0.000000 1.000000 0.000000
    outer loop
      vertex -13.800000 1.200000 -9.500000
      vertex -17.277333 1.200000 -10.431749
      vertex -17.400000 1.200000 -9.500000
    endloop
  endfacet
  facet normal 0.991445 0.000000 0.130526
    outer loop
      vertex -17.400000 1.200000 -9.500000
      vertex -17.277333 1.200000 -10.431749
      vertex -17.277333 9.200000 -10.431749
    endloop
  endfacet
  facet normal 0.991445 0.000000 0.130526
    outer loop
      vertex -17.400000 1.200000 -9.500000
      vertex -17.277333 9.200000 -10.431749
      vertex -17.400000 9.200000 -9.500000
    endloop
  endfacet
  facet normal 0.000000 -1.000000 0.000000
    outer loop
      vertex -13.800000 9.200000 -9.500000
      vertex -17.277333 9.200000 -10.431749
      vertex -16.917691 9.200000 -11.300000
    endloop
  endfacet
  facet normal 0.000000 1.000000 0.000000
    outer loop
      vertex -13.800000 1.200000 -9.500000
      vertex -16.917691 1.200000 -11.300000
      vertex -17.277333 1.200000 -10.431749
    endloop
  endfacet
  facet normal 0.923880 0.000000 0.382683
    outer loop
      vertex -17.277333 1.200000 -10.431749
      vertex -16.917691 1.200000 -11.300000
      vertex -16.917691 9.200000 -11.300000
    endloop
  endfacet
  facet normal 0.923880 0.000000 0.382683
    outer loop
      vertex -17.277333 1.200000 -10.431749
      vertex -16.917691 9.200000 -11.300000
      vertex -17.277333 9.200000 -10.431749
    endloop
  endfacet
  facet normal 0.000000 -1.000000 0.000000
    outer loop
      vertex -13.800000 9.200000 -9.500000
      vertex -16.917691 9.200000 -11.300000
      vertex -16.345584 9.200000 -12.045584
    endloop
  endfacet
  facet normal 0.000000 1.000000 0.000000
    outer loop
      vertex -13.800000 1.200000 -9.500000
      vertex -16.345584 1.200000 -12.045584
      vertex -16.917691 1.200000 -11.300000
    endloop
  endfacet
  facet normal 0.793353 0.000000 0.608761
    outer loop
      vertex -16.917691 1.200000 -11.300000
      vertex -16.345584 1.200000 -12.045584
      vertex -16.345584 9.200000 -12.045584
    endloop
  endfacet
  facet normal 0.793353 0.000000 0.608761
    outer loop
      vertex -16.917691 1.200000 -11.300000
      vertex -16.345584 9.200000 -12.045584
      vertex -16.917691 9.200000 -11.300000
    endloop
  endfacet
  facet normal 0.000000 -1.000000 0.000000
    outer loop
      vertex -13.800000 9.200000 -9.500000
      vertex -16.345584 9.200000 -12.045584
      vertex -15.600000 9.200000 -12.617691
    endloop
  endfacet
  facet normal 0.000000 1.000000 0.000000
    outer loop
      vertex -13.800000 1.200000 -9.500000
      vertex -15.600000 1.200000 -12.617691
      vertex -16.345584 1.200000 -12.045584
    endloop
  endfacet
  facet normal 0.608761 0.000000 0.793353
    outer loop
      vertex -16.345584 1.200000 -12.045584
      vertex -15.600000 1.200000 -12.617691
      vertex -15.600000 9.200000 -12.617691
    endloop
  endfacet
  facet normal 0.608761 0.000000 0.793353
    outer loop
      vertex -16.345584 1.200000 -12.045584
      vertex -15.600000 9.200000 -12.617691
      vertex -16.345584 9.200000 -12.045584
    endloop
  endfacet
  facet normal 0.000000 -1.000000 0.000000
    outer loop
      vertex -13.800000 9.200000 -9.500000
      vertex -15.600000 9.200000 -12.617691
      vertex -14.731749 9.200000 -12.977333
    endloop
  endfacet
  facet normal 0.000000 1.000000 0.000000
    outer loop
      vertex -13.800000 1.200000 -9.500000
      vertex -14.731749 1.200000 -12.977333
      vertex -15.600000 1.200000 -12.617691
    endloop
  endfacet
  facet normal 0.382683 0.000000 0.923880
    outer loop
      vertex -15.600000 1.200000 -12.617691
      vertex -14.731749 1.200000 -12.977333
      vertex -14.731749 9.200000 -12.977333
    endloop
  endfacet
  facet normal 0.382683 0.000000 0.923880
    outer loop
      vertex -15.600000 1.200000 -12.617691
      vertex -14.731749 9.200000 -12.977333
      vertex -15.600000 9.200000 -12.617691
    endloop
  endfacet
  facet normal 0.000000 -1.000000 0.000000
    outer loop
      vertex -13.800000 9.200000 -9.500000
      vertex -14.731749 9.200000 -12.977333
      vertex -13.800000 9.200000 -13.100000
    endloop
  endfacet
  facet normal 0.000000 1.000000 0.000000
    outer loop
      vertex -13.800000 1.200000 -9.500000
      vertex -13.800000 1.200000 -13.100000
      vertex -14.731749 1.200000 -12.977333
    endloop
  endfacet
  facet normal 0.130526 0.000000 0.991445
    outer loop
      vertex -14.731749 1.200000 -12.977333
      vertex -13.800000 1.200000 -13.100000
      vertex -13.800000 9.200000 -13.100000
    endloop
  endfacet
  facet normal 0.130526 0.000000 0.991445
    outer loop
      vertex -14.731749 1.200000 -12.977333
      vertex -13.800000 9.200000 -13.100000
      vertex -14.731749 9.200000 -12.977333
    endloop
  endfacet
  facet normal 0.000000 -1.000000 0.000000
    outer loop
      vertex -13.800000 9.200000 -9.500000
      vertex -13.800000 9.200000 -13.100000
      vertex -12.868251 9.200000 -12.977333
    endloop
  endfacet
  facet normal 0.000000 1.000000 0.000000
    outer loop
      vertex -13.800000 1.200000 -9.500000
      vertex -12.868251 1.200000 -12.977333
      vertex -13.800000 1.200000 -13.100000
    endloop
  endfacet
  facet normal -0.130526 0.000000 0.991445
    outer loop
      vertex -13.800000 1.200000 -13.100000
      vertex -12.868251 1.200000 -12.977333
      vertex -12.868251 9.200000 -12.977333
    endloop
  endfacet
  facet normal -0.130526 0.000000 0.991445
    outer loop
      vertex -13.800000 1.200000 -13.100000
      vertex -12.868251 9.200000 -12.977333
      vertex -13.800000 9.200000 -13.100000
    endloop
  endfacet
  facet normal 0.000000 -1.000000 0.000000
    outer loop
      vertex -13.800000 9.200000 -9.500000
      vertex -12.868251 9.200000 -12.977333
      vertex -12.000000 9.200000 -12.617691
    endloop
  endfacet
  facet normal 0.000000 1.000000 0.000000
    outer loop
      vertex -13.800000 1.200000 -9.500000
      vertex -12.000000 1.200000 -12.617691
      vertex -12.868251 1.200000 -12.977333
    endloop
  endfacet
  facet normal -0.382683 0.000000 0.923880
    outer loop
      vertex -12.868251 1.200000 -12.977333
      vertex -12.000000 1.200000 -12.617691
      vertex -12.000000 9.200000 -12.617691
    endloop
  endfacet
  facet normal -0.382683 0.000000 0.923880
    outer loop
      vertex -12.868251 1.200000 -12.977333
      vertex -12.000000 9.200000 -12.617691
      vertex -12.868251 9.200000 -12.977333
    endloop
  endfacet
  facet normal 0.000000 -1.000000 0.000000
    outer loop
      vertex -13.800000 9.200000 -9.500000
      vertex -12.000000 9.200000 -12.617691
      vertex -11.254416 9.200000 -12.045584
    endloop
  endfacet
  facet normal 0.000000 1.000000 0.000000
    outer loop
      vertex -13.800000 1.200000 -9.500000
      vertex -11.254416 1.200000 -12.045584
      vertex -12.000000 1.200000 -12.617691
    endloop
  endfacet
  facet normal -0.608761 0.000000 0.793353
    outer loop
      vertex -12.000000 1.200000 -12.617691
      vertex -11.254416 1.200000 -12.045584
      vertex -11.254416 9.200000 -12.045584
    endloop
  endfacet
  facet normal -0.608761 0.000000 0.793353
    outer loop
      vertex -12.000000 1.200000 -12.617691
      vertex -11.254416 9.200000 -12.045584
      vertex -12.000000 9.200000 -12.617691
    endloop
  endfacet
  facet normal 0.000000 -1.000000 0.000000
    outer loop
      vertex -13.800000 9.200000 -9.500000
      vertex -11.254416 9.200000 -12.045584
      vertex -10.682309 9.200000 -11.300000
    endloop
  endfacet
  facet normal 0.000000 1.000000 0.000000
    outer loop
      vertex -13.800000 1.200000 -9.500000
      vertex -10.682309 1.200000 -11.300000
      vertex -11.254416 1.200000 -12.045584
    endloop
  endfacet
  facet normal -0.793353 0.000000 0.608761
    outer loop
      vertex -11.254416 1.200000 -12.045584
      vertex -10.682309 1.200000 -11.300000
      vertex -10.682309 9.200000 -11.300000
    endloop
  endfacet
  facet normal -0.793353 0.000000 0.608761
    outer loop
      vertex -11.254416 1.200000 -12.045584
      vertex -10.682309 9.200000 -11.300000
      vertex -11.254416 9.200000 -12.045584
    endloop
  endfacet
  facet normal 0.000000 -1.000000 0.000000
    outer loop
      vertex -13.800000 9.200000 -9.500000
      vertex -10.682309 9.200000 -11.300000
      vertex -10.322667 9.200000 -10.431749
    endloop
  endfacet
  facet normal 0.000000 1.000000 0.000000
    outer loop
      vertex -13.800000 1.200000 -9.500000
      vertex -10.322667 1.200000 -10.431749
      vertex -10.682309 1.200000 -11.300000
    endloop
  endfacet
  facet normal -0.923880 0.000000 0.382683
    outer loop
      vertex -10.682309 1.200000 -11.300000
      vertex -10.322667 1.200000 -10.431749
      vertex -10.322667 9.200000 -10.431749
    endloop
  endfacet
  facet normal -0.923880 0.000000 0.382683
    outer loop
      vertex -10.682309 1.200000 -11.300000
      vertex -10.322667 9.200000 -10.431749
      vertex -10.682309 9.200000 -11.300000
    endloop
  endfacet
  facet normal 0.000000 -1.000000 0.000000
    outer loop
      vertex -13.800000 9.200000 -9.500000
      vertex -10.322667 9.200000 -10.431749
      vertex -10.200000 9.200000 -9.500000
    endloop
  endfacet
  facet normal 0.000000 1.000000 0.000000
    outer loop
      vertex -13.800000 1.200000 -9.500000
      vertex -10.200000 1.200000 -9.500000
      vertex -10.322667 1.200000 -10.431749
    endloop
  endfacet
  facet normal -0.991445 0.000000 0.130526
    outer loop
      vertex -10.322667 1.200000 -10.431749
      vertex -10.200000 1.200000 -9.500000
      vertex -10.200000 9.200000 -9.500000
    endloop
  endfacet
  facet normal -0.991445 0.000000 0.130526
    outer loop
      vertex -10.322667 1.200000 -10.431749
      vertex -10.200000 9.200000 -9.500000
      vertex -10.322667 9.200000 -10.431749
    endloop
  endfacet
  facet normal 0.000000 -1.000000 0.000000
    outer loop
      vertex -20.250000 4.500000 -18.500000
      vertex -12.750000 4.500000 -18.500000
      vertex -12.750000 4.500000 -12.500000
    endloop
  endfacet
  facet normal 0.000000 -1.000000 0.000000
    outer loop
      vertex -20.250000 4.500000 -18.500000
      vertex -12.750000 4.500000 -12.500000
      vertex -20.250000 4.500000 -12.500000
    endloop
  endfacet
  facet normal 0.000000 1.000000 0.000000
    outer loop
      vertex -20.250000 1.500000 -12.500000
      vertex -12.750000 1.500000 -12.500000
      vertex -12.750000 1.500000 -18.500000
    endloop
  endfacet
  facet normal 0.000000 1.000000 0.000000
    outer loop
      vertex -20.250000 1.500000 -12.500000
      vertex -12.750000 1.500000 -18.500000
      vertex -20.250000 1.500000 -18.500000
    endloop
  endfacet
  facet normal 0.000000 0.000000 -1.000000
    outer loop
      vertex -20.250000 4.500000 -12.500000
      vertex -12.750000 4.500000 -12.500000
      vertex -12.750000 1.500000 -12.500000
    endloop
  endfacet
  facet normal 0.000000 0.000000 -1.000000
    outer loop
      vertex -20.250000 4.500000 -12.500000
      vertex -12.750000 1.500000 -12.500000
      vertex -20.250000 1.500000 -12.500000
    endloop
  endfacet
  facet normal 0.000000 0.000000 1.000000
    outer loop
      vertex -12.750000 1.500000 -18.500000
      vertex -12.750000 4.500000 -18.500000
      vertex -20.250000 4.500000 -18.500000
    endloop
  endfacet
  facet normal 0.000000 0.000000 1.000000
    outer loop
      vertex -12.750000 1.500000 -18.500000
      vertex -20.250000 4.500000 -18.500000
      vertex -20.250000 1.500000 -18.500000
    endloop
  endfacet
  facet normal -1.000000 0.000000 0.000000
    outer loop
      vertex -12.750000 1.500000 -12.500000
      vertex -12.750000 4.500000 -12.500000
      vertex -12.750000 4.500000 -18.500000
    endloop
  endfacet
  facet normal -1.000000 0.000000 0.000000
    outer loop
      vertex -12.750000 1.500000 -12.500000
      vertex -12.750000 4.500000 -18.500000
      vertex -12.750000 1.500000 -18.500000
    endloop
  endfacet
  facet normal 1.000000 0.000000 0.000000
    outer loop
      vertex -20.250000 1.500000 -18.500000
      vertex -20.250000 4.500000 -18.500000
      vertex -20.250000 4.500000 -12.500000
    endloop
  endfacet
  facet normal 1.000000 0.000000 0.000000
    outer loop
      vertex -20.250000 1.500000 -18.500000
      vertex -20.250000 4.500000 -12.500000
      vertex -20.250000 1.500000 -12.500000
    endloop
  endfacet
endsolid arduino_uno_r3