solid rgb_led_common_cathode
  facet normal 0.000000 1.000000 0.000000
    outer loop
      vertex -3.810000 -14.800000 0.000000
      vertex -3.530000 -14.800000 0.000000
      vertex -3.557729 -14.800000 -0.121487
    endloop
  endfacet
  facet normal 0.000000 -1.000000 0.000000
    outer loop
      vertex -3.810000 -4.300000 -0.000000
      vertex -3.557729 -4.300000 -0.121487
      vertex -3.530000 -4.300000 -0.000000
    endloop
  endfacet
  facet normal -0.974928 0.000000 0.222521
    outer loop
      vertex -3.530000 -4.300000 -0.000000
      vertex -3.557729 -4.300000 -0.121487
      vertex -3.557729 -14.800000 -0.121487
    endloop
  endfacet
  facet normal -0.974928 0.000000 0.222521
    outer loop
      vertex -3.530000 -4.300000 -0.000000
      vertex -3.557729 -14.800000 -0.121487
      vertex -3.530000 -14.800000 0.000000
    endloop
  endfacet
  facet normal 0.000000 1.000000 0.000000
    outer loop
      vertex -3.810000 -14.800000 0.000000
      vertex -3.557729 -14.800000 -0.121487
      vertex -3.635423 -14.800000 -0.218913
    endloop
  endfacet
  facet normal 0.000000 -1.000000 0.000000
    outer loop
      vertex -3.810000 -4.300000 -0.000000
      vertex -3.635423 -4.300000 -0.218913
      vertex -3.557729 -4.300000 -0.121487
    endloop
  endfacet
  facet normal -0.781831 0.000000 0.623490
    outer loop
      vertex -3.557729 -4.300000 -0.121487
      vertex -3.635423 -4.300000 -0.218913
      vertex -3.635423 -14.800000 -0.218913
    endloop
  endfacet
  facet normal -0.781831 0.000000 0.623490
    outer loop
      vertex -3.557729 -4.300000 -0.121487
      vertex -3.635423 -14.800000 -0.218913
      vertex -3.557729 -14.800000 -0.121487
    endloop
  endfacet
  facet normal 0.000000 1.000000 0.000000
    outer loop
      vertex -3.810000 -14.800000 0.000000
      vertex -3.635423 -14.800000 -0.218913
      vertex -3.747694 -14.800000 -0.272980
    endloop
  endfacet
  facet normal 0.000000 -1.000000 0.000000
    outer loop
      vertex -3.810000 -4.300000 -0.000000
      vertex -3.747694 -4.300000 -0.272980
      vertex -3.635423 -4.300000 -0.218913
    endloop
  endfacet
  facet normal -0.433884 0.000000 0.900969
    outer loop
      vertex -3.635423 -4.300000 -0.218913
      vertex -3.747694 -4.300000 -0.272980
      vertex -3.747694 -14.800000 -0.272980
    endloop
  endfacet
  facet normal -0.433884 0.000000 0.900969
    outer loop
      vertex -3.635423 -4.300000 -0.218913
      vertex -3.747694 -14.800000 -0.272980
      vertex -3.635423 -14.800000 -0.218913
    endloop
  endfacet
  facet normal 0.000000 1.000000 0.000000
    outer loop
      vertex -3.810000 -14.800000 0.000000
      vertex -3.747694 -14.800000 -0.272980
      vertex -3.872306 -14.800000 -0.272980
    endloop
  endfacet
  facet normal 0.000000 -1.000000 0.000000
    outer loop
      vertex -3.810000 -4.300000 -0.000000
      vertex -3.872306 -4.300000 -0.272980
      vertex -3.747694 -4.300000 -0.272980
    endloop
  endfacet
  facet normal 0.000000 0.000000 1.000000
    outer loop
      vertex -3.747694 -4.300000 -0.272980
      vertex -3.872306 -4.300000 -0.272980
      vertex -3.872306 -14.800000 -0.272980
    endloop
  endfacet
  facet normal 0.000000 0.000000 1.000000
    outer loop
      vertex -3.747694 -4.300000 -0.272980
      vertex -3.872306 -14.800000 -0.272980
      vertex -3.747694 -14.800000 -0.272980
    endloop
  endfacet
  facet normal 0.000000 1.000000 0.000000
    outer loop
      vertex -3.810000 -14.800000 0.000000
      vertex -3.872306 -14.800000 -0.272980
      vertex -3.984577 -14.800000 -0.218913
    endloop
  endfacet
  facet normal 0.000000 -1.000000 0.000000
    outer loop
      vertex -3.810000 -4.300000 -0.000000
      vertex -3.984577 -4.300000 -0.218913
      vertex -3.872306 -4.300000 -0.272980
    endloop
  endfacet
  facet normal 0.433884 0.000000 0.900969
    outer loop
      vertex -3.872306 -4.300000 -0.272980
      vertex -3.984577 -4.300000 -0.218913
      vertex -3.984577 -14.800000 -0.218913
    endloop
  endfacet
  facet normal 0.433884 0.000000 0.900969
    outer loop
      vertex -3.872306 -4.300000 -0.272980
      vertex -3.984577 -14.800000 -0.218913
      vertex -3.872306 -14.800000 -0.272980
    endloop
  endfacet
  facet normal 0.000000 1.000000 0.000000
    outer loop
      vertex -3.810000 -14.800000 0.000000
      vertex -3.984577 -14.800000 -0.218913
      vertex -4.062271 -14.800000 -0.121487
    endloop
  endfacet
  facet normal 0.000000 -1.000000 0.000000
    outer loop
      vertex -3.810000 -4.300000 -0.000000
      vertex -4.062271 -4.300000 -0.121487
      vertex -3.984577 -4.300000 -0.218913
    endloop
  endfacet
  facet normal 0.781831 0.000000 0.623490
    outer loop
      vertex -3.984577 -4.300000 -0.218913
      vertex -4.062271 -4.300000 -0.121487
      vertex -4.062271 -14.800000 -0.121487
    endloop
  endfacet
  facet normal 0.781831 0.000000 0.623490
    outer loop
      vertex -3.984577 -4.300000 -0.218913
      vertex -4.062271 -14.800000 -0.121487
      vertex -3.984577 -14.800000 -0.218913
    endloop
  endfacet
  facet normal 0.000000 1.000000 0.000000
    outer loop
      vertex -3.810000 -14.800000 0.000000
      vertex -4.062271 -14.800000 -0.121487
      vertex -4.090000 -14.800000 0.000000
    endloop
  endfacet
  facet normal 0.000000 -1.000000 0.000000
    outer loop
      vertex -3.810000 -4.300000 -0.000000
      vertex -4.090000 -4.300000 -0.000000
      vertex -4.062271 -4.300000 -0.121487
    endloop
  endfacet
  facet normal 0.974928 0.000000 0.222521
    outer loop
      vertex -4.062271 -4.300000 -0.121487
      vertex -4.090000 -4.300000 -0.000000
      vertex -4.090000 -14.800000 0.000000
    endloop
  endfacet
  facet normal 0.974928 0.000000 0.222521
    outer loop
      vertex -4.062271 -4.300000 -0.121487
      vertex -4.090000 -14.800000 0.000000
      vertex -4.062271 -14.800000 -0.121487
    endloop
  endfacet
  facet normal 0.000000 1.000000 0.000000
    outer loop
      vertex -3.810000 -14.800000 0.000000
      vertex -4.090000 -14.800000 0.000000
      vertex -4.062271 -14.800000 0.121487
    endloop
  endfacet
  facet normal 0.000000 -1.000000 0.000000
    outer loop
      vertex -3.810000 -4.300000 -0.000000
      vertex -4.062271 -4.300000 0.121487
      vertex -4.090000 -4.300000 -0.000000
    endloop
  endfacet
  facet normal 0.974928 -0.000000 -0.222521
    outer loop
      vertex -4.090000 -4.300000 -0.000000
      vertex -4.062271 -4.300000 0.121487
      vertex -4.062271 -14.800000 0.121487
    endloop
  endfacet
  facet normal 0.974928 -0.000000 -0.222521
    outer loop
      vertex -4.090000 -4.300000 -0.000000
      vertex -4.062271 -14.800000 0.121487
      vertex -4.090000 -14.800000 0.000000
    endloop
  endfacet
  facet normal 0.000000 1.000000 0.000000
    outer loop
      vertex -3.810000 -14.800000 0.000000
      vertex -4.062271 -14.800000 0.121487
      vertex -3.984577 -14.800000 0.218913
    endloop
  endfacet
  facet normal 0.000000 -1.000000 0.000000
    outer loop
      vertex -3.810000 -4.300000 -0.000000
      vertex -3.984577 -4.300000 0.218913
      vertex -4.062271 -4.300000 0.121487
    endloop
  endfacet
  facet normal 0.781831 -0.000000 -0.623490
    outer loop
      vertex -4.062271 -4.300000 0.121487
      vertex -3.984577 -4.300000 0.218913
      vertex -3.984577 -14.800000 0.218913
    endloop
  endfacet
  facet normal 0.781831 -0.000000 -0.623490
    outer loop
      vertex -4.062271 -4.300000 0.121487
      vertex -3.984577 -14.800000 0.218913
      vertex -4.062271 -14.800000 0.121487
    endloop
  endfacet
  facet normal 0.000000 1.000000 0.000000
    outer loop
      vertex -3.810000 -14.800000 0.000000
      vertex -3.984577 -14.800000 0.218913
      vertex -3.872306 -14.800000 0.272980
    endloop
  endfacet
  facet normal 0.000000 -1.000000 0.000000
    outer loop
      vertex -3.810000 -4.300000 -0.000000
      vertex -3.872306 -4.300000 0.272980
      vertex -3.984577 -4.300000 0.218913
    endloop
  endfacet
  facet normal 0.433884 -0.000000 -0.900969
    outer loop
      vertex -3.984577 -4.300000 0.218913
      vertex -3.872306 -4.300000 0.272980
      vertex -3.872306 -14.800000 0.272980
    endloop
  endfacet
  facet normal 0.433884 -0.000000 -0.900969
    outer loop
      vertex -3.984577 -4.300000 0.218913
      vertex -3.872306 -14.800000 0.272980
      vertex -3.984577 -14.800000 0.218913
    endloop
  endfacet
  facet normal 0.000000 1.000000 0.000000
    outer loop
      vertex -3.810000 -14.800000 0.000000
      vertex -3.872306 -14.800000 0.272980
      vertex -3.747694 -14.800000 0.272980
    endloop
  endfacet
  facet normal 0.000000 -1.000000 0.000000
    outer loop
      vertex -3.810000 -4.300000 -0.000000
      vertex -3.747694 -4.300000 0.272980
      vertex -3.872306 -4.300000 0.272980
    endloop
  endfacet
  facet normal 0.000000 -0.000000 -1.000000
    outer loop
      vertex -3.872306 -4.300000 0.272980
      vertex -3.747694 -4.300000 0.272980
      vertex -3.747694 -14.800000 0.272980
    endloop
  endfacet
  facet normal 0.000000 -0.000000 -1.000000
    outer loop
      vertex -3.872306 -4.300000 0.272980
      vertex -3.747694 -14.800000 0.272980
      vertex -3.872306 -14.800000 0.272980
    endloop
  endfacet
  facet normal 0.000000 1.000000 0.000000
    outer loop
      vertex -3.810000 -14.800000 0.000000
      vertex -3.747694 -14.800000 0.272980
      vertex -3.635423 -14.800000 0.218913
    endloop
  endfacet
  facet normal 0.000000 -1.000000 0.000000
    outer loop
      vertex -3.810000 -4.300000 -0.000000
      vertex -3.635423 -4.300000 0.218913
      vertex -3.747694 -4.300000 0.272980
    endloop
  endfacet
  facet normal -0.433884 -0.000000 -0.900969
    outer loop
      vertex -3.747694 -4.300000 0.272980
      vertex -3.635423 -4.300000 0.218913
      vertex -3.635423 -14.800000 0.218913
    endloop
  endfacet
  facet normal -0.433884 -0.000000 -0.900969
    outer loop
      vertex -3.747694 -4.300000 0.272980
      vertex -3.635423 -14.800000 0.218913
      vertex -3.747694 -14.800000 0.272980
    endloop
  endfacet
  facet normal 0.000000 1.000000 0.000000
    outer loop
      vertex -3.810000 -14.800000 0.000000
      vertex -3.635423 -14.800000 0.218913
      vertex -3.557729 -14.800000 0.121487
    endloop
  endfacet
  facet normal 0.000000 -1.000000 0.000000
    outer loop
      vertex -3.810000 -4.300000 -0.000000
      vertex -3.557729 -4.300000 0.121487
      vertex -3.635423 -4.300000 0.218913
    endloop
  endfacet
  facet normal -0.781831 -0.000000 -0.623490
    outer loop
      vertex -3.635423 -4.300000 0.218913
      vertex -3.557729 -4.300000 0.121487
      vertex -3.557729 -14.800000 0.121487
    endloop
  endfacet
  facet normal -0.781831 -0.000000 -0.623490
    outer loop
      vertex -3.635423 -4.300000 0.218913
      vertex -3.557729 -14.800000 0.121487
      vertex -3.635423 -14.800000 0.218913
    endloop
  endfacet
  facet normal 0.000000 1.000000 0.000000
    outer loop
      vertex -3.810000 -14.800000 0.000000
      vertex -3.557729 -14.800000 0.121487
      vertex -3.530000 -14.800000 0.000000
    endloop
  endfacet
  facet normal 0.000000 -1.000000 0.000000
    outer loop
      vertex -3.810000 -4.300000 -0.000000
      vertex -3.530000 -4.300000 -0.000000
      vertex -3.557729 -4.300000 0.121487
    endloop
  endfacet
  facet normal -0.974928 -0.000000 -0.222521
    outer loop
      vertex -3.557729 -4.300000 0.121487
      vertex -3.530000 -4.300000 -0.000000
      vertex -3.530000 -14.800000 0.000000
    endloop
  endfacet
  facet normal -0.974928 -0.000000 -0.222521
    outer loop
      vertex -3.557729 -4.300000 0.121487
      vertex -3.530000 -14.800000 0.000000
      vertex -3.557729 -14.800000 0.121487
    endloop
  endfacet
  facet normal 0.000000 1.000000 0.000000
    outer loop
      vertex -1.270000 -14.800000 0.000000
      vertex -0.990000 -14.800000 0.000000
      vertex -1.017729 -14.800000 -0.121487
    endloop
  endfacet
  facet normal 0.000000 -1.000000 0.000000
    outer loop
      vertex -1.270000 -4.300000 -0.000000
      vertex -1.017729 -4.300000 -0.121487
      vertex -0.990000 -4.300000 -0.000000
    endloop
  endfacet
  facet normal -0.974928 0.000000 0.222521
    outer loop
      vertex -0.990000 -4.300000 -0.000000
      vertex -1.017729 -4.300000 -0.121487
      vertex -1.017729 -14.800000 -0.121487
    endloop
  endfacet
  facet normal -0.974928 0.000000 0.222521
    outer loop
      vertex -0.990000 -4.300000 -0.000000
      vertex -1.017729 -14.800000 -0.121487
      vertex -0.990000 -14.800000 0.000000
    endloop
  endfacet
  facet normal 0.000000 1.000000 0.000000
    outer loop
      vertex -1.270000 -14.800000 0.000000
      vertex -1.017729 -14.800000 -0.121487
      vertex -1.095423 -14.800000 -0.218913
    endloop
  endfacet
  facet normal 0.000000 -1.000000 0.000000
    outer loop
      vertex -1.270000 -4.300000 -0.000000
      vertex -1.095423 -4.300000 -0.218913
      vertex -1.017729 -4.300000 -0.121487
    endloop
  endfacet
  facet normal -0.781831 0.000000 0.623490
    outer loop
      vertex -1.017729 -4.300000 -0.121487
      vertex -1.095423 -4.300000 -0.218913
      vertex -1.095423 -14.800000 -0.218913
    endloop
  endfacet
  facet normal -0.781831 0.000000 0.623490
    outer loop
      vertex -1.017729 -4.300000 -0.121487
      vertex -1.095423 -14.800000 -0.218913
      vertex -1.017729 -14.800000 -0.121487
    endloop
  endfacet
  facet normal 0.000000 1.000000 0.000000
    outer loop
      vertex -1.270000 -14.800000 0.000000
      vertex -1.095423 -14.800000 -0.218913
      vertex -1.207694 -14.800000 -0.272980
    endloop
  endfacet
  facet normal 0.000000 -1.000000 0.000000
    outer loop
      vertex -1.270000 -4.300000 -0.000000
      vertex -1.207694 -4.300000 -0.272980
      vertex -1.095423 -4.300000 -0.218913
    endloop
  endfacet
  facet normal -0.433884 0.000000 0.900969
    outer loop
      vertex -1.095423 -4.300000 -0.218913
      vertex -1.207694 -4.300000 -0.272980
      vertex -1.207694 -14.800000 -0.272980
    endloop
  endfacet
  facet normal -0.433884 0.000000 0.900969
    outer loop
      vertex -1.095423 -4.300000 -0.218913
      vertex -1.207694 -14.800000 -0.272980
      vertex -1.095423 -14.800000 -0.218913
    endloop
  endfacet
  facet normal 0.000000 1.000000 0.000000
    outer loop
      vertex -1.270000 -14.800000 0.000000
      vertex -1.207694 -14.800000 -0.272980
      vertex -1.332306 -14.800000 -0.272980
    endloop
  endfacet
  facet normal 0.000000 -1.000000 0.000000
    outer loop
      vertex -1.270000 -4.300000 -0.000000
      vertex -1.332306 -4.300000 -0.272980
      vertex -1.207694 -4.300000 -0.272980
    endloop
  endfacet
  facet normal 0.000000 0.000000 1.000000
    outer loop
      vertex -1.207694 -4.300000 -0.272980
      vertex -1.332306 -4.300000 -0.272980
      vertex -1.332306 -14.800000 -0.272980
    endloop
  endfacet
  facet normal 0.000000 0.000000 1.000000
    outer loop
      vertex -1.207694 -4.300000 -0.272980
      vertex -1.332306 -14.800000 -0.272980
      vertex -1.207694 -14.800000 -0.272980
    endloop
  endfacet
  facet normal 0.000000 1.000000 0.000000
    outer loop
      vertex -1.270000 -14.800000 0.000000
      vertex -1.332306 -14.800000 -0.272980
      vertex -1.444577 -14.800000 -0.218913
    endloop
  endfacet
  facet normal 0.000000 -1.000000 0.000000
    outer loop
      vertex -1.270000 -4.300000 -0.000000
      vertex -1.444577 -4.300000 -0.218913
      vertex -1.332306 -4.300000 -0.272980
    endloop
  endfacet
  facet normal 0.433884 0.000000 0.900969
    outer loop
      vertex -1.332306 -4.300000 -0.272980
      vertex -1.444577 -4.300000 -0.218913
      vertex -1.444577 -14.800000 -0.218913
    endloop
  endfacet
  facet normal 0.433884 0.000000 0.900969
    outer loop
      vertex -1.332306 -4.300000 -0.272980
      vertex -1.444577 -14.800000 -0.218913
      vertex -1.332306 -14.800000 -0.272980
    endloop
  endfacet
  facet normal 0.000000 1.000000 0.000000
    outer loop
      vertex -1.270000 -14.800000 0.000000
      vertex -1.444577 -14.800000 -0.218913
      vertex -1.522271 -14.800000 -0.121487
    endloop
  endfacet
  facet normal 0.000000 -1.000000 0.000000
    outer loop
      vertex -1.270000 -4.300000 -0.000000
      vertex -1.522271 -4.300000 -0.121487
      vertex -1.444577 -4.300000 -0.218913
    endloop
  endfacet
  facet normal 0.781831 0.000000 0.623490
    outer loop
      vertex -1.444577 -4.300000 -0.218913
      vertex -1.522271 -4.300000 -0.121487
      vertex -1.522271 -14.800000 -0.121487
    endloop
  endfacet
  facet normal 0.781831 0.000000 0.623490
    outer loop
      vertex -1.444577 -4.300000 -0.218913
      vertex -1.522271 -14.800000 -0.121487
      vertex -1.444577 -14.800000 -0.218913
    endloop
  endfacet
  facet normal 0.000000 1.000000 0.000000
    outer loop
      vertex -1.270000 -14.800000 0.000000
      vertex -1.522271 -14.800000 -0.121487
      vertex -1.550000 -14.800000 0.000000
    endloop
  endfacet
  facet normal 0.000000 -1.000000 0.000000
    outer loop
      vertex -1.270000 -4.300000 -0.000000
      vertex -1.550000 -4.300000 -0.000000
      vertex -1.522271 -4.300000 -0.121487
    endloop
  endfacet
  facet normal 0.974928 0.000000 0.222521
    outer loop
      vertex -1.522271 -4.300000 -0.121487
      vertex -1.550000 -4.300000 -0.000000
      vertex -1.550000 -14.800000 0.000000
    endloop
  endfacet
  facet normal 0.974928 0.000000 0.222521
    outer loop
      vertex -1.522271 -4.300000 -0.121487
      vertex -1.550000 -14.800000 0.000000
      vertex -1.522271 -14.800000 -0.121487
    endloop
  endfacet
  facet normal 0.000000 1.000000 0.000000
    outer loop
      vertex -1.270000 -14.800000 0.000000
      vertex -1.550000 -14.800000 0.000000
      vertex -1.522271 -14.800000 0.121487
    endloop
  endfacet
  facet normal 0.000000 -1.000000 0.000000
    outer loop
      vertex -1.270000 -4.300000 -0.000000
      vertex -1.522271 -4.300000 0.121487
      vertex -1.550000 -4.300000 -0.000000
    endloop
  endfacet
  facet normal 0.974928 -0.000000 -0.222521
    outer loop
      vertex -1.550000 -4.300000 -0.000000
      vertex -1.522271 -4.300000 0.121487
      vertex -1.522271 -14.800000 0.121487
    endloop
  endfacet
  facet normal 0.974928 -0.000000 -0.222521
    outer loop
      vertex -1.550000 -4.300000 -0.000000
      vertex -1.522271 -14.800000 0.121487
      vertex -1.550000 -14.800000 0.000000
    endloop
  endfacet
  facet normal 0.000000 1.000000 0.000000
    outer loop
      vertex -1.270000 -14.800000 0.000000
      vertex -1.522271 -14.800000 0.121487
      vertex -1.444577 -14.800000 0.218913
    endloop
  endfacet
  facet normal 0.000000 -1.000000 0.000000
    outer loop
      vertex -1.270000 -4.300000 -0.000000
      vertex -1.444577 -4.300000 0.218913
      vertex -1.522271 -4.300000 0.121487
    endloop
  endfacet
  facet normal 0.781831 -0.000000 -0.623490
    outer loop
      vertex -1.522271 -4.300000 0.121487
      vertex -1.444577 -4.300000 0.218913
      vertex -1.444577 -14.800000 0.218913
    endloop
  endfacet
  facet normal 0.781831 -0.000000 -0.623490
    outer loop
      vertex -1.522271 -4.300000 0.121487
      vertex -1.444577 -14.800000 0.218913
      vertex -1.522271 -14.800000 0.121487
    endloop
  endfacet
  facet normal 0.000000 1.000000 0.000000
    outer loop
      vertex -1.270000 -14.800000 0.000000
      vertex -1.444577 -14.800000 0.218913
      vertex -1.332306 -14.800000 0.272980
    endloop
  endfacet
  facet normal 0.000000 -1.000000 0.000000
    outer loop
      vertex -1.270000 -4.300000 -0.000000
      vertex -1.332306 -4.300000 0.272980
      vertex -1.444577 -4.300000 0.218913
    endloop
  endfacet
  facet normal 0.433884 -0.000000 -0.900969
    outer loop
      vertex -1.444577 -4.300000 0.218913
      vertex -1.332306 -4.300000 0.272980
      vertex -1.332306 -14.800000 0.272980
    endloop
  endfacet
  facet normal 0.433884 -0.000000 -0.900969
    outer loop
      vertex -1.444577 -4.300000 0.218913
      vertex -1.332306 -14.800000 0.272980
      vertex -1.444577 -14.800000 0.218913
    endloop
  endfacet
  facet normal 0.000000 1.000000 0.000000
    outer loop
      vertex -1.270000 -14.800000 0.000000
      vertex -1.332306 -14.800000 0.272980
      vertex -1.207694 -14.800000 0.272980
    endloop
  endfacet
  facet normal 0.000000 -1.000000 0.000000
    outer loop
      vertex -1.270000 -4.300000 -0.000000
      vertex -1.207694 -4.300000 0.272980
      vertex -1.332306 -4.300000 0.272980
    endloop
  endfacet
  facet normal 0.000000 -0.000000 -1.000000
    outer loop
      vertex -1.332306 -4.300000 0.272980
      vertex -1.207694 -4.300000 0.272980
      vertex -1.207694 -14.800000 0.272980
    endloop
  endfacet
  facet normal 0.000000 -0.000000 -1.000000
    outer loop
      vertex -1.332306 -4.300000 0.272980
      vertex -1.207694 -14.800000 0.272980
      vertex -1.332306 -14.800000 0.272980
    endloop
  endfacet
  facet normal 0.000000 1.000000 0.000000
    outer loop
      vertex -1.270000 -14.800000 0.000000
      vertex -1.207694 -14.800000 0.272980
      vertex -1.095423 -14.800000 0.218913
    endloop
  endfacet
  facet normal 0.000000 -1.000000 0.000000
    outer loop
      vertex -1.270000 -4.300000 -0.000000
      vertex -1.095423 -4.300000 0.218913
      vertex -1.207694 -4.300000 0.272980
    endloop
  endfacet
  facet normal -0.433884 -0.000000 -0.900969
    outer loop
      vertex -1.207694 -4.300000 0.272980
      vertex -1.095423 -4.300000 0.218913
      vertex -1.095423 -14.800000 0.218913
    endloop
  endfacet
  facet normal -0.433884 -0.000000 -0.900969
    outer loop
      vertex -1.207694 -4.300000 0.272980
      vertex -1.095423 -14.800000 0.218913
      vertex -1.207694 -14.800000 0.272980
    endloop
  endfacet
  facet normal 0.000000 1.000000 0.000000
    outer loop
      vertex -1.270000 -14.800000 0.000000
      vertex -1.095423 -14.800000 0.218913
      vertex -1.017729 -14.800000 0.121487
    endloop
  endfacet
  facet normal 0.000000 -1.000000 0.000000
    outer loop
      vertex -1.270000 -4.300000 -0.000000
      vertex -1.017729 -4.300000 0.121487
      vertex -1.095423 -4.300000 0.218913
    endloop
  endfacet
  facet normal -0.781831 -0.000000 -0.623490
    outer loop
      vertex -1.095423 -4.300000 0.218913
      vertex -1.017729 -4.300000 0.121487
      vertex -1.017729 -14.800000 0.121487
    endloop
  endfacet
  facet normal -0.781831 -0.000000 -0.623490
    outer loop
      vertex -1.095423 -4.300000 0.218913
      vertex -1.017729 -14.800000 0.121487
      vertex -1.095423 -14.800000 0.218913
    endloop
  endfacet
  facet normal 0.000000 1.000000 0.000000
    outer loop
      vertex -1.270000 -14.800000 0.000000
      vertex -1.017729 -14.800000 0.121487
      vertex -0.990000 -14.800000 0.000000
    endloop
  endfacet
  facet normal 0.000000 -1.000000 0.000000
    outer loop
      vertex -1.270000 -4.300000 -0.000000
      vertex -0.990000 -4.300000 -0.000000
      vertex -1.017729 -4.300000 0.121487
    endloop
  endfacet
  facet normal -0.974928 -0.000000 -0.222521
    outer loop
      vertex -1.017729 -4.300000 0.121487
      vertex -0.990000 -4.300000 -0.000000
      vertex -0.990000 -14.800000 0.000000
    endloop
  endfacet
  facet normal -0.974928 -0.000000 -0.222521
    outer loop
      vertex -1.017729 -4.300000 0.121487
      vertex -0.990000 -14.800000 0.000000
      vertex -1.017729 -14.800000 0.121487
    endloop
  endfacet
  facet normal 0.000000 1.000000 0.000000
    outer loop
      vertex 1.270000 -14.800000 0.000000
      vertex 1.550000 -14.800000 0.000000
      vertex 1.522271 -14.800000 -0.121487
    endloop
  endfacet
  facet normal 0.000000 -1.000000 0.000000
    outer loop
      vertex 1.270000 -4.300000 -0.000000
      vertex 1.522271 -4.300000 -0.121487
      vertex 1.550000 -4.300000 -0.000000
    endloop
  endfacet
  facet normal -0.974928 0.000000 0.222521
    outer loop
      vertex 1.550000 -4.300000 -0.000000
      vertex 1.522271 -4.300000 -0.121487
      vertex 1.522271 -14.800000 -0.121487
    endloop
  endfacet
  facet normal -0.974928 0.000000 0.222521
    outer loop
      vertex 1.550000 -4.300000 -0.000000
      vertex 1.522271 -14.800000 -0.121487
      vertex 1.550000 -14.800000 0.000000
    endloop
  endfacet
  facet normal 0.000000 1.000000 0.000000
    outer loop
      vertex 1.270000 -14.800000 0.000000
      vertex 1.522271 -14.800000 -0.121487
      vertex 1.444577 -14.800000 -0.218913
    endloop
  endfacet
  facet normal 0.000000 -1.000000 0.000000
    outer loop
      vertex 1.270000 -4.300000 -0.000000
      vertex 1.444577 -4.300000 -0.218913
      vertex 1.522271 -4.300000 -0.121487
    endloop
  endfacet
  facet normal -0.781831 0.000000 0.623490
    outer loop
      vertex 1.522271 -4.300000 -0.121487
      vertex 1.444577 -4.300000 -0.218913
      vertex 1.444577 -14.800000 -0.218913
    endloop
  endfacet
  facet normal -0.781831 0.000000 0.623490
    outer loop
      vertex 1.522271 -4.300000 -0.121487
      vertex 1.444577 -14.800000 -0.218913
      vertex 1.522271 -14.800000 -0.121487
    endloop
  endfacet
  facet normal 0.000000 1.000000 0.000000
    outer loop
      vertex 1.270000 -14.800000 0.000000
      vertex 1.444577 -14.800000 -0.218913
      vertex 1.332306 -14.800000 -0.272980
    endloop
  endfacet
  facet normal 0.000000 -1.000000 0.000000
    outer loop
      vertex 1.270000 -4.300000 -0.000000
      vertex 1.332306 -4.300000 -0.272980
      vertex 1.444577 -4.300000 -0.218913
    endloop
  endfacet
  facet normal -0.433884 0.000000 0.900969
    outer loop
      vertex 1.444577 -4.300000 -0.218913
      vertex 1.332306 -4.300000 -0.272980
      vertex 1.332306 -14.800000 -0.272980
    endloop
  endfacet
  facet normal -0.433884 0.000000 0.900969
    outer loop
      vertex 1.444577 -4.300000 -0.218913
      vertex 1.332306 -14.800000 -0.272980
      vertex 1.444577 -14.800000 -0.218913
    endloop
  endfacet
  facet normal 0.000000 1.000000 0.000000
    outer loop
      vertex 1.270000 -14.800000 0.000000
      vertex 1.332306 -14.800000 -0.272980
      vertex 1.207694 -14.800000 -0.272980
    endloop
  endfacet
  facet normal 0.000000 -1.000000 0.000000
    outer loop
      vertex 1.270000 -4.300000 -0.000000
      vertex 1.207694 -4.300000 -0.272980
      vertex 1.332306 -4.300000 -0.272980
    endloop
  endfacet
  facet normal 0.000000 0.000000 1.000000
    outer loop
      vertex 1.332306 -4.300000 -0.272980
      vertex 1.207694 -4.300000 -0.272980
      vertex 1.207694 -14.800000 -0.272980
    endloop
  endfacet
  facet normal 0.000000 0.000000 1.000000
    outer loop
      vertex 1.332306 -4.300000 -0.272980
      vertex 1.207694 -14.800000 -0.272980
      vertex 1.332306 -14.800000 -0.272980
    endloop
  endfacet
  facet normal 0.000000 1.000000 0.000000
    outer loop
      vertex 1.270000 -14.800000 0.000000
      vertex 1.207694 -14.800000 -0.272980
      vertex 1.095423 -14.800000 -0.218913
    endloop
  endfacet
  facet normal 0.000000 -1.000000 0.000000
    outer loop
      vertex 1.270000 -4.300000 -0.000000
      vertex 1.095423 -4.300000 -0.218913
      vertex 1.207694 -4.300000 -0.272980
    endloop
  endfacet
  facet normal 0.433884 0.000000 0.900969
    outer loop
      vertex 1.207694 -4.300000 -0.272980
      vertex 1.095423 -4.300000 -0.218913
      vertex 1.095423 -14.800000 -0.218913
    endloop
  endfacet
  facet normal 0.433884 0.000000 0.900969
    outer loop
      vertex 1.207694 -4.300000 -0.272980
      vertex 1.095423 -14.800000 -0.218913
      vertex 1.207694 -14.800000 -0.272980
    endloop
  endfacet
  facet normal 0.000000 1.000000 0.000000
    outer loop
      vertex 1.270000 -14.800000 0.000000
      vertex 1.095423 -14.800000 -0.218913
      vertex 1.017729 -14.800000 -0.121487
    endloop
  endfacet
  facet normal 0.000000 -1.000000 0.000000
    outer loop
      vertex 1.270000 -4.300000 -0.000000
      vertex 1.017729 -4.300000 -0.121487
      vertex 1.095423 -4.300000 -0.218913
    endloop
  endfacet
  facet normal 0.781831 0.000000 0.623490
    outer loop
      vertex 1.095423 -4.300000 -0.218913
      vertex 1.017729 -4.300000 -0.121487
      vertex 1.017729 -14.800000 -0.121487
    endloop
  endfacet
  facet normal 0.781831 0.000000 0.623490
    outer loop
      vertex 1.095423 -4.300000 -0.218913
      vertex 1.017729 -14.800000 -0.121487
      vertex 1.095423 -14.800000 -0.218913
    endloop
  endfacet
  facet normal 0.000000 1.000000 0.000000
    outer loop
      vertex 1.270000 -14.800000 0.000000
      vertex 1.017729 -14.800000 -0.121487
      vertex 0.990000 -14.800000 0.000000
    endloop
  endfacet
  facet normal 0.000000 -1.000000 0.000000
    outer loop
      vertex 1.270000 -4.300000 -0.000000
      vertex 0.990000 -4.300000 -0.000000
      vertex 1.017729 -4.300000 -0.121487
    endloop
  endfacet
  facet normal 0.974928 0.000000 0.222521
    outer loop
      vertex 1.017729 -4.300000 -0.121487
      vertex 0.990000 -4.300000 -0.000000
      vertex 0.990000 -14.800000 0.000000
    endloop
  endfacet
  facet normal 0.974928 0.000000 0.222521
    outer loop
      vertex 1.017729 -4.300000 -0.121487
      vertex 0.990000 -14.800000 0.000000
      vertex 1.017729 -14.800000 -0.121487
    endloop
  endfacet
  facet normal 0.000000 1.000000 0.000000
    outer loop
      vertex 1.270000 -14.800000 0.000000
      vertex 0.990000 -14.800000 0.000000
      vertex 1.017729 -14.800000 0.121487
    endloop
  endfacet
  facet normal 0.000000 -1.000000 0.000000
    outer loop
      vertex 1.270000 -4.300000 -0.000000
      vertex 1.017729 -4.300000 0.121487
      vertex 0.990000 -4.300000 -0.000000
    endloop
  endfacet
  facet normal 0.974928 -0.000000 -0.222521
    outer loop
      vertex 0.990000 -4.300000 -0.000000
      vertex 1.017729 -4.300000 0.121487
      vertex 1.017729 -14.800000 0.121487
    endloop
  endfacet
  facet normal 0.974928 -0.000000 -0.222521
    outer loop
      vertex 0.990000 -4.300000 -0.000000
      vertex 1.017729 -14.800000 0.121487
      vertex 0.990000 -14.800000 0.000000
    endloop
  endfacet
  facet normal 0.000000 1.000000 0.000000
    outer loop
      vertex 1.270000 -14.800000 0.000000
      vertex 1.017729 -14.800000 0.121487
      vertex 1.095423 -14.800000 0.218913
    endloop
  endfacet
  facet normal 0.000000 -1.000000 0.000000
    outer loop
      vertex 1.270000 -4.300000 -0.000000
      vertex 1.095423 -4.300000 0.218913
      vertex 1.017729 -4.300000 0.121487
    endloop
  endfacet
  facet normal 0.781831 -0.000000 -0.623490
    outer loop
      vertex 1.017729 -4.300000 0.121487
      vertex 1.095423 -4.300000 0.218913
      vertex 1.095423 -14.800000 0.218913
    endloop
  endfacet
  facet normal 0.781831 -0.000000 -0.623490
    outer loop
      vertex 1.017729 -4.300000 0.121487
      vertex 1.095423 -14.800000 0.218913
      vertex 1.017729 -14.800000 0.121487
    endloop
  endfacet
  facet normal 0.000000 1.000000 0.000000
    outer loop
      vertex 1.270000 -14.800000 0.000000
      vertex 1.095423 -14.800000 0.218913
      vertex 1.207694 -14.800000 0.272980
    endloop
  endfacet
  facet normal 0.000000 -1.000000 0.000000
    outer loop
      vertex 1.270000 -4.300000 -0.000000
      vertex 1.207694 -4.300000 0.272980
      vertex 1.095423 -4.300000 0.218913
    endloop
  endfacet
  facet normal 0.433884 -0.000000 -0.900969
    outer loop
      vertex 1.095423 -4.300000 0.218913
      vertex 1.207694 -4.300000 0.272980
      vertex 1.207694 -14.800000 0.272980
    endloop
  endfacet
  facet normal 0.433884 -0.000000 -0.900969
    outer loop
      vertex 1.095423 -4.300000 0.218913
      vertex 1.207694 -14.800000 0.272980
      vertex 1.095423 -14.800000 0.218913
    endloop
  endfacet
  facet normal 0.000000 1.000000 0.000000
    outer loop
      vertex 1.270000 -14.800000 0.000000
      vertex 1.207694 -14.800000 0.272980
      vertex 1.332306 -14.800000 0.272980
    endloop
  endfacet
  facet normal 0.000000 -1.000000 0.000000
    outer loop
      vertex 1.270000 -4.300000 -0.000000
      vertex 1.332306 -4.300000 0.272980
      vertex 1.207694 -4.300000 0.272980
    endloop
  endfacet
  facet normal 0.000000 -0.000000 -1.000000
    outer loop
      vertex 1.207694 -4.300000 0.272980
      vertex 1.332306 -4.300000 0.272980
      vertex 1.332306 -14.800000 0.272980
    endloop
  endfacet
  facet normal 0.000000 -0.000000 -1.000000
    outer loop
      vertex 1.207694 -4.300000 0.272980
      vertex 1.332306 -14.800000 0.272980
      vertex 1.207694 -14.800000 0.272980
    endloop
  endfacet
  facet normal 0.000000 1.000000 0.000000
    outer loop
      vertex 1.270000 -14.800000 0.000000
      vertex 1.332306 -14.800000 0.272980
      vertex 1.444577 -14.800000 0.218913
    endloop
  endfacet
  facet normal 0.000000 -1.000000 0.000000
    outer loop
      vertex 1.270000 -4.300000 -0.000000
      vertex 1.444577 -4.300000 0.218913
      vertex 1.332306 -4.300000 0.272980
    endloop
  endfacet
  facet normal -0.433884 -0.000000 -0.900969
    outer loop
      vertex 1.332306 -4.300000 0.272980
      vertex 1.444577 -4.300000 0.218913
      vertex 1.444577 -14.800000 0.218913
    endloop
  endfacet
  facet normal -0.433884 -0.000000 -0.900969
    outer loop
      vertex 1.332306 -4.300000 0.272980
      vertex 1.444577 -14.800000 0.218913
      vertex 1.332306 -14.800000 0.272980
    endloop
  endfacet
  facet normal 0.000000 1.000000 0.000000
    outer loop
      vertex 1.270000 -14.800000 0.000000
      vertex 1.444577 -14.800000 0.218913
      vertex 1.522271 -14.800000 0.121487
    endloop
  endfacet
  facet normal 0.000000 -1.000000 0.000000
    outer loop
      vertex 1.270000 -4.300000 -0.000000
      vertex 1.522271 -4.300000 0.121487
      vertex 1.444577 -4.300000 0.218913
    endloop
  endfacet
  facet normal -0.781831 -0.000000 -0.623490
    outer loop
      vertex 1.444577 -4.300000 0.218913
      vertex 1.522271 -4.300000 0.121487
      vertex 1.522271 -14.800000 0.121487
    endloop
  endfacet
  facet normal -0.781831 -0.000000 -0.623490
    outer loop
      vertex 1.444577 -4.300000 0.218913
      vertex 1.522271 -14.800000 0.121487
      vertex 1.444577 -14.800000 0.218913
    endloop
  endfacet
  facet normal 0.000000 1.000000 0.000000
    outer loop
      vertex 1.270000 -14.800000 0.000000
      vertex 1.522271 -14.800000 0.121487
      vertex 1.550000 -14.800000 0.000000
    endloop
  endfacet
  facet normal 0.000000 -1.000000 0.000000
    outer loop
      vertex 1.270000 -4.300000 -0.000000
      vertex 1.550000 -4.300000 -0.000000
      vertex 1.522271 -4.300000 0.121487
    endloop
  endfacet
  facet normal -0.974928 -0.000000 -0.222521
    outer loop
      vertex 1.522271 -4.300000 0.121487
      vertex 1.550000 -4.300000 -0.000000
      vertex 1.550000 -14.800000 0.000000
    endloop
  endfacet
  facet normal -0.974928 -0.000000 -0.222521
    outer loop
      vertex 1.522271 -4.300000 0.121487
      vertex 1.550000 -14.800000 0.000000
      vertex 1.522271 -14.800000 0.121487
    endloop
  endfacet
  facet normal 0.000000 1.000000 0.000000
    outer loop
      vertex 3.810000 -14.800000 0.000000
      vertex 4.090000 -14.800000 0.000000
      vertex 4.062271 -14.800000 -0.121487
    endloop
  endfacet
  facet normal 0.000000 -1.000000 0.000000
    outer loop
      vertex 3.810000 -4.300000 -0.000000
      vertex 4.062271 -4.300000 -0.121487
      vertex 4.090000 -4.300000 -0.000000
    endloop
  endfacet
  facet normal -0.974928 0.000000 0.222521
    outer loop
      vertex 4.090000 -4.300000 -0.000000
      vertex 4.062271 -4.300000 -0.121487
      vertex 4.062271 -14.800000 -0.121487
    endloop
  endfacet
  facet normal -0.974928 0.000000 0.222521
    outer loop
      vertex 4.090000 -4.300000 -0.000000
      vertex 4.062271 -14.800000 -0.121487
      vertex 4.090000 -14.800000 0.000000
    endloop
  endfacet
  facet normal 0.000000 1.000000 0.000000
    outer loop
      vertex 3.810000 -14.800000 0.000000
      vertex 4.062271 -14.800000 -0.121487
      vertex 3.984577 -14.800000 -0.218913
    endloop
  endfacet
  facet normal 0.000000 -1.000000 0.000000
    outer loop
      vertex 3.810000 -4.300000 -0.000000
      vertex 3.984577 -4.300000 -0.218913
      vertex 4.062271 -4.300000 -0.121487
    endloop
  endfacet
  facet normal -0.781831 0.000000 0.623490
    outer loop
      vertex 4.062271 -4.300000 -0.121487
      vertex 3.984577 -4.300000 -0.218913
      vertex 3.984577 -14.800000 -0.218913
    endloop
  endfacet
  facet normal -0.781831 0.000000 0.623490
    outer loop
      vertex 4.062271 -4.300000 -0.121487
      vertex 3.984577 -14.800000 -0.218913
      vertex 4.062271 -14.800000 -0.121487
    endloop
  endfacet
  facet normal 0.000000 1.000000 0.000000
    outer loop
      vertex 3.810000 -14.800000 0.000000
      vertex 3.984577 -14.800000 -0.218913
      vertex 3.872306 -14.800000 -0.272980
    endloop
  endfacet
  facet normal 0.000000 -1.000000 0.000000
    outer loop
      vertex 3.810000 -4.300000 -0.000000
      vertex 3.872306 -4.300000 -0.272980
      vertex 3.984577 -4.300000 -0.218913
    endloop
  endfacet
  facet normal -0.433884 0.000000 0.900969
    outer loop
      vertex 3.984577 -4.300000 -0.218913
      vertex 3.872306 -4.300000 -0.272980
      vertex 3.872306 -14.800000 -0.272980
    endloop
  endfacet
  facet normal -0.433884 0.000000 0.900969
    outer loop
      vertex 3.984577 -4.300000 -0.218913
      vertex 3.872306 -14.800000 -0.272980
      vertex 3.984577 -14.800000 -0.218913
    endloop
  endfacet
  facet normal 0.000000 1.000000 0.000000
    outer loop
      vertex 3.810000 -14.800000 0.000000
      vertex 3.872306 -14.800000 -0.272980
      vertex 3.747694 -14.800000 -0.272980
    endloop
  endfacet
  facet normal 0.000000 -1.000000 0.000000
    outer loop
      vertex 3.810000 -4.300000 -0.000000
      vertex 3.747694 -4.300000 -0.272980
      vertex 3.872306 -4.300000 -0.272980
    endloop
  endfacet
  facet normal 0.000000 0.000000 1.000000
    outer loop
      vertex 3.872306 -4.300000 -0.272980
      vertex 3.747694 -4.300000 -0.272980
      vertex 3.747694 -14.800000 -0.272980
    endloop
  endfacet
  facet normal 0.000000 0.000000 1.000000
    outer loop
      vertex 3.872306 -4.300000 -0.272980
      vertex 3.747694 -14.800000 -0.272980
      vertex 3.872306 -14.800000 -0.272980
    endloop
  endfacet
  facet normal 0.000000 1.000000 0.000000
    outer loop
      vertex 3.810000 -14.800000 0.000000
      vertex 3.747694 -14.800000 -0.272980
      vertex 3.635423 -14.800000 -0.218913
    endloop
  endfacet
  facet normal 0.000000 -1.000000 0.000000
    outer loop
      vertex 3.810000 -4.300000 -0.000000
      vertex 3.635423 -4.300000 -0.218913
      vertex 3.747694 -4.300000 -0.272980
    endloop
  endfacet
  facet normal 0.433884 0.000000 0.900969
    outer loop
      vertex 3.747694 -4.300000 -0.272980
      vertex 3.635423 -4.300000 -0.218913
      vertex 3.635423 -14.800000 -0.218913
    endloop
  endfacet
  facet normal 0.433884 0.000000 0.900969
    outer loop
      vertex 3.747694 -4.300000 -0.272980
      vertex 3.635423 -14.800000 -0.218913
      vertex 3.747694 -14.800000 -0.272980
    endloop
  endfacet
  facet normal 0.000000 1.000000 0.000000
    outer loop
      vertex 3.810000 -14.800000 0.000000
      vertex 3.635423 -14.800000 -0.218913
      vertex 3.557729 -14.800000 -0.121487
    endloop
  endfacet
  facet normal 0.000000 -1.000000 0.000000
    outer loop
      vertex 3.810000 -4.300000 -0.000000
      vertex 3.557729 -4.300000 -0.121487
      vertex 3.635423 -4.300000 -0.218913
    endloop
  endfacet
  facet normal 0.781831 0.000000 0.623490
    outer loop
      vertex 3.635423 -4.300000 -0.218913
      vertex 3.557729 -4.300000 -0.121487
      vertex 3.557729 -14.800000 -0.121487
    endloop
  endfacet
  facet normal 0.781831 0.000000 0.623490
    outer loop
      vertex 3.635423 -4.300000 -0.218913
      vertex 3.557729 -14.800000 -0.121487
      vertex 3.635423 -14.800000 -0.218913
    endloop
  endfacet
  facet normal 0.000000 1.000000 0.000000
    outer loop
      vertex 3.810000 -14.800000 0.000000
      vertex 3.557729 -14.800000 -0.121487
      vertex 3.530000 -14.800000 0.000000
    endloop
  endfacet
  facet normal 0.000000 -1.000000 0.000000
    outer loop
      vertex 3.810000 -4.300000 -0.000000
      vertex 3.530000 -4.300000 -0.000000
      vertex 3.557729 -4.300000 -0.121487
    endloop
  endfacet
  facet normal 0.974928 0.000000 0.222521
    outer loop
      vertex 3.557729 -4.300000 -0.121487
      vertex 3.530000 -4.300000 -0.000000
      vertex 3.530000 -14.800000 0.000000
    endloop
  endfacet
  facet normal 0.974928 0.000000 0.222521
    outer loop
      vertex 3.557729 -4.300000 -0.121487
      vertex 3.530000 -14.800000 0.000000
      vertex 3.557729 -14.800000 -0.121487
    endloop
  endfacet
  facet normal 0.000000 1.000000 0.000000
    outer loop
      vertex 3.810000 -14.800000 0.000000
      vertex 3.530000 -14.800000 0.000000
      vertex 3.557729 -14.800000 0.121487
    endloop
  endfacet
  facet normal 0.000000 -1.000000 0.000000
    outer loop
      vertex 3.810000 -4.300000 -0.000000
      vertex 3.557729 -4.300000 0.121487
      vertex 3.530000 -4.300000 -0.000000
    endloop
  endfacet
  facet normal 0.974928 -0.000000 -0.222521
    outer loop
      vertex 3.530000 -4.300000 -0.000000
      vertex 3.557729 -4.300000 0.121487
      vertex 3.557729 -14.800000 0.121487
    endloop
  endfacet
  facet normal 0.974928 -0.000000 -0.222521
    outer loop
      vertex 3.530000 -4.300000 -0.000000
      vertex 3.557729 -14.800000 0.121487
      vertex 3.530000 -14.800000 0.000000
    endloop
  endfacet
  facet normal 0.000000 1.000000 0.000000
    outer loop
      vertex 3.810000 -14.800000 0.000000
      vertex 3.557729 -14.800000 0.121487
      vertex 3.635423 -14.800000 0.218913
    endloop
  endfacet
  facet normal 0.000000 -1.000000 0.000000
    outer loop
      vertex 3.810000 -4.300000 -0.000000
      vertex 3.635423 -4.300000 0.218913
      vertex 3.557729 -4.300000 0.121487
    endloop
  endfacet
  facet normal 0.781831 -0.000000 -0.623490
    outer loop
      vertex 3.557729 -4.300000 0.121487
      vertex 3.635423 -4.300000 0.218913
      vertex 3.635423 -14.800000 0.218913
    endloop
  endfacet
  facet normal 0.781831 -0.000000 -0.623490
    outer loop
      vertex 3.557729 -4.300000 0.121487
      vertex 3.635423 -14.800000 0.218913
      vertex 3.557729 -14.800000 0.121487
    endloop
  endfacet
  facet normal 0.000000 1.000000 0.000000
    outer loop
      vertex 3.810000 -14.800000 0.000000
      vertex 3.635423 -14.800000 0.218913
      vertex 3.747694 -14.800000 0.272980
    endloop
  endfacet
  facet normal 0.000000 -1.000000 0.000000
    outer loop
      vertex 3.810000 -4.300000 -0.000000
      vertex 3.747694 -4.300000 0.272980
      vertex 3.635423 -4.300000 0.218913
    endloop
  endfacet
  facet normal 0.433884 -0.000000 -0.900969
    outer loop
      vertex 3.635423 -4.300000 0.218913
      vertex 3.747694 -4.300000 0.272980
      vertex 3.747694 -14.800000 0.272980
    endloop
  endfacet
  facet normal 0.433884 -0.000000 -0.900969
    outer loop
      vertex 3.635423 -4.300000 0.218913
      vertex 3.747694 -14.800000 0.272980
      vertex 3.635423 -14.800000 0.218913
    endloop
  endfacet
  facet normal 0.000000 1.000000 0.000000
    outer loop
      vertex 3.810000 -14.800000 0.000000
      vertex 3.747694 -14.800000 0.272980
      vertex 3.872306 -14.800000 0.272980
    endloop
  endfacet
  facet normal 0.000000 -1.000000 0.000000
    outer loop
      vertex 3.810000 -4.300000 -0.000000
      vertex 3.872306 -4.300000 0.272980
      vertex 3.747694 -4.300000 0.272980
    endloop
  endfacet
  facet normal 0.000000 -0.000000 -1.000000
    outer loop
      vertex 3.747694 -4.300000 0.272980
      vertex 3.872306 -4.300000 0.272980
      vertex 3.872306 -14.800000 0.272980
    endloop
  endfacet
  facet normal 0.000000 -0.000000 -1.000000
    outer loop
      vertex 3.747694 -4.300000 0.272980
      vertex 3.872306 -14.800000 0.272980
      vertex 3.747694 -14.800000 0.272980
    endloop
  endfacet
  facet normal 0.000000 1.000000 0.000000
    outer loop
      vertex 3.810000 -14.800000 0.000000
      vertex 3.872306 -14.800000 0.272980
      vertex 3.984577 -14.800000 0.218913
    endloop
  endfacet
  facet normal 0.000000 -1.000000 0.000000
    outer loop
      vertex 3.810000 -4.300000 -0.000000
      vertex 3.984577 -4.300000 0.218913
      vertex 3.872306 -4.300000 0.272980
    endloop
  endfacet
  facet normal -0.433884 -0.000000 -0.900969
    outer loop
      vertex 3.872306 -4.300000 0.272980
      vertex 3.984577 -4.300000 0.218913
      vertex 3.984577 -14.800000 0.218913
    endloop
  endfacet
  facet normal -0.433884 -0.000000 -0.900969
    outer loop
      vertex 3.872306 -4.300000 0.272980
      vertex 3.984577 -14.800000 0.218913
      vertex 3.872306 -14.800000 0.272980
    endloop
  endfacet
  facet normal 0.000000 1.000000 0.000000
    outer loop
      vertex 3.810000 -14.800000 0.000000
      vertex 3.984577 -14.800000 0.218913
      vertex 4.062271 -14.800000 0.121487
    endloop
  endfacet
  facet normal 0.000000 -1.000000 0.000000
    outer loop
      vertex 3.810000 -4.300000 -0.000000
      vertex 4.062271 -4.300000 0.121487
      vertex 3.984577 -4.300000 0.218913
    endloop
  endfacet
  facet normal -0.781831 -0.000000 -0.623490
    outer loop
      vertex 3.984577 -4.300000 0.218913
      vertex 4.062271 -4.300000 0.121487
      vertex 4.062271 -14.800000 0.121487
    endloop
  endfacet
  facet normal -0.781831 -0.000000 -0.623490
    outer loop
      vertex 3.984577 -4.300000 0.218913
      vertex 4.062271 -14.800000 0.121487
      vertex 3.984577 -14.800000 0.218913
    endloop
  endfacet
  facet normal 0.000000 1.000000 0.000000
    outer loop
      vertex 3.810000 -14.800000 0.000000
      vertex 4.062271 -14.800000 0.121487
      vertex 4.090000 -14.800000 0.000000
    endloop
  endfacet
  facet normal 0.000000 -1.000000 0.000000
    outer loop
      vertex 3.810000 -4.300000 -0.000000
      vertex 4.090000 -4.300000 -0.000000
      vertex 4.062271 -4.300000 0.121487
    endloop
  endfacet
  facet normal -0.974928 -0.000000 -0.222521
    outer loop
      vertex 4.062271 -4.300000 0.121487
      vertex 4.090000 -4.300000 -0.000000
      vertex 4.090000 -14.800000 0.000000
    endloop
  endfacet
  facet normal -0.974928 -0.000000 -0.222521
    outer loop
      vertex 4.062271 -4.300000 0.121487
      vertex 4.090000 -14.800000 0.000000
      vertex 4.062271 -14.800000 0.121487
    endloop
  endfacet
  facet normal 0.000000 -1.000000 0.000000
    outer loop
      vertex 0.000000 1.800000 0.000000
      vertex 2.350000 1.800000 0.000000
      vertex 2.291081 1.800000 0.522924
    endloop
  endfacet
  facet normal 0.000000 1.000000 0.000000
    outer loop
      vertex 0.000000 -4.300000 0.000000
      vertex 2.291081 -4.300000 0.522924
      vertex 2.350000 -4.300000 0.000000
    endloop
  endfacet
  facet normal -0.993712 0.000000 -0.111964
    outer loop
      vertex 2.350000 -4.300000 0.000000
      vertex 2.291081 -4.300000 0.522924
      vertex 2.291081 1.800000 0.522924
    endloop
  endfacet
  facet normal -0.993712 0.000000 -0.111964
    outer loop
      vertex 2.350000 -4.300000 0.000000
      vertex 2.291081 1.800000 0.522924
      vertex 2.350000 1.800000 0.000000
    endloop
  endfacet
  facet normal 0.000000 -1.000000 0.000000
    outer loop
      vertex 0.000000 1.800000 0.000000
      vertex 2.291081 1.800000 0.522924
      vertex 2.117277 1.800000 1.019627
    endloop
  endfacet
  facet normal 0.000000 1.000000 0.000000
    outer loop
      vertex 0.000000 -4.300000 0.000000
      vertex 2.117277 -4.300000 1.019627
      vertex 2.291081 -4.300000 0.522924
    endloop
  endfacet
  facet normal -0.943883 0.000000 -0.330279
    outer loop
      vertex 2.291081 -4.300000 0.522924
      vertex 2.117277 -4.300000 1.019627
      vertex 2.117277 1.800000 1.019627
    endloop
  endfacet
  facet normal -0.943883 0.000000 -0.330279
    outer loop
      vertex 2.291081 -4.300000 0.522924
      vertex 2.117277 1.800000 1.019627
      vertex 2.291081 1.800000 0.522924
    endloop
  endfacet
  facet normal 0.000000 -1.000000 0.000000
    outer loop
      vertex 0.000000 1.800000 0.000000
      vertex 2.117277 1.800000 1.019627
      vertex 1.837304 1.800000 1.465201
    endloop
  endfacet
  facet normal 0.000000 1.000000 0.000000
    outer loop
      vertex 0.000000 -4.300000 0.000000
      vertex 1.837304 -4.300000 1.465201
      vertex 2.117277 -4.300000 1.019627
    endloop
  endfacet
  facet normal -0.846724 0.000000 -0.532032
    outer loop
      vertex 2.117277 -4.300000 1.019627
      vertex 1.837304 -4.300000 1.465201
      vertex 1.837304 1.800000 1.465201
    endloop
  endfacet
  facet normal -0.846724 0.000000 -0.532032
    outer loop
      vertex 2.117277 -4.300000 1.019627
      vertex 1.837304 1.800000 1.465201
      vertex 2.117277 1.800000 1.019627
    endloop
  endfacet
  facet normal 0.000000 -1.000000 0.000000
    outer loop
      vertex 0.000000 1.800000 0.000000
      vertex 1.837304 1.800000 1.465201
      vertex 1.465201 1.800000 1.837304
    endloop
  endfacet
  facet normal 0.000000 1.000000 0.000000
    outer loop
      vertex 0.000000 -4.300000 0.000000
      vertex 1.465201 -4.300000 1.837304
      vertex 1.837304 -4.300000 1.465201
    endloop
  endfacet
  facet normal -0.707107 0.000000 -0.707107
    outer loop
      vertex 1.837304 -4.300000 1.465201
      vertex 1.465201 -4.300000 1.837304
      vertex 1.465201 1.800000 1.837304
    endloop
  endfacet
  facet normal -0.707107 0.000000 -0.707107
    outer loop
      vertex 1.837304 -4.300000 1.465201
      vertex 1.465201 1.800000 1.837304
      vertex 1.837304 1.800000 1.465201
    endloop
  endfacet
  facet normal 0.000000 -1.000000 0.000000
    outer loop
      vertex 0.000000 1.800000 0.000000
      vertex 1.465201 1.800000 1.837304
      vertex 1.019627 1.800000 2.117277
    endloop
  endfacet
  facet normal 0.000000 1.000000 0.000000
    outer loop
      vertex 0.000000 -4.300000 0.000000
      vertex 1.019627 -4.300000 2.117277
      vertex 1.465201 -4.300000 1.837304
    endloop
  endfacet
  facet normal -0.532032 0.000000 -0.846724
    outer loop
      vertex 1.465201 -4.300000 1.837304
      vertex 1.019627 -4.300000 2.117277
      vertex 1.019627 1.800000 2.117277
    endloop
  endfacet
  facet normal -0.532032 0.000000 -0.846724
    outer loop
      vertex 1.465201 -4.300000 1.837304
      vertex 1.019627 1.800000 2.117277
      vertex 1.465201 1.800000 1.837304
    endloop
  endfacet
  facet normal 0.000000 -1.000000 0.000000
    outer loop
      vertex 0.000000 1.800000 0.000000
      vertex 1.019627 1.800000 2.117277
      vertex 0.522924 1.800000 2.291081
    endloop
  endfacet
  facet normal 0.000000 1.000000 0.000000
    outer loop
      vertex 0.000000 -4.300000 0.000000
      vertex 0.522924 -4.300000 2.291081
      vertex 1.019627 -4.300000 2.117277
    endloop
  endfacet
  facet normal -0.330279 0.000000 -0.943883
    outer loop
      vertex 1.019627 -4.300000 2.117277
      vertex 0.522924 -4.300000 2.291081
      vertex 0.522924 1.800000 2.291081
    endloop
  endfacet
  facet normal -0.330279 0.000000 -0.943883
    outer loop
      vertex 1.019627 -4.300000 2.117277
      vertex 0.522924 1.800000 2.291081
      vertex 1.019627 1.800000 2.117277
    endloop
  endfacet
  facet normal 0.000000 -1.000000 0.000000
    outer loop
      vertex 0.000000 1.800000 0.000000
      vertex 0.522924 1.800000 2.291081
      vertex 0.000000 1.800000 2.350000
    endloop
  endfacet
  facet normal 0.000000 1.000000 0.000000
    outer loop
      vertex 0.000000 -4.300000 0.000000
      vertex 0.000000 -4.300000 2.350000
      vertex 0.522924 -4.300000 2.291081
    endloop
  endfacet
  facet normal -0.111964 0.000000 -0.993712
    outer loop
      vertex 0.522924 -4.300000 2.291081
      vertex 0.000000 -4.300000 2.350000
      vertex 0.000000 1.800000 2.350000
    endloop
  endfacet
  facet normal -0.111964 0.000000 -0.993712
    outer loop
      vertex 0.522924 -4.300000 2.291081
      vertex 0.000000 1.800000 2.350000
      vertex 0.522924 1.800000 2.291081
    endloop
  endfacet
  facet normal 0.000000 -1.000000 0.000000
    outer loop
      vertex 0.000000 1.800000 0.000000
      vertex 0.000000 1.800000 2.350000
      vertex -0.522924 1.800000 2.291081
    endloop
  endfacet
  facet normal 0.000000 1.000000 0.000000
    outer loop
      vertex 0.000000 -4.300000 0.000000
      vertex -0.522924 -4.300000 2.291081
      vertex 0.000000 -4.300000 2.350000
    endloop
  endfacet
  facet normal 0.111964 0.000000 -0.993712
    outer loop
      vertex 0.000000 -4.300000 2.350000
      vertex -0.522924 -4.300000 2.291081
      vertex -0.522924 1.800000 2.291081
    endloop
  endfacet
  facet normal 0.111964 0.000000 -0.993712
    outer loop
      vertex 0.000000 -4.300000 2.350000
      vertex -0.522924 1.800000 2.291081
      vertex 0.000000 1.800000 2.350000
    endloop
  endfacet
  facet normal 0.000000 -1.000000 0.000000
    outer loop
      vertex 0.000000 1.800000 0.000000
      vertex -0.522924 1.800000 2.291081
      vertex -1.019627 1.800000 2.117277
    endloop
  endfacet
  facet normal 0.000000 1.000000 0.000000
    outer loop
      vertex 0.000000 -4.300000 0.000000
      vertex -1.019627 -4.300000 2.117277
      vertex -0.522924 -4.300000 2.291081
    endloop
  endfacet
  facet normal 0.330279 0.000000 -0.943883
    outer loop
      vertex -0.522924 -4.300000 2.291081
      vertex -1.019627 -4.300000 2.117277
      vertex -1.019627 1.800000 2.117277
    endloop
  endfacet
  facet normal 0.330279 0.000000 -0.943883
    outer loop
      vertex -0.522924 -4.300000 2.291081
      vertex -1.019627 1.800000 2.117277
      vertex -0.522924 1.800000 2.291081
    endloop
  endfacet
  facet normal 0.000000 -1.000000 0.000000
    outer loop
      vertex 0.000000 1.800000 0.000000
      vertex -1.019627 1.800000 2.117277
      vertex -1.465201 1.800000 1.837304
    endloop
  endfacet
  facet normal 0.000000 1.000000 0.000000
    outer loop
      vertex 0.000000 -4.300000 0.000000
      vertex -1.465201 -4.300000 1.837304
      vertex -1.019627 -4.300000 2.117277
    endloop
  endfacet
  facet normal 0.532032 0.000000 -0.846724
    outer loop
      vertex -1.019627 -4.300000 2.117277
      vertex -1.465201 -4.300000 1.837304
      vertex -1.465201 1.800000 1.837304
    endloop
  endfacet
  facet normal 0.532032 0.000000 -0.846724
    outer loop
      vertex -1.019627 -4.300000 2.117277
      vertex -1.465201 1.800000 1.837304
      vertex -1.019627 1.800000 2.117277
    endloop
  endfacet
  facet normal 0.000000 -1.000000 0.000000
    outer loop
      vertex 0.000000 1.800000 0.000000
      vertex -1.465201 1.800000 1.837304
      vertex -1.837304 1.800000 1.465201
    endloop
  endfacet
  facet normal 0.000000 1.000000 0.000000
    outer loop
      vertex 0.000000 -4.300000 0.000000
      vertex -1.837304 -4.300000 1.465201
      vertex -1.465201 -4.300000 1.837304
    endloop
  endfacet
  facet normal 0.707107 0.000000 -0.707107
    outer loop
      vertex -1.465201 -4.300000 1.837304
      vertex -1.837304 -4.300000 1.465201
      vertex -1.837304 1.800000 1.465201
    endloop
  endfacet
  facet normal 0.707107 0.000000 -0.707107
    outer loop
      vertex -1.465201 -4.300000 1.837304
      vertex -1.837304 1.800000 1.465201
      vertex -1.465201 1.800000 1.837304
    endloop
  endfacet
  facet normal 0.000000 -1.000000 0.000000
    outer loop
      vertex 0.000000 1.800000 0.000000
      vertex -1.837304 1.800000 1.465201
      vertex -2.117277 1.800000 1.019627
    endloop
  endfacet
  facet normal 0.000000 1.000000 0.000000
    outer loop
      vertex 0.000000 -4.300000 0.000000
      vertex -2.117277 -4.300000 1.019627
      vertex -1.837304 -4.300000 1.465201
    endloop
  endfacet
  facet normal 0.846724 0.000000 -0.532032
    outer loop
      vertex -1.837304 -4.300000 1.465201
      vertex -2.117277 -4.300000 1.019627
      vertex -2.117277 1.800000 1.019627
    endloop
  endfacet
  facet normal 0.846724 0.000000 -0.532032
    outer loop
      vertex -1.837304 -4.300000 1.465201
      vertex -2.117277 1.800000 1.019627
      vertex -1.837304 1.800000 1.465201
    endloop
  endfacet
  facet normal 0.000000 -1.000000 0.000000
    outer loop
      vertex 0.000000 1.800000 0.000000
      vertex -2.117277 1.800000 1.019627
      vertex -2.291081 1.800000 0.522924
    endloop
  endfacet
  facet normal 0.000000 1.000000 0.000000
    outer loop
      vertex 0.000000 -4.300000 0.000000
      vertex -2.291081 -4.300000 0.522924
      vertex -2.117277 -4.300000 1.019627
    endloop
  endfacet
  facet normal 0.943883 0.000000 -0.330279
    outer loop
      vertex -2.117277 -4.300000 1.019627
      vertex -2.291081 -4.300000 0.522924
      vertex -2.291081 1.800000 0.522924
    endloop
  endfacet
  facet normal 0.943883 0.000000 -0.330279
    outer loop
      vertex -2.117277 -4.300000 1.019627
      vertex -2.291081 1.800000 0.522924
      vertex -2.117277 1.800000 1.019627
    endloop
  endfacet
  facet normal 0.000000 -1.000000 0.000000
    outer loop
      vertex 0.000000 1.800000 0.000000
      vertex -2.291081 1.800000 0.522924
      vertex -2.350000 1.800000 0.000000
    endloop
  endfacet
  facet normal 0.000000 1.000000 0.000000
    outer loop
      vertex 0.000000 -4.300000 0.000000
      vertex -2.350000 -4.300000 0.000000
      vertex -2.291081 -4.300000 0.522924
    endloop
  endfacet
  facet normal 0.993712 0.000000 -0.111964
    outer loop
      vertex -2.291081 -4.300000 0.522924
      vertex -2.350000 -4.300000 0.000000
      vertex -2.350000 1.800000 0.000000
    endloop
  endfacet
  facet normal 0.993712 0.000000 -0.111964
    outer loop
      vertex -2.291081 -4.300000 0.522924
      vertex -2.350000 1.800000 0.000000
      vertex -2.291081 1.800000 0.522924
    endloop
  endfacet
  facet normal 0.000000 -1.000000 0.000000
    outer loop
      vertex 0.000000 1.800000 0.000000
      vertex -2.350000 1.800000 0.000000
      vertex -2.291081 1.800000 -0.522924
    endloop
  endfacet
  facet normal 0.000000 1.000000 0.000000
    outer loop
      vertex 0.000000 -4.300000 0.000000
      vertex -2.291081 -4.300000 -0.522924
      vertex -2.350000 -4.300000 0.000000
    endloop
  endfacet
  facet normal 0.993712 0.000000 0.111964
    outer loop
      vertex -2.350000 -4.300000 0.000000
      vertex -2.291081 -4.300000 -0.522924
      vertex -2.291081 1.800000 -0.522924
    endloop
  endfacet
  facet normal 0.993712 0.000000 0.111964
    outer loop
      vertex -2.350000 -4.300000 0.000000
      vertex -2.291081 1.800000 -0.522924
      vertex -2.350000 1.800000 0.000000
    endloop
  endfacet
  facet normal 0.000000 -1.000000 0.000000
    outer loop
      vertex 0.000000 1.800000 0.000000
      vertex -2.291081 1.800000 -0.522924
      vertex -2.117277 1.800000 -1.019627
    endloop
  endfacet
  facet normal 0.000000 1.000000 0.000000
    outer loop
      vertex 0.000000 -4.300000 0.000000
      vertex -2.117277 -4.300000 -1.019627
      vertex -2.291081 -4.300000 -0.522924
    endloop
  endfacet
  facet normal 0.943883 0.000000 0.330279
    outer loop
      vertex -2.291081 -4.300000 -0.522924
      vertex -2.117277 -4.300000 -1.019627
      vertex -2.117277 1.800000 -1.019627
    endloop
  endfacet
  facet normal 0.943883 0.000000 0.330279
    outer loop
      vertex -2.291081 -4.300000 -0.522924
      vertex -2.117277 1.800000 -1.019627
      vertex -2.291081 1.800000 -0.522924
    endloop
  endfacet
  facet normal 0.000000 -1.000000 0.000000
    outer loop
      vertex 0.000000 1.800000 0.000000
      vertex -2.117277 1.800000 -1.019627
      vertex -1.837304 1.800000 -1.465201
    endloop
  endfacet
  facet normal 0.000000 1.000000 0.000000
    outer loop
      vertex 0.000000 -4.300000 0.000000
      vertex -1.837304 -4.300000 -1.465201
      vertex -2.117277 -4.300000 -1.019627
    endloop
  endfacet
  facet normal 0.846724 0.000000 0.532032
    outer loop
      vertex -2.117277 -4.300000 -1.019627
      vertex -1.837304 -4.300000 -1.465201
      vertex -1.837304 1.800000 -1.465201
    endloop
  endfacet
  facet normal 0.846724 0.000000 0.532032
    outer loop
      vertex -2.117277 -4.300000 -1.019627
      vertex -1.837304 1.800000 -1.465201
      vertex -2.117277 1.800000 -1.019627
    endloop
  endfacet
  facet normal 0.000000 -1.000000 0.000000
    outer loop
      vertex 0.000000 1.800000 0.000000
      vertex -1.837304 1.800000 -1.465201
      vertex -1.465201 1.800000 -1.837304
    endloop
  endfacet
  facet normal 0.000000 1.000000 0.000000
    outer loop
      vertex 0.000000 -4.300000 0.000000
      vertex -1.465201 -4.300000 -1.837304
      vertex -1.837304 -4.300000 -1.465201
    endloop
  endfacet
  facet normal 0.707107 0.000000 0.707107
    outer loop
      vertex -1.837304 -4.300000 -1.465201
      vertex -1.465201 -4.300000 -1.837304
      vertex -1.465201 1.800000 -1.837304
    endloop
  endfacet
  facet normal 0.707107 0.000000 0.707107
    outer loop
      vertex -1.837304 -4.300000 -1.465201
      vertex -1.465201 1.800000 -1.837304
      vertex -1.837304 1.800000 -1.465201
    endloop
  endfacet
  facet normal 0.000000 -1.000000 0.000000
    outer loop
      vertex 0.000000 1.800000 0.000000
      vertex -1.465201 1.800000 -1.837304
      vertex -1.019627 1.800000 -2.117277
    endloop
  endfacet
  facet normal 0.000000 1.000000 0.000000
    outer loop
      vertex 0.000000 -4.300000 0.000000
      vertex -1.019627 -4.300000 -2.117277
      vertex -1.465201 -4.300000 -1.837304
    endloop
  endfacet
  facet normal 0.532032 0.000000 0.846724
    outer loop
      vertex -1.465201 -4.300000 -1.837304
      vertex -1.019627 -4.300000 -2.117277
      vertex -1.019627 1.800000 -2.117277
    endloop
  endfacet
  facet normal 0.532032 0.000000 0.846724
    outer loop
      vertex -1.465201 -4.300000 -1.837304
      vertex -1.019627 1.800000 -2.117277
      vertex -1.465201 1.800000 -1.837304
    endloop
  endfacet
  facet normal 0.000000 -1.000000 0.000000
    outer loop
      vertex 0.000000 1.800000 0.000000
      vertex -1.019627 1.800000 -2.117277
      vertex -0.522924 1.800000 -2.291081
    endloop
  endfacet
  facet normal 0.000000 1.000000 0.000000
    outer loop
      vertex 0.000000 -4.300000 0.000000
      vertex -0.522924 -4.300000 -2.291081
      vertex -1.019627 -4.300000 -2.117277
    endloop
  endfacet
  facet normal 0.330279 0.000000 0.943883
    outer loop
      vertex -1.019627 -4.300000 -2.117277
      vertex -0.522924 -4.300000 -2.291081
      vertex -0.522924 1.800000 -2.291081
    endloop
  endfacet
  facet normal 0.330279 0.000000 0.943883
    outer loop
      vertex -1.019627 -4.300000 -2.117277
      vertex -0.522924 1.800000 -2.291081
      vertex -1.019627 1.800000 -2.117277
    endloop
  endfacet
  facet normal 0.000000 -1.000000 0.000000
    outer loop
      vertex 0.000000 1.800000 0.000000
      vertex -0.522924 1.800000 -2.291081
      vertex -0.000000 1.800000 -2.350000
    endloop
  endfacet
  facet normal 0.000000 1.000000 0.000000
    outer loop
      vertex 0.000000 -4.300000 0.000000
      vertex -0.000000 -4.300000 -2.350000
      vertex -0.522924 -4.300000 -2.291081
    endloop
  endfacet
  facet normal 0.111964 0.000000 0.993712
    outer loop
      vertex -0.522924 -4.300000 -2.291081
      vertex -0.000000 -4.300000 -2.350000
      vertex -0.000000 1.800000 -2.350000
    endloop
  endfacet
  facet normal 0.111964 0.000000 0.993712
    outer loop
      vertex -0.522924 -4.300000 -2.291081
      vertex -0.000000 1.800000 -2.350000
      vertex -0.522924 1.800000 -2.291081
    endloop
  endfacet
  facet normal 0.000000 -1.000000 0.000000
    outer loop
      vertex 0.000000 1.800000 0.000000
      vertex -0.000000 1.800000 -2.350000
      vertex 0.522924 1.800000 -2.291081
    endloop
  endfacet
  facet normal 0.000000 1.000000 0.000000
    outer loop
      vertex 0.000000 -4.300000 0.000000
      vertex 0.522924 -4.300000 -2.291081
      vertex -0.000000 -4.300000 -2.350000
    endloop
  endfacet
  facet normal -0.111964 0.000000 0.993712
    outer loop
      vertex -0.000000 -4.300000 -2.350000
      vertex 0.522924 -4.300000 -2.291081
      vertex 0.522924 1.800000 -2.291081
    endloop
  endfacet
  facet normal -0.111964 0.000000 0.993712
    outer loop
      vertex -0.000000 -4.300000 -2.350000
      vertex 0.522924 1.800000 -2.291081
      vertex -0.000000 1.800000 -2.350000
    endloop
  endfacet
  facet normal 0.000000 -1.000000 0.000000
    outer loop
      vertex 0.000000 1.800000 0.000000
      vertex 0.522924 1.800000 -2.291081
      vertex 1.019627 1.800000 -2.117277
    endloop
  endfacet
  facet normal 0.000000 1.000000 0.000000
    outer loop
      vertex 0.000000 -4.300000 0.000000
      vertex 1.019627 -4.300000 -2.117277
      vertex 0.522924 -4.300000 -2.291081
    endloop
  endfacet
  facet normal -0.330279 0.000000 0.943883
    outer loop
      vertex 0.522924 -4.300000 -2.291081
      vertex 1.019627 -4.300000 -2.117277
      vertex 1.019627 1.800000 -2.117277
    endloop
  endfacet
  facet normal -0.330279 0.000000 0.943883
    outer loop
      vertex 0.522924 -4.300000 -2.291081
      vertex 1.019627 1.800000 -2.117277
      vertex 0.522924 1.800000 -2.291081
    endloop
  endfacet
  facet normal 0.000000 -1.000000 0.000000
    outer loop
      vertex 0.000000 1.800000 0.000000
      vertex 1.019627 1.800000 -2.117277
      vertex 1.465201 1.800000 -1.837304
    endloop
  endfacet
  facet normal 0.000000 1.000000 0.000000
    outer loop
      vertex 0.000000 -4.300000 0.000000
      vertex 1.465201 -4.300000 -1.837304
      vertex 1.019627 -4.300000 -2.117277
    endloop
  endfacet
  facet normal -0.532032 0.000000 0.846724
    outer loop
      vertex 1.019627 -4.300000 -2.117277
      vertex 1.465201 -4.300000 -1.837304
      vertex 1.465201 1.800000 -1.837304
    endloop
  endfacet
  facet normal -0.532032 0.000000 0.846724
    outer loop
      vertex 1.019627 -4.300000 -2.117277
      vertex 1.465201 1.800000 -1.837304
      vertex 1.019627 1.800000 -2.117277
    endloop
  endfacet
  facet normal 0.000000 -1.000000 0.000000
    outer loop
      vertex 0.000000 1.800000 0.000000
      vertex 1.465201 1.800000 -1.837304
      vertex 1.837304 1.800000 -1.465201
    endloop
  endfacet
  facet normal 0.000000 1.000000 0.000000
    outer loop
      vertex 0.000000 -4.300000 0.000000
      vertex 1.837304 -4.300000 -1.465201
      vertex 1.465201 -4.300000 -1.837304
    endloop
  endfacet
  facet normal -0.707107 0.000000 0.707107
    outer loop
      vertex 1.465201 -4.300000 -1.837304
      vertex 1.837304 -4.300000 -1.465201
      vertex 1.837304 1.800000 -1.465201
    endloop
  endfacet
  facet normal -0.707107 0.000000 0.707107
    outer loop
      vertex 1.465201 -4.300000 -1.837304
      vertex 1.837304 1.800000 -1.465201
      vertex 1.465201 1.800000 -1.837304
    endloop
  endfacet
  facet normal 0.000000 -1.000000 0.000000
    outer loop
      vertex 0.000000 1.800000 0.000000
      vertex 1.837304 1.800000 -1.465201
      vertex 2.117277 1.800000 -1.019627
    endloop
  endfacet
  facet normal 0.000000 1.000000 0.000000
    outer loop
      vertex 0.000000 -4.300000 0.000000
      vertex 2.117277 -4.300000 -1.019627
      vertex 1.837304 -4.300000 -1.465201
    endloop
  endfacet
  facet normal -0.846724 0.000000 0.532032
    outer loop
      vertex 1.837304 -4.300000 -1.465201
      vertex 2.117277 -4.300000 -1.019627
      vertex 2.117277 1.800000 -1.019627
    endloop
  endfacet
  facet normal -0.846724 0.000000 0.532032
    outer loop
      vertex 1.837304 -4.300000 -1.465201
      vertex 2.117277 1.800000 -1.019627
      vertex 1.837304 1.800000 -1.465201
    endloop
  endfacet
  facet normal 0.000000 -1.000000 0.000000
    outer loop
      vertex 0.000000 1.800000 0.000000
      vertex 2.117277 1.800000 -1.019627
      vertex 2.291081 1.800000 -0.522924
    endloop
  endfacet
  facet normal 0.000000 1.000000 0.000000
    outer loop
      vertex 0.000000 -4.300000 0.000000
      vertex 2.291081 -4.300000 -0.522924
      vertex 2.117277 -4.300000 -1.019627
    endloop
  endfacet
  facet normal -0.943883 0.000000 0.330279
    outer loop
      vertex 2.117277 -4.300000 -1.019627
      vertex 2.291081 -4.300000 -0.522924
      vertex 2.291081 1.800000 -0.522924
    endloop
  endfacet
  facet normal -0.943883 0.000000 0.330279
    outer loop
      vertex 2.117277 -4.300000 -1.019627
      vertex 2.291081 1.800000 -0.522924
      vertex 2.117277 1.800000 -1.019627
    endloop
  endfacet
  facet normal 0.000000 -1.000000 0.000000
    outer loop
      vertex 0.000000 1.800000 0.000000
      vertex 2.291081 1.800000 -0.522924
      vertex 2.350000 1.800000 0.000000
    endloop
  endfacet
  facet normal 0.000000 1.000000 0.000000
    outer loop
      vertex 0.000000 -4.300000 0.000000
      vertex 2.350000 -4.300000 0.000000
      vertex 2.291081 -4.300000 -0.522924
    endloop
  endfacet
  facet normal -0.993712 0.000000 0.111964
    outer loop
      vertex 2.291081 -4.300000 -0.522924
      vertex 2.350000 -4.300000 0.000000
      vertex 2.350000 1.800000 0.000000
    endloop
  endfacet
  facet normal -0.993712 0.000000 0.111964
    outer loop
      vertex 2.291081 -4.300000 -0.522924
      vertex 2.350000 1.800000 0.000000
      vertex 2.291081 1.800000 -0.522924
    endloop
  endfacet
  facet normal -0.098011 -0.995124 -0.011043
    outer loop
      vertex 0.000000 4.300000 0.000000
      vertex 0.487726 4.251963 0.000000
      vertex 0.475498 4.251963 0.108529
    endloop
  endfacet
  facet normal -0.093096 -0.995124 -0.032576
    outer loop
      vertex 0.000000 4.300000 0.000000
      vertex 0.475498 4.251963 0.108529
      vertex 0.439426 4.251963 0.211616
    endloop
  endfacet
  facet normal -0.083514 -0.995124 -0.052475
    outer loop
      vertex 0.000000 4.300000 0.000000
      vertex 0.439426 4.251963 0.211616
      vertex 0.381319 4.251963 0.304092
    endloop
  endfacet
  facet normal -0.069743 -0.995124 -0.069743
    outer loop
      vertex 0.000000 4.300000 0.000000
      vertex 0.381319 4.251963 0.304092
      vertex 0.304092 4.251963 0.381319
    endloop
  endfacet
  facet normal -0.052475 -0.995124 -0.083514
    outer loop
      vertex 0.000000 4.300000 0.000000
      vertex 0.304092 4.251963 0.381319
      vertex 0.211616 4.251963 0.439426
    endloop
  endfacet
  facet normal -0.032576 -0.995124 -0.093096
    outer loop
      vertex 0.000000 4.300000 0.000000
      vertex 0.211616 4.251963 0.439426
      vertex 0.108529 4.251963 0.475498
    endloop
  endfacet
  facet normal -0.011043 -0.995124 -0.098011
    outer loop
      vertex 0.000000 4.300000 0.000000
      vertex 0.108529 4.251963 0.475498
      vertex 0.000000 4.251963 0.487726
    endloop
  endfacet
  facet normal 0.011043 -0.995124 -0.098011
    outer loop
      vertex 0.000000 4.300000 0.000000
      vertex 0.000000 4.251963 0.487726
      vertex -0.108529 4.251963 0.475498
    endloop
  endfacet
  facet normal 0.032576 -0.995124 -0.093096
    outer loop
      vertex 0.000000 4.300000 0.000000
      vertex -0.108529 4.251963 0.475498
      vertex -0.211616 4.251963 0.439426
    endloop
  endfacet
  facet normal 0.052475 -0.995124 -0.083514
    outer loop
      vertex 0.000000 4.300000 0.000000
      vertex -0.211616 4.251963 0.439426
      vertex -0.304092 4.251963 0.381319
    endloop
  endfacet
  facet normal 0.069743 -0.995124 -0.069743
    outer loop
      vertex 0.000000 4.300000 0.000000
      vertex -0.304092 4.251963 0.381319
      vertex -0.381319 4.251963 0.304092
    endloop
  endfacet
  facet normal 0.083514 -0.995124 -0.052475
    outer loop
      vertex 0.000000 4.300000 0.000000
      vertex -0.381319 4.251963 0.304092
      vertex -0.439426 4.251963 0.211616
    endloop
  endfacet
  facet normal 0.093096 -0.995124 -0.032576
    outer loop
      vertex 0.000000 4.300000 0.000000
      vertex -0.439426 4.251963 0.211616
      vertex -0.475498 4.251963 0.108529
    endloop
  endfacet
  facet normal 0.098011 -0.995124 -0.011043
    outer loop
      vertex 0.000000 4.300000 0.000000
      vertex -0.475498 4.251963 0.108529
      vertex -0.487726 4.251963 0.000000
    endloop
  endfacet
  facet normal 0.098011 -0.995124 0.011043
    outer loop
      vertex 0.000000 4.300000 0.000000
      vertex -0.487726 4.251963 0.000000
      vertex -0.475498 4.251963 -0.108529
    endloop
  endfacet
  facet normal 0.093096 -0.995124 0.032576
    outer loop
      vertex 0.000000 4.300000 0.000000
      vertex -0.475498 4.251963 -0.108529
      vertex -0.439426 4.251963 -0.211616
    endloop
  endfacet
  facet normal 0.083514 -0.995124 0.052475
    outer loop
      vertex 0.000000 4.300000 0.000000
      vertex -0.439426 4.251963 -0.211616
      vertex -0.381319 4.251963 -0.304092
    endloop
  endfacet
  facet normal 0.069743 -0.995124 0.069743
    outer loop
      vertex 0.000000 4.300000 0.000000
      vertex -0.381319 4.251963 -0.304092
      vertex -0.304092 4.251963 -0.381319
    endloop
  endfacet
  facet normal 0.052475 -0.995124 0.083514
    outer loop
      vertex 0.000000 4.300000 0.000000
      vertex -0.304092 4.251963 -0.381319
      vertex -0.211616 4.251963 -0.439426
    endloop
  endfacet
  facet normal 0.032576 -0.995124 0.093096
    outer loop
      vertex 0.000000 4.300000 0.000000
      vertex -0.211616 4.251963 -0.439426
      vertex -0.108529 4.251963 -0.475498
    endloop
  endfacet
  facet normal 0.011043 -0.995124 0.098011
    outer loop
      vertex 0.000000 4.300000 0.000000
      vertex -0.108529 4.251963 -0.475498
      vertex -0.000000 4.251963 -0.487726
    endloop
  endfacet
  facet normal -0.011043 -0.995124 0.098011
    outer loop
      vertex 0.000000 4.300000 0.000000
      vertex -0.000000 4.251963 -0.487726
      vertex 0.108529 4.251963 -0.475498
    endloop
  endfacet
  facet normal -0.032576 -0.995124 0.093096
    outer loop
      vertex 0.000000 4.300000 0.000000
      vertex 0.108529 4.251963 -0.475498
      vertex 0.211616 4.251963 -0.439426
    endloop
  endfacet
  facet normal -0.052475 -0.995124 0.083514
    outer loop
      vertex 0.000000 4.300000 0.000000
      vertex 0.211616 4.251963 -0.439426
      vertex 0.304092 4.251963 -0.381319
    endloop
  endfacet
  facet normal -0.069743 -0.995124 0.069743
    outer loop
      vertex 0.000000 4.300000 0.000000
      vertex 0.304092 4.251963 -0.381319
      vertex 0.381319 4.251963 -0.304092
    endloop
  endfacet
  facet normal -0.083514 -0.995124 0.052475
    outer loop
      vertex 0.000000 4.300000 0.000000
      vertex 0.381319 4.251963 -0.304092
      vertex 0.439426 4.251963 -0.211616
    endloop
  endfacet
  facet normal -0.093096 -0.995124 0.032576
    outer loop
      vertex 0.000000 4.300000 0.000000
      vertex 0.439426 4.251963 -0.211616
      vertex 0.475498 4.251963 -0.108529
    endloop
  endfacet
  facet normal -0.098011 -0.995124 0.011043
    outer loop
      vertex 0.000000 4.300000 0.000000
      vertex 0.475498 4.251963 -0.108529
      vertex 0.487726 4.251963 0.000000
    endloop
  endfacet
  facet normal -0.290130 -0.956429 -0.032690
    outer loop
      vertex 0.487726 4.251963 0.000000
      vertex 0.956709 4.109699 0.000000
      vertex 0.932722 4.109699 0.212888
    endloop
  endfacet
  facet normal -0.290130 -0.956429 -0.032690
    outer loop
      vertex 0.487726 4.251963 0.000000
      vertex 0.932722 4.109699 0.212888
      vertex 0.475498 4.251963 0.108529
    endloop
  endfacet
  facet normal -0.275581 -0.956429 -0.096430
    outer loop
      vertex 0.475498 4.251963 0.108529
      vertex 0.932722 4.109699 0.212888
      vertex 0.861965 4.109699 0.415100
    endloop
  endfacet
  facet normal -0.275581 -0.956429 -0.096430
    outer loop
      vertex 0.475498 4.251963 0.108529
      vertex 0.861965 4.109699 0.415100
      vertex 0.439426 4.251963 0.211616
    endloop
  endfacet
  facet normal -0.247214 -0.956429 -0.155335
    outer loop
      vertex 0.439426 4.251963 0.211616
      vertex 0.861965 4.109699 0.415100
      vertex 0.747985 4.109699 0.596498
    endloop
  endfacet
  facet normal -0.247214 -0.956429 -0.155335
    outer loop
      vertex 0.439426 4.251963 0.211616
      vertex 0.747985 4.109699 0.596498
      vertex 0.381319 4.251963 0.304092
    endloop
  endfacet
  facet normal -0.206451 -0.956429 -0.206451
    outer loop
      vertex 0.381319 4.251963 0.304092
      vertex 0.747985 4.109699 0.596498
      vertex 0.596498 4.109699 0.747985
    endloop
  endfacet
  facet normal -0.206451 -0.956429 -0.206451
    outer loop
      vertex 0.381319 4.251963 0.304092
      vertex 0.596498 4.109699 0.747985
      vertex 0.304092 4.251963 0.381319
    endloop
  endfacet
  facet normal -0.155335 -0.956429 -0.247214
    outer loop
      vertex 0.304092 4.251963 0.381319
      vertex 0.596498 4.109699 0.747985
      vertex 0.415100 4.109699 0.861965
    endloop
  endfacet
  facet normal -0.155335 -0.956429 -0.247214
    outer loop
      vertex 0.304092 4.251963 0.381319
      vertex 0.415100 4.109699 0.861965
      vertex 0.211616 4.251963 0.439426
    endloop
  endfacet
  facet normal -0.096430 -0.956429 -0.275581
    outer loop
      vertex 0.211616 4.251963 0.439426
      vertex 0.415100 4.109699 0.861965
      vertex 0.212888 4.109699 0.932722
    endloop
  endfacet
  facet normal -0.096430 -0.956429 -0.275581
    outer loop
      vertex 0.211616 4.251963 0.439426
      vertex 0.212888 4.109699 0.932722
      vertex 0.108529 4.251963 0.475498
    endloop
  endfacet
  facet normal -0.032690 -0.956429 -0.290130
    outer loop
      vertex 0.108529 4.251963 0.475498
      vertex 0.212888 4.109699 0.932722
      vertex 0.000000 4.109699 0.956709
    endloop
  endfacet
  facet normal -0.032690 -0.956429 -0.290130
    outer loop
      vertex 0.108529 4.251963 0.475498
      vertex 0.000000 4.109699 0.956709
      vertex 0.000000 4.251963 0.487726
    endloop
  endfacet
  facet normal 0.032690 -0.956429 -0.290130
    outer loop
      vertex 0.000000 4.251963 0.487726
      vertex 0.000000 4.109699 0.956709
      vertex -0.212888 4.109699 0.932722
    endloop
  endfacet
  facet normal 0.032690 -0.956429 -0.290130
    outer loop
      vertex 0.000000 4.251963 0.487726
      vertex -0.212888 4.109699 0.932722
      vertex -0.108529 4.251963 0.475498
    endloop
  endfacet
  facet normal 0.096430 -0.956429 -0.275581
    outer loop
      vertex -0.108529 4.251963 0.475498
      vertex -0.212888 4.109699 0.932722
      vertex -0.415100 4.109699 0.861965
    endloop
  endfacet
  facet normal 0.096430 -0.956429 -0.275581
    outer loop
      vertex -0.108529 4.251963 0.475498
      vertex -0.415100 4.109699 0.861965
      vertex -0.211616 4.251963 0.439426
    endloop
  endfacet
  facet normal 0.155335 -0.956429 -0.247214
    outer loop
      vertex -0.211616 4.251963 0.439426
      vertex -0.415100 4.109699 0.861965
      vertex -0.596498 4.109699 0.747985
    endloop
  endfacet
  facet normal 0.155335 -0.956429 -0.247214
    outer loop
      vertex -0.211616 4.251963 0.439426
      vertex -0.596498 4.109699 0.747985
      vertex -0.304092 4.251963 0.381319
    endloop
  endfacet
  facet normal 0.206451 -0.956429 -0.206451
    outer loop
      vertex -0.304092 4.251963 0.381319
      vertex -0.596498 4.109699 0.747985
      vertex -0.747985 4.109699 0.596498
    endloop
  endfacet
  facet normal 0.206451 -0.956429 -0.206451
    outer loop
      vertex -0.304092 4.251963 0.381319
      vertex -0.747985 4.109699 0.596498
      vertex -0.381319 4.251963 0.304092
    endloop
  endfacet
  facet normal 0.247214 -0.956429 -0.155335
    outer loop
      vertex -0.381319 4.251963 0.304092
      vertex -0.747985 4.109699 0.596498
      vertex -0.861965 4.109699 0.415100
    endloop
  endfacet
  facet normal 0.247214 -0.956429 -0.155335
    outer loop
      vertex -0.381319 4.251963 0.304092
      vertex -0.861965 4.109699 0.415100
      vertex -0.439426 4.251963 0.211616
    endloop
  endfacet
  facet normal 0.275581 -0.956429 -0.096430
    outer loop
      vertex -0.439426 4.251963 0.211616
      vertex -0.861965 4.109699 0.415100
      vertex -0.932722 4.109699 0.212888
    endloop
  endfacet
  facet normal 0.275581 -0.956429 -0.096430
    outer loop
      vertex -0.439426 4.251963 0.211616
      vertex -0.932722 4.109699 0.212888
      vertex -0.475498 4.251963 0.108529
    endloop
  endfacet
  facet normal 0.290130 -0.956429 -0.032690
    outer loop
      vertex -0.475498 4.251963 0.108529
      vertex -0.932722 4.109699 0.212888
      vertex -0.956709 4.109699 0.000000
    endloop
  endfacet
  facet normal 0.290130 -0.956429 -0.032690
    outer loop
      vertex -0.475498 4.251963 0.108529
      vertex -0.956709 4.109699 0.000000
      vertex -0.487726 4.251963 0.000000
    endloop
  endfacet
  facet normal 0.290130 -0.956429 0.032690
    outer loop
      vertex -0.487726 4.251963 0.000000
      vertex -0.956709 4.109699 0.000000
      vertex -0.932722 4.109699 -0.212888
    endloop
  endfacet
  facet normal 0.290130 -0.956429 0.032690
    outer loop
      vertex -0.487726 4.251963 0.000000
      vertex -0.932722 4.109699 -0.212888
      vertex -0.475498 4.251963 -0.108529
    endloop
  endfacet
  facet normal 0.275581 -0.956429 0.096430
    outer loop
      vertex -0.475498 4.251963 -0.108529
      vertex -0.932722 4.109699 -0.212888
      vertex -0.861965 4.109699 -0.415100
    endloop
  endfacet
  facet normal 0.275581 -0.956429 0.096430
    outer loop
      vertex -0.475498 4.251963 -0.108529
      vertex -0.861965 4.109699 -0.415100
      vertex -0.439426 4.251963 -0.211616
    endloop
  endfacet
  facet normal 0.247214 -0.956429 0.155335
    outer loop
      vertex -0.439426 4.251963 -0.211616
      vertex -0.861965 4.109699 -0.415100
      vertex -0.747985 4.109699 -0.596498
    endloop
  endfacet
  facet normal 0.247214 -0.956429 0.155335
    outer loop
      vertex -0.439426 4.251963 -0.211616
      vertex -0.747985 4.109699 -0.596498
      vertex -0.381319 4.251963 -0.304092
    endloop
  endfacet
  facet normal 0.206451 -0.956429 0.206451
    outer loop
      vertex -0.381319 4.251963 -0.304092
      vertex -0.747985 4.109699 -0.596498
      vertex -0.596498 4.109699 -0.747985
    endloop
  endfacet
  facet normal 0.206451 -0.956429 0.206451
    outer loop
      vertex -0.381319 4.251963 -0.304092
      vertex -0.596498 4.109699 -0.747985
      vertex -0.304092 4.251963 -0.381319
    endloop
  endfacet
  facet normal 0.155335 -0.956429 0.247214
    outer loop
      vertex -0.304092 4.251963 -0.381319
      vertex -0.596498 4.109699 -0.747985
      vertex -0.415100 4.109699 -0.861965
    endloop
  endfacet
  facet normal 0.155335 -0.956429 0.247214
    outer loop
      vertex -0.304092 4.251963 -0.381319
      vertex -0.415100 4.109699 -0.861965
      vertex -0.211616 4.251963 -0.439426
    endloop
  endfacet
  facet normal 0.096430 -0.956429 0.275581
    outer loop
      vertex -0.211616 4.251963 -0.439426
      vertex -0.415100 4.109699 -0.861965
      vertex -0.212888 4.109699 -0.932722
    endloop
  endfacet
  facet normal 0.096430 -0.956429 0.275581
    outer loop
      vertex -0.211616 4.251963 -0.439426
      vertex -0.212888 4.109699 -0.932722
      vertex -0.108529 4.251963 -0.475498
    endloop
  endfacet
  facet normal 0.032690 -0.956429 0.290130
    outer loop
      vertex -0.108529 4.251963 -0.475498
      vertex -0.212888 4.109699 -0.932722
      vertex -0.000000 4.109699 -0.956709
    endloop
  endfacet
  facet normal 0.032690 -0.956429 0.290130
    outer loop
      vertex -0.108529 4.251963 -0.475498
      vertex -0.000000 4.109699 -0.956709
      vertex -0.000000 4.251963 -0.487726
    endloop
  endfacet
  facet normal -0.032690 -0.956429 0.290130
    outer loop
      vertex -0.000000 4.251963 -0.487726
      vertex -0.000000 4.109699 -0.956709
      vertex 0.212888 4.109699 -0.932722
    endloop
  endfacet
  facet normal -0.032690 -0.956429 0.290130
    outer loop
      vertex -0.000000 4.251963 -0.487726
      vertex 0.212888 4.109699 -0.932722
      vertex 0.108529 4.251963 -0.475498
    endloop
  endfacet
  facet normal -0.096430 -0.956429 0.275581
    outer loop
      vertex 0.108529 4.251963 -0.475498
      vertex 0.212888 4.109699 -0.932722
      vertex 0.415100 4.109699 -0.861965
    endloop
  endfacet
  facet normal -0.096430 -0.956429 0.275581
    outer loop
      vertex 0.108529 4.251963 -0.475498
      vertex 0.415100 4.109699 -0.861965
      vertex 0.211616 4.251963 -0.439426
    endloop
  endfacet
  facet normal -0.155335 -0.956429 0.247214
    outer loop
      vertex 0.211616 4.251963 -0.439426
      vertex 0.415100 4.109699 -0.861965
      vertex 0.596498 4.109699 -0.747985
    endloop
  endfacet
  facet normal -0.155335 -0.956429 0.247214
    outer loop
      vertex 0.211616 4.251963 -0.439426
      vertex 0.596498 4.109699 -0.747985
      vertex 0.304092 4.251963 -0.381319
    endloop
  endfacet
  facet normal -0.206451 -0.956429 0.206451
    outer loop
      vertex 0.304092 4.251963 -0.381319
      vertex 0.596498 4.109699 -0.747985
      vertex 0.747985 4.109699 -0.596498
    endloop
  endfacet
  facet normal -0.206451 -0.956429 0.206451
    outer loop
      vertex 0.304092 4.251963 -0.381319
      vertex 0.747985 4.109699 -0.596498
      vertex 0.381319 4.251963 -0.304092
    endloop
  endfacet
  facet normal -0.247214 -0.956429 0.155335
    outer loop
      vertex 0.381319 4.251963 -0.304092
      vertex 0.747985 4.109699 -0.596498
      vertex 0.861965 4.109699 -0.415100
    endloop
  endfacet
  facet normal -0.247214 -0.956429 0.155335
    outer loop
      vertex 0.381319 4.251963 -0.304092
      vertex 0.861965 4.109699 -0.415100
      vertex 0.439426 4.251963 -0.211616
    endloop
  endfacet
  facet normal -0.275581 -0.956429 0.096430
    outer loop
      vertex 0.439426 4.251963 -0.211616
      vertex 0.861965 4.109699 -0.415100
      vertex 0.932722 4.109699 -0.212888
    endloop
  endfacet
  facet normal -0.275581 -0.956429 0.096430
    outer loop
      vertex 0.439426 4.251963 -0.211616
      vertex 0.932722 4.109699 -0.212888
      vertex 0.475498 4.251963 -0.108529
    endloop
  endfacet
  facet normal -0.290130 -0.956429 0.032690
    outer loop
      vertex 0.475498 4.251963 -0.108529
      vertex 0.932722 4.109699 -0.212888
      vertex 0.956709 4.109699 0.000000
    endloop
  endfacet
  facet normal -0.290130 -0.956429 0.032690
    outer loop
      vertex 0.475498 4.251963 -0.108529
      vertex 0.956709 4.109699 0.000000
      vertex 0.487726 4.251963 0.000000
    endloop
  endfacet
  facet normal -0.470733 -0.880680 -0.053039
    outer loop
      vertex 0.956709 4.109699 0.000000
      vertex 1.388926 3.878674 0.000000
      vertex 1.354102 3.878674 0.309065
    endloop
  endfacet
  facet normal -0.470733 -0.880680 -0.053039
    outer loop
      vertex 0.956709 4.109699 0.000000
      vertex 1.354102 3.878674 0.309065
      vertex 0.932722 4.109699 0.212888
    endloop
  endfacet
  facet normal -0.447129 -0.880680 -0.156457
    outer loop
      vertex 0.932722 4.109699 0.212888
      vertex 1.354102 3.878674 0.309065
      vertex 1.251379 3.878674 0.602632
    endloop
  endfacet
  facet normal -0.447129 -0.880680 -0.156457
    outer loop
      vertex 0.932722 4.109699 0.212888
      vertex 1.251379 3.878674 0.602632
      vertex 0.861965 4.109699 0.415100
    endloop
  endfacet
  facet normal -0.401103 -0.880680 -0.252030
    outer loop
      vertex 0.861965 4.109699 0.415100
      vertex 1.251379 3.878674 0.602632
      vertex 1.085906 3.878674 0.865981
    endloop
  endfacet
  facet normal -0.401103 -0.880680 -0.252030
    outer loop
      vertex 0.861965 4.109699 0.415100
      vertex 1.085906 3.878674 0.865981
      vertex 0.747985 4.109699 0.596498
    endloop
  endfacet
  facet normal -0.334965 -0.880680 -0.334965
    outer loop
      vertex 0.747985 4.109699 0.596498
      vertex 1.085906 3.878674 0.865981
      vertex 0.865981 3.878674 1.085906
    endloop
  endfacet
  facet normal -0.334965 -0.880680 -0.334965
    outer loop
      vertex 0.747985 4.109699 0.596498
      vertex 0.865981 3.878674 1.085906
      vertex 0.596498 4.109699 0.747985
    endloop
  endfacet
  facet normal -0.252030 -0.880680 -0.401103
    outer loop
      vertex 0.596498 4.109699 0.747985
      vertex 0.865981 3.878674 1.085906
      vertex 0.602632 3.878674 1.251379
    endloop
  endfacet
  facet normal -0.252030 -0.880680 -0.401103
    outer loop
      vertex 0.596498 4.109699 0.747985
      vertex 0.602632 3.878674 1.251379
      vertex 0.415100 4.109699 0.861965
    endloop
  endfacet
  facet normal -0.156457 -0.880680 -0.447129
    outer loop
      vertex 0.415100 4.109699 0.861965
      vertex 0.602632 3.878674 1.251379
      vertex 0.309065 3.878674 1.354102
    endloop
  endfacet
  facet normal -0.156457 -0.880680 -0.447129
    outer loop
      vertex 0.415100 4.109699 0.861965
      vertex 0.309065 3.878674 1.354102
      vertex 0.212888 4.109699 0.932722
    endloop
  endfacet
  facet normal -0.053039 -0.880680 -0.470733
    outer loop
      vertex 0.212888 4.109699 0.932722
      vertex 0.309065 3.878674 1.354102
      vertex 0.000000 3.878674 1.388926
    endloop
  endfacet
  facet normal -0.053039 -0.880680 -0.470733
    outer loop
      vertex 0.212888 4.109699 0.932722
      vertex 0.000000 3.878674 1.388926
      vertex 0.000000 4.109699 0.956709
    endloop
  endfacet
  facet normal 0.053039 -0.880680 -0.470733
    outer loop
      vertex 0.000000 4.109699 0.956709
      vertex 0.000000 3.878674 1.388926
      vertex -0.309065 3.878674 1.354102
    endloop
  endfacet
  facet normal 0.053039 -0.880680 -0.470733
    outer loop
      vertex 0.000000 4.109699 0.956709
      vertex -0.309065 3.878674 1.354102
      vertex -0.212888 4.109699 0.932722
    endloop
  endfacet
  facet normal 0.156457 -0.880680 -0.447129
    outer loop
      vertex -0.212888 4.109699 0.932722
      vertex -0.309065 3.878674 1.354102
      vertex -0.602632 3.878674 1.251379
    endloop
  endfacet
  facet normal 0.156457 -0.880680 -0.447129
    outer loop
      vertex -0.212888 4.109699 0.932722
      vertex -0.602632 3.878674 1.251379
      vertex -0.415100 4.109699 0.861965
    endloop
  endfacet
  facet normal 0.252030 -0.880680 -0.401103
    outer loop
      vertex -0.415100 4.109699 0.861965
      vertex -0.602632 3.878674 1.251379
      vertex -0.865981 3.878674 1.085906
    endloop
  endfacet
  facet normal 0.252030 -0.880680 -0.401103
    outer loop
      vertex -0.415100 4.109699 0.861965
      vertex -0.865981 3.878674 1.085906
      vertex -0.596498 4.109699 0.747985
    endloop
  endfacet
  facet normal 0.334965 -0.880680 -0.334965
    outer loop
      vertex -0.596498 4.109699 0.747985
      vertex -0.865981 3.878674 1.085906
      vertex -1.085906 3.878674 0.865981
    endloop
  endfacet
  facet normal 0.334965 -0.880680 -0.334965
    outer loop
      vertex -0.596498 4.109699 0.747985
      vertex -1.085906 3.878674 0.865981
      vertex -0.747985 4.109699 0.596498
    endloop
  endfacet
  facet normal 0.401103 -0.880680 -0.252030
    outer loop
      vertex -0.747985 4.109699 0.596498
      vertex -1.085906 3.878674 0.865981
      vertex -1.251379 3.878674 0.602632
    endloop
  endfacet
  facet normal 0.401103 -0.880680 -0.252030
    outer loop
      vertex -0.747985 4.109699 0.596498
      vertex -1.251379 3.878674 0.602632
      vertex -0.861965 4.109699 0.415100
    endloop
  endfacet
  facet normal 0.447129 -0.880680 -0.156457
    outer loop
      vertex -0.861965 4.109699 0.415100
      vertex -1.251379 3.878674 0.602632
      vertex -1.354102 3.878674 0.309065
    endloop
  endfacet
  facet normal 0.447129 -0.880680 -0.156457
    outer loop
      vertex -0.861965 4.109699 0.415100
      vertex -1.354102 3.878674 0.309065
      vertex -0.932722 4.109699 0.212888
    endloop
  endfacet
  facet normal 0.470733 -0.880680 -0.053039
    outer loop
      vertex -0.932722 4.109699 0.212888
      vertex -1.354102 3.878674 0.309065
      vertex -1.388926 3.878674 0.000000
    endloop
  endfacet
  facet normal 0.470733 -0.880680 -0.053039
    outer loop
      vertex -0.932722 4.109699 0.212888
      vertex -1.388926 3.878674 0.000000
      vertex -0.956709 4.109699 0.000000
    endloop
  endfacet
  facet normal 0.470733 -0.880680 0.053039
    outer loop
      vertex -0.956709 4.109699 0.000000
      vertex -1.388926 3.878674 0.000000
      vertex -1.354102 3.878674 -0.309065
    endloop
  endfacet
  facet normal 0.470733 -0.880680 0.053039
    outer loop
      vertex -0.956709 4.109699 0.000000
      vertex -1.354102 3.878674 -0.309065
      vertex -0.932722 4.109699 -0.212888
    endloop
  endfacet
  facet normal 0.447129 -0.880680 0.156457
    outer loop
      vertex -0.932722 4.109699 -0.212888
      vertex -1.354102 3.878674 -0.309065
      vertex -1.251379 3.878674 -0.602632
    endloop
  endfacet
  facet normal 0.447129 -0.880680 0.156457
    outer loop
      vertex -0.932722 4.109699 -0.212888
      vertex -1.251379 3.878674 -0.602632
      vertex -0.861965 4.109699 -0.415100
    endloop
  endfacet
  facet normal 0.401103 -0.880680 0.252030
    outer loop
      vertex -0.861965 4.109699 -0.415100
      vertex -1.251379 3.878674 -0.602632
      vertex -1.085906 3.878674 -0.865981
    endloop
  endfacet
  facet normal 0.401103 -0.880680 0.252030
    outer loop
      vertex -0.861965 4.109699 -0.415100
      vertex -1.085906 3.878674 -0.865981
      vertex -0.747985 4.109699 -0.596498
    endloop
  endfacet
  facet normal 0.334965 -0.880680 0.334965
    outer loop
      vertex -0.747985 4.109699 -0.596498
      vertex -1.085906 3.878674 -0.865981
      vertex -0.865981 3.878674 -1.085906
    endloop
  endfacet
  facet normal 0.334965 -0.880680 0.334965
    outer loop
      vertex -0.747985 4.109699 -0.596498
      vertex -0.865981 3.878674 -1.085906
      vertex -0.596498 4.109699 -0.747985
    endloop
  endfacet
  facet normal 0.252030 -0.880680 0.401103
    outer loop
      vertex -0.596498 4.109699 -0.747985
      vertex -0.865981 3.878674 -1.085906
      vertex -0.602632 3.878674 -1.251379
    endloop
  endfacet
  facet normal 0.252030 -0.880680 0.401103
    outer loop
      vertex -0.596498 4.109699 -0.747985
      vertex -0.602632 3.878674 -1.251379
      vertex -0.415100 4.109699 -0.861965
    endloop
  endfacet
  facet normal 0.156457 -0.880680 0.447129
    outer loop
      vertex -0.415100 4.109699 -0.861965
      vertex -0.602632 3.878674 -1.251379
      vertex -0.309065 3.878674 -1.354102
    endloop
  endfacet
  facet normal 0.156457 -0.880680 0.447129
    outer loop
      vertex -0.415100 4.109699 -0.861965
      vertex -0.309065 3.878674 -1.354102
      vertex -0.212888 4.109699 -0.932722
    endloop
  endfacet
  facet normal 0.053039 -0.880680 0.470733
    outer loop
      vertex -0.212888 4.109699 -0.932722
      vertex -0.309065 3.878674 -1.354102
      vertex -0.000000 3.878674 -1.388926
    endloop
  endfacet
  facet normal 0.053039 -0.880680 0.470733
    outer loop
      vertex -0.212888 4.109699 -0.932722
      vertex -0.000000 3.878674 -1.388926
      vertex -0.000000 4.109699 -0.956709
    endloop
  endfacet
  facet normal -0.053039 -0.880680 0.470733
    outer loop
      vertex -0.000000 4.109699 -0.956709
      vertex -0.000000 3.878674 -1.388926
      vertex 0.309065 3.878674 -1.354102
    endloop
  endfacet
  facet normal -0.053039 -0.880680 0.470733
    outer loop
      vertex -0.000000 4.109699 -0.956709
      vertex 0.309065 3.878674 -1.354102
      vertex 0.212888 4.109699 -0.932722
    endloop
  endfacet
  facet normal -0.156457 -0.880680 0.447129
    outer loop
      vertex 0.212888 4.109699 -0.932722
      vertex 0.309065 3.878674 -1.354102
      vertex 0.602632 3.878674 -1.251379
    endloop
  endfacet
  facet normal -0.156457 -0.880680 0.447129
    outer loop
      vertex 0.212888 4.109699 -0.932722
      vertex 0.602632 3.878674 -1.251379
      vertex 0.415100 4.109699 -0.861965
    endloop
  endfacet
  facet normal -0.252030 -0.880680 0.401103
    outer loop
      vertex 0.415100 4.109699 -0.861965
      vertex 0.602632 3.878674 -1.251379
      vertex 0.865981 3.878674 -1.085906
    endloop
  endfacet
  facet normal -0.252030 -0.880680 0.401103
    outer loop
      vertex 0.415100 4.109699 -0.861965
      vertex 0.865981 3.878674 -1.085906
      vertex 0.596498 4.109699 -0.747985
    endloop
  endfacet
  facet normal -0.334965 -0.880680 0.334965
    outer loop
      vertex 0.596498 4.109699 -0.747985
      vertex 0.865981 3.878674 -1.085906
      vertex 1.085906 3.878674 -0.865981
    endloop
  endfacet
  facet normal -0.334965 -0.880680 0.334965
    outer loop
      vertex 0.596498 4.109699 -0.747985
      vertex 1.085906 3.878674 -0.865981
      vertex 0.747985 4.109699 -0.596498
    endloop
  endfacet
  facet normal -0.401103 -0.880680 0.252030
    outer loop
      vertex 0.747985 4.109699 -0.596498
      vertex 1.085906 3.878674 -0.865981
      vertex 1.251379 3.878674 -0.602632
    endloop
  endfacet
  facet normal -0.401103 -0.880680 0.252030
    outer loop
      vertex 0.747985 4.109699 -0.596498
      vertex 1.251379 3.878674 -0.602632
      vertex 0.861965 4.109699 -0.415100
    endloop
  endfacet
  facet normal -0.447129 -0.880680 0.156457
    outer loop
      vertex 0.861965 4.109699 -0.415100
      vertex 1.251379 3.878674 -0.602632
      vertex 1.354102 3.878674 -0.309065
    endloop
  endfacet
  facet normal -0.447129 -0.880680 0.156457
    outer loop
      vertex 0.861965 4.109699 -0.415100
      vertex 1.354102 3.878674 -0.309065
      vertex 0.932722 4.109699 -0.212888
    endloop
  endfacet
  facet normal -0.470733 -0.880680 0.053039
    outer loop
      vertex 0.932722 4.109699 -0.212888
      vertex 1.354102 3.878674 -0.309065
      vertex 1.388926 3.878674 0.000000
    endloop
  endfacet
  facet normal -0.470733 -0.880680 0.053039
    outer loop
      vertex 0.932722 4.109699 -0.212888
      vertex 1.388926 3.878674 0.000000
      vertex 0.956709 4.109699 0.000000
    endloop
  endfacet
  facet normal -0.632779 -0.771043 -0.071297
    outer loop
      vertex 1.388926 3.878674 0.000000
      vertex 1.767767 3.567767 0.000000
      vertex 1.723445 3.567767 0.393365
    endloop
  endfacet
  facet normal -0.632779 -0.771043 -0.071297
    outer loop
      vertex 1.388926 3.878674 0.000000
      vertex 1.723445 3.567767 0.393365
      vertex 1.354102 3.878674 0.309065
    endloop
  endfacet
  facet normal -0.601049 -0.771043 -0.210316
    outer loop
      vertex 1.354102 3.878674 0.309065
      vertex 1.723445 3.567767 0.393365
      vertex 1.592703 3.567767 0.767005
    endloop
  endfacet
  facet normal -0.601049 -0.771043 -0.210316
    outer loop
      vertex 1.354102 3.878674 0.309065
      vertex 1.592703 3.567767 0.767005
      vertex 1.251379 3.878674 0.602632
    endloop
  endfacet
  facet normal -0.539179 -0.771043 -0.338789
    outer loop
      vertex 1.251379 3.878674 0.602632
      vertex 1.592703 3.567767 0.767005
      vertex 1.382096 3.567767 1.102185
    endloop
  endfacet
  facet normal -0.539179 -0.771043 -0.338789
    outer loop
      vertex 1.251379 3.878674 0.602632
      vertex 1.382096 3.567767 1.102185
      vertex 1.085906 3.878674 0.865981
    endloop
  endfacet
  facet normal -0.450273 -0.771043 -0.450273
    outer loop
      vertex 1.085906 3.878674 0.865981
      vertex 1.382096 3.567767 1.102185
      vertex 1.102185 3.567767 1.382096
    endloop
  endfacet
  facet normal -0.450273 -0.771043 -0.450273
    outer loop
      vertex 1.085906 3.878674 0.865981
      vertex 1.102185 3.567767 1.382096
      vertex 0.865981 3.878674 1.085906
    endloop
  endfacet
  facet normal -0.338789 -0.771043 -0.539179
    outer loop
      vertex 0.865981 3.878674 1.085906
      vertex 1.102185 3.567767 1.382096
      vertex 0.767005 3.567767 1.592703
    endloop
  endfacet
  facet normal -0.338789 -0.771043 -0.539179
    outer loop
      vertex 0.865981 3.878674 1.085906
      vertex 0.767005 3.567767 1.592703
      vertex 0.602632 3.878674 1.251379
    endloop
  endfacet
  facet normal -0.210316 -0.771043 -0.601049
    outer loop
      vertex 0.602632 3.878674 1.251379
      vertex 0.767005 3.567767 1.592703
      vertex 0.393365 3.567767 1.723445
    endloop
  endfacet
  facet normal -0.210316 -0.771043 -0.601049
    outer loop
      vertex 0.602632 3.878674 1.251379
      vertex 0.393365 3.567767 1.723445
      vertex 0.309065 3.878674 1.354102
    endloop
  endfacet
  facet normal -0.071297 -0.771043 -0.632779
    outer loop
      vertex 0.309065 3.878674 1.354102
      vertex 0.393365 3.567767 1.723445
      vertex 0.000000 3.567767 1.767767
    endloop
  endfacet
  facet normal -0.071297 -0.771043 -0.632779
    outer loop
      vertex 0.309065 3.878674 1.354102
      vertex 0.000000 3.567767 1.767767
      vertex 0.000000 3.878674 1.388926
    endloop
  endfacet
  facet normal 0.071297 -0.771043 -0.632779
    outer loop
      vertex 0.000000 3.878674 1.388926
      vertex 0.000000 3.567767 1.767767
      vertex -0.393365 3.567767 1.723445
    endloop
  endfacet
  facet normal 0.071297 -0.771043 -0.632779
    outer loop
      vertex 0.000000 3.878674 1.388926
      vertex -0.393365 3.567767 1.723445
      vertex -0.309065 3.878674 1.354102
    endloop
  endfacet
  facet normal 0.210316 -0.771043 -0.601049
    outer loop
      vertex -0.309065 3.878674 1.354102
      vertex -0.393365 3.567767 1.723445
      vertex -0.767005 3.567767 1.592703
    endloop
  endfacet
  facet normal 0.210316 -0.771043 -0.601049
    outer loop
      vertex -0.309065 3.878674 1.354102
      vertex -0.767005 3.567767 1.592703
      vertex -0.602632 3.878674 1.251379
    endloop
  endfacet
  facet normal 0.338789 -0.771043 -0.539179
    outer loop
      vertex -0.602632 3.878674 1.251379
      vertex -0.767005 3.567767 1.592703
      vertex -1.102185 3.567767 1.382096
    endloop
  endfacet
  facet normal 0.338789 -0.771043 -0.539179
    outer loop
      vertex -0.602632 3.878674 1.251379
      vertex -1.102185 3.567767 1.382096
      vertex -0.865981 3.878674 1.085906
    endloop
  endfacet
  facet normal 0.450273 -0.771043 -0.450273
    outer loop
      vertex -0.865981 3.878674 1.085906
      vertex -1.102185 3.567767 1.382096
      vertex -1.382096 3.567767 1.102185
    endloop
  endfacet
  facet normal 0.450273 -0.771043 -0.450273
    outer loop
      vertex -0.865981 3.878674 1.085906
      vertex -1.382096 3.567767 1.102185
      vertex -1.085906 3.878674 0.865981
    endloop
  endfacet
  facet normal 0.539179 -0.771043 -0.338789
    outer loop
      vertex -1.085906 3.878674 0.865981
      vertex -1.382096 3.567767 1.102185
      vertex -1.592703 3.567767 0.767005
    endloop
  endfacet
  facet normal 0.539179 -0.771043 -0.338789
    outer loop
      vertex -1.085906 3.878674 0.865981
      vertex -1.592703 3.567767 0.767005
      vertex -1.251379 3.878674 0.602632
    endloop
  endfacet
  facet normal 0.601049 -0.771043 -0.210316
    outer loop
      vertex -1.251379 3.878674 0.602632
      vertex -1.592703 3.567767 0.767005
      vertex -1.723445 3.567767 0.393365
    endloop
  endfacet
  facet normal 0.601049 -0.771043 -0.210316
    outer loop
      vertex -1.251379 3.878674 0.602632
      vertex -1.723445 3.567767 0.393365
      vertex -1.354102 3.878674 0.309065
    endloop
  endfacet
  facet normal 0.632779 -0.771043 -0.071297
    outer loop
      vertex -1.354102 3.878674 0.309065
      vertex -1.723445 3.567767 0.393365
      vertex -1.767767 3.567767 0.000000
    endloop
  endfacet
  facet normal 0.632779 -0.771043 -0.071297
    outer loop
      vertex -1.354102 3.878674 0.309065
      vertex -1.767767 3.567767 0.000000
      vertex -1.388926 3.878674 0.000000
    endloop
  endfacet
  facet normal 0.632779 -0.771043 0.071297
    outer loop
      vertex -1.388926 3.878674 0.000000
      vertex -1.767767 3.567767 0.000000
      vertex -1.723445 3.567767 -0.393365
    endloop
  endfacet
  facet normal 0.632779 -0.771043 0.071297
    outer loop
      vertex -1.388926 3.878674 0.000000
      vertex -1.723445 3.567767 -0.393365
      vertex -1.354102 3.878674 -0.309065
    endloop
  endfacet
  facet normal 0.601049 -0.771043 0.210316
    outer loop
      vertex -1.354102 3.878674 -0.309065
      vertex -1.723445 3.567767 -0.393365
      vertex -1.592703 3.567767 -0.767005
    endloop
  endfacet
  facet normal 0.601049 -0.771043 0.210316
    outer loop
      vertex -1.354102 3.878674 -0.309065
      vertex -1.592703 3.567767 -0.767005
      vertex -1.251379 3.878674 -0.602632
    endloop
  endfacet
  facet normal 0.539179 -0.771043 0.338789
    outer loop
      vertex -1.251379 3.878674 -0.602632
      vertex -1.592703 3.567767 -0.767005
      vertex -1.382096 3.567767 -1.102185
    endloop
  endfacet
  facet normal 0.539179 -0.771043 0.338789
    outer loop
      vertex -1.251379 3.878674 -0.602632
      vertex -1.382096 3.567767 -1.102185
      vertex -1.085906 3.878674 -0.865981
    endloop
  endfacet
  facet normal 0.450273 -0.771043 0.450273
    outer loop
      vertex -1.085906 3.878674 -0.865981
      vertex -1.382096 3.567767 -1.102185
      vertex -1.102185 3.567767 -1.382096
    endloop
  endfacet
  facet normal 0.450273 -0.771043 0.450273
    outer loop
      vertex -1.085906 3.878674 -0.865981
      vertex -1.102185 3.567767 -1.382096
      vertex -0.865981 3.878674 -1.085906
    endloop
  endfacet
  facet normal 0.338789 -0.771043 0.539179
    outer loop
      vertex -0.865981 3.878674 -1.085906
      vertex -1.102185 3.567767 -1.382096
      vertex -0.767005 3.567767 -1.592703
    endloop
  endfacet
  facet normal 0.338789 -0.771043 0.539179
    outer loop
      vertex -0.865981 3.878674 -1.085906
      vertex -0.767005 3.567767 -1.592703
      vertex -0.602632 3.878674 -1.251379
    endloop
  endfacet
  facet normal 0.210316 -0.771043 0.601049
    outer loop
      vertex -0.602632 3.878674 -1.251379
      vertex -0.767005 3.567767 -1.592703
      vertex -0.393365 3.567767 -1.723445
    endloop
  endfacet
  facet normal 0.210316 -0.771043 0.601049
    outer loop
      vertex -0.602632 3.878674 -1.251379
      vertex -0.393365 3.567767 -1.723445
      vertex -0.309065 3.878674 -1.354102
    endloop
  endfacet
  facet normal 0.071297 -0.771043 0.632779
    outer loop
      vertex -0.309065 3.878674 -1.354102
      vertex -0.393365 3.567767 -1.723445
      vertex -0.000000 3.567767 -1.767767
    endloop
  endfacet
  facet normal 0.071297 -0.771043 0.632779
    outer loop
      vertex -0.309065 3.878674 -1.354102
      vertex -0.000000 3.567767 -1.767767
      vertex -0.000000 3.878674 -1.388926
    endloop
  endfacet
  facet normal -0.071297 -0.771043 0.632779
    outer loop
      vertex -0.000000 3.878674 -1.388926
      vertex -0.000000 3.567767 -1.767767
      vertex 0.393365 3.567767 -1.723445
    endloop
  endfacet
  facet normal -0.071297 -0.771043 0.632779
    outer loop
      vertex -0.000000 3.878674 -1.388926
      vertex 0.393365 3.567767 -1.723445
      vertex 0.309065 3.878674 -1.354102
    endloop
  endfacet
  facet normal -0.210316 -0.771043 0.601049
    outer loop
      vertex 0.309065 3.878674 -1.354102
      vertex 0.393365 3.567767 -1.723445
      vertex 0.767005 3.567767 -1.592703
    endloop
  endfacet
  facet normal -0.210316 -0.771043 0.601049
    outer loop
      vertex 0.309065 3.878674 -1.354102
      vertex 0.767005 3.567767 -1.592703
      vertex 0.602632 3.878674 -1.251379
    endloop
  endfacet
  facet normal -0.338789 -0.771043 0.539179
    outer loop
      vertex 0.602632 3.878674 -1.251379
      vertex 0.767005 3.567767 -1.592703
      vertex 1.102185 3.567767 -1.382096
    endloop
  endfacet
  facet normal -0.338789 -0.771043 0.539179
    outer loop
      vertex 0.602632 3.878674 -1.251379
      vertex 1.102185 3.567767 -1.382096
      vertex 0.865981 3.878674 -1.085906
    endloop
  endfacet
  facet normal -0.450273 -0.771043 0.450273
    outer loop
      vertex 0.865981 3.878674 -1.085906
      vertex 1.102185 3.567767 -1.382096
      vertex 1.382096 3.567767 -1.102185
    endloop
  endfacet
  facet normal -0.450273 -0.771043 0.450273
    outer loop
      vertex 0.865981 3.878674 -1.085906
      vertex 1.382096 3.567767 -1.102185
      vertex 1.085906 3.878674 -0.865981
    endloop
  endfacet
  facet normal -0.539179 -0.771043 0.338789
    outer loop
      vertex 1.085906 3.878674 -0.865981
      vertex 1.382096 3.567767 -1.102185
      vertex 1.592703 3.567767 -0.767005
    endloop
  endfacet
  facet normal -0.539179 -0.771043 0.338789
    outer loop
      vertex 1.085906 3.878674 -0.865981
      vertex 1.592703 3.567767 -0.767005
      vertex 1.251379 3.878674 -0.602632
    endloop
  endfacet
  facet normal -0.601049 -0.771043 0.210316
    outer loop
      vertex 1.251379 3.878674 -0.602632
      vertex 1.592703 3.567767 -0.767005
      vertex 1.723445 3.567767 -0.393365
    endloop
  endfacet
  facet normal -0.601049 -0.771043 0.210316
    outer loop
      vertex 1.251379 3.878674 -0.602632
      vertex 1.723445 3.567767 -0.393365
      vertex 1.354102 3.878674 -0.309065
    endloop
  endfacet
  facet normal -0.632779 -0.771043 0.071297
    outer loop
      vertex 1.354102 3.878674 -0.309065
      vertex 1.723445 3.567767 -0.393365
      vertex 1.767767 3.567767 0.000000
    endloop
  endfacet
  facet normal -0.632779 -0.771043 0.071297
    outer loop
      vertex 1.354102 3.878674 -0.309065
      vertex 1.767767 3.567767 0.000000
      vertex 1.388926 3.878674 0.000000
    endloop
  endfacet
  facet normal -0.770095 -0.632001 -0.086769
    outer loop
      vertex 1.767767 3.567767 0.000000
      vertex 2.078674 3.188926 0.000000
      vertex 2.026557 3.188926 0.462548
    endloop
  endfacet
  facet normal -0.770095 -0.632001 -0.086769
    outer loop
      vertex 1.767767 3.567767 0.000000
      vertex 2.026557 3.188926 0.462548
      vertex 1.723445 3.567767 0.393365
    endloop
  endfacet
  facet normal -0.731479 -0.632001 -0.255956
    outer loop
      vertex 1.723445 3.567767 0.393365
      vertex 2.026557 3.188926 0.462548
      vertex 1.872821 3.188926 0.901903
    endloop
  endfacet
  facet normal -0.731479 -0.632001 -0.255956
    outer loop
      vertex 1.723445 3.567767 0.393365
      vertex 1.872821 3.188926 0.901903
      vertex 1.592703 3.567767 0.767005
    endloop
  endfacet
  facet normal -0.656184 -0.632001 -0.412308
    outer loop
      vertex 1.592703 3.567767 0.767005
      vertex 1.872821 3.188926 0.901903
      vertex 1.625173 3.188926 1.296032
    endloop
  endfacet
  facet normal -0.656184 -0.632001 -0.412308
    outer loop
      vertex 1.592703 3.567767 0.767005
      vertex 1.625173 3.188926 1.296032
      vertex 1.382096 3.567767 1.102185
    endloop
  endfacet
  facet normal -0.547985 -0.632001 -0.547985
    outer loop
      vertex 1.382096 3.567767 1.102185
      vertex 1.625173 3.188926 1.296032
      vertex 1.296032 3.188926 1.625173
    endloop
  endfacet
  facet normal -0.547985 -0.632001 -0.547985
    outer loop
      vertex 1.382096 3.567767 1.102185
      vertex 1.296032 3.188926 1.625173
      vertex 1.102185 3.567767 1.382096
    endloop
  endfacet
  facet normal -0.412308 -0.632001 -0.656184
    outer loop
      vertex 1.102185 3.567767 1.382096
      vertex 1.296032 3.188926 1.625173
      vertex 0.901903 3.188926 1.872821
    endloop
  endfacet
  facet normal -0.412308 -0.632001 -0.656184
    outer loop
      vertex 1.102185 3.567767 1.382096
      vertex 0.901903 3.188926 1.872821
      vertex 0.767005 3.567767 1.592703
    endloop
  endfacet
  facet normal -0.255956 -0.632001 -0.731479
    outer loop
      vertex 0.767005 3.567767 1.592703
      vertex 0.901903 3.188926 1.872821
      vertex 0.462548 3.188926 2.026557
    endloop
  endfacet
  facet normal -0.255956 -0.632001 -0.731479
    outer loop
      vertex 0.767005 3.567767 1.592703
      vertex 0.462548 3.188926 2.026557
      vertex 0.393365 3.567767 1.723445
    endloop
  endfacet
  facet normal -0.086769 -0.632001 -0.770095
    outer loop
      vertex 0.393365 3.567767 1.723445
      vertex 0.462548 3.188926 2.026557
      vertex 0.000000 3.188926 2.078674
    endloop
  endfacet
  facet normal -0.086769 -0.632001 -0.770095
    outer loop
      vertex 0.393365 3.567767 1.723445
      vertex 0.000000 3.188926 2.078674
      vertex 0.000000 3.567767 1.767767
    endloop
  endfacet
  facet normal 0.086769 -0.632001 -0.770095
    outer loop
      vertex 0.000000 3.567767 1.767767
      vertex 0.000000 3.188926 2.078674
      vertex -0.462548 3.188926 2.026557
    endloop
  endfacet
  facet normal 0.086769 -0.632001 -0.770095
    outer loop
      vertex 0.000000 3.567767 1.767767
      vertex -0.462548 3.188926 2.026557
      vertex -0.393365 3.567767 1.723445
    endloop
  endfacet
  facet normal 0.255956 -0.632001 -0.731479
    outer loop
      vertex -0.393365 3.567767 1.723445
      vertex -0.462548 3.188926 2.026557
      vertex -0.901903 3.188926 1.872821
    endloop
  endfacet
  facet normal 0.255956 -0.632001 -0.731479
    outer loop
      vertex -0.393365 3.567767 1.723445
      vertex -0.901903 3.188926 1.872821
      vertex -0.767005 3.567767 1.592703
    endloop
  endfacet
  facet normal 0.412308 -0.632001 -0.656184
    outer loop
      vertex -0.767005 3.567767 1.592703
      vertex -0.901903 3.188926 1.872821
      vertex -1.296032 3.188926 1.625173
    endloop
  endfacet
  facet normal 0.412308 -0.632001 -0.656184
    outer loop
      vertex -0.767005 3.567767 1.592703
      vertex -1.296032 3.188926 1.625173
      vertex -1.102185 3.567767 1.382096
    endloop
  endfacet
  facet normal 0.547985 -0.632001 -0.547985
    outer loop
      vertex -1.102185 3.567767 1.382096
      vertex -1.296032 3.188926 1.625173
      vertex -1.625173 3.188926 1.296032
    endloop
  endfacet
  facet normal 0.547985 -0.632001 -0.547985
    outer loop
      vertex -1.102185 3.567767 1.382096
      vertex -1.625173 3.188926 1.296032
      vertex -1.382096 3.567767 1.102185
    endloop
  endfacet
  facet normal 0.656184 -0.632001 -0.412308
    outer loop
      vertex -1.382096 3.567767 1.102185
      vertex -1.625173 3.188926 1.296032
      vertex -1.872821 3.188926 0.901903
    endloop
  endfacet
  facet normal 0.656184 -0.632001 -0.412308
    outer loop
      vertex -1.382096 3.567767 1.102185
      vertex -1.872821 3.188926 0.901903
      vertex -1.592703 3.567767 0.767005
    endloop
  endfacet
  facet normal 0.731479 -0.632001 -0.255956
    outer loop
      vertex -1.592703 3.567767 0.767005
      vertex -1.872821 3.188926 0.901903
      vertex -2.026557 3.188926 0.462548
    endloop
  endfacet
  facet normal 0.731479 -0.632001 -0.255956
    outer loop
      vertex -1.592703 3.567767 0.767005
      vertex -2.026557 3.188926 0.462548
      vertex -1.723445 3.567767 0.393365
    endloop
  endfacet
  facet normal 0.770095 -0.632001 -0.086769
    outer loop
      vertex -1.723445 3.567767 0.393365
      vertex -2.026557 3.188926 0.462548
      vertex -2.078674 3.188926 0.000000
    endloop
  endfacet
  facet normal 0.770095 -0.632001 -0.086769
    outer loop
      vertex -1.723445 3.567767 0.393365
      vertex -2.078674 3.188926 0.000000
      vertex -1.767767 3.567767 0.000000
    endloop
  endfacet
  facet normal 0.770095 -0.632001 0.086769
    outer loop
      vertex -1.767767 3.567767 0.000000
      vertex -2.078674 3.188926 0.000000
      vertex -2.026557 3.188926 -0.462548
    endloop
  endfacet
  facet normal 0.770095 -0.632001 0.086769
    outer loop
      vertex -1.767767 3.567767 0.000000
      vertex -2.026557 3.188926 -0.462548
      vertex -1.723445 3.567767 -0.393365
    endloop
  endfacet
  facet normal 0.731479 -0.632001 0.255956
    outer loop
      vertex -1.723445 3.567767 -0.393365
      vertex -2.026557 3.188926 -0.462548
      vertex -1.872821 3.188926 -0.901903
    endloop
  endfacet
  facet normal 0.731479 -0.632001 0.255956
    outer loop
      vertex -1.723445 3.567767 -0.393365
      vertex -1.872821 3.188926 -0.901903
      vertex -1.592703 3.567767 -0.767005
    endloop
  endfacet
  facet normal 0.656184 -0.632001 0.412308
    outer loop
      vertex -1.592703 3.567767 -0.767005
      vertex -1.872821 3.188926 -0.901903
      vertex -1.625173 3.188926 -1.296032
    endloop
  endfacet
  facet normal 0.656184 -0.632001 0.412308
    outer loop
      vertex -1.592703 3.567767 -0.767005
      vertex -1.625173 3.188926 -1.296032
      vertex -1.382096 3.567767 -1.102185
    endloop
  endfacet
  facet normal 0.547985 -0.632001 0.547985
    outer loop
      vertex -1.382096 3.567767 -1.102185
      vertex -1.625173 3.188926 -1.296032
      vertex -1.296032 3.188926 -1.625173
    endloop
  endfacet
  facet normal 0.547985 -0.632001 0.547985
    outer loop
      vertex -1.382096 3.567767 -1.102185
      vertex -1.296032 3.188926 -1.625173
      vertex -1.102185 3.567767 -1.382096
    endloop
  endfacet
  facet normal 0.412308 -0.632001 0.656184
    outer loop
      vertex -1.102185 3.567767 -1.382096
      vertex -1.296032 3.188926 -1.625173
      vertex -0.901903 3.188926 -1.872821
    endloop
  endfacet
  facet normal 0.412308 -0.632001 0.656184
    outer loop
      vertex -1.102185 3.567767 -1.382096
      vertex -0.901903 3.188926 -1.872821
      vertex -0.767005 3.567767 -1.592703
    endloop
  endfacet
  facet normal 0.255956 -0.632001 0.731479
    outer loop
      vertex -0.767005 3.567767 -1.592703
      vertex -0.901903 3.188926 -1.872821
      vertex -0.462548 3.188926 -2.026557
    endloop
  endfacet
  facet normal 0.255956 -0.632001 0.731479
    outer loop
      vertex -0.767005 3.567767 -1.592703
      vertex -0.462548 3.188926 -2.026557
      vertex -0.393365 3.567767 -1.723445
    endloop
  endfacet
  facet normal 0.086769 -0.632001 0.770095
    outer loop
      vertex -0.393365 3.567767 -1.723445
      vertex -0.462548 3.188926 -2.026557
      vertex -0.000000 3.188926 -2.078674
    endloop
  endfacet
  facet normal 0.086769 -0.632001 0.770095
    outer loop
      vertex -0.393365 3.567767 -1.723445
      vertex -0.000000 3.188926 -2.078674
      vertex -0.000000 3.567767 -1.767767
    endloop
  endfacet
  facet normal -0.086769 -0.632001 0.770095
    outer loop
      vertex -0.000000 3.567767 -1.767767
      vertex -0.000000 3.188926 -2.078674
      vertex 0.462548 3.188926 -2.026557
    endloop
  endfacet
  facet normal -0.086769 -0.632001 0.770095
    outer loop
      vertex -0.000000 3.567767 -1.767767
      vertex 0.462548 3.188926 -2.026557
      vertex 0.393365 3.567767 -1.723445
    endloop
  endfacet
  facet normal -0.255956 -0.632001 0.731479
    outer loop
      vertex 0.393365 3.567767 -1.723445
      vertex 0.462548 3.188926 -2.026557
      vertex 0.901903 3.188926 -1.872821
    endloop
  endfacet
  facet normal -0.255956 -0.632001 0.731479
    outer loop
      vertex 0.393365 3.567767 -1.723445
      vertex 0.901903 3.188926 -1.872821
      vertex 0.767005 3.567767 -1.592703
    endloop
  endfacet
  facet normal -0.412308 -0.632001 0.656184
    outer loop
      vertex 0.767005 3.567767 -1.592703
      vertex 0.901903 3.188926 -1.872821
      vertex 1.296032 3.188926 -1.625173
    endloop
  endfacet
  facet normal -0.412308 -0.632001 0.656184
    outer loop
      vertex 0.767005 3.567767 -1.592703
      vertex 1.296032 3.188926 -1.625173
      vertex 1.102185 3.567767 -1.382096
    endloop
  endfacet
  facet normal -0.547985 -0.632001 0.547985
    outer loop
      vertex 1.102185 3.567767 -1.382096
      vertex 1.296032 3.188926 -1.625173
      vertex 1.625173 3.188926 -1.296032
    endloop
  endfacet
  facet normal -0.547985 -0.632001 0.547985
    outer loop
      vertex 1.102185 3.567767 -1.382096
      vertex 1.625173 3.188926 -1.296032
      vertex 1.382096 3.567767 -1.102185
    endloop
  endfacet
  facet normal -0.656184 -0.632001 0.412308
    outer loop
      vertex 1.382096 3.567767 -1.102185
      vertex 1.625173 3.188926 -1.296032
      vertex 1.872821 3.188926 -0.901903
    endloop
  endfacet
  facet normal -0.656184 -0.632001 0.412308
    outer loop
      vertex 1.382096 3.567767 -1.102185
      vertex 1.872821 3.188926 -0.901903
      vertex 1.592703 3.567767 -0.767005
    endloop
  endfacet
  facet normal -0.731479 -0.632001 0.255956
    outer loop
      vertex 1.592703 3.567767 -0.767005
      vertex 1.872821 3.188926 -0.901903
      vertex 2.026557 3.188926 -0.462548
    endloop
  endfacet
  facet normal -0.731479 -0.632001 0.255956
    outer loop
      vertex 1.592703 3.567767 -0.767005
      vertex 2.026557 3.188926 -0.462548
      vertex 1.723445 3.567767 -0.393365
    endloop
  endfacet
  facet normal -0.770095 -0.632001 0.086769
    outer loop
      vertex 1.723445 3.567767 -0.393365
      vertex 2.026557 3.188926 -0.462548
      vertex 2.078674 3.188926 0.000000
    endloop
  endfacet
  facet normal -0.770095 -0.632001 0.086769
    outer loop
      vertex 1.723445 3.567767 -0.393365
      vertex 2.078674 3.188926 0.000000
      vertex 1.767767 3.567767 0.000000
    endloop
  endfacet
  facet normal -0.877599 -0.469087 -0.098882
    outer loop
      vertex 2.078674 3.188926 0.000000
      vertex 2.309699 2.756709 0.000000
      vertex 2.251790 2.756709 0.513956
    endloop
  endfacet
  facet normal -0.877599 -0.469087 -0.098882
    outer loop
      vertex 2.078674 3.188926 0.000000
      vertex 2.251790 2.756709 0.513956
      vertex 2.026557 3.188926 0.462548
    endloop
  endfacet
  facet normal -0.833593 -0.469087 -0.291687
    outer loop
      vertex 2.026557 3.188926 0.462548
      vertex 2.251790 2.756709 0.513956
      vertex 2.080967 2.756709 1.002141
    endloop
  endfacet
  facet normal -0.833593 -0.469087 -0.291687
    outer loop
      vertex 2.026557 3.188926 0.462548
      vertex 2.080967 2.756709 1.002141
      vertex 1.872821 3.188926 0.901903
    endloop
  endfacet
  facet normal -0.747786 -0.469087 -0.469865
    outer loop
      vertex 1.872821 3.188926 0.901903
      vertex 2.080967 2.756709 1.002141
      vertex 1.805795 2.756709 1.440074
    endloop
  endfacet
  facet normal -0.747786 -0.469087 -0.469865
    outer loop
      vertex 1.872821 3.188926 0.901903
      vertex 1.805795 2.756709 1.440074
      vertex 1.625173 3.188926 1.296032
    endloop
  endfacet
  facet normal -0.624483 -0.469087 -0.624483
    outer loop
      vertex 1.625173 3.188926 1.296032
      vertex 1.805795 2.756709 1.440074
      vertex 1.440074 2.756709 1.805795
    endloop
  endfacet
  facet normal -0.624483 -0.469087 -0.624483
    outer loop
      vertex 1.625173 3.188926 1.296032
      vertex 1.440074 2.756709 1.805795
      vertex 1.296032 3.188926 1.625173
    endloop
  endfacet
  facet normal -0.469865 -0.469087 -0.747786
    outer loop
      vertex 1.296032 3.188926 1.625173
      vertex 1.440074 2.756709 1.805795
      vertex 1.002141 2.756709 2.080967
    endloop
  endfacet
  facet normal -0.469865 -0.469087 -0.747786
    outer loop
      vertex 1.296032 3.188926 1.625173
      vertex 1.002141 2.756709 2.080967
      vertex 0.901903 3.188926 1.872821
    endloop
  endfacet
  facet normal -0.291687 -0.469087 -0.833593
    outer loop
      vertex 0.901903 3.188926 1.872821
      vertex 1.002141 2.756709 2.080967
      vertex 0.513956 2.756709 2.251790
    endloop
  endfacet
  facet normal -0.291687 -0.469087 -0.833593
    outer loop
      vertex 0.901903 3.188926 1.872821
      vertex 0.513956 2.756709 2.251790
      vertex 0.462548 3.188926 2.026557
    endloop
  endfacet
  facet normal -0.098882 -0.469087 -0.877599
    outer loop
      vertex 0.462548 3.188926 2.026557
      vertex 0.513956 2.756709 2.251790
      vertex 0.000000 2.756709 2.309699
    endloop
  endfacet
  facet normal -0.098882 -0.469087 -0.877599
    outer loop
      vertex 0.462548 3.188926 2.026557
      vertex 0.000000 2.756709 2.309699
      vertex 0.000000 3.188926 2.078674
    endloop
  endfacet
  facet normal 0.098882 -0.469087 -0.877599
    outer loop
      vertex 0.000000 3.188926 2.078674
      vertex 0.000000 2.756709 2.309699
      vertex -0.513956 2.756709 2.251790
    endloop
  endfacet
  facet normal 0.098882 -0.469087 -0.877599
    outer loop
      vertex 0.000000 3.188926 2.078674
      vertex -0.513956 2.756709 2.251790
      vertex -0.462548 3.188926 2.026557
    endloop
  endfacet
  facet normal 0.291687 -0.469087 -0.833593
    outer loop
      vertex -0.462548 3.188926 2.026557
      vertex -0.513956 2.756709 2.251790
      vertex -1.002141 2.756709 2.080967
    endloop
  endfacet
  facet normal 0.291687 -0.469087 -0.833593
    outer loop
      vertex -0.462548 3.188926 2.026557
      vertex -1.002141 2.756709 2.080967
      vertex -0.901903 3.188926 1.872821
    endloop
  endfacet
  facet normal 0.469865 -0.469087 -0.747786
    outer loop
      vertex -0.901903 3.188926 1.872821
      vertex -1.002141 2.756709 2.080967
      vertex -1.440074 2.756709 1.805795
    endloop
  endfacet
  facet normal 0.469865 -0.469087 -0.747786
    outer loop
      vertex -0.901903 3.188926 1.872821
      vertex -1.440074 2.756709 1.805795
      vertex -1.296032 3.188926 1.625173
    endloop
  endfacet
  facet normal 0.624483 -0.469087 -0.624483
    outer loop
      vertex -1.296032 3.188926 1.625173
      vertex -1.440074 2.756709 1.805795
      vertex -1.805795 2.756709 1.440074
    endloop
  endfacet
  facet normal 0.624483 -0.469087 -0.624483
    outer loop
      vertex -1.296032 3.188926 1.625173
      vertex -1.805795 2.756709 1.440074
      vertex -1.625173 3.188926 1.296032
    endloop
  endfacet
  facet normal 0.747786 -0.469087 -0.469865
    outer loop
      vertex -1.625173 3.188926 1.296032
      vertex -1.805795 2.756709 1.440074
      vertex -2.080967 2.756709 1.002141
    endloop
  endfacet
  facet normal 0.747786 -0.469087 -0.469865
    outer loop
      vertex -1.625173 3.188926 1.296032
      vertex -2.080967 2.756709 1.002141
      vertex -1.872821 3.188926 0.901903
    endloop
  endfacet
  facet normal 0.833593 -0.469087 -0.291687
    outer loop
      vertex -1.872821 3.188926 0.901903
      vertex -2.080967 2.756709 1.002141
      vertex -2.251790 2.756709 0.513956
    endloop
  endfacet
  facet normal 0.833593 -0.469087 -0.291687
    outer loop
      vertex -1.872821 3.188926 0.901903
      vertex -2.251790 2.756709 0.513956
      vertex -2.026557 3.188926 0.462548
    endloop
  endfacet
  facet normal 0.877599 -0.469087 -0.098882
    outer loop
      vertex -2.026557 3.188926 0.462548
      vertex -2.251790 2.756709 0.513956
      vertex -2.309699 2.756709 0.000000
    endloop
  endfacet
  facet normal 0.877599 -0.469087 -0.098882
    outer loop
      vertex -2.026557 3.188926 0.462548
      vertex -2.309699 2.756709 0.000000
      vertex -2.078674 3.188926 0.000000
    endloop
  endfacet
  facet normal 0.877599 -0.469087 0.098882
    outer loop
      vertex -2.078674 3.188926 0.000000
      vertex -2.309699 2.756709 0.000000
      vertex -2.251790 2.756709 -0.513956
    endloop
  endfacet
  facet normal 0.877599 -0.469087 0.098882
    outer loop
      vertex -2.078674 3.188926 0.000000
      vertex -2.251790 2.756709 -0.513956
      vertex -2.026557 3.188926 -0.462548
    endloop
  endfacet
  facet normal 0.833593 -0.469087 0.291687
    outer loop
      vertex -2.026557 3.188926 -0.462548
      vertex -2.251790 2.756709 -0.513956
      vertex -2.080967 2.756709 -1.002141
    endloop
  endfacet
  facet normal 0.833593 -0.469087 0.291687
    outer loop
      vertex -2.026557 3.188926 -0.462548
      vertex -2.080967 2.756709 -1.002141
      vertex -1.872821 3.188926 -0.901903
    endloop
  endfacet
  facet normal 0.747786 -0.469087 0.469865
    outer loop
      vertex -1.872821 3.188926 -0.901903
      vertex -2.080967 2.756709 -1.002141
      vertex -1.805795 2.756709 -1.440074
    endloop
  endfacet
  facet normal 0.747786 -0.469087 0.469865
    outer loop
      vertex -1.872821 3.188926 -0.901903
      vertex -1.805795 2.756709 -1.440074
      vertex -1.625173 3.188926 -1.296032
    endloop
  endfacet
  facet normal 0.624483 -0.469087 0.624483
    outer loop
      vertex -1.625173 3.188926 -1.296032
      vertex -1.805795 2.756709 -1.440074
      vertex -1.440074 2.756709 -1.805795
    endloop
  endfacet
  facet normal 0.624483 -0.469087 0.624483
    outer loop
      vertex -1.625173 3.188926 -1.296032
      vertex -1.440074 2.756709 -1.805795
      vertex -1.296032 3.188926 -1.625173
    endloop
  endfacet
  facet normal 0.469865 -0.469087 0.747786
    outer loop
      vertex -1.296032 3.188926 -1.625173
      vertex -1.440074 2.756709 -1.805795
      vertex -1.002141 2.756709 -2.080967
    endloop
  endfacet
  facet normal 0.469865 -0.469087 0.747786
    outer loop
      vertex -1.296032 3.188926 -1.625173
      vertex -1.002141 2.756709 -2.080967
      vertex -0.901903 3.188926 -1.872821
    endloop
  endfacet
  facet normal 0.291687 -0.469087 0.833593
    outer loop
      vertex -0.901903 3.188926 -1.872821
      vertex -1.002141 2.756709 -2.080967
      vertex -0.513956 2.756709 -2.251790
    endloop
  endfacet
  facet normal 0.291687 -0.469087 0.833593
    outer loop
      vertex -0.901903 3.188926 -1.872821
      vertex -0.513956 2.756709 -2.251790
      vertex -0.462548 3.188926 -2.026557
    endloop
  endfacet
  facet normal 0.098882 -0.469087 0.877599
    outer loop
      vertex -0.462548 3.188926 -2.026557
      vertex -0.513956 2.756709 -2.251790
      vertex -0.000000 2.756709 -2.309699
    endloop
  endfacet
  facet normal 0.098882 -0.469087 0.877599
    outer loop
      vertex -0.462548 3.188926 -2.026557
      vertex -0.000000 2.756709 -2.309699
      vertex -0.000000 3.188926 -2.078674
    endloop
  endfacet
  facet normal -0.098882 -0.469087 0.877599
    outer loop
      vertex -0.000000 3.188926 -2.078674
      vertex -0.000000 2.756709 -2.309699
      vertex 0.513956 2.756709 -2.251790
    endloop
  endfacet
  facet normal -0.098882 -0.469087 0.877599
    outer loop
      vertex -0.000000 3.188926 -2.078674
      vertex 0.513956 2.756709 -2.251790
      vertex 0.462548 3.188926 -2.026557
    endloop
  endfacet
  facet normal -0.291687 -0.469087 0.833593
    outer loop
      vertex 0.462548 3.188926 -2.026557
      vertex 0.513956 2.756709 -2.251790
      vertex 1.002141 2.756709 -2.080967
    endloop
  endfacet
  facet normal -0.291687 -0.469087 0.833593
    outer loop
      vertex 0.462548 3.188926 -2.026557
      vertex 1.002141 2.756709 -2.080967
      vertex 0.901903 3.188926 -1.872821
    endloop
  endfacet
  facet normal -0.469865 -0.469087 0.747786
    outer loop
      vertex 0.901903 3.188926 -1.872821
      vertex 1.002141 2.756709 -2.080967
      vertex 1.440074 2.756709 -1.805795
    endloop
  endfacet
  facet normal -0.469865 -0.469087 0.747786
    outer loop
      vertex 0.901903 3.188926 -1.872821
      vertex 1.440074 2.756709 -1.805795
      vertex 1.296032 3.188926 -1.625173
    endloop
  endfacet
  facet normal -0.624483 -0.469087 0.624483
    outer loop
      vertex 1.296032 3.188926 -1.625173
      vertex 1.440074 2.756709 -1.805795
      vertex 1.805795 2.756709 -1.440074
    endloop
  endfacet
  facet normal -0.624483 -0.469087 0.624483
    outer loop
      vertex 1.296032 3.188926 -1.625173
      vertex 1.805795 2.756709 -1.440074
      vertex 1.625173 3.188926 -1.296032
    endloop
  endfacet
  facet normal -0.747786 -0.469087 0.469865
    outer loop
      vertex 1.625173 3.188926 -1.296032
      vertex 1.805795 2.756709 -1.440074
      vertex 2.080967 2.756709 -1.002141
    endloop
  endfacet
  facet normal -0.747786 -0.469087 0.469865
    outer loop
      vertex 1.625173 3.188926 -1.296032
      vertex 2.080967 2.756709 -1.002141
      vertex 1.872821 3.188926 -0.901903
    endloop
  endfacet
  facet normal -0.833593 -0.469087 0.291687
    outer loop
      vertex 1.872821 3.188926 -0.901903
      vertex 2.080967 2.756709 -1.002141
      vertex 2.251790 2.756709 -0.513956
    endloop
  endfacet
  facet normal -0.833593 -0.469087 0.291687
    outer loop
      vertex 1.872821 3.188926 -0.901903
      vertex 2.251790 2.756709 -0.513956
      vertex 2.026557 3.188926 -0.462548
    endloop
  endfacet
  facet normal -0.877599 -0.469087 0.098882
    outer loop
      vertex 2.026557 3.188926 -0.462548
      vertex 2.251790 2.756709 -0.513956
      vertex 2.309699 2.756709 0.000000
    endloop
  endfacet
  facet normal -0.877599 -0.469087 0.098882
    outer loop
      vertex 2.026557 3.188926 -0.462548
      vertex 2.309699 2.756709 0.000000
      vertex 2.078674 3.188926 0.000000
    endloop
  endfacet
  facet normal -0.951426 -0.288612 -0.107200
    outer loop
      vertex 2.309699 2.756709 0.000000
      vertex 2.451963 2.287726 0.000000
      vertex 2.390487 2.287726 0.545613
    endloop
  endfacet
  facet normal -0.951426 -0.288612 -0.107200
    outer loop
      vertex 2.309699 2.756709 0.000000
      vertex 2.390487 2.287726 0.545613
      vertex 2.251790 2.756709 0.513956
    endloop
  endfacet
  facet normal -0.903717 -0.288612 -0.316224
    outer loop
      vertex 2.251790 2.756709 0.513956
      vertex 2.390487 2.287726 0.545613
      vertex 2.209143 2.287726 1.063867
    endloop
  endfacet
  facet normal -0.903717 -0.288612 -0.316224
    outer loop
      vertex 2.251790 2.756709 0.513956
      vertex 2.209143 2.287726 1.063867
      vertex 2.080967 2.756709 1.002141
    endloop
  endfacet
  facet normal -0.810693 -0.288612 -0.509392
    outer loop
      vertex 2.080967 2.756709 1.002141
      vertex 2.209143 2.287726 1.063867
      vertex 1.917022 2.287726 1.528774
    endloop
  endfacet
  facet normal -0.810693 -0.288612 -0.509392
    outer loop
      vertex 2.080967 2.756709 1.002141
      vertex 1.917022 2.287726 1.528774
      vertex 1.805795 2.756709 1.440074
    endloop
  endfacet
  facet normal -0.677017 -0.288612 -0.677017
    outer loop
      vertex 1.805795 2.756709 1.440074
      vertex 1.917022 2.287726 1.528774
      vertex 1.528774 2.287726 1.917022
    endloop
  endfacet
  facet normal -0.677017 -0.288612 -0.677017
    outer loop
      vertex 1.805795 2.756709 1.440074
      vertex 1.528774 2.287726 1.917022
      vertex 1.440074 2.756709 1.805795
    endloop
  endfacet
  facet normal -0.509392 -0.288612 -0.810693
    outer loop
      vertex 1.440074 2.756709 1.805795
      vertex 1.528774 2.287726 1.917022
      vertex 1.063867 2.287726 2.209143
    endloop
  endfacet
  facet normal -0.509392 -0.288612 -0.810693
    outer loop
      vertex 1.440074 2.756709 1.805795
      vertex 1.063867 2.287726 2.209143
      vertex 1.002141 2.756709 2.080967
    endloop
  endfacet
  facet normal -0.316224 -0.288612 -0.903717
    outer loop
      vertex 1.002141 2.756709 2.080967
      vertex 1.063867 2.287726 2.209143
      vertex 0.545613 2.287726 2.390487
    endloop
  endfacet
  facet normal -0.316224 -0.288612 -0.903717
    outer loop
      vertex 1.002141 2.756709 2.080967
      vertex 0.545613 2.287726 2.390487
      vertex 0.513956 2.756709 2.251790
    endloop
  endfacet
  facet normal -0.107200 -0.288612 -0.951426
    outer loop
      vertex 0.513956 2.756709 2.251790
      vertex 0.545613 2.287726 2.390487
      vertex 0.000000 2.287726 2.451963
    endloop
  endfacet
  facet normal -0.107200 -0.288612 -0.951426
    outer loop
      vertex 0.513956 2.756709 2.251790
      vertex 0.000000 2.287726 2.451963
      vertex 0.000000 2.756709 2.309699
    endloop
  endfacet
  facet normal 0.107200 -0.288612 -0.951426
    outer loop
      vertex 0.000000 2.756709 2.309699
      vertex 0.000000 2.287726 2.451963
      vertex -0.545613 2.287726 2.390487
    endloop
  endfacet
  facet normal 0.107200 -0.288612 -0.951426
    outer loop
      vertex 0.000000 2.756709 2.309699
      vertex -0.545613 2.287726 2.390487
      vertex -0.513956 2.756709 2.251790
    endloop
  endfacet
  facet normal 0.316224 -0.288612 -0.903717
    outer loop
      vertex -0.513956 2.756709 2.251790
      vertex -0.545613 2.287726 2.390487
      vertex -1.063867 2.287726 2.209143
    endloop
  endfacet
  facet normal 0.316224 -0.288612 -0.903717
    outer loop
      vertex -0.513956 2.756709 2.251790
      vertex -1.063867 2.287726 2.209143
      vertex -1.002141 2.756709 2.080967
    endloop
  endfacet
  facet normal 0.509392 -0.288612 -0.810693
    outer loop
      vertex -1.002141 2.756709 2.080967
      vertex -1.063867 2.287726 2.209143
      vertex -1.528774 2.287726 1.917022
    endloop
  endfacet
  facet normal 0.509392 -0.288612 -0.810693
    outer loop
      vertex -1.002141 2.756709 2.080967
      vertex -1.528774 2.287726 1.917022
      vertex -1.440074 2.756709 1.805795
    endloop
  endfacet
  facet normal 0.677017 -0.288612 -0.677017
    outer loop
      vertex -1.440074 2.756709 1.805795
      vertex -1.528774 2.287726 1.917022
      vertex -1.917022 2.287726 1.528774
    endloop
  endfacet
  facet normal 0.677017 -0.288612 -0.677017
    outer loop
      vertex -1.440074 2.756709 1.805795
      vertex -1.917022 2.287726 1.528774
      vertex -1.805795 2.756709 1.440074
    endloop
  endfacet
  facet normal 0.810693 -0.288612 -0.509392
    outer loop
      vertex -1.805795 2.756709 1.440074
      vertex -1.917022 2.287726 1.528774
      vertex -2.209143 2.287726 1.063867
    endloop
  endfacet
  facet normal 0.810693 -0.288612 -0.509392
    outer loop
      vertex -1.805795 2.756709 1.440074
      vertex -2.209143 2.287726 1.063867
      vertex -2.080967 2.756709 1.002141
    endloop
  endfacet
  facet normal 0.903717 -0.288612 -0.316224
    outer loop
      vertex -2.080967 2.756709 1.002141
      vertex -2.209143 2.287726 1.063867
      vertex -2.390487 2.287726 0.545613
    endloop
  endfacet
  facet normal 0.903717 -0.288612 -0.316224
    outer loop
      vertex -2.080967 2.756709 1.002141
      vertex -2.390487 2.287726 0.545613
      vertex -2.251790 2.756709 0.513956
    endloop
  endfacet
  facet normal 0.951426 -0.288612 -0.107200
    outer loop
      vertex -2.251790 2.756709 0.513956
      vertex -2.390487 2.287726 0.545613
      vertex -2.451963 2.287726 0.000000
    endloop
  endfacet
  facet normal 0.951426 -0.288612 -0.107200
    outer loop
      vertex -2.251790 2.756709 0.513956
      vertex -2.451963 2.287726 0.000000
      vertex -2.309699 2.756709 0.000000
    endloop
  endfacet
  facet normal 0.951426 -0.288612 0.107200
    outer loop
      vertex -2.309699 2.756709 0.000000
      vertex -2.451963 2.287726 0.000000
      vertex -2.390487 2.287726 -0.545613
    endloop
  endfacet
  facet normal 0.951426 -0.288612 0.107200
    outer loop
      vertex -2.309699 2.756709 0.000000
      vertex -2.390487 2.287726 -0.545613
      vertex -2.251790 2.756709 -0.513956
    endloop
  endfacet
  facet normal 0.903717 -0.288612 0.316224
    outer loop
      vertex -2.251790 2.756709 -0.513956
      vertex -2.390487 2.287726 -0.545613
      vertex -2.209143 2.287726 -1.063867
    endloop
  endfacet
  facet normal 0.903717 -0.288612 0.316224
    outer loop
      vertex -2.251790 2.756709 -0.513956
      vertex -2.209143 2.287726 -1.063867
      vertex -2.080967 2.756709 -1.002141
    endloop
  endfacet
  facet normal 0.810693 -0.288612 0.509392
    outer loop
      vertex -2.080967 2.756709 -1.002141
      vertex -2.209143 2.287726 -1.063867
      vertex -1.917022 2.287726 -1.528774
    endloop
  endfacet
  facet normal 0.810693 -0.288612 0.509392
    outer loop
      vertex -2.080967 2.756709 -1.002141
      vertex -1.917022 2.287726 -1.528774
      vertex -1.805795 2.756709 -1.440074
    endloop
  endfacet
  facet normal 0.677017 -0.288612 0.677017
    outer loop
      vertex -1.805795 2.756709 -1.440074
      vertex -1.917022 2.287726 -1.528774
      vertex -1.528774 2.287726 -1.917022
    endloop
  endfacet
  facet normal 0.677017 -0.288612 0.677017
    outer loop
      vertex -1.805795 2.756709 -1.440074
      vertex -1.528774 2.287726 -1.917022
      vertex -1.440074 2.756709 -1.805795
    endloop
  endfacet
  facet normal 0.509392 -0.288612 0.810693
    outer loop
      vertex -1.440074 2.756709 -1.805795
      vertex -1.528774 2.287726 -1.917022
      vertex -1.063867 2.287726 -2.209143
    endloop
  endfacet
  facet normal 0.509392 -0.288612 0.810693
    outer loop
      vertex -1.440074 2.756709 -1.805795
      vertex -1.063867 2.287726 -2.209143
      vertex -1.002141 2.756709 -2.080967
    endloop
  endfacet
  facet normal 0.316224 -0.288612 0.903717
    outer loop
      vertex -1.002141 2.756709 -2.080967
      vertex -1.063867 2.287726 -2.209143
      vertex -0.545613 2.287726 -2.390487
    endloop
  endfacet
  facet normal 0.316224 -0.288612 0.903717
    outer loop
      vertex -1.002141 2.756709 -2.080967
      vertex -0.545613 2.287726 -2.390487
      vertex -0.513956 2.756709 -2.251790
    endloop
  endfacet
  facet normal 0.107200 -0.288612 0.951426
    outer loop
      vertex -0.513956 2.756709 -2.251790
      vertex -0.545613 2.287726 -2.390487
      vertex -0.000000 2.287726 -2.451963
    endloop
  endfacet
  facet normal 0.107200 -0.288612 0.951426
    outer loop
      vertex -0.513956 2.756709 -2.251790
      vertex -0.000000 2.287726 -2.451963
      vertex -0.000000 2.756709 -2.309699
    endloop
  endfacet
  facet normal -0.107200 -0.288612 0.951426
    outer loop
      vertex -0.000000 2.756709 -2.309699
      vertex -0.000000 2.287726 -2.451963
      vertex 0.545613 2.287726 -2.390487
    endloop
  endfacet
  facet normal -0.107200 -0.288612 0.951426
    outer loop
      vertex -0.000000 2.756709 -2.309699
      vertex 0.545613 2.287726 -2.390487
      vertex 0.513956 2.756709 -2.251790
    endloop
  endfacet
  facet normal -0.316224 -0.288612 0.903717
    outer loop
      vertex 0.513956 2.756709 -2.251790
      vertex 0.545613 2.287726 -2.390487
      vertex 1.063867 2.287726 -2.209143
    endloop
  endfacet
  facet normal -0.316224 -0.288612 0.903717
    outer loop
      vertex 0.513956 2.756709 -2.251790
      vertex 1.063867 2.287726 -2.209143
      vertex 1.002141 2.756709 -2.080967
    endloop
  endfacet
  facet normal -0.509392 -0.288612 0.810693
    outer loop
      vertex 1.002141 2.756709 -2.080967
      vertex 1.063867 2.287726 -2.209143
      vertex 1.528774 2.287726 -1.917022
    endloop
  endfacet
  facet normal -0.509392 -0.288612 0.810693
    outer loop
      vertex 1.002141 2.756709 -2.080967
      vertex 1.528774 2.287726 -1.917022
      vertex 1.440074 2.756709 -1.805795
    endloop
  endfacet
  facet normal -0.677017 -0.288612 0.677017
    outer loop
      vertex 1.440074 2.756709 -1.805795
      vertex 1.528774 2.287726 -1.917022
      vertex 1.917022 2.287726 -1.528774
    endloop
  endfacet
  facet normal -0.677017 -0.288612 0.677017
    outer loop
      vertex 1.440074 2.756709 -1.805795
      vertex 1.917022 2.287726 -1.528774
      vertex 1.805795 2.756709 -1.440074
    endloop
  endfacet
  facet normal -0.810693 -0.288612 0.509392
    outer loop
      vertex 1.805795 2.756709 -1.440074
      vertex 1.917022 2.287726 -1.528774
      vertex 2.209143 2.287726 -1.063867
    endloop
  endfacet
  facet normal -0.810693 -0.288612 0.509392
    outer loop
      vertex 1.805795 2.756709 -1.440074
      vertex 2.209143 2.287726 -1.063867
      vertex 2.080967 2.756709 -1.002141
    endloop
  endfacet
  facet normal -0.903717 -0.288612 0.316224
    outer loop
      vertex 2.080967 2.756709 -1.002141
      vertex 2.209143 2.287726 -1.063867
      vertex 2.390487 2.287726 -0.545613
    endloop
  endfacet
  facet normal -0.903717 -0.288612 0.316224
    outer loop
      vertex 2.080967 2.756709 -1.002141
      vertex 2.390487 2.287726 -0.545613
      vertex 2.251790 2.756709 -0.513956
    endloop
  endfacet
  facet normal -0.951426 -0.288612 0.107200
    outer loop
      vertex 2.251790 2.756709 -0.513956
      vertex 2.390487 2.287726 -0.545613
      vertex 2.451963 2.287726 0.000000
    endloop
  endfacet
  facet normal -0.951426 -0.288612 0.107200
    outer loop
      vertex 2.251790 2.756709 -0.513956
      vertex 2.451963 2.287726 0.000000
      vertex 2.309699 2.756709 0.000000
    endloop
  endfacet
  facet normal -0.988987 -0.097407 -0.111432
    outer loop
      vertex 2.451963 2.287726 0.000000
      vertex 2.500000 1.800000 0.000000
      vertex 2.437320 1.800000 0.556302
    endloop
  endfacet
  facet normal -0.988987 -0.097407 -0.111432
    outer loop
      vertex 2.451963 2.287726 0.000000
      vertex 2.437320 1.800000 0.556302
      vertex 2.390487 2.287726 0.545613
    endloop
  endfacet
  facet normal -0.939395 -0.097407 -0.328708
    outer loop
      vertex 2.390487 2.287726 0.545613
      vertex 2.437320 1.800000 0.556302
      vertex 2.252422 1.800000 1.084709
    endloop
  endfacet
  facet normal -0.939395 -0.097407 -0.328708
    outer loop
      vertex 2.390487 2.287726 0.545613
      vertex 2.252422 1.800000 1.084709
      vertex 2.209143 2.287726 1.063867
    endloop
  endfacet
  facet normal -0.842698 -0.097407 -0.529502
    outer loop
      vertex 2.209143 2.287726 1.063867
      vertex 2.252422 1.800000 1.084709
      vertex 1.954579 1.800000 1.558725
    endloop
  endfacet
  facet normal -0.842698 -0.097407 -0.529502
    outer loop
      vertex 2.209143 2.287726 1.063867
      vertex 1.954579 1.800000 1.558725
      vertex 1.917022 2.287726 1.528774
    endloop
  endfacet
  facet normal -0.703744 -0.097407 -0.703744
    outer loop
      vertex 1.917022 2.287726 1.528774
      vertex 1.954579 1.800000 1.558725
      vertex 1.558725 1.800000 1.954579
    endloop
  endfacet
  facet normal -0.703744 -0.097407 -0.703744
    outer loop
      vertex 1.917022 2.287726 1.528774
      vertex 1.558725 1.800000 1.954579
      vertex 1.528774 2.287726 1.917022
    endloop
  endfacet
  facet normal -0.529502 -0.097407 -0.842698
    outer loop
      vertex 1.528774 2.287726 1.917022
      vertex 1.558725 1.800000 1.954579
      vertex 1.084709 1.800000 2.252422
    endloop
  endfacet
  facet normal -0.529502 -0.097407 -0.842698
    outer loop
      vertex 1.528774 2.287726 1.917022
      vertex 1.084709 1.800000 2.252422
      vertex 1.063867 2.287726 2.209143
    endloop
  endfacet
  facet normal -0.328708 -0.097407 -0.939395
    outer loop
      vertex 1.063867 2.287726 2.209143
      vertex 1.084709 1.800000 2.252422
      vertex 0.556302 1.800000 2.437320
    endloop
  endfacet
  facet normal -0.328708 -0.097407 -0.939395
    outer loop
      vertex 1.063867 2.287726 2.209143
      vertex 0.556302 1.800000 2.437320
      vertex 0.545613 2.287726 2.390487
    endloop
  endfacet
  facet normal -0.111432 -0.097407 -0.988987
    outer loop
      vertex 0.545613 2.287726 2.390487
      vertex 0.556302 1.800000 2.437320
      vertex 0.000000 1.800000 2.500000
    endloop
  endfacet
  facet normal -0.111432 -0.097407 -0.988987
    outer loop
      vertex 0.545613 2.287726 2.390487
      vertex 0.000000 1.800000 2.500000
      vertex 0.000000 2.287726 2.451963
    endloop
  endfacet
  facet normal 0.111432 -0.097407 -0.988987
    outer loop
      vertex 0.000000 2.287726 2.451963
      vertex 0.000000 1.800000 2.500000
      vertex -0.556302 1.800000 2.437320
    endloop
  endfacet
  facet normal 0.111432 -0.097407 -0.988987
    outer loop
      vertex 0.000000 2.287726 2.451963
      vertex -0.556302 1.800000 2.437320
      vertex -0.545613 2.287726 2.390487
    endloop
  endfacet
  facet normal 0.328708 -0.097407 -0.939395
    outer loop
      vertex -0.545613 2.287726 2.390487
      vertex -0.556302 1.800000 2.437320
      vertex -1.084709 1.800000 2.252422
    endloop
  endfacet
  facet normal 0.328708 -0.097407 -0.939395
    outer loop
      vertex -0.545613 2.287726 2.390487
      vertex -1.084709 1.800000 2.252422
      vertex -1.063867 2.287726 2.209143
    endloop
  endfacet
  facet normal 0.529502 -0.097407 -0.842698
    outer loop
      vertex -1.063867 2.287726 2.209143
      vertex -1.084709 1.800000 2.252422
      vertex -1.558725 1.800000 1.954579
    endloop
  endfacet
  facet normal 0.529502 -0.097407 -0.842698
    outer loop
      vertex -1.063867 2.287726 2.209143
      vertex -1.558725 1.800000 1.954579
      vertex -1.528774 2.287726 1.917022
    endloop
  endfacet
  facet normal 0.703744 -0.097407 -0.703744
    outer loop
      vertex -1.528774 2.287726 1.917022
      vertex -1.558725 1.800000 1.954579
      vertex -1.954579 1.800000 1.558725
    endloop
  endfacet
  facet normal 0.703744 -0.097407 -0.703744
    outer loop
      vertex -1.528774 2.287726 1.917022
      vertex -1.954579 1.800000 1.558725
      vertex -1.917022 2.287726 1.528774
    endloop
  endfacet
  facet normal 0.842698 -0.097407 -0.529502
    outer loop
      vertex -1.917022 2.287726 1.528774
      vertex -1.954579 1.800000 1.558725
      vertex -2.252422 1.800000 1.084709
    endloop
  endfacet
  facet normal 0.842698 -0.097407 -0.529502
    outer loop
      vertex -1.917022 2.287726 1.528774
      vertex -2.252422 1.800000 1.084709
      vertex -2.209143 2.287726 1.063867
    endloop
  endfacet
  facet normal 0.939395 -0.097407 -0.328708
    outer loop
      vertex -2.209143 2.287726 1.063867
      vertex -2.252422 1.800000 1.084709
      vertex -2.437320 1.800000 0.556302
    endloop
  endfacet
  facet normal 0.939395 -0.097407 -0.328708
    outer loop
      vertex -2.209143 2.287726 1.063867
      vertex -2.437320 1.800000 0.556302
      vertex -2.390487 2.287726 0.545613
    endloop
  endfacet
  facet normal 0.988987 -0.097407 -0.111432
    outer loop
      vertex -2.390487 2.287726 0.545613
      vertex -2.437320 1.800000 0.556302
      vertex -2.500000 1.800000 0.000000
    endloop
  endfacet
  facet normal 0.988987 -0.097407 -0.111432
    outer loop
      vertex -2.390487 2.287726 0.545613
      vertex -2.500000 1.800000 0.000000
      vertex -2.451963 2.287726 0.000000
    endloop
  endfacet
  facet normal 0.988987 -0.097407 0.111432
    outer loop
      vertex -2.451963 2.287726 0.000000
      vertex -2.500000 1.800000 0.000000
      vertex -2.437320 1.800000 -0.556302
    endloop
  endfacet
  facet normal 0.988987 -0.097407 0.111432
    outer loop
      vertex -2.451963 2.287726 0.000000
      vertex -2.437320 1.800000 -0.556302
      vertex -2.390487 2.287726 -0.545613
    endloop
  endfacet
  facet normal 0.939395 -0.097407 0.328708
    outer loop
      vertex -2.390487 2.287726 -0.545613
      vertex -2.437320 1.800000 -0.556302
      vertex -2.252422 1.800000 -1.084709
    endloop
  endfacet
  facet normal 0.939395 -0.097407 0.328708
    outer loop
      vertex -2.390487 2.287726 -0.545613
      vertex -2.252422 1.800000 -1.084709
      vertex -2.209143 2.287726 -1.063867
    endloop
  endfacet
  facet normal 0.842698 -0.097407 0.529502
    outer loop
      vertex -2.209143 2.287726 -1.063867
      vertex -2.252422 1.800000 -1.084709
      vertex -1.954579 1.800000 -1.558725
    endloop
  endfacet
  facet normal 0.842698 -0.097407 0.529502
    outer loop
      vertex -2.209143 2.287726 -1.063867
      vertex -1.954579 1.800000 -1.558725
      vertex -1.917022 2.287726 -1.528774
    endloop
  endfacet
  facet normal 0.703744 -0.097407 0.703744
    outer loop
      vertex -1.917022 2.287726 -1.528774
      vertex -1.954579 1.800000 -1.558725
      vertex -1.558725 1.800000 -1.954579
    endloop
  endfacet
  facet normal 0.703744 -0.097407 0.703744
    outer loop
      vertex -1.917022 2.287726 -1.528774
      vertex -1.558725 1.800000 -1.954579
      vertex -1.528774 2.287726 -1.917022
    endloop
  endfacet
  facet normal 0.529502 -0.097407 0.842698
    outer loop
      vertex -1.528774 2.287726 -1.917022
      vertex -1.558725 1.800000 -1.954579
      vertex -1.084709 1.800000 -2.252422
    endloop
  endfacet
  facet normal 0.529502 -0.097407 0.842698
    outer loop
      vertex -1.528774 2.287726 -1.917022
      vertex -1.084709 1.800000 -2.252422
      vertex -1.063867 2.287726 -2.209143
    endloop
  endfacet
  facet normal 0.328708 -0.097407 0.939395
    outer loop
      vertex -1.063867 2.287726 -2.209143
      vertex -1.084709 1.800000 -2.252422
      vertex -0.556302 1.800000 -2.437320
    endloop
  endfacet
  facet normal 0.328708 -0.097407 0.939395
    outer loop
      vertex -1.063867 2.287726 -2.209143
      vertex -0.556302 1.800000 -2.437320
      vertex -0.545613 2.287726 -2.390487
    endloop
  endfacet
  facet normal 0.111432 -0.097407 0.988987
    outer loop
      vertex -0.545613 2.287726 -2.390487
      vertex -0.556302 1.800000 -2.437320
      vertex -0.000000 1.800000 -2.500000
    endloop
  endfacet
  facet normal 0.111432 -0.097407 0.988987
    outer loop
      vertex -0.545613 2.287726 -2.390487
      vertex -0.000000 1.800000 -2.500000
      vertex -0.000000 2.287726 -2.451963
    endloop
  endfacet
  facet normal -0.111432 -0.097407 0.988987
    outer loop
      vertex -0.000000 2.287726 -2.451963
      vertex -0.000000 1.800000 -2.500000
      vertex 0.556302 1.800000 -2.437320
    endloop
  endfacet
  facet normal -0.111432 -0.097407 0.988987
    outer loop
      vertex -0.000000 2.287726 -2.451963
      vertex 0.556302 1.800000 -2.437320
      vertex 0.545613 2.287726 -2.390487
    endloop
  endfacet
  facet normal -0.328708 -0.097407 0.939395
    outer loop
      vertex 0.545613 2.287726 -2.390487
      vertex 0.556302 1.800000 -2.437320
      vertex 1.084709 1.800000 -2.252422
    endloop
  endfacet
  facet normal -0.328708 -0.097407 0.939395
    outer loop
      vertex 0.545613 2.287726 -2.390487
      vertex 1.084709 1.800000 -2.252422
      vertex 1.063867 2.287726 -2.209143
    endloop
  endfacet
  facet normal -0.529502 -0.097407 0.842698
    outer loop
      vertex 1.063867 2.287726 -2.209143
      vertex 1.084709 1.800000 -2.252422
      vertex 1.558725 1.800000 -1.954579
    endloop
  endfacet
  facet normal -0.529502 -0.097407 0.842698
    outer loop
      vertex 1.063867 2.287726 -2.209143
      vertex 1.558725 1.800000 -1.954579
      vertex 1.528774 2.287726 -1.917022
    endloop
  endfacet
  facet normal -0.703744 -0.097407 0.703744
    outer loop
      vertex 1.528774 2.287726 -1.917022
      vertex 1.558725 1.800000 -1.954579
      vertex 1.954579 1.800000 -1.558725
    endloop
  endfacet
  facet normal -0.703744 -0.097407 0.703744
    outer loop
      vertex 1.528774 2.287726 -1.917022
      vertex 1.954579 1.800000 -1.558725
      vertex 1.917022 2.287726 -1.528774
    endloop
  endfacet
  facet normal -0.842698 -0.097407 0.529502
    outer loop
      vertex 1.917022 2.287726 -1.528774
      vertex 1.954579 1.800000 -1.558725
      vertex 2.252422 1.800000 -1.084709
    endloop
  endfacet
  facet normal -0.842698 -0.097407 0.529502
    outer loop
      vertex 1.917022 2.287726 -1.528774
      vertex 2.252422 1.800000 -1.084709
      vertex 2.209143 2.287726 -1.063867
    endloop
  endfacet
  facet normal -0.939395 -0.097407 0.328708
    outer loop
      vertex 2.209143 2.287726 -1.063867
      vertex 2.252422 1.800000 -1.084709
      vertex 2.437320 1.800000 -0.556302
    endloop
  endfacet
  facet normal -0.939395 -0.097407 0.328708
    outer loop
      vertex 2.209143 2.287726 -1.063867
      vertex 2.437320 1.800000 -0.556302
      vertex 2.390487 2.287726 -0.545613
    endloop
  endfacet
  facet normal -0.988987 -0.097407 0.111432
    outer loop
      vertex 2.390487 2.287726 -0.545613
      vertex 2.437320 1.800000 -0.556302
      vertex 2.500000 1.800000 0.000000
    endloop
  endfacet
  facet normal -0.988987 -0.097407 0.111432
    outer loop
      vertex 2.390487 2.287726 -0.545613
      vertex 2.500000 1.800000 0.000000
      vertex 2.451963 2.287726 0.000000
    endloop
  endfacet
  facet normal 0.000000 -1.000000 0.000000
    outer loop
      vertex -1.250000 -1.960000 0.250000
      vertex -0.850500 -1.960000 0.250000
      vertex -0.860516 -1.960000 0.338897
    endloop
  endfacet
  facet normal 0.000000 1.000000 0.000000
    outer loop
      vertex -1.250000 -2.400000 0.250000
      vertex -0.860516 -2.400000 0.338897
      vertex -0.850500 -2.400000 0.250000
    endloop
  endfacet
  facet normal -0.993712 0.000000 -0.111964
    outer loop
      vertex -0.850500 -2.400000 0.250000
      vertex -0.860516 -2.400000 0.338897
      vertex -0.860516 -1.960000 0.338897
    endloop
  endfacet
  facet normal -0.993712 0.000000 -0.111964
    outer loop
      vertex -0.850500 -2.400000 0.250000
      vertex -0.860516 -1.960000 0.338897
      vertex -0.850500 -1.960000 0.250000
    endloop
  endfacet
  facet normal 0.000000 -1.000000 0.000000
    outer loop
      vertex -1.250000 -1.960000 0.250000
      vertex -0.860516 -1.960000 0.338897
      vertex -0.890063 -1.960000 0.423337
    endloop
  endfacet
  facet normal 0.000000 1.000000 0.000000
    outer loop
      vertex -1.250000 -2.400000 0.250000
      vertex -0.890063 -2.400000 0.423337
      vertex -0.860516 -2.400000 0.338897
    endloop
  endfacet
  facet normal -0.943883 0.000000 -0.330279
    outer loop
      vertex -0.860516 -2.400000 0.338897
      vertex -0.890063 -2.400000 0.423337
      vertex -0.890063 -1.960000 0.423337
    endloop
  endfacet
  facet normal -0.943883 0.000000 -0.330279
    outer loop
      vertex -0.860516 -2.400000 0.338897
      vertex -0.890063 -1.960000 0.423337
      vertex -0.860516 -1.960000 0.338897
    endloop
  endfacet
  facet normal 0.000000 -1.000000 0.000000
    outer loop
      vertex -1.250000 -1.960000 0.250000
      vertex -0.890063 -1.960000 0.423337
      vertex -0.937658 -1.960000 0.499084
    endloop
  endfacet
  facet normal 0.000000 1.000000 0.000000
    outer loop
      vertex -1.250000 -2.400000 0.250000
      vertex -0.937658 -2.400000 0.499084
      vertex -0.890063 -2.400000 0.423337
    endloop
  endfacet
  facet normal -0.846724 0.000000 -0.532032
    outer loop
      vertex -0.890063 -2.400000 0.423337
      vertex -0.937658 -2.400000 0.499084
      vertex -0.937658 -1.960000 0.499084
    endloop
  endfacet
  facet normal -0.846724 0.000000 -0.532032
    outer loop
      vertex -0.890063 -2.400000 0.423337
      vertex -0.937658 -1.960000 0.499084
      vertex -0.890063 -1.960000 0.423337
    endloop
  endfacet
  facet normal 0.000000 -1.000000 0.000000
    outer loop
      vertex -1.250000 -1.960000 0.250000
      vertex -0.937658 -1.960000 0.499084
      vertex -1.000916 -1.960000 0.562342
    endloop
  endfacet
  facet normal 0.000000 1.000000 0.000000
    outer loop
      vertex -1.250000 -2.400000 0.250000
      vertex -1.000916 -2.400000 0.562342
      vertex -0.937658 -2.400000 0.499084
    endloop
  endfacet
  facet normal -0.707107 0.000000 -0.707107
    outer loop
      vertex -0.937658 -2.400000 0.499084
      vertex -1.000916 -2.400000 0.562342
      vertex -1.000916 -1.960000 0.562342
    endloop
  endfacet
  facet normal -0.707107 0.000000 -0.707107
    outer loop
      vertex -0.937658 -2.400000 0.499084
      vertex -1.000916 -1.960000 0.562342
      vertex -0.937658 -1.960000 0.499084
    endloop
  endfacet
  facet normal 0.000000 -1.000000 0.000000
    outer loop
      vertex -1.250000 -1.960000 0.250000
      vertex -1.000916 -1.960000 0.562342
      vertex -1.076663 -1.960000 0.609937
    endloop
  endfacet
  facet normal 0.000000 1.000000 0.000000
    outer loop
      vertex -1.250000 -2.400000 0.250000
      vertex -1.076663 -2.400000 0.609937
      vertex -1.000916 -2.400000 0.562342
    endloop
  endfacet
  facet normal -0.532032 0.000000 -0.846724
    outer loop
      vertex -1.000916 -2.400000 0.562342
      vertex -1.076663 -2.400000 0.609937
      vertex -1.076663 -1.960000 0.609937
    endloop
  endfacet
  facet normal -0.532032 0.000000 -0.846724
    outer loop
      vertex -1.000916 -2.400000 0.562342
      vertex -1.076663 -1.960000 0.609937
      vertex -1.000916 -1.960000 0.562342
    endloop
  endfacet
  facet normal 0.000000 -1.000000 0.000000
    outer loop
      vertex -1.250000 -1.960000 0.250000
      vertex -1.076663 -1.960000 0.609937
      vertex -1.161103 -1.960000 0.639484
    endloop
  endfacet
  facet normal 0.000000 1.000000 0.000000
    outer loop
      vertex -1.250000 -2.400000 0.250000
      vertex -1.161103 -2.400000 0.639484
      vertex -1.076663 -2.400000 0.609937
    endloop
  endfacet
  facet normal -0.330279 0.000000 -0.943883
    outer loop
      vertex -1.076663 -2.400000 0.609937
      vertex -1.161103 -2.400000 0.639484
      vertex -1.161103 -1.960000 0.639484
    endloop
  endfacet
  facet normal -0.330279 0.000000 -0.943883
    outer loop
      vertex -1.076663 -2.400000 0.609937
      vertex -1.161103 -1.960000 0.639484
      vertex -1.076663 -1.960000 0.609937
    endloop
  endfacet
  facet normal 0.000000 -1.000000 0.000000
    outer loop
      vertex -1.250000 -1.960000 0.250000
      vertex -1.161103 -1.960000 0.639484
      vertex -1.250000 -1.960000 0.649500
    endloop
  endfacet
  facet normal 0.000000 1.000000 0.000000
    outer loop
      vertex -1.250000 -2.400000 0.250000
      vertex -1.250000 -2.400000 0.649500
      vertex -1.161103 -2.400000 0.639484
    endloop
  endfacet
  facet normal -0.111964 0.000000 -0.993712
    outer loop
      vertex -1.161103 -2.400000 0.639484
      vertex -1.250000 -2.400000 0.649500
      vertex -1.250000 -1.960000 0.649500
    endloop
  endfacet
  facet normal -0.111964 0.000000 -0.993712
    outer loop
      vertex -1.161103 -2.400000 0.639484
      vertex -1.250000 -1.960000 0.649500
      vertex -1.161103 -1.960000 0.639484
    endloop
  endfacet
  facet normal 0.000000 -1.000000 0.000000
    outer loop
      vertex -1.250000 -1.960000 0.250000
      vertex -1.250000 -1.960000 0.649500
      vertex -1.338897 -1.960000 0.639484
    endloop
  endfacet
  facet normal 0.000000 1.000000 0.000000
    outer loop
      vertex -1.250000 -2.400000 0.250000
      vertex -1.338897 -2.400000 0.639484
      vertex -1.250000 -2.400000 0.649500
    endloop
  endfacet
  facet normal 0.111964 0.000000 -0.993712
    outer loop
      vertex -1.250000 -2.400000 0.649500
      vertex -1.338897 -2.400000 0.639484
      vertex -1.338897 -1.960000 0.639484
    endloop
  endfacet
  facet normal 0.111964 0.000000 -0.993712
    outer loop
      vertex -1.250000 -2.400000 0.649500
      vertex -1.338897 -1.960000 0.639484
      vertex -1.250000 -1.960000 0.649500
    endloop
  endfacet
  facet normal 0.000000 -1.000000 0.000000
    outer loop
      vertex -1.250000 -1.960000 0.250000
      vertex -1.338897 -1.960000 0.639484
      vertex -1.423337 -1.960000 0.609937
    endloop
  endfacet
  facet normal 0.000000 1.000000 0.000000
    outer loop
      vertex -1.250000 -2.400000 0.250000
      vertex -1.423337 -2.400000 0.609937
      vertex -1.338897 -2.400000 0.639484
    endloop
  endfacet
  facet normal 0.330279 0.000000 -0.943883
    outer loop
      vertex -1.338897 -2.400000 0.639484
      vertex -1.423337 -2.400000 0.609937
      vertex -1.423337 -1.960000 0.609937
    endloop
  endfacet
  facet normal 0.330279 0.000000 -0.943883
    outer loop
      vertex -1.338897 -2.400000 0.639484
      vertex -1.423337 -1.960000 0.609937
      vertex -1.338897 -1.960000 0.639484
    endloop
  endfacet
  facet normal 0.000000 -1.000000 0.000000
    outer loop
      vertex -1.250000 -1.960000 0.250000
      vertex -1.423337 -1.960000 0.609937
      vertex -1.499084 -1.960000 0.562342
    endloop
  endfacet
  facet normal 0.000000 1.000000 0.000000
    outer loop
      vertex -1.250000 -2.400000 0.250000
      vertex -1.499084 -2.400000 0.562342
      vertex -1.423337 -2.400000 0.609937
    endloop
  endfacet
  facet normal 0.532032 0.000000 -0.846724
    outer loop
      vertex -1.423337 -2.400000 0.609937
      vertex -1.499084 -2.400000 0.562342
      vertex -1.499084 -1.960000 0.562342
    endloop
  endfacet
  facet normal 0.532032 0.000000 -0.846724
    outer loop
      vertex -1.423337 -2.400000 0.609937
      vertex -1.499084 -1.960000 0.562342
      vertex -1.423337 -1.960000 0.609937
    endloop
  endfacet
  facet normal 0.000000 -1.000000 0.000000
    outer loop
      vertex -1.250000 -1.960000 0.250000
      vertex -1.499084 -1.960000 0.562342
      vertex -1.562342 -1.960000 0.499084
    endloop
  endfacet
  facet normal 0.000000 1.000000 0.000000
    outer loop
      vertex -1.250000 -2.400000 0.250000
      vertex -1.562342 -2.400000 0.499084
      vertex -1.499084 -2.400000 0.562342
    endloop
  endfacet
  facet normal 0.707107 0.000000 -0.707107
    outer loop
      vertex -1.499084 -2.400000 0.562342
      vertex -1.562342 -2.400000 0.499084
      vertex -1.562342 -1.960000 0.499084
    endloop
  endfacet
  facet normal 0.707107 0.000000 -0.707107
    outer loop
      vertex -1.499084 -2.400000 0.562342
      vertex -1.562342 -1.960000 0.499084
      vertex -1.499084 -1.960000 0.562342
    endloop
  endfacet
  facet normal 0.000000 -1.000000 0.000000
    outer loop
      vertex -1.250000 -1.960000 0.250000
      vertex -1.562342 -1.960000 0.499084
      vertex -1.609937 -1.960000 0.423337
    endloop
  endfacet
  facet normal 0.000000 1.000000 0.000000
    outer loop
      vertex -1.250000 -2.400000 0.250000
      vertex -1.609937 -2.400000 0.423337
      vertex -1.562342 -2.400000 0.499084
    endloop
  endfacet
  facet normal 0.846724 0.000000 -0.532032
    outer loop
      vertex -1.562342 -2.400000 0.499084
      vertex -1.609937 -2.400000 0.423337
      vertex -1.609937 -1.960000 0.423337
    endloop
  endfacet
  facet normal 0.846724 0.000000 -0.532032
    outer loop
      vertex -1.562342 -2.400000 0.499084
      vertex -1.609937 -1.960000 0.423337
      vertex -1.562342 -1.960000 0.499084
    endloop
  endfacet
  facet normal 0.000000 -1.000000 0.000000
    outer loop
      vertex -1.250000 -1.960000 0.250000
      vertex -1.609937 -1.960000 0.423337
      vertex -1.639484 -1.960000 0.338897
    endloop
  endfacet
  facet normal 0.000000 1.000000 0.000000
    outer loop
      vertex -1.250000 -2.400000 0.250000
      vertex -1.639484 -2.400000 0.338897
      vertex -1.609937 -2.400000 0.423337
    endloop
  endfacet
  facet normal 0.943883 0.000000 -0.330279
    outer loop
      vertex -1.609937 -2.400000 0.423337
      vertex -1.639484 -2.400000 0.338897
      vertex -1.639484 -1.960000 0.338897
    endloop
  endfacet
  facet normal 0.943883 0.000000 -0.330279
    outer loop
      vertex -1.609937 -2.400000 0.423337
      vertex -1.639484 -1.960000 0.338897
      vertex -1.609937 -1.960000 0.423337
    endloop
  endfacet
  facet normal 0.000000 -1.000000 0.000000
    outer loop
      vertex -1.250000 -1.960000 0.250000
      vertex -1.639484 -1.960000 0.338897
      vertex -1.649500 -1.960000 0.250000
    endloop
  endfacet
  facet normal 0.000000 1.000000 0.000000
    outer loop
      vertex -1.250000 -2.400000 0.250000
      vertex -1.649500 -2.400000 0.250000
      vertex -1.639484 -2.400000 0.338897
    endloop
  endfacet
  facet normal 0.993712 0.000000 -0.111964
    outer loop
      vertex -1.639484 -2.400000 0.338897
      vertex -1.649500 -2.400000 0.250000
      vertex -1.649500 -1.960000 0.250000
    endloop
  endfacet
  facet normal 0.993712 0.000000 -0.111964
    outer loop
      vertex -1.639484 -2.400000 0.338897
      vertex -1.649500 -1.960000 0.250000
      vertex -1.639484 -1.960000 0.338897
    endloop
  endfacet
  facet normal 0.000000 -1.000000 0.000000
    outer loop
      vertex -1.250000 -1.960000 0.250000
      vertex -1.649500 -1.960000 0.250000
      vertex -1.639484 -1.960000 0.161103
    endloop
  endfacet
  facet normal 0.000000 1.000000 0.000000
    outer loop
      vertex -1.250000 -2.400000 0.250000
      vertex -1.639484 -2.400000 0.161103
      vertex -1.649500 -2.400000 0.250000
    endloop
  endfacet
  facet normal 0.993712 0.000000 0.111964
    outer loop
      vertex -1.649500 -2.400000 0.250000
      vertex -1.639484 -2.400000 0.161103
      vertex -1.639484 -1.960000 0.161103
    endloop
  endfacet
  facet normal 0.993712 0.000000 0.111964
    outer loop
      vertex -1.649500 -2.400000 0.250000
      vertex -1.639484 -1.960000 0.161103
      vertex -1.649500 -1.960000 0.250000
    endloop
  endfacet
  facet normal 0.000000 -1.000000 0.000000
    outer loop
      vertex -1.250000 -1.960000 0.250000
      vertex -1.639484 -1.960000 0.161103
      vertex -1.609937 -1.960000 0.076663
    endloop
  endfacet
  facet normal 0.000000 1.000000 0.000000
    outer loop
      vertex -1.250000 -2.400000 0.250000
      vertex -1.609937 -2.400000 0.076663
      vertex -1.639484 -2.400000 0.161103
    endloop
  endfacet
  facet normal 0.943883 0.000000 0.330279
    outer loop
      vertex -1.639484 -2.400000 0.161103
      vertex -1.609937 -2.400000 0.076663
      vertex -1.609937 -1.960000 0.076663
    endloop
  endfacet
  facet normal 0.943883 0.000000 0.330279
    outer loop
      vertex -1.639484 -2.400000 0.161103
      vertex -1.609937 -1.960000 0.076663
      vertex -1.639484 -1.960000 0.161103
    endloop
  endfacet
  facet normal 0.000000 -1.000000 0.000000
    outer loop
      vertex -1.250000 -1.960000 0.250000
      vertex -1.609937 -1.960000 0.076663
      vertex -1.562342 -1.960000 0.000916
    endloop
  endfacet
  facet normal 0.000000 1.000000 0.000000
    outer loop
      vertex -1.250000 -2.400000 0.250000
      vertex -1.562342 -2.400000 0.000916
      vertex -1.609937 -2.400000 0.076663
    endloop
  endfacet
  facet normal 0.846724 0.000000 0.532032
    outer loop
      vertex -1.609937 -2.400000 0.076663
      vertex -1.562342 -2.400000 0.000916
      vertex -1.562342 -1.960000 0.000916
    endloop
  endfacet
  facet normal 0.846724 0.000000 0.532032
    outer loop
      vertex -1.609937 -2.400000 0.076663
      vertex -1.562342 -1.960000 0.000916
      vertex -1.609937 -1.960000 0.076663
    endloop
  endfacet
  facet normal 0.000000 -1.000000 0.000000
    outer loop
      vertex -1.250000 -1.960000 0.250000
      vertex -1.562342 -1.960000 0.000916
      vertex -1.499084 -1.960000 -0.062342
    endloop
  endfacet
  facet normal 0.000000 1.000000 0.000000
    outer loop
      vertex -1.250000 -2.400000 0.250000
      vertex -1.499084 -2.400000 -0.062342
      vertex -1.562342 -2.400000 0.000916
    endloop
  endfacet
  facet normal 0.707107 0.000000 0.707107
    outer loop
      vertex -1.562342 -2.400000 0.000916
      vertex -1.499084 -2.400000 -0.062342
      vertex -1.499084 -1.960000 -0.062342
    endloop
  endfacet
  facet normal 0.707107 0.000000 0.707107
    outer loop
      vertex -1.562342 -2.400000 0.000916
      vertex -1.499084 -1.960000 -0.062342
      vertex -1.562342 -1.960000 0.000916
    endloop
  endfacet
  facet normal 0.000000 -1.000000 0.000000
    outer loop
      vertex -1.250000 -1.960000 0.250000
      vertex -1.499084 -1.960000 -0.062342
      vertex -1.423337 -1.960000 -0.109937
    endloop
  endfacet
  facet normal 0.000000 1.000000 0.000000
    outer loop
      vertex -1.250000 -2.400000 0.250000
      vertex -1.423337 -2.400000 -0.109937
      vertex -1.499084 -2.400000 -0.062342
    endloop
  endfacet
  facet normal 0.532032 0.000000 0.846724
    outer loop
      vertex -1.499084 -2.400000 -0.062342
      vertex -1.423337 -2.400000 -0.109937
      vertex -1.423337 -1.960000 -0.109937
    endloop
  endfacet
  facet normal 0.532032 0.000000 0.846724
    outer loop
      vertex -1.499084 -2.400000 -0.062342
      vertex -1.423337 -1.960000 -0.109937
      vertex -1.499084 -1.960000 -0.062342
    endloop
  endfacet
  facet normal 0.000000 -1.000000 0.000000
    outer loop
      vertex -1.250000 -1.960000 0.250000
      vertex -1.423337 -1.960000 -0.109937
      vertex -1.338897 -1.960000 -0.139484
    endloop
  endfacet
  facet normal 0.000000 1.000000 0.000000
    outer loop
      vertex -1.250000 -2.400000 0.250000
      vertex -1.338897 -2.400000 -0.139484
      vertex -1.423337 -2.400000 -0.109937
    endloop
  endfacet
  facet normal 0.330279 0.000000 0.943883
    outer loop
      vertex -1.423337 -2.400000 -0.109937
      vertex -1.338897 -2.400000 -0.139484
      vertex -1.338897 -1.960000 -0.139484
    endloop
  endfacet
  facet normal 0.330279 0.000000 0.943883
    outer loop
      vertex -1.423337 -2.400000 -0.109937
      vertex -1.338897 -1.960000 -0.139484
      vertex -1.423337 -1.960000 -0.109937
    endloop
  endfacet
  facet normal 0.000000 -1.000000 0.000000
    outer loop
      vertex -1.250000 -1.960000 0.250000
      vertex -1.338897 -1.960000 -0.139484
      vertex -1.250000 -1.960000 -0.149500
    endloop
  endfacet
  facet normal 0.000000 1.000000 0.000000
    outer loop
      vertex -1.250000 -2.400000 0.250000
      vertex -1.250000 -2.400000 -0.149500
      vertex -1.338897 -2.400000 -0.139484
    endloop
  endfacet
  facet normal 0.111964 0.000000 0.993712
    outer loop
      vertex -1.338897 -2.400000 -0.139484
      vertex -1.250000 -2.400000 -0.149500
      vertex -1.250000 -1.960000 -0.149500
    endloop
  endfacet
  facet normal 0.111964 0.000000 0.993712
    outer loop
      vertex -1.338897 -2.400000 -0.139484
      vertex -1.250000 -1.960000 -0.149500
      vertex -1.338897 -1.960000 -0.139484
    endloop
  endfacet
  facet normal 0.000000 -1.000000 0.000000
    outer loop
      vertex -1.250000 -1.960000 0.250000
      vertex -1.250000 -1.960000 -0.149500
      vertex -1.161103 -1.960000 -0.139484
    endloop
  endfacet
  facet normal 0.000000 1.000000 0.000000
    outer loop
      vertex -1.250000 -2.400000 0.250000
      vertex -1.161103 -2.400000 -0.139484
      vertex -1.250000 -2.400000 -0.149500
    endloop
  endfacet
  facet normal -0.111964 0.000000 0.993712
    outer loop
      vertex -1.250000 -2.400000 -0.149500
      vertex -1.161103 -2.400000 -0.139484
      vertex -1.161103 -1.960000 -0.139484
    endloop
  endfacet
  facet normal -0.111964 0.000000 0.993712
    outer loop
      vertex -1.250000 -2.400000 -0.149500
      vertex -1.161103 -1.960000 -0.139484
      vertex -1.250000 -1.960000 -0.149500
    endloop
  endfacet
  facet normal 0.000000 -1.000000 0.000000
    outer loop
      vertex -1.250000 -1.960000 0.250000
      vertex -1.161103 -1.960000 -0.139484
      vertex -1.076663 -1.960000 -0.109937
    endloop
  endfacet
  facet normal 0.000000 1.000000 0.000000
    outer loop
      vertex -1.250000 -2.400000 0.250000
      vertex -1.076663 -2.400000 -0.109937
      vertex -1.161103 -2.400000 -0.139484
    endloop
  endfacet
  facet normal -0.330279 0.000000 0.943883
    outer loop
      vertex -1.161103 -2.400000 -0.139484
      vertex -1.076663 -2.400000 -0.109937
      vertex -1.076663 -1.960000 -0.109937
    endloop
  endfacet
  facet normal -0.330279 0.000000 0.943883
    outer loop
      vertex -1.161103 -2.400000 -0.139484
      vertex -1.076663 -1.960000 -0.109937
      vertex -1.161103 -1.960000 -0.139484
    endloop
  endfacet
  facet normal 0.000000 -1.000000 0.000000
    outer loop
      vertex -1.250000 -1.960000 0.250000
      vertex -1.076663 -1.960000 -0.109937
      vertex -1.000916 -1.960000 -0.062342
    endloop
  endfacet
  facet normal 0.000000 1.000000 0.000000
    outer loop
      vertex -1.250000 -2.400000 0.250000
      vertex -1.000916 -2.400000 -0.062342
      vertex -1.076663 -2.400000 -0.109937
    endloop
  endfacet
  facet normal -0.532032 0.000000 0.846724
    outer loop
      vertex -1.076663 -2.400000 -0.109937
      vertex -1.000916 -2.400000 -0.062342
      vertex -1.000916 -1.960000 -0.062342
    endloop
  endfacet
  facet normal -0.532032 0.000000 0.846724
    outer loop
      vertex -1.076663 -2.400000 -0.109937
      vertex -1.000916 -1.960000 -0.062342
      vertex -1.076663 -1.960000 -0.109937
    endloop
  endfacet
  facet normal 0.000000 -1.000000 0.000000
    outer loop
      vertex -1.250000 -1.960000 0.250000
      vertex -1.000916 -1.960000 -0.062342
      vertex -0.937658 -1.960000 0.000916
    endloop
  endfacet
  facet normal 0.000000 1.000000 0.000000
    outer loop
      vertex -1.250000 -2.400000 0.250000
      vertex -0.937658 -2.400000 0.000916
      vertex -1.000916 -2.400000 -0.062342
    endloop
  endfacet
  facet normal -0.707107 0.000000 0.707107
    outer loop
      vertex -1.000916 -2.400000 -0.062342
      vertex -0.937658 -2.400000 0.000916
      vertex -0.937658 -1.960000 0.000916
    endloop
  endfacet
  facet normal -0.707107 0.000000 0.707107
    outer loop
      vertex -1.000916 -2.400000 -0.062342
      vertex -0.937658 -1.960000 0.000916
      vertex -1.000916 -1.960000 -0.062342
    endloop
  endfacet
  facet normal 0.000000 -1.000000 0.000000
    outer loop
      vertex -1.250000 -1.960000 0.250000
      vertex -0.937658 -1.960000 0.000916
      vertex -0.890063 -1.960000 0.076663
    endloop
  endfacet
  facet normal 0.000000 1.000000 0.000000
    outer loop
      vertex -1.250000 -2.400000 0.250000
      vertex -0.890063 -2.400000 0.076663
      vertex -0.937658 -2.400000 0.000916
    endloop
  endfacet
  facet normal -0.846724 0.000000 0.532032
    outer loop
      vertex -0.937658 -2.400000 0.000916
      vertex -0.890063 -2.400000 0.076663
      vertex -0.890063 -1.960000 0.076663
    endloop
  endfacet
  facet normal -0.846724 0.000000 0.532032
    outer loop
      vertex -0.937658 -2.400000 0.000916
      vertex -0.890063 -1.960000 0.076663
      vertex -0.937658 -1.960000 0.000916
    endloop
  endfacet
  facet normal 0.000000 -1.000000 0.000000
    outer loop
      vertex -1.250000 -1.960000 0.250000
      vertex -0.890063 -1.960000 0.076663
      vertex -0.860516 -1.960000 0.161103
    endloop
  endfacet
  facet normal 0.000000 1.000000 0.000000
    outer loop
      vertex -1.250000 -2.400000 0.250000
      vertex -0.860516 -2.400000 0.161103
      vertex -0.890063 -2.400000 0.076663
    endloop
  endfacet
  facet normal -0.943883 0.000000 0.330279
    outer loop
      vertex -0.890063 -2.400000 0.076663
      vertex -0.860516 -2.400000 0.161103
      vertex -0.860516 -1.960000 0.161103
    endloop
  endfacet
  facet normal -0.943883 0.000000 0.330279
    outer loop
      vertex -0.890063 -2.400000 0.076663
      vertex -0.860516 -1.960000 0.161103
      vertex -0.890063 -1.960000 0.076663
    endloop
  endfacet
  facet normal 0.000000 -1.000000 0.000000
    outer loop
      vertex -1.250000 -1.960000 0.250000
      vertex -0.860516 -1.960000 0.161103
      vertex -0.850500 -1.960000 0.250000
    endloop
  endfacet
  facet normal 0.000000 1.000000 0.000000
    outer loop
      vertex -1.250000 -2.400000 0.250000
      vertex -0.850500 -2.400000 0.250000
      vertex -0.860516 -2.400000 0.161103
    endloop
  endfacet
  facet normal -0.993712 0.000000 0.111964
    outer loop
      vertex -0.860516 -2.400000 0.161103
      vertex -0.850500 -2.400000 0.250000
      vertex -0.850500 -1.960000 0.250000
    endloop
  endfacet
  facet normal -0.993712 0.000000 0.111964
    outer loop
      vertex -0.860516 -2.400000 0.161103
      vertex -0.850500 -1.960000 0.250000
      vertex -0.860516 -1.960000 0.161103
    endloop
  endfacet
  facet normal -0.098011 -0.995124 -0.011043
    outer loop
      vertex -1.250000 -1.600000 0.250000
      vertex -1.179767 -1.606917 0.250000
      vertex -1.181528 -1.606917 0.265628
    endloop
  endfacet
  facet normal -0.093096 -0.995124 -0.032576
    outer loop
      vertex -1.250000 -1.600000 0.250000
      vertex -1.181528 -1.606917 0.265628
      vertex -1.186723 -1.606917 0.280473
    endloop
  endfacet
  facet normal -0.083514 -0.995124 -0.052475
    outer loop
      vertex -1.250000 -1.600000 0.250000
      vertex -1.186723 -1.606917 0.280473
      vertex -1.195090 -1.606917 0.293789
    endloop
  endfacet
  facet normal -0.069743 -0.995124 -0.069743
    outer loop
      vertex -1.250000 -1.600000 0.250000
      vertex -1.195090 -1.606917 0.293789
      vertex -1.206211 -1.606917 0.304910
    endloop
  endfacet
  facet normal -0.052475 -0.995124 -0.083514
    outer loop
      vertex -1.250000 -1.600000 0.250000
      vertex -1.206211 -1.606917 0.304910
      vertex -1.219527 -1.606917 0.313277
    endloop
  endfacet
  facet normal -0.032576 -0.995124 -0.093096
    outer loop
      vertex -1.250000 -1.600000 0.250000
      vertex -1.219527 -1.606917 0.313277
      vertex -1.234372 -1.606917 0.318472
    endloop
  endfacet
  facet normal -0.011043 -0.995124 -0.098011
    outer loop
      vertex -1.250000 -1.600000 0.250000
      vertex -1.234372 -1.606917 0.318472
      vertex -1.250000 -1.606917 0.320233
    endloop
  endfacet
  facet normal 0.011043 -0.995124 -0.098011
    outer loop
      vertex -1.250000 -1.600000 0.250000
      vertex -1.250000 -1.606917 0.320233
      vertex -1.265628 -1.606917 0.318472
    endloop
  endfacet
  facet normal 0.032576 -0.995124 -0.093096
    outer loop
      vertex -1.250000 -1.600000 0.250000
      vertex -1.265628 -1.606917 0.318472
      vertex -1.280473 -1.606917 0.313277
    endloop
  endfacet
  facet normal 0.052475 -0.995124 -0.083514
    outer loop
      vertex -1.250000 -1.600000 0.250000
      vertex -1.280473 -1.606917 0.313277
      vertex -1.293789 -1.606917 0.304910
    endloop
  endfacet
  facet normal 0.069743 -0.995124 -0.069743
    outer loop
      vertex -1.250000 -1.600000 0.250000
      vertex -1.293789 -1.606917 0.304910
      vertex -1.304910 -1.606917 0.293789
    endloop
  endfacet
  facet normal 0.083514 -0.995124 -0.052475
    outer loop
      vertex -1.250000 -1.600000 0.250000
      vertex -1.304910 -1.606917 0.293789
      vertex -1.313277 -1.606917 0.280473
    endloop
  endfacet
  facet normal 0.093096 -0.995124 -0.032576
    outer loop
      vertex -1.250000 -1.600000 0.250000
      vertex -1.313277 -1.606917 0.280473
      vertex -1.318472 -1.606917 0.265628
    endloop
  endfacet
  facet normal 0.098011 -0.995124 -0.011043
    outer loop
      vertex -1.250000 -1.600000 0.250000
      vertex -1.318472 -1.606917 0.265628
      vertex -1.320233 -1.606917 0.250000
    endloop
  endfacet
  facet normal 0.098011 -0.995124 0.011043
    outer loop
      vertex -1.250000 -1.600000 0.250000
      vertex -1.320233 -1.606917 0.250000
      vertex -1.318472 -1.606917 0.234372
    endloop
  endfacet
  facet normal 0.093096 -0.995124 0.032576
    outer loop
      vertex -1.250000 -1.600000 0.250000
      vertex -1.318472 -1.606917 0.234372
      vertex -1.313277 -1.606917 0.219527
    endloop
  endfacet
  facet normal 0.083514 -0.995124 0.052475
    outer loop
      vertex -1.250000 -1.600000 0.250000
      vertex -1.313277 -1.606917 0.219527
      vertex -1.304910 -1.606917 0.206211
    endloop
  endfacet
  facet normal 0.069743 -0.995124 0.069743
    outer loop
      vertex -1.250000 -1.600000 0.250000
      vertex -1.304910 -1.606917 0.206211
      vertex -1.293789 -1.606917 0.195090
    endloop
  endfacet
  facet normal 0.052475 -0.995124 0.083514
    outer loop
      vertex -1.250000 -1.600000 0.250000
      vertex -1.293789 -1.606917 0.195090
      vertex -1.280473 -1.606917 0.186723
    endloop
  endfacet
  facet normal 0.032576 -0.995124 0.093096
    outer loop
      vertex -1.250000 -1.600000 0.250000
      vertex -1.280473 -1.606917 0.186723
      vertex -1.265628 -1.606917 0.181528
    endloop
  endfacet
  facet normal 0.011043 -0.995124 0.098011
    outer loop
      vertex -1.250000 -1.600000 0.250000
      vertex -1.265628 -1.606917 0.181528
      vertex -1.250000 -1.606917 0.179767
    endloop
  endfacet
  facet normal -0.011043 -0.995124 0.098011
    outer loop
      vertex -1.250000 -1.600000 0.250000
      vertex -1.250000 -1.606917 0.179767
      vertex -1.234372 -1.606917 0.181528
    endloop
  endfacet
  facet normal -0.032576 -0.995124 0.093096
    outer loop
      vertex -1.250000 -1.600000 0.250000
      vertex -1.234372 -1.606917 0.181528
      vertex -1.219527 -1.606917 0.186723
    endloop
  endfacet
  facet normal -0.052475 -0.995124 0.083514
    outer loop
      vertex -1.250000 -1.600000 0.250000
      vertex -1.219527 -1.606917 0.186723
      vertex -1.206211 -1.606917 0.195090
    endloop
  endfacet
  facet normal -0.069743 -0.995124 0.069743
    outer loop
      vertex -1.250000 -1.600000 0.250000
      vertex -1.206211 -1.606917 0.195090
      vertex -1.195090 -1.606917 0.206211
    endloop
  endfacet
  facet normal -0.083514 -0.995124 0.052475
    outer loop
      vertex -1.250000 -1.600000 0.250000
      vertex -1.195090 -1.606917 0.206211
      vertex -1.186723 -1.606917 0.219527
    endloop
  endfacet
  facet normal -0.093096 -0.995124 0.032576
    outer loop
      vertex -1.250000 -1.600000 0.250000
      vertex -1.186723 -1.606917 0.219527
      vertex -1.181528 -1.606917 0.234372
    endloop
  endfacet
  facet normal -0.098011 -0.995124 0.011043
    outer loop
      vertex -1.250000 -1.600000 0.250000
      vertex -1.181528 -1.606917 0.234372
      vertex -1.179767 -1.606917 0.250000
    endloop
  endfacet
  facet normal -0.290130 -0.956429 -0.032690
    outer loop
      vertex -1.179767 -1.606917 0.250000
      vertex -1.112234 -1.627403 0.250000
      vertex -1.115688 -1.627403 0.280656
    endloop
  endfacet
  facet normal -0.290130 -0.956429 -0.032690
    outer loop
      vertex -1.179767 -1.606917 0.250000
      vertex -1.115688 -1.627403 0.280656
      vertex -1.181528 -1.606917 0.265628
    endloop
  endfacet
  facet normal -0.275581 -0.956429 -0.096430
    outer loop
      vertex -1.181528 -1.606917 0.265628
      vertex -1.115688 -1.627403 0.280656
      vertex -1.125877 -1.627403 0.309774
    endloop
  endfacet
  facet normal -0.275581 -0.956429 -0.096430
    outer loop
      vertex -1.181528 -1.606917 0.265628
      vertex -1.125877 -1.627403 0.309774
      vertex -1.186723 -1.606917 0.280473
    endloop
  endfacet
  facet normal -0.247214 -0.956429 -0.155335
    outer loop
      vertex -1.186723 -1.606917 0.280473
      vertex -1.125877 -1.627403 0.309774
      vertex -1.142290 -1.627403 0.335896
    endloop
  endfacet
  facet normal -0.247214 -0.956429 -0.155335
    outer loop
      vertex -1.186723 -1.606917 0.280473
      vertex -1.142290 -1.627403 0.335896
      vertex -1.195090 -1.606917 0.293789
    endloop
  endfacet
  facet normal -0.206451 -0.956429 -0.206451
    outer loop
      vertex -1.195090 -1.606917 0.293789
      vertex -1.142290 -1.627403 0.335896
      vertex -1.164104 -1.627403 0.357710
    endloop
  endfacet
  facet normal -0.206451 -0.956429 -0.206451
    outer loop
      vertex -1.195090 -1.606917 0.293789
      vertex -1.164104 -1.627403 0.357710
      vertex -1.206211 -1.606917 0.304910
    endloop
  endfacet
  facet normal -0.155335 -0.956429 -0.247214
    outer loop
      vertex -1.206211 -1.606917 0.304910
      vertex -1.164104 -1.627403 0.357710
      vertex -1.190226 -1.627403 0.374123
    endloop
  endfacet
  facet normal -0.155335 -0.956429 -0.247214
    outer loop
      vertex -1.206211 -1.606917 0.304910
      vertex -1.190226 -1.627403 0.374123
      vertex -1.219527 -1.606917 0.313277
    endloop
  endfacet
  facet normal -0.096430 -0.956429 -0.275581
    outer loop
      vertex -1.219527 -1.606917 0.313277
      vertex -1.190226 -1.627403 0.374123
      vertex -1.219344 -1.627403 0.384312
    endloop
  endfacet
  facet normal -0.096430 -0.956429 -0.275581
    outer loop
      vertex -1.219527 -1.606917 0.313277
      vertex -1.219344 -1.627403 0.384312
      vertex -1.234372 -1.606917 0.318472
    endloop
  endfacet
  facet normal -0.032690 -0.956429 -0.290130
    outer loop
      vertex -1.234372 -1.606917 0.318472
      vertex -1.219344 -1.627403 0.384312
      vertex -1.250000 -1.627403 0.387766
    endloop
  endfacet
  facet normal -0.032690 -0.956429 -0.290130
    outer loop
      vertex -1.234372 -1.606917 0.318472
      vertex -1.250000 -1.627403 0.387766
      vertex -1.250000 -1.606917 0.320233
    endloop
  endfacet
  facet normal 0.032690 -0.956429 -0.290130
    outer loop
      vertex -1.250000 -1.606917 0.320233
      vertex -1.250000 -1.627403 0.387766
      vertex -1.280656 -1.627403 0.384312
    endloop
  endfacet
  facet normal 0.032690 -0.956429 -0.290130
    outer loop
      vertex -1.250000 -1.606917 0.320233
      vertex -1.280656 -1.627403 0.384312
      vertex -1.265628 -1.606917 0.318472
    endloop
  endfacet
  facet normal 0.096430 -0.956429 -0.275581
    outer loop
      vertex -1.265628 -1.606917 0.318472
      vertex -1.280656 -1.627403 0.384312
      vertex -1.309774 -1.627403 0.374123
    endloop
  endfacet
  facet normal 0.096430 -0.956429 -0.275581
    outer loop
      vertex -1.265628 -1.606917 0.318472
      vertex -1.309774 -1.627403 0.374123
      vertex -1.280473 -1.606917 0.313277
    endloop
  endfacet
  facet normal 0.155335 -0.956429 -0.247214
    outer loop
      vertex -1.280473 -1.606917 0.313277
      vertex -1.309774 -1.627403 0.374123
      vertex -1.335896 -1.627403 0.357710
    endloop
  endfacet
  facet normal 0.155335 -0.956429 -0.247214
    outer loop
      vertex -1.280473 -1.606917 0.313277
      vertex -1.335896 -1.627403 0.357710
      vertex -1.293789 -1.606917 0.304910
    endloop
  endfacet
  facet normal 0.206451 -0.956429 -0.206451
    outer loop
      vertex -1.293789 -1.606917 0.304910
      vertex -1.335896 -1.627403 0.357710
      vertex -1.357710 -1.627403 0.335896
    endloop
  endfacet
  facet normal 0.206451 -0.956429 -0.206451
    outer loop
      vertex -1.293789 -1.606917 0.304910
      vertex -1.357710 -1.627403 0.335896
      vertex -1.304910 -1.606917 0.293789
    endloop
  endfacet
  facet normal 0.247214 -0.956429 -0.155335
    outer loop
      vertex -1.304910 -1.606917 0.293789
      vertex -1.357710 -1.627403 0.335896
      vertex -1.374123 -1.627403 0.309774
    endloop
  endfacet
  facet normal 0.247214 -0.956429 -0.155335
    outer loop
      vertex -1.304910 -1.606917 0.293789
      vertex -1.374123 -1.627403 0.309774
      vertex -1.313277 -1.606917 0.280473
    endloop
  endfacet
  facet normal 0.275581 -0.956429 -0.096430
    outer loop
      vertex -1.313277 -1.606917 0.280473
      vertex -1.374123 -1.627403 0.309774
      vertex -1.384312 -1.627403 0.280656
    endloop
  endfacet
  facet normal 0.275581 -0.956429 -0.096430
    outer loop
      vertex -1.313277 -1.606917 0.280473
      vertex -1.384312 -1.627403 0.280656
      vertex -1.318472 -1.606917 0.265628
    endloop
  endfacet
  facet normal 0.290130 -0.956429 -0.032690
    outer loop
      vertex -1.318472 -1.606917 0.265628
      vertex -1.384312 -1.627403 0.280656
      vertex -1.387766 -1.627403 0.250000
    endloop
  endfacet
  facet normal 0.290130 -0.956429 -0.032690
    outer loop
      vertex -1.318472 -1.606917 0.265628
      vertex -1.387766 -1.627403 0.250000
      vertex -1.320233 -1.606917 0.250000
    endloop
  endfacet
  facet normal 0.290130 -0.956429 0.032690
    outer loop
      vertex -1.320233 -1.606917 0.250000
      vertex -1.387766 -1.627403 0.250000
      vertex -1.384312 -1.627403 0.219344
    endloop
  endfacet
  facet normal 0.290130 -0.956429 0.032690
    outer loop
      vertex -1.320233 -1.606917 0.250000
      vertex -1.384312 -1.627403 0.219344
      vertex -1.318472 -1.606917 0.234372
    endloop
  endfacet
  facet normal 0.275581 -0.956429 0.096430
    outer loop
      vertex -1.318472 -1.606917 0.234372
      vertex -1.384312 -1.627403 0.219344
      vertex -1.374123 -1.627403 0.190226
    endloop
  endfacet
  facet normal 0.275581 -0.956429 0.096430
    outer loop
      vertex -1.318472 -1.606917 0.234372
      vertex -1.374123 -1.627403 0.190226
      vertex -1.313277 -1.606917 0.219527
    endloop
  endfacet
  facet normal 0.247214 -0.956429 0.155335
    outer loop
      vertex -1.313277 -1.606917 0.219527
      vertex -1.374123 -1.627403 0.190226
      vertex -1.357710 -1.627403 0.164104
    endloop
  endfacet
  facet normal 0.247214 -0.956429 0.155335
    outer loop
      vertex -1.313277 -1.606917 0.219527
      vertex -1.357710 -1.627403 0.164104
      vertex -1.304910 -1.606917 0.206211
    endloop
  endfacet
  facet normal 0.206451 -0.956429 0.206451
    outer loop
      vertex -1.304910 -1.606917 0.206211
      vertex -1.357710 -1.627403 0.164104
      vertex -1.335896 -1.627403 0.142290
    endloop
  endfacet
  facet normal 0.206451 -0.956429 0.206451
    outer loop
      vertex -1.304910 -1.606917 0.206211
      vertex -1.335896 -1.627403 0.142290
      vertex -1.293789 -1.606917 0.195090
    endloop
  endfacet
  facet normal 0.155335 -0.956429 0.247214
    outer loop
      vertex -1.293789 -1.606917 0.195090
      vertex -1.335896 -1.627403 0.142290
      vertex -1.309774 -1.627403 0.125877
    endloop
  endfacet
  facet normal 0.155335 -0.956429 0.247214
    outer loop
      vertex -1.293789 -1.606917 0.195090
      vertex -1.309774 -1.627403 0.125877
      vertex -1.280473 -1.606917 0.186723
    endloop
  endfacet
  facet normal 0.096430 -0.956429 0.275581
    outer loop
      vertex -1.280473 -1.606917 0.186723
      vertex -1.309774 -1.627403 0.125877
      vertex -1.280656 -1.627403 0.115688
    endloop
  endfacet
  facet normal 0.096430 -0.956429 0.275581
    outer loop
      vertex -1.280473 -1.606917 0.186723
      vertex -1.280656 -1.627403 0.115688
      vertex -1.265628 -1.606917 0.181528
    endloop
  endfacet
  facet normal 0.032690 -0.956429 0.290130
    outer loop
      vertex -1.265628 -1.606917 0.181528
      vertex -1.280656 -1.627403 0.115688
      vertex -1.250000 -1.627403 0.112234
    endloop
  endfacet
  facet normal 0.032690 -0.956429 0.290130
    outer loop
      vertex -1.265628 -1.606917 0.181528
      vertex -1.250000 -1.627403 0.112234
      vertex -1.250000 -1.606917 0.179767
    endloop
  endfacet
  facet normal -0.032690 -0.956429 0.290130
    outer loop
      vertex -1.250000 -1.606917 0.179767
      vertex -1.250000 -1.627403 0.112234
      vertex -1.219344 -1.627403 0.115688
    endloop
  endfacet
  facet normal -0.032690 -0.956429 0.290130
    outer loop
      vertex -1.250000 -1.606917 0.179767
      vertex -1.219344 -1.627403 0.115688
      vertex -1.234372 -1.606917 0.181528
    endloop
  endfacet
  facet normal -0.096430 -0.956429 0.275581
    outer loop
      vertex -1.234372 -1.606917 0.181528
      vertex -1.219344 -1.627403 0.115688
      vertex -1.190226 -1.627403 0.125877
    endloop
  endfacet
  facet normal -0.096430 -0.956429 0.275581
    outer loop
      vertex -1.234372 -1.606917 0.181528
      vertex -1.190226 -1.627403 0.125877
      vertex -1.219527 -1.606917 0.186723
    endloop
  endfacet
  facet normal -0.155335 -0.956429 0.247214
    outer loop
      vertex -1.219527 -1.606917 0.186723
      vertex -1.190226 -1.627403 0.125877
      vertex -1.164104 -1.627403 0.142290
    endloop
  endfacet
  facet normal -0.155335 -0.956429 0.247214
    outer loop
      vertex -1.219527 -1.606917 0.186723
      vertex -1.164104 -1.627403 0.142290
      vertex -1.206211 -1.606917 0.195090
    endloop
  endfacet
  facet normal -0.206451 -0.956429 0.206451
    outer loop
      vertex -1.206211 -1.606917 0.195090
      vertex -1.164104 -1.627403 0.142290
      vertex -1.142290 -1.627403 0.164104
    endloop
  endfacet
  facet normal -0.206451 -0.956429 0.206451
    outer loop
      vertex -1.206211 -1.606917 0.195090
      vertex -1.142290 -1.627403 0.164104
      vertex -1.195090 -1.606917 0.206211
    endloop
  endfacet
  facet normal -0.247214 -0.956429 0.155335
    outer loop
      vertex -1.195090 -1.606917 0.206211
      vertex -1.142290 -1.627403 0.164104
      vertex -1.125877 -1.627403 0.190226
    endloop
  endfacet
  facet normal -0.247214 -0.956429 0.155335
    outer loop
      vertex -1.195090 -1.606917 0.206211
      vertex -1.125877 -1.627403 0.190226
      vertex -1.186723 -1.606917 0.219527
    endloop
  endfacet
  facet normal -0.275581 -0.956429 0.096430
    outer loop
      vertex -1.186723 -1.606917 0.219527
      vertex -1.125877 -1.627403 0.190226
      vertex -1.115688 -1.627403 0.219344
    endloop
  endfacet
  facet normal -0.275581 -0.956429 0.096430
    outer loop
      vertex -1.186723 -1.606917 0.219527
      vertex -1.115688 -1.627403 0.219344
      vertex -1.181528 -1.606917 0.234372
    endloop
  endfacet
  facet normal -0.290130 -0.956429 0.032690
    outer loop
      vertex -1.181528 -1.606917 0.234372
      vertex -1.115688 -1.627403 0.219344
      vertex -1.112234 -1.627403 0.250000
    endloop
  endfacet
  facet normal -0.290130 -0.956429 0.032690
    outer loop
      vertex -1.181528 -1.606917 0.234372
      vertex -1.112234 -1.627403 0.250000
      vertex -1.179767 -1.606917 0.250000
    endloop
  endfacet
  facet normal -0.470733 -0.880680 -0.053039
    outer loop
      vertex -1.112234 -1.627403 0.250000
      vertex -1.049995 -1.660671 0.250000
      vertex -1.055009 -1.660671 0.294505
    endloop
  endfacet
  facet normal -0.470733 -0.880680 -0.053039
    outer loop
      vertex -1.112234 -1.627403 0.250000
      vertex -1.055009 -1.660671 0.294505
      vertex -1.115688 -1.627403 0.280656
    endloop
  endfacet
  facet normal -0.447129 -0.880680 -0.156457
    outer loop
      vertex -1.115688 -1.627403 0.280656
      vertex -1.055009 -1.660671 0.294505
      vertex -1.069801 -1.660671 0.336779
    endloop
  endfacet
  facet normal -0.447129 -0.880680 -0.156457
    outer loop
      vertex -1.115688 -1.627403 0.280656
      vertex -1.069801 -1.660671 0.336779
      vertex -1.125877 -1.627403 0.309774
    endloop
  endfacet
  facet normal -0.401103 -0.880680 -0.252030
    outer loop
      vertex -1.125877 -1.627403 0.309774
      vertex -1.069801 -1.660671 0.336779
      vertex -1.093630 -1.660671 0.374701
    endloop
  endfacet
  facet normal -0.401103 -0.880680 -0.252030
    outer loop
      vertex -1.125877 -1.627403 0.309774
      vertex -1.093630 -1.660671 0.374701
      vertex -1.142290 -1.627403 0.335896
    endloop
  endfacet
  facet normal -0.334965 -0.880680 -0.334965
    outer loop
      vertex -1.142290 -1.627403 0.335896
      vertex -1.093630 -1.660671 0.374701
      vertex -1.125299 -1.660671 0.406370
    endloop
  endfacet
  facet normal -0.334965 -0.880680 -0.334965
    outer loop
      vertex -1.142290 -1.627403 0.335896
      vertex -1.125299 -1.660671 0.406370
      vertex -1.164104 -1.627403 0.357710
    endloop
  endfacet
  facet normal -0.252030 -0.880680 -0.401103
    outer loop
      vertex -1.164104 -1.627403 0.357710
      vertex -1.125299 -1.660671 0.406370
      vertex -1.163221 -1.660671 0.430199
    endloop
  endfacet
  facet normal -0.252030 -0.880680 -0.401103
    outer loop
      vertex -1.164104 -1.627403 0.357710
      vertex -1.163221 -1.660671 0.430199
      vertex -1.190226 -1.627403 0.374123
    endloop
  endfacet
  facet normal -0.156457 -0.880680 -0.447129
    outer loop
      vertex -1.190226 -1.627403 0.374123
      vertex -1.163221 -1.660671 0.430199
      vertex -1.205495 -1.660671 0.444991
    endloop
  endfacet
  facet normal -0.156457 -0.880680 -0.447129
    outer loop
      vertex -1.190226 -1.627403 0.374123
      vertex -1.205495 -1.660671 0.444991
      vertex -1.219344 -1.627403 0.384312
    endloop
  endfacet
  facet normal -0.053039 -0.880680 -0.470733
    outer loop
      vertex -1.219344 -1.627403 0.384312
      vertex -1.205495 -1.660671 0.444991
      vertex -1.250000 -1.660671 0.450005
    endloop
  endfacet
  facet normal -0.053039 -0.880680 -0.470733
    outer loop
      vertex -1.219344 -1.627403 0.384312
      vertex -1.250000 -1.660671 0.450005
      vertex -1.250000 -1.627403 0.387766
    endloop
  endfacet
  facet normal 0.053039 -0.880680 -0.470733
    outer loop
      vertex -1.250000 -1.627403 0.387766
      vertex -1.250000 -1.660671 0.450005
      vertex -1.294505 -1.660671 0.444991
    endloop
  endfacet
  facet normal 0.053039 -0.880680 -0.470733
    outer loop
      vertex -1.250000 -1.627403 0.387766
      vertex -1.294505 -1.660671 0.444991
      vertex -1.280656 -1.627403 0.384312
    endloop
  endfacet
  facet normal 0.156457 -0.880680 -0.447129
    outer loop
      vertex -1.280656 -1.627403 0.384312
      vertex -1.294505 -1.660671 0.444991
      vertex -1.336779 -1.660671 0.430199
    endloop
  endfacet
  facet normal 0.156457 -0.880680 -0.447129
    outer loop
      vertex -1.280656 -1.627403 0.384312
      vertex -1.336779 -1.660671 0.430199
      vertex -1.309774 -1.627403 0.374123
    endloop
  endfacet
  facet normal 0.252030 -0.880680 -0.401103
    outer loop
      vertex -1.309774 -1.627403 0.374123
      vertex -1.336779 -1.660671 0.430199
      vertex -1.374701 -1.660671 0.406370
    endloop
  endfacet
  facet normal 0.252030 -0.880680 -0.401103
    outer loop
      vertex -1.309774 -1.627403 0.374123
      vertex -1.374701 -1.660671 0.406370
      vertex -1.335896 -1.627403 0.357710
    endloop
  endfacet
  facet normal 0.334965 -0.880680 -0.334965
    outer loop
      vertex -1.335896 -1.627403 0.357710
      vertex -1.374701 -1.660671 0.406370
      vertex -1.406370 -1.660671 0.374701
    endloop
  endfacet
  facet normal 0.334965 -0.880680 -0.334965
    outer loop
      vertex -1.335896 -1.627403 0.357710
      vertex -1.406370 -1.660671 0.374701
      vertex -1.357710 -1.627403 0.335896
    endloop
  endfacet
  facet normal 0.401103 -0.880680 -0.252030
    outer loop
      vertex -1.357710 -1.627403 0.335896
      vertex -1.406370 -1.660671 0.374701
      vertex -1.430199 -1.660671 0.336779
    endloop
  endfacet
  facet normal 0.401103 -0.880680 -0.252030
    outer loop
      vertex -1.357710 -1.627403 0.335896
      vertex -1.430199 -1.660671 0.336779
      vertex -1.374123 -1.627403 0.309774
    endloop
  endfacet
  facet normal 0.447129 -0.880680 -0.156457
    outer loop
      vertex -1.374123 -1.627403 0.309774
      vertex -1.430199 -1.660671 0.336779
      vertex -1.444991 -1.660671 0.294505
    endloop
  endfacet
  facet normal 0.447129 -0.880680 -0.156457
    outer loop
      vertex -1.374123 -1.627403 0.309774
      vertex -1.444991 -1.660671 0.294505
      vertex -1.384312 -1.627403 0.280656
    endloop
  endfacet
  facet normal 0.470733 -0.880680 -0.053039
    outer loop
      vertex -1.384312 -1.627403 0.280656
      vertex -1.444991 -1.660671 0.294505
      vertex -1.450005 -1.660671 0.250000
    endloop
  endfacet
  facet normal 0.470733 -0.880680 -0.053039
    outer loop
      vertex -1.384312 -1.627403 0.280656
      vertex -1.450005 -1.660671 0.250000
      vertex -1.387766 -1.627403 0.250000
    endloop
  endfacet
  facet normal 0.470733 -0.880680 0.053039
    outer loop
      vertex -1.387766 -1.627403 0.250000
      vertex -1.450005 -1.660671 0.250000
      vertex -1.444991 -1.660671 0.205495
    endloop
  endfacet
  facet normal 0.470733 -0.880680 0.053039
    outer loop
      vertex -1.387766 -1.627403 0.250000
      vertex -1.444991 -1.660671 0.205495
      vertex -1.384312 -1.627403 0.219344
    endloop
  endfacet
  facet normal 0.447129 -0.880680 0.156457
    outer loop
      vertex -1.384312 -1.627403 0.219344
      vertex -1.444991 -1.660671 0.205495
      vertex -1.430199 -1.660671 0.163221
    endloop
  endfacet
  facet normal 0.447129 -0.880680 0.156457
    outer loop
      vertex -1.384312 -1.627403 0.219344
      vertex -1.430199 -1.660671 0.163221
      vertex -1.374123 -1.627403 0.190226
    endloop
  endfacet
  facet normal 0.401103 -0.880680 0.252030
    outer loop
      vertex -1.374123 -1.627403 0.190226
      vertex -1.430199 -1.660671 0.163221
      vertex -1.406370 -1.660671 0.125299
    endloop
  endfacet
  facet normal 0.401103 -0.880680 0.252030
    outer loop
      vertex -1.374123 -1.627403 0.190226
      vertex -1.406370 -1.660671 0.125299
      vertex -1.357710 -1.627403 0.164104
    endloop
  endfacet
  facet normal 0.334965 -0.880680 0.334965
    outer loop
      vertex -1.357710 -1.627403 0.164104
      vertex -1.406370 -1.660671 0.125299
      vertex -1.374701 -1.660671 0.093630
    endloop
  endfacet
  facet normal 0.334965 -0.880680 0.334965
    outer loop
      vertex -1.357710 -1.627403 0.164104
      vertex -1.374701 -1.660671 0.093630
      vertex -1.335896 -1.627403 0.142290
    endloop
  endfacet
  facet normal 0.252030 -0.880680 0.401103
    outer loop
      vertex -1.335896 -1.627403 0.142290
      vertex -1.374701 -1.660671 0.093630
      vertex -1.336779 -1.660671 0.069801
    endloop
  endfacet
  facet normal 0.252030 -0.880680 0.401103
    outer loop
      vertex -1.335896 -1.627403 0.142290
      vertex -1.336779 -1.660671 0.069801
      vertex -1.309774 -1.627403 0.125877
    endloop
  endfacet
  facet normal 0.156457 -0.880680 0.447129
    outer loop
      vertex -1.309774 -1.627403 0.125877
      vertex -1.336779 -1.660671 0.069801
      vertex -1.294505 -1.660671 0.055009
    endloop
  endfacet
  facet normal 0.156457 -0.880680 0.447129
    outer loop
      vertex -1.309774 -1.627403 0.125877
      vertex -1.294505 -1.660671 0.055009
      vertex -1.280656 -1.627403 0.115688
    endloop
  endfacet
  facet normal 0.053039 -0.880680 0.470733
    outer loop
      vertex -1.280656 -1.627403 0.115688
      vertex -1.294505 -1.660671 0.055009
      vertex -1.250000 -1.660671 0.049995
    endloop
  endfacet
  facet normal 0.053039 -0.880680 0.470733
    outer loop
      vertex -1.280656 -1.627403 0.115688
      vertex -1.250000 -1.660671 0.049995
      vertex -1.250000 -1.627403 0.112234
    endloop
  endfacet
  facet normal -0.053039 -0.880680 0.470733
    outer loop
      vertex -1.250000 -1.627403 0.112234
      vertex -1.250000 -1.660671 0.049995
      vertex -1.205495 -1.660671 0.055009
    endloop
  endfacet
  facet normal -0.053039 -0.880680 0.470733
    outer loop
      vertex -1.250000 -1.627403 0.112234
      vertex -1.205495 -1.660671 0.055009
      vertex -1.219344 -1.627403 0.115688
    endloop
  endfacet
  facet normal -0.156457 -0.880680 0.447129
    outer loop
      vertex -1.219344 -1.627403 0.115688
      vertex -1.205495 -1.660671 0.055009
      vertex -1.163221 -1.660671 0.069801
    endloop
  endfacet
  facet normal -0.156457 -0.880680 0.447129
    outer loop
      vertex -1.219344 -1.627403 0.115688
      vertex -1.163221 -1.660671 0.069801
      vertex -1.190226 -1.627403 0.125877
    endloop
  endfacet
  facet normal -0.252030 -0.880680 0.401103
    outer loop
      vertex -1.190226 -1.627403 0.125877
      vertex -1.163221 -1.660671 0.069801
      vertex -1.125299 -1.660671 0.093630
    endloop
  endfacet
  facet normal -0.252030 -0.880680 0.401103
    outer loop
      vertex -1.190226 -1.627403 0.125877
      vertex -1.125299 -1.660671 0.093630
      vertex -1.164104 -1.627403 0.142290
    endloop
  endfacet
  facet normal -0.334965 -0.880680 0.334965
    outer loop
      vertex -1.164104 -1.627403 0.142290
      vertex -1.125299 -1.660671 0.093630
      vertex -1.093630 -1.660671 0.125299
    endloop
  endfacet
  facet normal -0.334965 -0.880680 0.334965
    outer loop
      vertex -1.164104 -1.627403 0.142290
      vertex -1.093630 -1.660671 0.125299
      vertex -1.142290 -1.627403 0.164104
    endloop
  endfacet
  facet normal -0.401103 -0.880680 0.252030
    outer loop
      vertex -1.142290 -1.627403 0.164104
      vertex -1.093630 -1.660671 0.125299
      vertex -1.069801 -1.660671 0.163221
    endloop
  endfacet
  facet normal -0.401103 -0.880680 0.252030
    outer loop
      vertex -1.142290 -1.627403 0.164104
      vertex -1.069801 -1.660671 0.163221
      vertex -1.125877 -1.627403 0.190226
    endloop
  endfacet
  facet normal -0.447129 -0.880680 0.156457
    outer loop
      vertex -1.125877 -1.627403 0.190226
      vertex -1.069801 -1.660671 0.163221
      vertex -1.055009 -1.660671 0.205495
    endloop
  endfacet
  facet normal -0.447129 -0.880680 0.156457
    outer loop
      vertex -1.125877 -1.627403 0.190226
      vertex -1.055009 -1.660671 0.205495
      vertex -1.115688 -1.627403 0.219344
    endloop
  endfacet
  facet normal -0.470733 -0.880680 0.053039
    outer loop
      vertex -1.115688 -1.627403 0.219344
      vertex -1.055009 -1.660671 0.205495
      vertex -1.049995 -1.660671 0.250000
    endloop
  endfacet
  facet normal -0.470733 -0.880680 0.053039
    outer loop
      vertex -1.115688 -1.627403 0.219344
      vertex -1.049995 -1.660671 0.250000
      vertex -1.112234 -1.627403 0.250000
    endloop
  endfacet
  facet normal -0.632779 -0.771043 -0.071297
    outer loop
      vertex -1.049995 -1.660671 0.250000
      vertex -0.995442 -1.705442 0.250000
      vertex -1.001824 -1.705442 0.306645
    endloop
  endfacet
  facet normal -0.632779 -0.771043 -0.071297
    outer loop
      vertex -1.049995 -1.660671 0.250000
      vertex -1.001824 -1.705442 0.306645
      vertex -1.055009 -1.660671 0.294505
    endloop
  endfacet
  facet normal -0.601049 -0.771043 -0.210316
    outer loop
      vertex -1.055009 -1.660671 0.294505
      vertex -1.001824 -1.705442 0.306645
      vertex -1.020651 -1.705442 0.360449
    endloop
  endfacet
  facet normal -0.601049 -0.771043 -0.210316
    outer loop
      vertex -1.055009 -1.660671 0.294505
      vertex -1.020651 -1.705442 0.360449
      vertex -1.069801 -1.660671 0.336779
    endloop
  endfacet
  facet normal -0.539179 -0.771043 -0.338789
    outer loop
      vertex -1.069801 -1.660671 0.336779
      vertex -1.020651 -1.705442 0.360449
      vertex -1.050978 -1.705442 0.408715
    endloop
  endfacet
  facet normal -0.539179 -0.771043 -0.338789
    outer loop
      vertex -1.069801 -1.660671 0.336779
      vertex -1.050978 -1.705442 0.408715
      vertex -1.093630 -1.660671 0.374701
    endloop
  endfacet
  facet normal -0.450273 -0.771043 -0.450273
    outer loop
      vertex -1.093630 -1.660671 0.374701
      vertex -1.050978 -1.705442 0.408715
      vertex -1.091285 -1.705442 0.449022
    endloop
  endfacet
  facet normal -0.450273 -0.771043 -0.450273
    outer loop
      vertex -1.093630 -1.660671 0.374701
      vertex -1.091285 -1.705442 0.449022
      vertex -1.125299 -1.660671 0.406370
    endloop
  endfacet
  facet normal -0.338789 -0.771043 -0.539179
    outer loop
      vertex -1.125299 -1.660671 0.406370
      vertex -1.091285 -1.705442 0.449022
      vertex -1.139551 -1.705442 0.479349
    endloop
  endfacet
  facet normal -0.338789 -0.771043 -0.539179
    outer loop
      vertex -1.125299 -1.660671 0.406370
      vertex -1.139551 -1.705442 0.479349
      vertex -1.163221 -1.660671 0.430199
    endloop
  endfacet
  facet normal -0.210316 -0.771043 -0.601049
    outer loop
      vertex -1.163221 -1.660671 0.430199
      vertex -1.139551 -1.705442 0.479349
      vertex -1.193355 -1.705442 0.498176
    endloop
  endfacet
  facet normal -0.210316 -0.771043 -0.601049
    outer loop
      vertex -1.163221 -1.660671 0.430199
      vertex -1.193355 -1.705442 0.498176
      vertex -1.205495 -1.660671 0.444991
    endloop
  endfacet
  facet normal -0.071297 -0.771043 -0.632779
    outer loop
      vertex -1.205495 -1.660671 0.444991
      vertex -1.193355 -1.705442 0.498176
      vertex -1.250000 -1.705442 0.504558
    endloop
  endfacet
  facet normal -0.071297 -0.771043 -0.632779
    outer loop
      vertex -1.205495 -1.660671 0.444991
      vertex -1.250000 -1.705442 0.504558
      vertex -1.250000 -1.660671 0.450005
    endloop
  endfacet
  facet normal 0.071297 -0.771043 -0.632779
    outer loop
      vertex -1.250000 -1.660671 0.450005
      vertex -1.250000 -1.705442 0.504558
      vertex -1.306645 -1.705442 0.498176
    endloop
  endfacet
  facet normal 0.071297 -0.771043 -0.632779
    outer loop
      vertex -1.250000 -1.660671 0.450005
      vertex -1.306645 -1.705442 0.498176
      vertex -1.294505 -1.660671 0.444991
    endloop
  endfacet
  facet normal 0.210316 -0.771043 -0.601049
    outer loop
      vertex -1.294505 -1.660671 0.444991
      vertex -1.306645 -1.705442 0.498176
      vertex -1.360449 -1.705442 0.479349
    endloop
  endfacet
  facet normal 0.210316 -0.771043 -0.601049
    outer loop
      vertex -1.294505 -1.660671 0.444991
      vertex -1.360449 -1.705442 0.479349
      vertex -1.336779 -1.660671 0.430199
    endloop
  endfacet
  facet normal 0.338789 -0.771043 -0.539179
    outer loop
      vertex -1.336779 -1.660671 0.430199
      vertex -1.360449 -1.705442 0.479349
      vertex -1.408715 -1.705442 0.449022
    endloop
  endfacet
  facet normal 0.338789 -0.771043 -0.539179
    outer loop
      vertex -1.336779 -1.660671 0.430199
      vertex -1.408715 -1.705442 0.449022
      vertex -1.374701 -1.660671 0.406370
    endloop
  endfacet
  facet normal 0.450273 -0.771043 -0.450273
    outer loop
      vertex -1.374701 -1.660671 0.406370
      vertex -1.408715 -1.705442 0.449022
      vertex -1.449022 -1.705442 0.408715
    endloop
  endfacet
  facet normal 0.450273 -0.771043 -0.450273
    outer loop
      vertex -1.374701 -1.660671 0.406370
      vertex -1.449022 -1.705442 0.408715
      vertex -1.406370 -1.660671 0.374701
    endloop
  endfacet
  facet normal 0.539179 -0.771043 -0.338789
    outer loop
      vertex -1.406370 -1.660671 0.374701
      vertex -1.449022 -1.705442 0.408715
      vertex -1.479349 -1.705442 0.360449
    endloop
  endfacet
  facet normal 0.539179 -0.771043 -0.338789
    outer loop
      vertex -1.406370 -1.660671 0.374701
      vertex -1.479349 -1.705442 0.360449
      vertex -1.430199 -1.660671 0.336779
    endloop
  endfacet
  facet normal 0.601049 -0.771043 -0.210316
    outer loop
      vertex -1.430199 -1.660671 0.336779
      vertex -1.479349 -1.705442 0.360449
      vertex -1.498176 -1.705442 0.306645
    endloop
  endfacet
  facet normal 0.601049 -0.771043 -0.210316
    outer loop
      vertex -1.430199 -1.660671 0.336779
      vertex -1.498176 -1.705442 0.306645
      vertex -1.444991 -1.660671 0.294505
    endloop
  endfacet
  facet normal 0.632779 -0.771043 -0.071297
    outer loop
      vertex -1.444991 -1.660671 0.294505
      vertex -1.498176 -1.705442 0.306645
      vertex -1.504558 -1.705442 0.250000
    endloop
  endfacet
  facet normal 0.632779 -0.771043 -0.071297
    outer loop
      vertex -1.444991 -1.660671 0.294505
      vertex -1.504558 -1.705442 0.250000
      vertex -1.450005 -1.660671 0.250000
    endloop
  endfacet
  facet normal 0.632779 -0.771043 0.071297
    outer loop
      vertex -1.450005 -1.660671 0.250000
      vertex -1.504558 -1.705442 0.250000
      vertex -1.498176 -1.705442 0.193355
    endloop
  endfacet
  facet normal 0.632779 -0.771043 0.071297
    outer loop
      vertex -1.450005 -1.660671 0.250000
      vertex -1.498176 -1.705442 0.193355
      vertex -1.444991 -1.660671 0.205495
    endloop
  endfacet
  facet normal 0.601049 -0.771043 0.210316
    outer loop
      vertex -1.444991 -1.660671 0.205495
      vertex -1.498176 -1.705442 0.193355
      vertex -1.479349 -1.705442 0.139551
    endloop
  endfacet
  facet normal 0.601049 -0.771043 0.210316
    outer loop
      vertex -1.444991 -1.660671 0.205495
      vertex -1.479349 -1.705442 0.139551
      vertex -1.430199 -1.660671 0.163221
    endloop
  endfacet
  facet normal 0.539179 -0.771043 0.338789
    outer loop
      vertex -1.430199 -1.660671 0.163221
      vertex -1.479349 -1.705442 0.139551
      vertex -1.449022 -1.705442 0.091285
    endloop
  endfacet
  facet normal 0.539179 -0.771043 0.338789
    outer loop
      vertex -1.430199 -1.660671 0.163221
      vertex -1.449022 -1.705442 0.091285
      vertex -1.406370 -1.660671 0.125299
    endloop
  endfacet
  facet normal 0.450273 -0.771043 0.450273
    outer loop
      vertex -1.406370 -1.660671 0.125299
      vertex -1.449022 -1.705442 0.091285
      vertex -1.408715 -1.705442 0.050978
    endloop
  endfacet
  facet normal 0.450273 -0.771043 0.450273
    outer loop
      vertex -1.406370 -1.660671 0.125299
      vertex -1.408715 -1.705442 0.050978
      vertex -1.374701 -1.660671 0.093630
    endloop
  endfacet
  facet normal 0.338789 -0.771043 0.539179
    outer loop
      vertex -1.374701 -1.660671 0.093630
      vertex -1.408715 -1.705442 0.050978
      vertex -1.360449 -1.705442 0.020651
    endloop
  endfacet
  facet normal 0.338789 -0.771043 0.539179
    outer loop
      vertex -1.374701 -1.660671 0.093630
      vertex -1.360449 -1.705442 0.020651
      vertex -1.336779 -1.660671 0.069801
    endloop
  endfacet
  facet normal 0.210316 -0.771043 0.601049
    outer loop
      vertex -1.336779 -1.660671 0.069801
      vertex -1.360449 -1.705442 0.020651
      vertex -1.306645 -1.705442 0.001824
    endloop
  endfacet
  facet normal 0.210316 -0.771043 0.601049
    outer loop
      vertex -1.336779 -1.660671 0.069801
      vertex -1.306645 -1.705442 0.001824
      vertex -1.294505 -1.660671 0.055009
    endloop
  endfacet
  facet normal 0.071297 -0.771043 0.632779
    outer loop
      vertex -1.294505 -1.660671 0.055009
      vertex -1.306645 -1.705442 0.001824
      vertex -1.250000 -1.705442 -0.004558
    endloop
  endfacet
  facet normal 0.071297 -0.771043 0.632779
    outer loop
      vertex -1.294505 -1.660671 0.055009
      vertex -1.250000 -1.705442 -0.004558
      vertex -1.250000 -1.660671 0.049995
    endloop
  endfacet
  facet normal -0.071297 -0.771043 0.632779
    outer loop
      vertex -1.250000 -1.660671 0.049995
      vertex -1.250000 -1.705442 -0.004558
      vertex -1.193355 -1.705442 0.001824
    endloop
  endfacet
  facet normal -0.071297 -0.771043 0.632779
    outer loop
      vertex -1.250000 -1.660671 0.049995
      vertex -1.193355 -1.705442 0.001824
      vertex -1.205495 -1.660671 0.055009
    endloop
  endfacet
  facet normal -0.210316 -0.771043 0.601049
    outer loop
      vertex -1.205495 -1.660671 0.055009
      vertex -1.193355 -1.705442 0.001824
      vertex -1.139551 -1.705442 0.020651
    endloop
  endfacet
  facet normal -0.210316 -0.771043 0.601049
    outer loop
      vertex -1.205495 -1.660671 0.055009
      vertex -1.139551 -1.705442 0.020651
      vertex -1.163221 -1.660671 0.069801
    endloop
  endfacet
  facet normal -0.338789 -0.771043 0.539179
    outer loop
      vertex -1.163221 -1.660671 0.069801
      vertex -1.139551 -1.705442 0.020651
      vertex -1.091285 -1.705442 0.050978
    endloop
  endfacet
  facet normal -0.338789 -0.771043 0.539179
    outer loop
      vertex -1.163221 -1.660671 0.069801
      vertex -1.091285 -1.705442 0.050978
      vertex -1.125299 -1.660671 0.093630
    endloop
  endfacet
  facet normal -0.450273 -0.771043 0.450273
    outer loop
      vertex -1.125299 -1.660671 0.093630
      vertex -1.091285 -1.705442 0.050978
      vertex -1.050978 -1.705442 0.091285
    endloop
  endfacet
  facet normal -0.450273 -0.771043 0.450273
    outer loop
      vertex -1.125299 -1.660671 0.093630
      vertex -1.050978 -1.705442 0.091285
      vertex -1.093630 -1.660671 0.125299
    endloop
  endfacet
  facet normal -0.539179 -0.771043 0.338789
    outer loop
      vertex -1.093630 -1.660671 0.125299
      vertex -1.050978 -1.705442 0.091285
      vertex -1.020651 -1.705442 0.139551
    endloop
  endfacet
  facet normal -0.539179 -0.771043 0.338789
    outer loop
      vertex -1.093630 -1.660671 0.125299
      vertex -1.020651 -1.705442 0.139551
      vertex -1.069801 -1.660671 0.163221
    endloop
  endfacet
  facet normal -0.601049 -0.771043 0.210316
    outer loop
      vertex -1.069801 -1.660671 0.163221
      vertex -1.020651 -1.705442 0.139551
      vertex -1.001824 -1.705442 0.193355
    endloop
  endfacet
  facet normal -0.601049 -0.771043 0.210316
    outer loop
      vertex -1.069801 -1.660671 0.163221
      vertex -1.001824 -1.705442 0.193355
      vertex -1.055009 -1.660671 0.205495
    endloop
  endfacet
  facet normal -0.632779 -0.771043 0.071297
    outer loop
      vertex -1.055009 -1.660671 0.205495
      vertex -1.001824 -1.705442 0.193355
      vertex -0.995442 -1.705442 0.250000
    endloop
  endfacet
  facet normal -0.632779 -0.771043 0.071297
    outer loop
      vertex -1.055009 -1.660671 0.205495
      vertex -0.995442 -1.705442 0.250000
      vertex -1.049995 -1.660671 0.250000
    endloop
  endfacet
  facet normal -0.770095 -0.632001 -0.086769
    outer loop
      vertex -0.995442 -1.705442 0.250000
      vertex -0.950671 -1.759995 0.250000
      vertex -0.958176 -1.759995 0.316607
    endloop
  endfacet
  facet normal -0.770095 -0.632001 -0.086769
    outer loop
      vertex -0.995442 -1.705442 0.250000
      vertex -0.958176 -1.759995 0.316607
      vertex -1.001824 -1.705442 0.306645
    endloop
  endfacet
  facet normal -0.731479 -0.632001 -0.255956
    outer loop
      vertex -1.001824 -1.705442 0.306645
      vertex -0.958176 -1.759995 0.316607
      vertex -0.980314 -1.759995 0.379874
    endloop
  endfacet
  facet normal -0.731479 -0.632001 -0.255956
    outer loop
      vertex -1.001824 -1.705442 0.306645
      vertex -0.980314 -1.759995 0.379874
      vertex -1.020651 -1.705442 0.360449
    endloop
  endfacet
  facet normal -0.656184 -0.632001 -0.412308
    outer loop
      vertex -1.020651 -1.705442 0.360449
      vertex -0.980314 -1.759995 0.379874
      vertex -1.015975 -1.759995 0.436629
    endloop
  endfacet
  facet normal -0.656184 -0.632001 -0.412308
    outer loop
      vertex -1.020651 -1.705442 0.360449
      vertex -1.015975 -1.759995 0.436629
      vertex -1.050978 -1.705442 0.408715
    endloop
  endfacet
  facet normal -0.547985 -0.632001 -0.547985
    outer loop
      vertex -1.050978 -1.705442 0.408715
      vertex -1.015975 -1.759995 0.436629
      vertex -1.063371 -1.759995 0.484025
    endloop
  endfacet
  facet normal -0.547985 -0.632001 -0.547985
    outer loop
      vertex -1.050978 -1.705442 0.408715
      vertex -1.063371 -1.759995 0.484025
      vertex -1.091285 -1.705442 0.449022
    endloop
  endfacet
  facet normal -0.412308 -0.632001 -0.656184
    outer loop
      vertex -1.091285 -1.705442 0.449022
      vertex -1.063371 -1.759995 0.484025
      vertex -1.120126 -1.759995 0.519686
    endloop
  endfacet
  facet normal -0.412308 -0.632001 -0.656184
    outer loop
      vertex -1.091285 -1.705442 0.449022
      vertex -1.120126 -1.759995 0.519686
      vertex -1.139551 -1.705442 0.479349
    endloop
  endfacet
  facet normal -0.255956 -0.632001 -0.731479
    outer loop
      vertex -1.139551 -1.705442 0.479349
      vertex -1.120126 -1.759995 0.519686
      vertex -1.183393 -1.759995 0.541824
    endloop
  endfacet
  facet normal -0.255956 -0.632001 -0.731479
    outer loop
      vertex -1.139551 -1.705442 0.479349
      vertex -1.183393 -1.759995 0.541824
      vertex -1.193355 -1.705442 0.498176
    endloop
  endfacet
  facet normal -0.086769 -0.632001 -0.770095
    outer loop
      vertex -1.193355 -1.705442 0.498176
      vertex -1.183393 -1.759995 0.541824
      vertex -1.250000 -1.759995 0.549329
    endloop
  endfacet
  facet normal -0.086769 -0.632001 -0.770095
    outer loop
      vertex -1.193355 -1.705442 0.498176
      vertex -1.250000 -1.759995 0.549329
      vertex -1.250000 -1.705442 0.504558
    endloop
  endfacet
  facet normal 0.086769 -0.632001 -0.770095
    outer loop
      vertex -1.250000 -1.705442 0.504558
      vertex -1.250000 -1.759995 0.549329
      vertex -1.316607 -1.759995 0.541824
    endloop
  endfacet
  facet normal 0.086769 -0.632001 -0.770095
    outer loop
      vertex -1.250000 -1.705442 0.504558
      vertex -1.316607 -1.759995 0.541824
      vertex -1.306645 -1.705442 0.498176
    endloop
  endfacet
  facet normal 0.255956 -0.632001 -0.731479
    outer loop
      vertex -1.306645 -1.705442 0.498176
      vertex -1.316607 -1.759995 0.541824
      vertex -1.379874 -1.759995 0.519686
    endloop
  endfacet
  facet normal 0.255956 -0.632001 -0.731479
    outer loop
      vertex -1.306645 -1.705442 0.498176
      vertex -1.379874 -1.759995 0.519686
      vertex -1.360449 -1.705442 0.479349
    endloop
  endfacet
  facet normal 0.412308 -0.632001 -0.656184
    outer loop
      vertex -1.360449 -1.705442 0.479349
      vertex -1.379874 -1.759995 0.519686
      vertex -1.436629 -1.759995 0.484025
    endloop
  endfacet
  facet normal 0.412308 -0.632001 -0.656184
    outer loop
      vertex -1.360449 -1.705442 0.479349
      vertex -1.436629 -1.759995 0.484025
      vertex -1.408715 -1.705442 0.449022
    endloop
  endfacet
  facet normal 0.547985 -0.632001 -0.547985
    outer loop
      vertex -1.408715 -1.705442 0.449022
      vertex -1.436629 -1.759995 0.484025
      vertex -1.484025 -1.759995 0.436629
    endloop
  endfacet
  facet normal 0.547985 -0.632001 -0.547985
    outer loop
      vertex -1.408715 -1.705442 0.449022
      vertex -1.484025 -1.759995 0.436629
      vertex -1.449022 -1.705442 0.408715
    endloop
  endfacet
  facet normal 0.656184 -0.632001 -0.412308
    outer loop
      vertex -1.449022 -1.705442 0.408715
      vertex -1.484025 -1.759995 0.436629
      vertex -1.519686 -1.759995 0.379874
    endloop
  endfacet
  facet normal 0.656184 -0.632001 -0.412308
    outer loop
      vertex -1.449022 -1.705442 0.408715
      vertex -1.519686 -1.759995 0.379874
      vertex -1.479349 -1.705442 0.360449
    endloop
  endfacet
  facet normal 0.731479 -0.632001 -0.255956
    outer loop
      vertex -1.479349 -1.705442 0.360449
      vertex -1.519686 -1.759995 0.379874
      vertex -1.541824 -1.759995 0.316607
    endloop
  endfacet
  facet normal 0.731479 -0.632001 -0.255956
    outer loop
      vertex -1.479349 -1.705442 0.360449
      vertex -1.541824 -1.759995 0.316607
      vertex -1.498176 -1.705442 0.306645
    endloop
  endfacet
  facet normal 0.770095 -0.632001 -0.086769
    outer loop
      vertex -1.498176 -1.705442 0.306645
      vertex -1.541824 -1.759995 0.316607
      vertex -1.549329 -1.759995 0.250000
    endloop
  endfacet
  facet normal 0.770095 -0.632001 -0.086769
    outer loop
      vertex -1.498176 -1.705442 0.306645
      vertex -1.549329 -1.759995 0.250000
      vertex -1.504558 -1.705442 0.250000
    endloop
  endfacet
  facet normal 0.770095 -0.632001 0.086769
    outer loop
      vertex -1.504558 -1.705442 0.250000
      vertex -1.549329 -1.759995 0.250000
      vertex -1.541824 -1.759995 0.183393
    endloop
  endfacet
  facet normal 0.770095 -0.632001 0.086769
    outer loop
      vertex -1.504558 -1.705442 0.250000
      vertex -1.541824 -1.759995 0.183393
      vertex -1.498176 -1.705442 0.193355
    endloop
  endfacet
  facet normal 0.731479 -0.632001 0.255956
    outer loop
      vertex -1.498176 -1.705442 0.193355
      vertex -1.541824 -1.759995 0.183393
      vertex -1.519686 -1.759995 0.120126
    endloop
  endfacet
  facet normal 0.731479 -0.632001 0.255956
    outer loop
      vertex -1.498176 -1.705442 0.193355
      vertex -1.519686 -1.759995 0.120126
      vertex -1.479349 -1.705442 0.139551
    endloop
  endfacet
  facet normal 0.656184 -0.632001 0.412308
    outer loop
      vertex -1.479349 -1.705442 0.139551
      vertex -1.519686 -1.759995 0.120126
      vertex -1.484025 -1.759995 0.063371
    endloop
  endfacet
  facet normal 0.656184 -0.632001 0.412308
    outer loop
      vertex -1.479349 -1.705442 0.139551
      vertex -1.484025 -1.759995 0.063371
      vertex -1.449022 -1.705442 0.091285
    endloop
  endfacet
  facet normal 0.547985 -0.632001 0.547985
    outer loop
      vertex -1.449022 -1.705442 0.091285
      vertex -1.484025 -1.759995 0.063371
      vertex -1.436629 -1.759995 0.015975
    endloop
  endfacet
  facet normal 0.547985 -0.632001 0.547985
    outer loop
      vertex -1.449022 -1.705442 0.091285
      vertex -1.436629 -1.759995 0.015975
      vertex -1.408715 -1.705442 0.050978
    endloop
  endfacet
  facet normal 0.412308 -0.632001 0.656184
    outer loop
      vertex -1.408715 -1.705442 0.050978
      vertex -1.436629 -1.759995 0.015975
      vertex -1.379874 -1.759995 -0.019686
    endloop
  endfacet
  facet normal 0.412308 -0.632001 0.656184
    outer loop
      vertex -1.408715 -1.705442 0.050978
      vertex -1.379874 -1.759995 -0.019686
      vertex -1.360449 -1.705442 0.020651
    endloop
  endfacet
  facet normal 0.255956 -0.632001 0.731479
    outer loop
      vertex -1.360449 -1.705442 0.020651
      vertex -1.379874 -1.759995 -0.019686
      vertex -1.316607 -1.759995 -0.041824
    endloop
  endfacet
  facet normal 0.255956 -0.632001 0.731479
    outer loop
      vertex -1.360449 -1.705442 0.020651
      vertex -1.316607 -1.759995 -0.041824
      vertex -1.306645 -1.705442 0.001824
    endloop
  endfacet
  facet normal 0.086769 -0.632001 0.770095
    outer loop
      vertex -1.306645 -1.705442 0.001824
      vertex -1.316607 -1.759995 -0.041824
      vertex -1.250000 -1.759995 -0.049329
    endloop
  endfacet
  facet normal 0.086769 -0.632001 0.770095
    outer loop
      vertex -1.306645 -1.705442 0.001824
      vertex -1.250000 -1.759995 -0.049329
      vertex -1.250000 -1.705442 -0.004558
    endloop
  endfacet
  facet normal -0.086769 -0.632001 0.770095
    outer loop
      vertex -1.250000 -1.705442 -0.004558
      vertex -1.250000 -1.759995 -0.049329
      vertex -1.183393 -1.759995 -0.041824
    endloop
  endfacet
  facet normal -0.086769 -0.632001 0.770095
    outer loop
      vertex -1.250000 -1.705442 -0.004558
      vertex -1.183393 -1.759995 -0.041824
      vertex -1.193355 -1.705442 0.001824
    endloop
  endfacet
  facet normal -0.255956 -0.632001 0.731479
    outer loop
      vertex -1.193355 -1.705442 0.001824
      vertex -1.183393 -1.759995 -0.041824
      vertex -1.120126 -1.759995 -0.019686
    endloop
  endfacet
  facet normal -0.255956 -0.632001 0.731479
    outer loop
      vertex -1.193355 -1.705442 0.001824
      vertex -1.120126 -1.759995 -0.019686
      vertex -1.139551 -1.705442 0.020651
    endloop
  endfacet
  facet normal -0.412308 -0.632001 0.656184
    outer loop
      vertex -1.139551 -1.705442 0.020651
      vertex -1.120126 -1.759995 -0.019686
      vertex -1.063371 -1.759995 0.015975
    endloop
  endfacet
  facet normal -0.412308 -0.632001 0.656184
    outer loop
      vertex -1.139551 -1.705442 0.020651
      vertex -1.063371 -1.759995 0.015975
      vertex -1.091285 -1.705442 0.050978
    endloop
  endfacet
  facet normal -0.547985 -0.632001 0.547985
    outer loop
      vertex -1.091285 -1.705442 0.050978
      vertex -1.063371 -1.759995 0.015975
      vertex -1.015975 -1.759995 0.063371
    endloop
  endfacet
  facet normal -0.547985 -0.632001 0.547985
    outer loop
      vertex -1.091285 -1.705442 0.050978
      vertex -1.015975 -1.759995 0.063371
      vertex -1.050978 -1.705442 0.091285
    endloop
  endfacet
  facet normal -0.656184 -0.632001 0.412308
    outer loop
      vertex -1.050978 -1.705442 0.091285
      vertex -1.015975 -1.759995 0.063371
      vertex -0.980314 -1.759995 0.120126
    endloop
  endfacet
  facet normal -0.656184 -0.632001 0.412308
    outer loop
      vertex -1.050978 -1.705442 0.091285
      vertex -0.980314 -1.759995 0.120126
      vertex -1.020651 -1.705442 0.139551
    endloop
  endfacet
  facet normal -0.731479 -0.632001 0.255956
    outer loop
      vertex -1.020651 -1.705442 0.139551
      vertex -0.980314 -1.759995 0.120126
      vertex -0.958176 -1.759995 0.183393
    endloop
  endfacet
  facet normal -0.731479 -0.632001 0.255956
    outer loop
      vertex -1.020651 -1.705442 0.139551
      vertex -0.958176 -1.759995 0.183393
      vertex -1.001824 -1.705442 0.193355
    endloop
  endfacet
  facet normal -0.770095 -0.632001 0.086769
    outer loop
      vertex -1.001824 -1.705442 0.193355
      vertex -0.958176 -1.759995 0.183393
      vertex -0.950671 -1.759995 0.250000
    endloop
  endfacet
  facet normal -0.770095 -0.632001 0.086769
    outer loop
      vertex -1.001824 -1.705442 0.193355
      vertex -0.950671 -1.759995 0.250000
      vertex -0.995442 -1.705442 0.250000
    endloop
  endfacet
  facet normal -0.877599 -0.469087 -0.098882
    outer loop
      vertex -0.950671 -1.759995 0.250000
      vertex -0.917403 -1.822234 0.250000
      vertex -0.925742 -1.822234 0.324010
    endloop
  endfacet
  facet normal -0.877599 -0.469087 -0.098882
    outer loop
      vertex -0.950671 -1.759995 0.250000
      vertex -0.925742 -1.822234 0.324010
      vertex -0.958176 -1.759995 0.316607
    endloop
  endfacet
  facet normal -0.833593 -0.469087 -0.291687
    outer loop
      vertex -0.958176 -1.759995 0.316607
      vertex -0.925742 -1.822234 0.324010
      vertex -0.950341 -1.822234 0.394308
    endloop
  endfacet
  facet normal -0.833593 -0.469087 -0.291687
    outer loop
      vertex -0.958176 -1.759995 0.316607
      vertex -0.950341 -1.822234 0.394308
      vertex -0.980314 -1.759995 0.379874
    endloop
  endfacet
  facet normal -0.747786 -0.469087 -0.469865
    outer loop
      vertex -0.980314 -1.759995 0.379874
      vertex -0.950341 -1.822234 0.394308
      vertex -0.989965 -1.822234 0.457371
    endloop
  endfacet
  facet normal -0.747786 -0.469087 -0.469865
    outer loop
      vertex -0.980314 -1.759995 0.379874
      vertex -0.989965 -1.822234 0.457371
      vertex -1.015975 -1.759995 0.436629
    endloop
  endfacet
  facet normal -0.624483 -0.469087 -0.624483
    outer loop
      vertex -1.015975 -1.759995 0.436629
      vertex -0.989965 -1.822234 0.457371
      vertex -1.042629 -1.822234 0.510035
    endloop
  endfacet
  facet normal -0.624483 -0.469087 -0.624483
    outer loop
      vertex -1.015975 -1.759995 0.436629
      vertex -1.042629 -1.822234 0.510035
      vertex -1.063371 -1.759995 0.484025
    endloop
  endfacet
  facet normal -0.469865 -0.469087 -0.747786
    outer loop
      vertex -1.063371 -1.759995 0.484025
      vertex -1.042629 -1.822234 0.510035
      vertex -1.105692 -1.822234 0.549659
    endloop
  endfacet
  facet normal -0.469865 -0.469087 -0.747786
    outer loop
      vertex -1.063371 -1.759995 0.484025
      vertex -1.105692 -1.822234 0.549659
      vertex -1.120126 -1.759995 0.519686
    endloop
  endfacet
  facet normal -0.291687 -0.469087 -0.833593
    outer loop
      vertex -1.120126 -1.759995 0.519686
      vertex -1.105692 -1.822234 0.549659
      vertex -1.175990 -1.822234 0.574258
    endloop
  endfacet
  facet normal -0.291687 -0.469087 -0.833593
    outer loop
      vertex -1.120126 -1.759995 0.519686
      vertex -1.175990 -1.822234 0.574258
      vertex -1.183393 -1.759995 0.541824
    endloop
  endfacet
  facet normal -0.098882 -0.469087 -0.877599
    outer loop
      vertex -1.183393 -1.759995 0.541824
      vertex -1.175990 -1.822234 0.574258
      vertex -1.250000 -1.822234 0.582597
    endloop
  endfacet
  facet normal -0.098882 -0.469087 -0.877599
    outer loop
      vertex -1.183393 -1.759995 0.541824
      vertex -1.250000 -1.822234 0.582597
      vertex -1.250000 -1.759995 0.549329
    endloop
  endfacet
  facet normal 0.098882 -0.469087 -0.877599
    outer loop
      vertex -1.250000 -1.759995 0.549329
      vertex -1.250000 -1.822234 0.582597
      vertex -1.324010 -1.822234 0.574258
    endloop
  endfacet
  facet normal 0.098882 -0.469087 -0.877599
    outer loop
      vertex -1.250000 -1.759995 0.549329
      vertex -1.324010 -1.822234 0.574258
      vertex -1.316607 -1.759995 0.541824
    endloop
  endfacet
  facet normal 0.291687 -0.469087 -0.833593
    outer loop
      vertex -1.316607 -1.759995 0.541824
      vertex -1.324010 -1.822234 0.574258
      vertex -1.394308 -1.822234 0.549659
    endloop
  endfacet
  facet normal 0.291687 -0.469087 -0.833593
    outer loop
      vertex -1.316607 -1.759995 0.541824
      vertex -1.394308 -1.822234 0.549659
      vertex -1.379874 -1.759995 0.519686
    endloop
  endfacet
  facet normal 0.469865 -0.469087 -0.747786
    outer loop
      vertex -1.379874 -1.759995 0.519686
      vertex -1.394308 -1.822234 0.549659
      vertex -1.457371 -1.822234 0.510035
    endloop
  endfacet
  facet normal 0.469865 -0.469087 -0.747786
    outer loop
      vertex -1.379874 -1.759995 0.519686
      vertex -1.457371 -1.822234 0.510035
      vertex -1.436629 -1.759995 0.484025
    endloop
  endfacet
  facet normal 0.624483 -0.469087 -0.624483
    outer loop
      vertex -1.436629 -1.759995 0.484025
      vertex -1.457371 -1.822234 0.510035
      vertex -1.510035 -1.822234 0.457371
    endloop
  endfacet
  facet normal 0.624483 -0.469087 -0.624483
    outer loop
      vertex -1.436629 -1.759995 0.484025
      vertex -1.510035 -1.822234 0.457371
      vertex -1.484025 -1.759995 0.436629
    endloop
  endfacet
  facet normal 0.747786 -0.469087 -0.469865
    outer loop
      vertex -1.484025 -1.759995 0.436629
      vertex -1.510035 -1.822234 0.457371
      vertex -1.549659 -1.822234 0.394308
    endloop
  endfacet
  facet normal 0.747786 -0.469087 -0.469865
    outer loop
      vertex -1.484025 -1.759995 0.436629
      vertex -1.549659 -1.822234 0.394308
      vertex -1.519686 -1.759995 0.379874
    endloop
  endfacet
  facet normal 0.833593 -0.469087 -0.291687
    outer loop
      vertex -1.519686 -1.759995 0.379874
      vertex -1.549659 -1.822234 0.394308
      vertex -1.574258 -1.822234 0.324010
    endloop
  endfacet
  facet normal 0.833593 -0.469087 -0.291687
    outer loop
      vertex -1.519686 -1.759995 0.379874
      vertex -1.574258 -1.822234 0.324010
      vertex -1.541824 -1.759995 0.316607
    endloop
  endfacet
  facet normal 0.877599 -0.469087 -0.098882
    outer loop
      vertex -1.541824 -1.759995 0.316607
      vertex -1.574258 -1.822234 0.324010
      vertex -1.582597 -1.822234 0.250000
    endloop
  endfacet
  facet normal 0.877599 -0.469087 -0.098882
    outer loop
      vertex -1.541824 -1.759995 0.316607
      vertex -1.582597 -1.822234 0.250000
      vertex -1.549329 -1.759995 0.250000
    endloop
  endfacet
  facet normal 0.877599 -0.469087 0.098882
    outer loop
      vertex -1.549329 -1.759995 0.250000
      vertex -1.582597 -1.822234 0.250000
      vertex -1.574258 -1.822234 0.175990
    endloop
  endfacet
  facet normal 0.877599 -0.469087 0.098882
    outer loop
      vertex -1.549329 -1.759995 0.250000
      vertex -1.574258 -1.822234 0.175990
      vertex -1.541824 -1.759995 0.183393
    endloop
  endfacet
  facet normal 0.833593 -0.469087 0.291687
    outer loop
      vertex -1.541824 -1.759995 0.183393
      vertex -1.574258 -1.822234 0.175990
      vertex -1.549659 -1.822234 0.105692
    endloop
  endfacet
  facet normal 0.833593 -0.469087 0.291687
    outer loop
      vertex -1.541824 -1.759995 0.183393
      vertex -1.549659 -1.822234 0.105692
      vertex -1.519686 -1.759995 0.120126
    endloop
  endfacet
  facet normal 0.747786 -0.469087 0.469865
    outer loop
      vertex -1.519686 -1.759995 0.120126
      vertex -1.549659 -1.822234 0.105692
      vertex -1.510035 -1.822234 0.042629
    endloop
  endfacet
  facet normal 0.747786 -0.469087 0.469865
    outer loop
      vertex -1.519686 -1.759995 0.120126
      vertex -1.510035 -1.822234 0.042629
      vertex -1.484025 -1.759995 0.063371
    endloop
  endfacet
  facet normal 0.624483 -0.469087 0.624483
    outer loop
      vertex -1.484025 -1.759995 0.063371
      vertex -1.510035 -1.822234 0.042629
      vertex -1.457371 -1.822234 -0.010035
    endloop
  endfacet
  facet normal 0.624483 -0.469087 0.624483
    outer loop
      vertex -1.484025 -1.759995 0.063371
      vertex -1.457371 -1.822234 -0.010035
      vertex -1.436629 -1.759995 0.015975
    endloop
  endfacet
  facet normal 0.469865 -0.469087 0.747786
    outer loop
      vertex -1.436629 -1.759995 0.015975
      vertex -1.457371 -1.822234 -0.010035
      vertex -1.394308 -1.822234 -0.049659
    endloop
  endfacet
  facet normal 0.469865 -0.469087 0.747786
    outer loop
      vertex -1.436629 -1.759995 0.015975
      vertex -1.394308 -1.822234 -0.049659
      vertex -1.379874 -1.759995 -0.019686
    endloop
  endfacet
  facet normal 0.291687 -0.469087 0.833593
    outer loop
      vertex -1.379874 -1.759995 -0.019686
      vertex -1.394308 -1.822234 -0.049659
      vertex -1.324010 -1.822234 -0.074258
    endloop
  endfacet
  facet normal 0.291687 -0.469087 0.833593
    outer loop
      vertex -1.379874 -1.759995 -0.019686
      vertex -1.324010 -1.822234 -0.074258
      vertex -1.316607 -1.759995 -0.041824
    endloop
  endfacet
  facet normal 0.098882 -0.469087 0.877599
    outer loop
      vertex -1.316607 -1.759995 -0.041824
      vertex -1.324010 -1.822234 -0.074258
      vertex -1.250000 -1.822234 -0.082597
    endloop
  endfacet
  facet normal 0.098882 -0.469087 0.877599
    outer loop
      vertex -1.316607 -1.759995 -0.041824
      vertex -1.250000 -1.822234 -0.082597
      vertex -1.250000 -1.759995 -0.049329
    endloop
  endfacet
  facet normal -0.098882 -0.469087 0.877599
    outer loop
      vertex -1.250000 -1.759995 -0.049329
      vertex -1.250000 -1.822234 -0.082597
      vertex -1.175990 -1.822234 -0.074258
    endloop
  endfacet
  facet normal -0.098882 -0.469087 0.877599
    outer loop
      vertex -1.250000 -1.759995 -0.049329
      vertex -1.175990 -1.822234 -0.074258
      vertex -1.183393 -1.759995 -0.041824
    endloop
  endfacet
  facet normal -0.291687 -0.469087 0.833593
    outer loop
      vertex -1.183393 -1.759995 -0.041824
      vertex -1.175990 -1.822234 -0.074258
      vertex -1.105692 -1.822234 -0.049659
    endloop
  endfacet
  facet normal -0.291687 -0.469087 0.833593
    outer loop
      vertex -1.183393 -1.759995 -0.041824
      vertex -1.105692 -1.822234 -0.049659
      vertex -1.120126 -1.759995 -0.019686
    endloop
  endfacet
  facet normal -0.469865 -0.469087 0.747786
    outer loop
      vertex -1.120126 -1.759995 -0.019686
      vertex -1.105692 -1.822234 -0.049659
      vertex -1.042629 -1.822234 -0.010035
    endloop
  endfacet
  facet normal -0.469865 -0.469087 0.747786
    outer loop
      vertex -1.120126 -1.759995 -0.019686
      vertex -1.042629 -1.822234 -0.010035
      vertex -1.063371 -1.759995 0.015975
    endloop
  endfacet
  facet normal -0.624483 -0.469087 0.624483
    outer loop
      vertex -1.063371 -1.759995 0.015975
      vertex -1.042629 -1.822234 -0.010035
      vertex -0.989965 -1.822234 0.042629
    endloop
  endfacet
  facet normal -0.624483 -0.469087 0.624483
    outer loop
      vertex -1.063371 -1.759995 0.015975
      vertex -0.989965 -1.822234 0.042629
      vertex -1.015975 -1.759995 0.063371
    endloop
  endfacet
  facet normal -0.747786 -0.469087 0.469865
    outer loop
      vertex -1.015975 -1.759995 0.063371
      vertex -0.989965 -1.822234 0.042629
      vertex -0.950341 -1.822234 0.105692
    endloop
  endfacet
  facet normal -0.747786 -0.469087 0.469865
    outer loop
      vertex -1.015975 -1.759995 0.063371
      vertex -0.950341 -1.822234 0.105692
      vertex -0.980314 -1.759995 0.120126
    endloop
  endfacet
  facet normal -0.833593 -0.469087 0.291687
    outer loop
      vertex -0.980314 -1.759995 0.120126
      vertex -0.950341 -1.822234 0.105692
      vertex -0.925742 -1.822234 0.175990
    endloop
  endfacet
  facet normal -0.833593 -0.469087 0.291687
    outer loop
      vertex -0.980314 -1.759995 0.120126
      vertex -0.925742 -1.822234 0.175990
      vertex -0.958176 -1.759995 0.183393
    endloop
  endfacet
  facet normal -0.877599 -0.469087 0.098882
    outer loop
      vertex -0.958176 -1.759995 0.183393
      vertex -0.925742 -1.822234 0.175990
      vertex -0.917403 -1.822234 0.250000
    endloop
  endfacet
  facet normal -0.877599 -0.469087 0.098882
    outer loop
      vertex -0.958176 -1.759995 0.183393
      vertex -0.917403 -1.822234 0.250000
      vertex -0.950671 -1.759995 0.250000
    endloop
  endfacet
  facet normal -0.951426 -0.288612 -0.107200
    outer loop
      vertex -0.917403 -1.822234 0.250000
      vertex -0.896917 -1.889767 0.250000
      vertex -0.905770 -1.889767 0.328568
    endloop
  endfacet
  facet normal -0.951426 -0.288612 -0.107200
    outer loop
      vertex -0.917403 -1.822234 0.250000
      vertex -0.905770 -1.889767 0.328568
      vertex -0.925742 -1.822234 0.324010
    endloop
  endfacet
  facet normal -0.903717 -0.288612 -0.316224
    outer loop
      vertex -0.925742 -1.822234 0.324010
      vertex -0.905770 -1.889767 0.328568
      vertex -0.931883 -1.889767 0.403197
    endloop
  endfacet
  facet normal -0.903717 -0.288612 -0.316224
    outer loop
      vertex -0.925742 -1.822234 0.324010
      vertex -0.931883 -1.889767 0.403197
      vertex -0.950341 -1.822234 0.394308
    endloop
  endfacet
  facet normal -0.810693 -0.288612 -0.509392
    outer loop
      vertex -0.950341 -1.822234 0.394308
      vertex -0.931883 -1.889767 0.403197
      vertex -0.973949 -1.889767 0.470143
    endloop
  endfacet
  facet normal -0.810693 -0.288612 -0.509392
    outer loop
      vertex -0.950341 -1.822234 0.394308
      vertex -0.973949 -1.889767 0.470143
      vertex -0.989965 -1.822234 0.457371
    endloop
  endfacet
  facet normal -0.677017 -0.288612 -0.677017
    outer loop
      vertex -0.989965 -1.822234 0.457371
      vertex -0.973949 -1.889767 0.470143
      vertex -1.029857 -1.889767 0.526051
    endloop
  endfacet
  facet normal -0.677017 -0.288612 -0.677017
    outer loop
      vertex -0.989965 -1.822234 0.457371
      vertex -1.029857 -1.889767 0.526051
      vertex -1.042629 -1.822234 0.510035
    endloop
  endfacet
  facet normal -0.509392 -0.288612 -0.810693
    outer loop
      vertex -1.042629 -1.822234 0.510035
      vertex -1.029857 -1.889767 0.526051
      vertex -1.096803 -1.889767 0.568117
    endloop
  endfacet
  facet normal -0.509392 -0.288612 -0.810693
    outer loop
      vertex -1.042629 -1.822234 0.510035
      vertex -1.096803 -1.889767 0.568117
      vertex -1.105692 -1.822234 0.549659
    endloop
  endfacet
  facet normal -0.316224 -0.288612 -0.903717
    outer loop
      vertex -1.105692 -1.822234 0.549659
      vertex -1.096803 -1.889767 0.568117
      vertex -1.171432 -1.889767 0.594230
    endloop
  endfacet
  facet normal -0.316224 -0.288612 -0.903717
    outer loop
      vertex -1.105692 -1.822234 0.549659
      vertex -1.171432 -1.889767 0.594230
      vertex -1.175990 -1.822234 0.574258
    endloop
  endfacet
  facet normal -0.107200 -0.288612 -0.951426
    outer loop
      vertex -1.175990 -1.822234 0.574258
      vertex -1.171432 -1.889767 0.594230
      vertex -1.250000 -1.889767 0.603083
    endloop
  endfacet
  facet normal -0.107200 -0.288612 -0.951426
    outer loop
      vertex -1.175990 -1.822234 0.574258
      vertex -1.250000 -1.889767 0.603083
      vertex -1.250000 -1.822234 0.582597
    endloop
  endfacet
  facet normal 0.107200 -0.288612 -0.951426
    outer loop
      vertex -1.250000 -1.822234 0.582597
      vertex -1.250000 -1.889767 0.603083
      vertex -1.328568 -1.889767 0.594230
    endloop
  endfacet
  facet normal 0.107200 -0.288612 -0.951426
    outer loop
      vertex -1.250000 -1.822234 0.582597
      vertex -1.328568 -1.889767 0.594230
      vertex -1.324010 -1.822234 0.574258
    endloop
  endfacet
  facet normal 0.316224 -0.288612 -0.903717
    outer loop
      vertex -1.324010 -1.822234 0.574258
      vertex -1.328568 -1.889767 0.594230
      vertex -1.403197 -1.889767 0.568117
    endloop
  endfacet
  facet normal 0.316224 -0.288612 -0.903717
    outer loop
      vertex -1.324010 -1.822234 0.574258
      vertex -1.403197 -1.889767 0.568117
      vertex -1.394308 -1.822234 0.549659
    endloop
  endfacet
  facet normal 0.509392 -0.288612 -0.810693
    outer loop
      vertex -1.394308 -1.822234 0.549659
      vertex -1.403197 -1.889767 0.568117
      vertex -1.470143 -1.889767 0.526051
    endloop
  endfacet
  facet normal 0.509392 -0.288612 -0.810693
    outer loop
      vertex -1.394308 -1.822234 0.549659
      vertex -1.470143 -1.889767 0.526051
      vertex -1.457371 -1.822234 0.510035
    endloop
  endfacet
  facet normal 0.677017 -0.288612 -0.677017
    outer loop
      vertex -1.457371 -1.822234 0.510035
      vertex -1.470143 -1.889767 0.526051
      vertex -1.526051 -1.889767 0.470143
    endloop
  endfacet
  facet normal 0.677017 -0.288612 -0.677017
    outer loop
      vertex -1.457371 -1.822234 0.510035
      vertex -1.526051 -1.889767 0.470143
      vertex -1.510035 -1.822234 0.457371
    endloop
  endfacet
  facet normal 0.810693 -0.288612 -0.509392
    outer loop
      vertex -1.510035 -1.822234 0.457371
      vertex -1.526051 -1.889767 0.470143
      vertex -1.568117 -1.889767 0.403197
    endloop
  endfacet
  facet normal 0.810693 -0.288612 -0.509392
    outer loop
      vertex -1.510035 -1.822234 0.457371
      vertex -1.568117 -1.889767 0.403197
      vertex -1.549659 -1.822234 0.394308
    endloop
  endfacet
  facet normal 0.903717 -0.288612 -0.316224
    outer loop
      vertex -1.549659 -1.822234 0.394308
      vertex -1.568117 -1.889767 0.403197
      vertex -1.594230 -1.889767 0.328568
    endloop
  endfacet
  facet normal 0.903717 -0.288612 -0.316224
    outer loop
      vertex -1.549659 -1.822234 0.394308
      vertex -1.594230 -1.889767 0.328568
      vertex -1.574258 -1.822234 0.324010
    endloop
  endfacet
  facet normal 0.951426 -0.288612 -0.107200
    outer loop
      vertex -1.574258 -1.822234 0.324010
      vertex -1.594230 -1.889767 0.328568
      vertex -1.603083 -1.889767 0.250000
    endloop
  endfacet
  facet normal 0.951426 -0.288612 -0.107200
    outer loop
      vertex -1.574258 -1.822234 0.324010
      vertex -1.603083 -1.889767 0.250000
      vertex -1.582597 -1.822234 0.250000
    endloop
  endfacet
  facet normal 0.951426 -0.288612 0.107200
    outer loop
      vertex -1.582597 -1.822234 0.250000
      vertex -1.603083 -1.889767 0.250000
      vertex -1.594230 -1.889767 0.171432
    endloop
  endfacet
  facet normal 0.951426 -0.288612 0.107200
    outer loop
      vertex -1.582597 -1.822234 0.250000
      vertex -1.594230 -1.889767 0.171432
      vertex -1.574258 -1.822234 0.175990
    endloop
  endfacet
  facet normal 0.903717 -0.288612 0.316224
    outer loop
      vertex -1.574258 -1.822234 0.175990
      vertex -1.594230 -1.889767 0.171432
      vertex -1.568117 -1.889767 0.096803
    endloop
  endfacet
  facet normal 0.903717 -0.288612 0.316224
    outer loop
      vertex -1.574258 -1.822234 0.175990
      vertex -1.568117 -1.889767 0.096803
      vertex -1.549659 -1.822234 0.105692
    endloop
  endfacet
  facet normal 0.810693 -0.288612 0.509392
    outer loop
      vertex -1.549659 -1.822234 0.105692
      vertex -1.568117 -1.889767 0.096803
      vertex -1.526051 -1.889767 0.029857
    endloop
  endfacet
  facet normal 0.810693 -0.288612 0.509392
    outer loop
      vertex -1.549659 -1.822234 0.105692
      vertex -1.526051 -1.889767 0.029857
      vertex -1.510035 -1.822234 0.042629
    endloop
  endfacet
  facet normal 0.677017 -0.288612 0.677017
    outer loop
      vertex -1.510035 -1.822234 0.042629
      vertex -1.526051 -1.889767 0.029857
      vertex -1.470143 -1.889767 -0.026051
    endloop
  endfacet
  facet normal 0.677017 -0.288612 0.677017
    outer loop
      vertex -1.510035 -1.822234 0.042629
      vertex -1.470143 -1.889767 -0.026051
      vertex -1.457371 -1.822234 -0.010035
    endloop
  endfacet
  facet normal 0.509392 -0.288612 0.810693
    outer loop
      vertex -1.457371 -1.822234 -0.010035
      vertex -1.470143 -1.889767 -0.026051
      vertex -1.403197 -1.889767 -0.068117
    endloop
  endfacet
  facet normal 0.509392 -0.288612 0.810693
    outer loop
      vertex -1.457371 -1.822234 -0.010035
      vertex -1.403197 -1.889767 -0.068117
      vertex -1.394308 -1.822234 -0.049659
    endloop
  endfacet
  facet normal 0.316224 -0.288612 0.903717
    outer loop
      vertex -1.394308 -1.822234 -0.049659
      vertex -1.403197 -1.889767 -0.068117
      vertex -1.328568 -1.889767 -0.094230
    endloop
  endfacet
  facet normal 0.316224 -0.288612 0.903717
    outer loop
      vertex -1.394308 -1.822234 -0.049659
      vertex -1.328568 -1.889767 -0.094230
      vertex -1.324010 -1.822234 -0.074258
    endloop
  endfacet
  facet normal 0.107200 -0.288612 0.951426
    outer loop
      vertex -1.324010 -1.822234 -0.074258
      vertex -1.328568 -1.889767 -0.094230
      vertex -1.250000 -1.889767 -0.103083
    endloop
  endfacet
  facet normal 0.107200 -0.288612 0.951426
    outer loop
      vertex -1.324010 -1.822234 -0.074258
      vertex -1.250000 -1.889767 -0.103083
      vertex -1.250000 -1.822234 -0.082597
    endloop
  endfacet
  facet normal -0.107200 -0.288612 0.951426
    outer loop
      vertex -1.250000 -1.822234 -0.082597
      vertex -1.250000 -1.889767 -0.103083
      vertex -1.171432 -1.889767 -0.094230
    endloop
  endfacet
  facet normal -0.107200 -0.288612 0.951426
    outer loop
      vertex -1.250000 -1.822234 -0.082597
      vertex -1.171432 -1.889767 -0.094230
      vertex -1.175990 -1.822234 -0.074258
    endloop
  endfacet
  facet normal -0.316224 -0.288612 0.903717
    outer loop
      vertex -1.175990 -1.822234 -0.074258
      vertex -1.171432 -1.889767 -0.094230
      vertex -1.096803 -1.889767 -0.068117
    endloop
  endfacet
  facet normal -0.316224 -0.288612 0.903717
    outer loop
      vertex -1.175990 -1.822234 -0.074258
      vertex -1.096803 -1.889767 -0.068117
      vertex -1.105692 -1.822234 -0.049659
    endloop
  endfacet
  facet normal -0.509392 -0.288612 0.810693
    outer loop
      vertex -1.105692 -1.822234 -0.049659
      vertex -1.096803 -1.889767 -0.068117
      vertex -1.029857 -1.889767 -0.026051
    endloop
  endfacet
  facet normal -0.509392 -0.288612 0.810693
    outer loop
      vertex -1.105692 -1.822234 -0.049659
      vertex -1.029857 -1.889767 -0.026051
      vertex -1.042629 -1.822234 -0.010035
    endloop
  endfacet
  facet normal -0.677017 -0.288612 0.677017
    outer loop
      vertex -1.042629 -1.822234 -0.010035
      vertex -1.029857 -1.889767 -0.026051
      vertex -0.973949 -1.889767 0.029857
    endloop
  endfacet
  facet normal -0.677017 -0.288612 0.677017
    outer loop
      vertex -1.042629 -1.822234 -0.010035
      vertex -0.973949 -1.889767 0.029857
      vertex -0.989965 -1.822234 0.042629
    endloop
  endfacet
  facet normal -0.810693 -0.288612 0.509392
    outer loop
      vertex -0.989965 -1.822234 0.042629
      vertex -0.973949 -1.889767 0.029857
      vertex -0.931883 -1.889767 0.096803
    endloop
  endfacet
  facet normal -0.810693 -0.288612 0.509392
    outer loop
      vertex -0.989965 -1.822234 0.042629
      vertex -0.931883 -1.889767 0.096803
      vertex -0.950341 -1.822234 0.105692
    endloop
  endfacet
  facet normal -0.903717 -0.288612 0.316224
    outer loop
      vertex -0.950341 -1.822234 0.105692
      vertex -0.931883 -1.889767 0.096803
      vertex -0.905770 -1.889767 0.171432
    endloop
  endfacet
  facet normal -0.903717 -0.288612 0.316224
    outer loop
      vertex -0.950341 -1.822234 0.105692
      vertex -0.905770 -1.889767 0.171432
      vertex -0.925742 -1.822234 0.175990
    endloop
  endfacet
  facet normal -0.951426 -0.288612 0.107200
    outer loop
      vertex -0.925742 -1.822234 0.175990
      vertex -0.905770 -1.889767 0.171432
      vertex -0.896917 -1.889767 0.250000
    endloop
  endfacet
  facet normal -0.951426 -0.288612 0.107200
    outer loop
      vertex -0.925742 -1.822234 0.175990
      vertex -0.896917 -1.889767 0.250000
      vertex -0.917403 -1.822234 0.250000
    endloop
  endfacet
  facet normal -0.988987 -0.097407 -0.111432
    outer loop
      vertex -0.896917 -1.889767 0.250000
      vertex -0.890000 -1.960000 0.250000
      vertex -0.899026 -1.960000 0.330108
    endloop
  endfacet
  facet normal -0.988987 -0.097407 -0.111432
    outer loop
      vertex -0.896917 -1.889767 0.250000
      vertex -0.899026 -1.960000 0.330108
      vertex -0.905770 -1.889767 0.328568
    endloop
  endfacet
  facet normal -0.939395 -0.097407 -0.328708
    outer loop
      vertex -0.905770 -1.889767 0.328568
      vertex -0.899026 -1.960000 0.330108
      vertex -0.925651 -1.960000 0.406198
    endloop
  endfacet
  facet normal -0.939395 -0.097407 -0.328708
    outer loop
      vertex -0.905770 -1.889767 0.328568
      vertex -0.925651 -1.960000 0.406198
      vertex -0.931883 -1.889767 0.403197
    endloop
  endfacet
  facet normal -0.842698 -0.097407 -0.529502
    outer loop
      vertex -0.931883 -1.889767 0.403197
      vertex -0.925651 -1.960000 0.406198
      vertex -0.968541 -1.960000 0.474456
    endloop
  endfacet
  facet normal -0.842698 -0.097407 -0.529502
    outer loop
      vertex -0.931883 -1.889767 0.403197
      vertex -0.968541 -1.960000 0.474456
      vertex -0.973949 -1.889767 0.470143
    endloop
  endfacet
  facet normal -0.703744 -0.097407 -0.703744
    outer loop
      vertex -0.973949 -1.889767 0.470143
      vertex -0.968541 -1.960000 0.474456
      vertex -1.025544 -1.960000 0.531459
    endloop
  endfacet
  facet normal -0.703744 -0.097407 -0.703744
    outer loop
      vertex -0.973949 -1.889767 0.470143
      vertex -1.025544 -1.960000 0.531459
      vertex -1.029857 -1.889767 0.526051
    endloop
  endfacet
  facet normal -0.529502 -0.097407 -0.842698
    outer loop
      vertex -1.029857 -1.889767 0.526051
      vertex -1.025544 -1.960000 0.531459
      vertex -1.093802 -1.960000 0.574349
    endloop
  endfacet
  facet normal -0.529502 -0.097407 -0.842698
    outer loop
      vertex -1.029857 -1.889767 0.526051
      vertex -1.093802 -1.960000 0.574349
      vertex -1.096803 -1.889767 0.568117
    endloop
  endfacet
  facet normal -0.328708 -0.097407 -0.939395
    outer loop
      vertex -1.096803 -1.889767 0.568117
      vertex -1.093802 -1.960000 0.574349
      vertex -1.169892 -1.960000 0.600974
    endloop
  endfacet
  facet normal -0.328708 -0.097407 -0.939395
    outer loop
      vertex -1.096803 -1.889767 0.568117
      vertex -1.169892 -1.960000 0.600974
      vertex -1.171432 -1.889767 0.594230
    endloop
  endfacet
  facet normal -0.111432 -0.097407 -0.988987
    outer loop
      vertex -1.171432 -1.889767 0.594230
      vertex -1.169892 -1.960000 0.600974
      vertex -1.250000 -1.960000 0.610000
    endloop
  endfacet
  facet normal -0.111432 -0.097407 -0.988987
    outer loop
      vertex -1.171432 -1.889767 0.594230
      vertex -1.250000 -1.960000 0.610000
      vertex -1.250000 -1.889767 0.603083
    endloop
  endfacet
  facet normal 0.111432 -0.097407 -0.988987
    outer loop
      vertex -1.250000 -1.889767 0.603083
      vertex -1.250000 -1.960000 0.610000
      vertex -1.330108 -1.960000 0.600974
    endloop
  endfacet
  facet normal 0.111432 -0.097407 -0.988987
    outer loop
      vertex -1.250000 -1.889767 0.603083
      vertex -1.330108 -1.960000 0.600974
      vertex -1.328568 -1.889767 0.594230
    endloop
  endfacet
  facet normal 0.328708 -0.097407 -0.939395
    outer loop
      vertex -1.328568 -1.889767 0.594230
      vertex -1.330108 -1.960000 0.600974
      vertex -1.406198 -1.960000 0.574349
    endloop
  endfacet
  facet normal 0.328708 -0.097407 -0.939395
    outer loop
      vertex -1.328568 -1.889767 0.594230
      vertex -1.406198 -1.960000 0.574349
      vertex -1.403197 -1.889767 0.568117
    endloop
  endfacet
  facet normal 0.529502 -0.097407 -0.842698
    outer loop
      vertex -1.403197 -1.889767 0.568117
      vertex -1.406198 -1.960000 0.574349
      vertex -1.474456 -1.960000 0.531459
    endloop
  endfacet
  facet normal 0.529502 -0.097407 -0.842698
    outer loop
      vertex -1.403197 -1.889767 0.568117
      vertex -1.474456 -1.960000 0.531459
      vertex -1.470143 -1.889767 0.526051
    endloop
  endfacet
  facet normal 0.703744 -0.097407 -0.703744
    outer loop
      vertex -1.470143 -1.889767 0.526051
      vertex -1.474456 -1.960000 0.531459
      vertex -1.531459 -1.960000 0.474456
    endloop
  endfacet
  facet normal 0.703744 -0.097407 -0.703744
    outer loop
      vertex -1.470143 -1.889767 0.526051
      vertex -1.531459 -1.960000 0.474456
      vertex -1.526051 -1.889767 0.470143
    endloop
  endfacet
  facet normal 0.842698 -0.097407 -0.529502
    outer loop
      vertex -1.526051 -1.889767 0.470143
      vertex -1.531459 -1.960000 0.474456
      vertex -1.574349 -1.960000 0.406198
    endloop
  endfacet
  facet normal 0.842698 -0.097407 -0.529502
    outer loop
      vertex -1.526051 -1.889767 0.470143
      vertex -1.574349 -1.960000 0.406198
      vertex -1.568117 -1.889767 0.403197
    endloop
  endfacet
  facet normal 0.939395 -0.097407 -0.328708
    outer loop
      vertex -1.568117 -1.889767 0.403197
      vertex -1.574349 -1.960000 0.406198
      vertex -1.600974 -1.960000 0.330108
    endloop
  endfacet
  facet normal 0.939395 -0.097407 -0.328708
    outer loop
      vertex -1.568117 -1.889767 0.403197
      vertex -1.600974 -1.960000 0.330108
      vertex -1.594230 -1.889767 0.328568
    endloop
  endfacet
  facet normal 0.988987 -0.097407 -0.111432
    outer loop
      vertex -1.594230 -1.889767 0.328568
      vertex -1.600974 -1.960000 0.330108
      vertex -1.610000 -1.960000 0.250000
    endloop
  endfacet
  facet normal 0.988987 -0.097407 -0.111432
    outer loop
      vertex -1.594230 -1.889767 0.328568
      vertex -1.610000 -1.960000 0.250000
      vertex -1.603083 -1.889767 0.250000
    endloop
  endfacet
  facet normal 0.988987 -0.097407 0.111432
    outer loop
      vertex -1.603083 -1.889767 0.250000
      vertex -1.610000 -1.960000 0.250000
      vertex -1.600974 -1.960000 0.169892
    endloop
  endfacet
  facet normal 0.988987 -0.097407 0.111432
    outer loop
      vertex -1.603083 -1.889767 0.250000
      vertex -1.600974 -1.960000 0.169892
      vertex -1.594230 -1.889767 0.171432
    endloop
  endfacet
  facet normal 0.939395 -0.097407 0.328708
    outer loop
      vertex -1.594230 -1.889767 0.171432
      vertex -1.600974 -1.960000 0.169892
      vertex -1.574349 -1.960000 0.093802
    endloop
  endfacet
  facet normal 0.939395 -0.097407 0.328708
    outer loop
      vertex -1.594230 -1.889767 0.171432
      vertex -1.574349 -1.960000 0.093802
      vertex -1.568117 -1.889767 0.096803
    endloop
  endfacet
  facet normal 0.842698 -0.097407 0.529502
    outer loop
      vertex -1.568117 -1.889767 0.096803
      vertex -1.574349 -1.960000 0.093802
      vertex -1.531459 -1.960000 0.025544
    endloop
  endfacet
  facet normal 0.842698 -0.097407 0.529502
    outer loop
      vertex -1.568117 -1.889767 0.096803
      vertex -1.531459 -1.960000 0.025544
      vertex -1.526051 -1.889767 0.029857
    endloop
  endfacet
  facet normal 0.703744 -0.097407 0.703744
    outer loop
      vertex -1.526051 -1.889767 0.029857
      vertex -1.531459 -1.960000 0.025544
      vertex -1.474456 -1.960000 -0.031459
    endloop
  endfacet
  facet normal 0.703744 -0.097407 0.703744
    outer loop
      vertex -1.526051 -1.889767 0.029857
      vertex -1.474456 -1.960000 -0.031459
      vertex -1.470143 -1.889767 -0.026051
    endloop
  endfacet
  facet normal 0.529502 -0.097407 0.842698
    outer loop
      vertex -1.470143 -1.889767 -0.026051
      vertex -1.474456 -1.960000 -0.031459
      vertex -1.406198 -1.960000 -0.074349
    endloop
  endfacet
  facet normal 0.529502 -0.097407 0.842698
    outer loop
      vertex -1.470143 -1.889767 -0.026051
      vertex -1.406198 -1.960000 -0.074349
      vertex -1.403197 -1.889767 -0.068117
    endloop
  endfacet
  facet normal 0.328708 -0.097407 0.939395
    outer loop
      vertex -1.403197 -1.889767 -0.068117
      vertex -1.406198 -1.960000 -0.074349
      vertex -1.330108 -1.960000 -0.100974
    endloop
  endfacet
  facet normal 0.328708 -0.097407 0.939395
    outer loop
      vertex -1.403197 -1.889767 -0.068117
      vertex -1.330108 -1.960000 -0.100974
      vertex -1.328568 -1.889767 -0.094230
    endloop
  endfacet
  facet normal 0.111432 -0.097407 0.988987
    outer loop
      vertex -1.328568 -1.889767 -0.094230
      vertex -1.330108 -1.960000 -0.100974
      vertex -1.250000 -1.960000 -0.110000
    endloop
  endfacet
  facet normal 0.111432 -0.097407 0.988987
    outer loop
      vertex -1.328568 -1.889767 -0.094230
      vertex -1.250000 -1.960000 -0.110000
      vertex -1.250000 -1.889767 -0.103083
    endloop
  endfacet
  facet normal -0.111432 -0.097407 0.988987
    outer loop
      vertex -1.250000 -1.889767 -0.103083
      vertex -1.250000 -1.960000 -0.110000
      vertex -1.169892 -1.960000 -0.100974
    endloop
  endfacet
  facet normal -0.111432 -0.097407 0.988987
    outer loop
      vertex -1.250000 -1.889767 -0.103083
      vertex -1.169892 -1.960000 -0.100974
      vertex -1.171432 -1.889767 -0.094230
    endloop
  endfacet
  facet normal -0.328708 -0.097407 0.939395
    outer loop
      vertex -1.171432 -1.889767 -0.094230
      vertex -1.169892 -1.960000 -0.100974
      vertex -1.093802 -1.960000 -0.074349
    endloop
  endfacet
  facet normal -0.328708 -0.097407 0.939395
    outer loop
      vertex -1.171432 -1.889767 -0.094230
      vertex -1.093802 -1.960000 -0.074349
      vertex -1.096803 -1.889767 -0.068117
    endloop
  endfacet
  facet normal -0.529502 -0.097407 0.842698
    outer loop
      vertex -1.096803 -1.889767 -0.068117
      vertex -1.093802 -1.960000 -0.074349
      vertex -1.025544 -1.960000 -0.031459
    endloop
  endfacet
  facet normal -0.529502 -0.097407 0.842698
    outer loop
      vertex -1.096803 -1.889767 -0.068117
      vertex -1.025544 -1.960000 -0.031459
      vertex -1.029857 -1.889767 -0.026051
    endloop
  endfacet
  facet normal -0.703744 -0.097407 0.703744
    outer loop
      vertex -1.029857 -1.889767 -0.026051
      vertex -1.025544 -1.960000 -0.031459
      vertex -0.968541 -1.960000 0.025544
    endloop
  endfacet
  facet normal -0.703744 -0.097407 0.703744
    outer loop
      vertex -1.029857 -1.889767 -0.026051
      vertex -0.968541 -1.960000 0.025544
      vertex -0.973949 -1.889767 0.029857
    endloop
  endfacet
  facet normal -0.842698 -0.097407 0.529502
    outer loop
      vertex -0.973949 -1.889767 0.029857
      vertex -0.968541 -1.960000 0.025544
      vertex -0.925651 -1.960000 0.093802
    endloop
  endfacet
  facet normal -0.842698 -0.097407 0.529502
    outer loop
      vertex -0.973949 -1.889767 0.029857
      vertex -0.925651 -1.960000 0.093802
      vertex -0.931883 -1.889767 0.096803
    endloop
  endfacet
  facet normal -0.939395 -0.097407 0.328708
    outer loop
      vertex -0.931883 -1.889767 0.096803
      vertex -0.925651 -1.960000 0.093802
      vertex -0.899026 -1.960000 0.169892
    endloop
  endfacet
  facet normal -0.939395 -0.097407 0.328708
    outer loop
      vertex -0.931883 -1.889767 0.096803
      vertex -0.899026 -1.960000 0.169892
      vertex -0.905770 -1.889767 0.171432
    endloop
  endfacet
  facet normal -0.988987 -0.097407 0.111432
    outer loop
      vertex -0.905770 -1.889767 0.171432
      vertex -0.899026 -1.960000 0.169892
      vertex -0.890000 -1.960000 0.250000
    endloop
  endfacet
  facet normal -0.988987 -0.097407 0.111432
    outer loop
      vertex -0.905770 -1.889767 0.171432
      vertex -0.890000 -1.960000 0.250000
      vertex -0.896917 -1.889767 0.250000
    endloop
  endfacet
  facet normal 0.000000 -1.000000 0.000000
    outer loop
      vertex 0.000000 -1.960000 0.250000
      vertex 0.399500 -1.960000 0.250000
      vertex 0.389484 -1.960000 0.338897
    endloop
  endfacet
  facet normal 0.000000 1.000000 0.000000
    outer loop
      vertex 0.000000 -2.400000 0.250000
      vertex 0.389484 -2.400000 0.338897
      vertex 0.399500 -2.400000 0.250000
    endloop
  endfacet
  facet normal -0.993712 0.000000 -0.111964
    outer loop
      vertex 0.399500 -2.400000 0.250000
      vertex 0.389484 -2.400000 0.338897
      vertex 0.389484 -1.960000 0.338897
    endloop
  endfacet
  facet normal -0.993712 0.000000 -0.111964
    outer loop
      vertex 0.399500 -2.400000 0.250000
      vertex 0.389484 -1.960000 0.338897
      vertex 0.399500 -1.960000 0.250000
    endloop
  endfacet
  facet normal 0.000000 -1.000000 0.000000
    outer loop
      vertex 0.000000 -1.960000 0.250000
      vertex 0.389484 -1.960000 0.338897
      vertex 0.359937 -1.960000 0.423337
    endloop
  endfacet
  facet normal 0.000000 1.000000 0.000000
    outer loop
      vertex 0.000000 -2.400000 0.250000
      vertex 0.359937 -2.400000 0.423337
      vertex 0.389484 -2.400000 0.338897
    endloop
  endfacet
  facet normal -0.943883 0.000000 -0.330279
    outer loop
      vertex 0.389484 -2.400000 0.338897
      vertex 0.359937 -2.400000 0.423337
      vertex 0.359937 -1.960000 0.423337
    endloop
  endfacet
  facet normal -0.943883 0.000000 -0.330279
    outer loop
      vertex 0.389484 -2.400000 0.338897
      vertex 0.359937 -1.960000 0.423337
      vertex 0.389484 -1.960000 0.338897
    endloop
  endfacet
  facet normal 0.000000 -1.000000 0.000000
    outer loop
      vertex 0.000000 -1.960000 0.250000
      vertex 0.359937 -1.960000 0.423337
      vertex 0.312342 -1.960000 0.499084
    endloop
  endfacet
  facet normal 0.000000 1.000000 0.000000
    outer loop
      vertex 0.000000 -2.400000 0.250000
      vertex 0.312342 -2.400000 0.499084
      vertex 0.359937 -2.400000 0.423337
    endloop
  endfacet
  facet normal -0.846724 0.000000 -0.532032
    outer loop
      vertex 0.359937 -2.400000 0.423337
      vertex 0.312342 -2.400000 0.499084
      vertex 0.312342 -1.960000 0.499084
    endloop
  endfacet
  facet normal -0.846724 0.000000 -0.532032
    outer loop
      vertex 0.359937 -2.400000 0.423337
      vertex 0.312342 -1.960000 0.499084
      vertex 0.359937 -1.960000 0.423337
    endloop
  endfacet
  facet normal 0.000000 -1.000000 0.000000
    outer loop
      vertex 0.000000 -1.960000 0.250000
      vertex 0.312342 -1.960000 0.499084
      vertex 0.249084 -1.960000 0.562342
    endloop
  endfacet
  facet normal 0.000000 1.000000 0.000000
    outer loop
      vertex 0.000000 -2.400000 0.250000
      vertex 0.249084 -2.400000 0.562342
      vertex 0.312342 -2.400000 0.499084
    endloop
  endfacet
  facet normal -0.707107 0.000000 -0.707107
    outer loop
      vertex 0.312342 -2.400000 0.499084
      vertex 0.249084 -2.400000 0.562342
      vertex 0.249084 -1.960000 0.562342
    endloop
  endfacet
  facet normal -0.707107 0.000000 -0.707107
    outer loop
      vertex 0.312342 -2.400000 0.499084
      vertex 0.249084 -1.960000 0.562342
      vertex 0.312342 -1.960000 0.499084
    endloop
  endfacet
  facet normal 0.000000 -1.000000 0.000000
    outer loop
      vertex 0.000000 -1.960000 0.250000
      vertex 0.249084 -1.960000 0.562342
      vertex 0.173337 -1.960000 0.609937
    endloop
  endfacet
  facet normal 0.000000 1.000000 0.000000
    outer loop
      vertex 0.000000 -2.400000 0.250000
      vertex 0.173337 -2.400000 0.609937
      vertex 0.249084 -2.400000 0.562342
    endloop
  endfacet
  facet normal -0.532032 0.000000 -0.846724
    outer loop
      vertex 0.249084 -2.400000 0.562342
      vertex 0.173337 -2.400000 0.609937
      vertex 0.173337 -1.960000 0.609937
    endloop
  endfacet
  facet normal -0.532032 0.000000 -0.846724
    outer loop
      vertex 0.249084 -2.400000 0.562342
      vertex 0.173337 -1.960000 0.609937
      vertex 0.249084 -1.960000 0.562342
    endloop
  endfacet
  facet normal 0.000000 -1.000000 0.000000
    outer loop
      vertex 0.000000 -1.960000 0.250000
      vertex 0.173337 -1.960000 0.609937
      vertex 0.088897 -1.960000 0.639484
    endloop
  endfacet
  facet normal 0.000000 1.000000 0.000000
    outer loop
      vertex 0.000000 -2.400000 0.250000
      vertex 0.088897 -2.400000 0.639484
      vertex 0.173337 -2.400000 0.609937
    endloop
  endfacet
  facet normal -0.330279 0.000000 -0.943883
    outer loop
      vertex 0.173337 -2.400000 0.609937
      vertex 0.088897 -2.400000 0.639484
      vertex 0.088897 -1.960000 0.639484
    endloop
  endfacet
  facet normal -0.330279 0.000000 -0.943883
    outer loop
      vertex 0.173337 -2.400000 0.609937
      vertex 0.088897 -1.960000 0.639484
      vertex 0.173337 -1.960000 0.609937
    endloop
  endfacet
  facet normal 0.000000 -1.000000 0.000000
    outer loop
      vertex 0.000000 -1.960000 0.250000
      vertex 0.088897 -1.960000 0.639484
      vertex 0.000000 -1.960000 0.649500
    endloop
  endfacet
  facet normal 0.000000 1.000000 0.000000
    outer loop
      vertex 0.000000 -2.400000 0.250000
      vertex 0.000000 -2.400000 0.649500
      vertex 0.088897 -2.400000 0.639484
    endloop
  endfacet
  facet normal -0.111964 0.000000 -0.993712
    outer loop
      vertex 0.088897 -2.400000 0.639484
      vertex 0.000000 -2.400000 0.649500
      vertex 0.000000 -1.960000 0.649500
    endloop
  endfacet
  facet normal -0.111964 0.000000 -0.993712
    outer loop
      vertex 0.088897 -2.400000 0.639484
      vertex 0.000000 -1.960000 0.649500
      vertex 0.088897 -1.960000 0.639484
    endloop
  endfacet
  facet normal 0.000000 -1.000000 0.000000
    outer loop
      vertex 0.000000 -1.960000 0.250000
      vertex 0.000000 -1.960000 0.649500
      vertex -0.088897 -1.960000 0.639484
    endloop
  endfacet
  facet normal 0.000000 1.000000 0.000000
    outer loop
      vertex 0.000000 -2.400000 0.250000
      vertex -0.088897 -2.400000 0.639484
      vertex 0.000000 -2.400000 0.649500
    endloop
  endfacet
  facet normal 0.111964 0.000000 -0.993712
    outer loop
      vertex 0.000000 -2.400000 0.649500
      vertex -0.088897 -2.400000 0.639484
      vertex -0.088897 -1.960000 0.639484
    endloop
  endfacet
  facet normal 0.111964 0.000000 -0.993712
    outer loop
      vertex 0.000000 -2.400000 0.649500
      vertex -0.088897 -1.960000 0.639484
      vertex 0.000000 -1.960000 0.649500
    endloop
  endfacet
  facet normal 0.000000 -1.000000 0.000000
    outer loop
      vertex 0.000000 -1.960000 0.250000
      vertex -0.088897 -1.960000 0.639484
      vertex -0.173337 -1.960000 0.609937
    endloop
  endfacet
  facet normal 0.000000 1.000000 0.000000
    outer loop
      vertex 0.000000 -2.400000 0.250000
      vertex -0.173337 -2.400000 0.609937
      vertex -0.088897 -2.400000 0.639484
    endloop
  endfacet
  facet normal 0.330279 0.000000 -0.943883
    outer loop
      vertex -0.088897 -2.400000 0.639484
      vertex -0.173337 -2.400000 0.609937
      vertex -0.173337 -1.960000 0.609937
    endloop
  endfacet
  facet normal 0.330279 0.000000 -0.943883
    outer loop
      vertex -0.088897 -2.400000 0.639484
      vertex -0.173337 -1.960000 0.609937
      vertex -0.088897 -1.960000 0.639484
    endloop
  endfacet
  facet normal 0.000000 -1.000000 0.000000
    outer loop
      vertex 0.000000 -1.960000 0.250000
      vertex -0.173337 -1.960000 0.609937
      vertex -0.249084 -1.960000 0.562342
    endloop
  endfacet
  facet normal 0.000000 1.000000 0.000000
    outer loop
      vertex 0.000000 -2.400000 0.250000
      vertex -0.249084 -2.400000 0.562342
      vertex -0.173337 -2.400000 0.609937
    endloop
  endfacet
  facet normal 0.532032 0.000000 -0.846724
    outer loop
      vertex -0.173337 -2.400000 0.609937
      vertex -0.249084 -2.400000 0.562342
      vertex -0.249084 -1.960000 0.562342
    endloop
  endfacet
  facet normal 0.532032 0.000000 -0.846724
    outer loop
      vertex -0.173337 -2.400000 0.609937
      vertex -0.249084 -1.960000 0.562342
      vertex -0.173337 -1.960000 0.609937
    endloop
  endfacet
  facet normal 0.000000 -1.000000 0.000000
    outer loop
      vertex 0.000000 -1.960000 0.250000
      vertex -0.249084 -1.960000 0.562342
      vertex -0.312342 -1.960000 0.499084
    endloop
  endfacet
  facet normal 0.000000 1.000000 0.000000
    outer loop
      vertex 0.000000 -2.400000 0.250000
      vertex -0.312342 -2.400000 0.499084
      vertex -0.249084 -2.400000 0.562342
    endloop
  endfacet
  facet normal 0.707107 0.000000 -0.707107
    outer loop
      vertex -0.249084 -2.400000 0.562342
      vertex -0.312342 -2.400000 0.499084
      vertex -0.312342 -1.960000 0.499084
    endloop
  endfacet
  facet normal 0.707107 0.000000 -0.707107
    outer loop
      vertex -0.249084 -2.400000 0.562342
      vertex -0.312342 -1.960000 0.499084
      vertex -0.249084 -1.960000 0.562342
    endloop
  endfacet
  facet normal 0.000000 -1.000000 0.000000
    outer loop
      vertex 0.000000 -1.960000 0.250000
      vertex -0.312342 -1.960000 0.499084
      vertex -0.359937 -1.960000 0.423337
    endloop
  endfacet
  facet normal 0.000000 1.000000 0.000000
    outer loop
      vertex 0.000000 -2.400000 0.250000
      vertex -0.359937 -2.400000 0.423337
      vertex -0.312342 -2.400000 0.499084
    endloop
  endfacet
  facet normal 0.846724 0.000000 -0.532032
    outer loop
      vertex -0.312342 -2.400000 0.499084
      vertex -0.359937 -2.400000 0.423337
      vertex -0.359937 -1.960000 0.423337
    endloop
  endfacet
  facet normal 0.846724 0.000000 -0.532032
    outer loop
      vertex -0.312342 -2.400000 0.499084
      vertex -0.359937 -1.960000 0.423337
      vertex -0.312342 -1.960000 0.499084
    endloop
  endfacet
  facet normal 0.000000 -1.000000 0.000000
    outer loop
      vertex 0.000000 -1.960000 0.250000
      vertex -0.359937 -1.960000 0.423337
      vertex -0.389484 -1.960000 0.338897
    endloop
  endfacet
  facet normal 0.000000 1.000000 0.000000
    outer loop
      vertex 0.000000 -2.400000 0.250000
      vertex -0.389484 -2.400000 0.338897
      vertex -0.359937 -2.400000 0.423337
    endloop
  endfacet
  facet normal 0.943883 0.000000 -0.330279
    outer loop
      vertex -0.359937 -2.400000 0.423337
      vertex -0.389484 -2.400000 0.338897
      vertex -0.389484 -1.960000 0.338897
    endloop
  endfacet
  facet normal 0.943883 0.000000 -0.330279
    outer loop
      vertex -0.359937 -2.400000 0.423337
      vertex -0.389484 -1.960000 0.338897
      vertex -0.359937 -1.960000 0.423337
    endloop
  endfacet
  facet normal 0.000000 -1.000000 0.000000
    outer loop
      vertex 0.000000 -1.960000 0.250000
      vertex -0.389484 -1.960000 0.338897
      vertex -0.399500 -1.960000 0.250000
    endloop
  endfacet
  facet normal 0.000000 1.000000 0.000000
    outer loop
      vertex 0.000000 -2.400000 0.250000
      vertex -0.399500 -2.400000 0.250000
      vertex -0.389484 -2.400000 0.338897
    endloop
  endfacet
  facet normal 0.993712 0.000000 -0.111964
    outer loop
      vertex -0.389484 -2.400000 0.338897
      vertex -0.399500 -2.400000 0.250000
      vertex -0.399500 -1.960000 0.250000
    endloop
  endfacet
  facet normal 0.993712 0.000000 -0.111964
    outer loop
      vertex -0.389484 -2.400000 0.338897
      vertex -0.399500 -1.960000 0.250000
      vertex -0.389484 -1.960000 0.338897
    endloop
  endfacet
  facet normal 0.000000 -1.000000 0.000000
    outer loop
      vertex 0.000000 -1.960000 0.250000
      vertex -0.399500 -1.960000 0.250000
      vertex -0.389484 -1.960000 0.161103
    endloop
  endfacet
  facet normal 0.000000 1.000000 0.000000
    outer loop
      vertex 0.000000 -2.400000 0.250000
      vertex -0.389484 -2.400000 0.161103
      vertex -0.399500 -2.400000 0.250000
    endloop
  endfacet
  facet normal 0.993712 0.000000 0.111964
    outer loop
      vertex -0.399500 -2.400000 0.250000
      vertex -0.389484 -2.400000 0.161103
      vertex -0.389484 -1.960000 0.161103
    endloop
  endfacet
  facet normal 0.993712 0.000000 0.111964
    outer loop
      vertex -0.399500 -2.400000 0.250000
      vertex -0.389484 -1.960000 0.161103
      vertex -0.399500 -1.960000 0.250000
    endloop
  endfacet
  facet normal 0.000000 -1.000000 0.000000
    outer loop
      vertex 0.000000 -1.960000 0.250000
      vertex -0.389484 -1.960000 0.161103
      vertex -0.359937 -1.960000 0.076663
    endloop
  endfacet
  facet normal 0.000000 1.000000 0.000000
    outer loop
      vertex 0.000000 -2.400000 0.250000
      vertex -0.359937 -2.400000 0.076663
      vertex -0.389484 -2.400000 0.161103
    endloop
  endfacet
  facet normal 0.943883 0.000000 0.330279
    outer loop
      vertex -0.389484 -2.400000 0.161103
      vertex -0.359937 -2.400000 0.076663
      vertex -0.359937 -1.960000 0.076663
    endloop
  endfacet
  facet normal 0.943883 0.000000 0.330279
    outer loop
      vertex -0.389484 -2.400000 0.161103
      vertex -0.359937 -1.960000 0.076663
      vertex -0.389484 -1.960000 0.161103
    endloop
  endfacet
  facet normal 0.000000 -1.000000 0.000000
    outer loop
      vertex 0.000000 -1.960000 0.250000
      vertex -0.359937 -1.960000 0.076663
      vertex -0.312342 -1.960000 0.000916
    endloop
  endfacet
  facet normal 0.000000 1.000000 0.000000
    outer loop
      vertex 0.000000 -2.400000 0.250000
      vertex -0.312342 -2.400000 0.000916
      vertex -0.359937 -2.400000 0.076663
    endloop
  endfacet
  facet normal 0.846724 0.000000 0.532032
    outer loop
      vertex -0.359937 -2.400000 0.076663
      vertex -0.312342 -2.400000 0.000916
      vertex -0.312342 -1.960000 0.000916
    endloop
  endfacet
  facet normal 0.846724 0.000000 0.532032
    outer loop
      vertex -0.359937 -2.400000 0.076663
      vertex -0.312342 -1.960000 0.000916
      vertex -0.359937 -1.960000 0.076663
    endloop
  endfacet
  facet normal 0.000000 -1.000000 0.000000
    outer loop
      vertex 0.000000 -1.960000 0.250000
      vertex -0.312342 -1.960000 0.000916
      vertex -0.249084 -1.960000 -0.062342
    endloop
  endfacet
  facet normal 0.000000 1.000000 0.000000
    outer loop
      vertex 0.000000 -2.400000 0.250000
      vertex -0.249084 -2.400000 -0.062342
      vertex -0.312342 -2.400000 0.000916
    endloop
  endfacet
  facet normal 0.707107 0.000000 0.707107
    outer loop
      vertex -0.312342 -2.400000 0.000916
      vertex -0.249084 -2.400000 -0.062342
      vertex -0.249084 -1.960000 -0.062342
    endloop
  endfacet
  facet normal 0.707107 0.000000 0.707107
    outer loop
      vertex -0.312342 -2.400000 0.000916
      vertex -0.249084 -1.960000 -0.062342
      vertex -0.312342 -1.960000 0.000916
    endloop
  endfacet
  facet normal 0.000000 -1.000000 0.000000
    outer loop
      vertex 0.000000 -1.960000 0.250000
      vertex -0.249084 -1.960000 -0.062342
      vertex -0.173337 -1.960000 -0.109937
    endloop
  endfacet
  facet normal 0.000000 1.000000 0.000000
    outer loop
      vertex 0.000000 -2.400000 0.250000
      vertex -0.173337 -2.400000 -0.109937
      vertex -0.249084 -2.400000 -0.062342
    endloop
  endfacet
  facet normal 0.532032 0.000000 0.846724
    outer loop
      vertex -0.249084 -2.400000 -0.062342
      vertex -0.173337 -2.400000 -0.109937
      vertex -0.173337 -1.960000 -0.109937
    endloop
  endfacet
  facet normal 0.532032 0.000000 0.846724
    outer loop
      vertex -0.249084 -2.400000 -0.062342
      vertex -0.173337 -1.960000 -0.109937
      vertex -0.249084 -1.960000 -0.062342
    endloop
  endfacet
  facet normal 0.000000 -1.000000 0.000000
    outer loop
      vertex 0.000000 -1.960000 0.250000
      vertex -0.173337 -1.960000 -0.109937
      vertex -0.088897 -1.960000 -0.139484
    endloop
  endfacet
  facet normal 0.000000 1.000000 0.000000
    outer loop
      vertex 0.000000 -2.400000 0.250000
      vertex -0.088897 -2.400000 -0.139484
      vertex -0.173337 -2.400000 -0.109937
    endloop
  endfacet
  facet normal 0.330279 0.000000 0.943883
    outer loop
      vertex -0.173337 -2.400000 -0.109937
      vertex -0.088897 -2.400000 -0.139484
      vertex -0.088897 -1.960000 -0.139484
    endloop
  endfacet
  facet normal 0.330279 0.000000 0.943883
    outer loop
      vertex -0.173337 -2.400000 -0.109937
      vertex -0.088897 -1.960000 -0.139484
      vertex -0.173337 -1.960000 -0.109937
    endloop
  endfacet
  facet normal 0.000000 -1.000000 0.000000
    outer loop
      vertex 0.000000 -1.960000 0.250000
      vertex -0.088897 -1.960000 -0.139484
      vertex -0.000000 -1.960000 -0.149500
    endloop
  endfacet
  facet normal 0.000000 1.000000 0.000000
    outer loop
      vertex 0.000000 -2.400000 0.250000
      vertex -0.000000 -2.400000 -0.149500
      vertex -0.088897 -2.400000 -0.139484
    endloop
  endfacet
  facet normal 0.111964 0.000000 0.993712
    outer loop
      vertex -0.088897 -2.400000 -0.139484
      vertex -0.000000 -2.400000 -0.149500
      vertex -0.000000 -1.960000 -0.149500
    endloop
  endfacet
  facet normal 0.111964 0.000000 0.993712
    outer loop
      vertex -0.088897 -2.400000 -0.139484
      vertex -0.000000 -1.960000 -0.149500
      vertex -0.088897 -1.960000 -0.139484
    endloop
  endfacet
  facet normal 0.000000 -1.000000 0.000000
    outer loop
      vertex 0.000000 -1.960000 0.250000
      vertex -0.000000 -1.960000 -0.149500
      vertex 0.088897 -1.960000 -0.139484
    endloop
  endfacet
  facet normal 0.000000 1.000000 0.000000
    outer loop
      vertex 0.000000 -2.400000 0.250000
      vertex 0.088897 -2.400000 -0.139484
      vertex -0.000000 -2.400000 -0.149500
    endloop
  endfacet
  facet normal -0.111964 0.000000 0.993712
    outer loop
      vertex -0.000000 -2.400000 -0.149500
      vertex 0.088897 -2.400000 -0.139484
      vertex 0.088897 -1.960000 -0.139484
    endloop
  endfacet
  facet normal -0.111964 0.000000 0.993712
    outer loop
      vertex -0.000000 -2.400000 -0.149500
      vertex 0.088897 -1.960000 -0.139484
      vertex -0.000000 -1.960000 -0.149500
    endloop
  endfacet
  facet normal 0.000000 -1.000000 0.000000
    outer loop
      vertex 0.000000 -1.960000 0.250000
      vertex 0.088897 -1.960000 -0.139484
      vertex 0.173337 -1.960000 -0.109937
    endloop
  endfacet
  facet normal 0.000000 1.000000 0.000000
    outer loop
      vertex 0.000000 -2.400000 0.250000
      vertex 0.173337 -2.400000 -0.109937
      vertex 0.088897 -2.400000 -0.139484
    endloop
  endfacet
  facet normal -0.330279 0.000000 0.943883
    outer loop
      vertex 0.088897 -2.400000 -0.139484
      vertex 0.173337 -2.400000 -0.109937
      vertex 0.173337 -1.960000 -0.109937
    endloop
  endfacet
  facet normal -0.330279 0.000000 0.943883
    outer loop
      vertex 0.088897 -2.400000 -0.139484
      vertex 0.173337 -1.960000 -0.109937
      vertex 0.088897 -1.960000 -0.139484
    endloop
  endfacet
  facet normal 0.000000 -1.000000 0.000000
    outer loop
      vertex 0.000000 -1.960000 0.250000
      vertex 0.173337 -1.960000 -0.109937
      vertex 0.249084 -1.960000 -0.062342
    endloop
  endfacet
  facet normal 0.000000 1.000000 0.000000
    outer loop
      vertex 0.000000 -2.400000 0.250000
      vertex 0.249084 -2.400000 -0.062342
      vertex 0.173337 -2.400000 -0.109937
    endloop
  endfacet
  facet normal -0.532032 0.000000 0.846724
    outer loop
      vertex 0.173337 -2.400000 -0.109937
      vertex 0.249084 -2.400000 -0.062342
      vertex 0.249084 -1.960000 -0.062342
    endloop
  endfacet
  facet normal -0.532032 0.000000 0.846724
    outer loop
      vertex 0.173337 -2.400000 -0.109937
      vertex 0.249084 -1.960000 -0.062342
      vertex 0.173337 -1.960000 -0.109937
    endloop
  endfacet
  facet normal 0.000000 -1.000000 0.000000
    outer loop
      vertex 0.000000 -1.960000 0.250000
      vertex 0.249084 -1.960000 -0.062342
      vertex 0.312342 -1.960000 0.000916
    endloop
  endfacet
  facet normal 0.000000 1.000000 0.000000
    outer loop
      vertex 0.000000 -2.400000 0.250000
      vertex 0.312342 -2.400000 0.000916
      vertex 0.249084 -2.400000 -0.062342
    endloop
  endfacet
  facet normal -0.707107 0.000000 0.707107
    outer loop
      vertex 0.249084 -2.400000 -0.062342
      vertex 0.312342 -2.400000 0.000916
      vertex 0.312342 -1.960000 0.000916
    endloop
  endfacet
  facet normal -0.707107 0.000000 0.707107
    outer loop
      vertex 0.249084 -2.400000 -0.062342
      vertex 0.312342 -1.960000 0.000916
      vertex 0.249084 -1.960000 -0.062342
    endloop
  endfacet
  facet normal 0.000000 -1.000000 0.000000
    outer loop
      vertex 0.000000 -1.960000 0.250000
      vertex 0.312342 -1.960000 0.000916
      vertex 0.359937 -1.960000 0.076663
    endloop
  endfacet
  facet normal 0.000000 1.000000 0.000000
    outer loop
      vertex 0.000000 -2.400000 0.250000
      vertex 0.359937 -2.400000 0.076663
      vertex 0.312342 -2.400000 0.000916
    endloop
  endfacet
  facet normal -0.846724 0.000000 0.532032
    outer loop
      vertex 0.312342 -2.400000 0.000916
      vertex 0.359937 -2.400000 0.076663
      vertex 0.359937 -1.960000 0.076663
    endloop
  endfacet
  facet normal -0.846724 0.000000 0.532032
    outer loop
      vertex 0.312342 -2.400000 0.000916
      vertex 0.359937 -1.960000 0.076663
      vertex 0.312342 -1.960000 0.000916
    endloop
  endfacet
  facet normal 0.000000 -1.000000 0.000000
    outer loop
      vertex 0.000000 -1.960000 0.250000
      vertex 0.359937 -1.960000 0.076663
      vertex 0.389484 -1.960000 0.161103
    endloop
  endfacet
  facet normal 0.000000 1.000000 0.000000
    outer loop
      vertex 0.000000 -2.400000 0.250000
      vertex 0.389484 -2.400000 0.161103
      vertex 0.359937 -2.400000 0.076663
    endloop
  endfacet
  facet normal -0.943883 0.000000 0.330279
    outer loop
      vertex 0.359937 -2.400000 0.076663
      vertex 0.389484 -2.400000 0.161103
      vertex 0.389484 -1.960000 0.161103
    endloop
  endfacet
  facet normal -0.943883 0.000000 0.330279
    outer loop
      vertex 0.359937 -2.400000 0.076663
      vertex 0.389484 -1.960000 0.161103
      vertex 0.359937 -1.960000 0.076663
    endloop
  endfacet
  facet normal 0.000000 -1.000000 0.000000
    outer loop
      vertex 0.000000 -1.960000 0.250000
      vertex 0.389484 -1.960000 0.161103
      vertex 0.399500 -1.960000 0.250000
    endloop
  endfacet
  facet normal 0.000000 1.000000 0.000000
    outer loop
      vertex 0.000000 -2.400000 0.250000
      vertex 0.399500 -2.400000 0.250000
      vertex 0.389484 -2.400000 0.161103
    endloop
  endfacet
  facet normal -0.993712 0.000000 0.111964
    outer loop
      vertex 0.389484 -2.400000 0.161103
      vertex 0.399500 -2.400000 0.250000
      vertex 0.399500 -1.960000 0.250000
    endloop
  endfacet
  facet normal -0.993712 0.000000 0.111964
    outer loop
      vertex 0.389484 -2.400000 0.161103
      vertex 0.399500 -1.960000 0.250000
      vertex 0.389484 -1.960000 0.161103
    endloop
  endfacet
  facet normal -0.098011 -0.995124 -0.011043
    outer loop
      vertex 0.000000 -1.600000 0.250000
      vertex 0.070233 -1.606917 0.250000
      vertex 0.068472 -1.606917 0.265628
    endloop
  endfacet
  facet normal -0.093096 -0.995124 -0.032576
    outer loop
      vertex 0.000000 -1.600000 0.250000
      vertex 0.068472 -1.606917 0.265628
      vertex 0.063277 -1.606917 0.280473
    endloop
  endfacet
  facet normal -0.083514 -0.995124 -0.052475
    outer loop
      vertex 0.000000 -1.600000 0.250000
      vertex 0.063277 -1.606917 0.280473
      vertex 0.054910 -1.606917 0.293789
    endloop
  endfacet
  facet normal -0.069743 -0.995124 -0.069743
    outer loop
      vertex 0.000000 -1.600000 0.250000
      vertex 0.054910 -1.606917 0.293789
      vertex 0.043789 -1.606917 0.304910
    endloop
  endfacet
  facet normal -0.052475 -0.995124 -0.083514
    outer loop
      vertex 0.000000 -1.600000 0.250000
      vertex 0.043789 -1.606917 0.304910
      vertex 0.030473 -1.606917 0.313277
    endloop
  endfacet
  facet normal -0.032576 -0.995124 -0.093096
    outer loop
      vertex 0.000000 -1.600000 0.250000
      vertex 0.030473 -1.606917 0.313277
      vertex 0.015628 -1.606917 0.318472
    endloop
  endfacet
  facet normal -0.011043 -0.995124 -0.098011
    outer loop
      vertex 0.000000 -1.600000 0.250000
      vertex 0.015628 -1.606917 0.318472
      vertex 0.000000 -1.606917 0.320233
    endloop
  endfacet
  facet normal 0.011043 -0.995124 -0.098011
    outer loop
      vertex 0.000000 -1.600000 0.250000
      vertex 0.000000 -1.606917 0.320233
      vertex -0.015628 -1.606917 0.318472
    endloop
  endfacet
  facet normal 0.032576 -0.995124 -0.093096
    outer loop
      vertex 0.000000 -1.600000 0.250000
      vertex -0.015628 -1.606917 0.318472
      vertex -0.030473 -1.606917 0.313277
    endloop
  endfacet
  facet normal 0.052475 -0.995124 -0.083514
    outer loop
      vertex 0.000000 -1.600000 0.250000
      vertex -0.030473 -1.606917 0.313277
      vertex -0.043789 -1.606917 0.304910
    endloop
  endfacet
  facet normal 0.069743 -0.995124 -0.069743
    outer loop
      vertex 0.000000 -1.600000 0.250000
      vertex -0.043789 -1.606917 0.304910
      vertex -0.054910 -1.606917 0.293789
    endloop
  endfacet
  facet normal 0.083514 -0.995124 -0.052475
    outer loop
      vertex 0.000000 -1.600000 0.250000
      vertex -0.054910 -1.606917 0.293789
      vertex -0.063277 -1.606917 0.280473
    endloop
  endfacet
  facet normal 0.093096 -0.995124 -0.032576
    outer loop
      vertex 0.000000 -1.600000 0.250000
      vertex -0.063277 -1.606917 0.280473
      vertex -0.068472 -1.606917 0.265628
    endloop
  endfacet
  facet normal 0.098011 -0.995124 -0.011043
    outer loop
      vertex 0.000000 -1.600000 0.250000
      vertex -0.068472 -1.606917 0.265628
      vertex -0.070233 -1.606917 0.250000
    endloop
  endfacet
  facet normal 0.098011 -0.995124 0.011043
    outer loop
      vertex 0.000000 -1.600000 0.250000
      vertex -0.070233 -1.606917 0.250000
      vertex -0.068472 -1.606917 0.234372
    endloop
  endfacet
  facet normal 0.093096 -0.995124 0.032576
    outer loop
      vertex 0.000000 -1.600000 0.250000
      vertex -0.068472 -1.606917 0.234372
      vertex -0.063277 -1.606917 0.219527
    endloop
  endfacet
  facet normal 0.083514 -0.995124 0.052475
    outer loop
      vertex 0.000000 -1.600000 0.250000
      vertex -0.063277 -1.606917 0.219527
      vertex -0.054910 -1.606917 0.206211
    endloop
  endfacet
  facet normal 0.069743 -0.995124 0.069743
    outer loop
      vertex 0.000000 -1.600000 0.250000
      vertex -0.054910 -1.606917 0.206211
      vertex -0.043789 -1.606917 0.195090
    endloop
  endfacet
  facet normal 0.052475 -0.995124 0.083514
    outer loop
      vertex 0.000000 -1.600000 0.250000
      vertex -0.043789 -1.606917 0.195090
      vertex -0.030473 -1.606917 0.186723
    endloop
  endfacet
  facet normal 0.032576 -0.995124 0.093096
    outer loop
      vertex 0.000000 -1.600000 0.250000
      vertex -0.030473 -1.606917 0.186723
      vertex -0.015628 -1.606917 0.181528
    endloop
  endfacet
  facet normal 0.011043 -0.995124 0.098011
    outer loop
      vertex 0.000000 -1.600000 0.250000
      vertex -0.015628 -1.606917 0.181528
      vertex -0.000000 -1.606917 0.179767
    endloop
  endfacet
  facet normal -0.011043 -0.995124 0.098011
    outer loop
      vertex 0.000000 -1.600000 0.250000
      vertex -0.000000 -1.606917 0.179767
      vertex 0.015628 -1.606917 0.181528
    endloop
  endfacet
  facet normal -0.032576 -0.995124 0.093096
    outer loop
      vertex 0.000000 -1.600000 0.250000
      vertex 0.015628 -1.606917 0.181528
      vertex 0.030473 -1.606917 0.186723
    endloop
  endfacet
  facet normal -0.052475 -0.995124 0.083514
    outer loop
      vertex 0.000000 -1.600000 0.250000
      vertex 0.030473 -1.606917 0.186723
      vertex 0.043789 -1.606917 0.195090
    endloop
  endfacet
  facet normal -0.069743 -0.995124 0.069743
    outer loop
      vertex 0.000000 -1.600000 0.250000
      vertex 0.043789 -1.606917 0.195090
      vertex 0.054910 -1.606917 0.206211
    endloop
  endfacet
  facet normal -0.083514 -0.995124 0.052475
    outer loop
      vertex 0.000000 -1.600000 0.250000
      vertex 0.054910 -1.606917 0.206211
      vertex 0.063277 -1.606917 0.219527
    endloop
  endfacet
  facet normal -0.093096 -0.995124 0.032576
    outer loop
      vertex 0.000000 -1.600000 0.250000
      vertex 0.063277 -1.606917 0.219527
      vertex 0.068472 -1.606917 0.234372
    endloop
  endfacet
  facet normal -0.098011 -0.995124 0.011043
    outer loop
      vertex 0.000000 -1.600000 0.250000
      vertex 0.068472 -1.606917 0.234372
      vertex 0.070233 -1.606917 0.250000
    endloop
  endfacet
  facet normal -0.290130 -0.956429 -0.032690
    outer loop
      vertex 0.070233 -1.606917 0.250000
      vertex 0.137766 -1.627403 0.250000
      vertex 0.134312 -1.627403 0.280656
    endloop
  endfacet
  facet normal -0.290130 -0.956429 -0.032690
    outer loop
      vertex 0.070233 -1.606917 0.250000
      vertex 0.134312 -1.627403 0.280656
      vertex 0.068472 -1.606917 0.265628
    endloop
  endfacet
  facet normal -0.275581 -0.956429 -0.096430
    outer loop
      vertex 0.068472 -1.606917 0.265628
      vertex 0.134312 -1.627403 0.280656
      vertex 0.124123 -1.627403 0.309774
    endloop
  endfacet
  facet normal -0.275581 -0.956429 -0.096430
    outer loop
      vertex 0.068472 -1.606917 0.265628
      vertex 0.124123 -1.627403 0.309774
      vertex 0.063277 -1.606917 0.280473
    endloop
  endfacet
  facet normal -0.247214 -0.956429 -0.155335
    outer loop
      vertex 0.063277 -1.606917 0.280473
      vertex 0.124123 -1.627403 0.309774
      vertex 0.107710 -1.627403 0.335896
    endloop
  endfacet
  facet normal -0.247214 -0.956429 -0.155335
    outer loop
      vertex 0.063277 -1.606917 0.280473
      vertex 0.107710 -1.627403 0.335896
      vertex 0.054910 -1.606917 0.293789
    endloop
  endfacet
  facet normal -0.206451 -0.956429 -0.206451
    outer loop
      vertex 0.054910 -1.606917 0.293789
      vertex 0.107710 -1.627403 0.335896
      vertex 0.085896 -1.627403 0.357710
    endloop
  endfacet
  facet normal -0.206451 -0.956429 -0.206451
    outer loop
      vertex 0.054910 -1.606917 0.293789
      vertex 0.085896 -1.627403 0.357710
      vertex 0.043789 -1.606917 0.304910
    endloop
  endfacet
  facet normal -0.155335 -0.956429 -0.247214
    outer loop
      vertex 0.043789 -1.606917 0.304910
      vertex 0.085896 -1.627403 0.357710
      vertex 0.059774 -1.627403 0.374123
    endloop
  endfacet
  facet normal -0.155335 -0.956429 -0.247214
    outer loop
      vertex 0.043789 -1.606917 0.304910
      vertex 0.059774 -1.627403 0.374123
      vertex 0.030473 -1.606917 0.313277
    endloop
  endfacet
  facet normal -0.096430 -0.956429 -0.275581
    outer loop
      vertex 0.030473 -1.606917 0.313277
      vertex 0.059774 -1.627403 0.374123
      vertex 0.030656 -1.627403 0.384312
    endloop
  endfacet
  facet normal -0.096430 -0.956429 -0.275581
    outer loop
      vertex 0.030473 -1.606917 0.313277
      vertex 0.030656 -1.627403 0.384312
      vertex 0.015628 -1.606917 0.318472
    endloop
  endfacet
  facet normal -0.032690 -0.956429 -0.290130
    outer loop
      vertex 0.015628 -1.606917 0.318472
      vertex 0.030656 -1.627403 0.384312
      vertex 0.000000 -1.627403 0.387766
    endloop
  endfacet
  facet normal -0.032690 -0.956429 -0.290130
    outer loop
      vertex 0.015628 -1.606917 0.318472
      vertex 0.000000 -1.627403 0.387766
      vertex 0.000000 -1.606917 0.320233
    endloop
  endfacet
  facet normal 0.032690 -0.956429 -0.290130
    outer loop
      vertex 0.000000 -1.606917 0.320233
      vertex 0.000000 -1.627403 0.387766
      vertex -0.030656 -1.627403 0.384312
    endloop
  endfacet
  facet normal 0.032690 -0.956429 -0.290130
    outer loop
      vertex 0.000000 -1.606917 0.320233
      vertex -0.030656 -1.627403 0.384312
      vertex -0.015628 -1.606917 0.318472
    endloop
  endfacet
  facet normal 0.096430 -0.956429 -0.275581
    outer loop
      vertex -0.015628 -1.606917 0.318472
      vertex -0.030656 -1.627403 0.384312
      vertex -0.059774 -1.627403 0.374123
    endloop
  endfacet
  facet normal 0.096430 -0.956429 -0.275581
    outer loop
      vertex -0.015628 -1.606917 0.318472
      vertex -0.059774 -1.627403 0.374123
      vertex -0.030473 -1.606917 0.313277
    endloop
  endfacet
  facet normal 0.155335 -0.956429 -0.247214
    outer loop
      vertex -0.030473 -1.606917 0.313277
      vertex -0.059774 -1.627403 0.374123
      vertex -0.085896 -1.627403 0.357710
    endloop
  endfacet
  facet normal 0.155335 -0.956429 -0.247214
    outer loop
      vertex -0.030473 -1.606917 0.313277
      vertex -0.085896 -1.627403 0.357710
      vertex -0.043789 -1.606917 0.304910
    endloop
  endfacet
  facet normal 0.206451 -0.956429 -0.206451
    outer loop
      vertex -0.043789 -1.606917 0.304910
      vertex -0.085896 -1.627403 0.357710
      vertex -0.107710 -1.627403 0.335896
    endloop
  endfacet
  facet normal 0.206451 -0.956429 -0.206451
    outer loop
      vertex -0.043789 -1.606917 0.304910
      vertex -0.107710 -1.627403 0.335896
      vertex -0.054910 -1.606917 0.293789
    endloop
  endfacet
  facet normal 0.247214 -0.956429 -0.155335
    outer loop
      vertex -0.054910 -1.606917 0.293789
      vertex -0.107710 -1.627403 0.335896
      vertex -0.124123 -1.627403 0.309774
    endloop
  endfacet
  facet normal 0.247214 -0.956429 -0.155335
    outer loop
      vertex -0.054910 -1.606917 0.293789
      vertex -0.124123 -1.627403 0.309774
      vertex -0.063277 -1.606917 0.280473
    endloop
  endfacet
  facet normal 0.275581 -0.956429 -0.096430
    outer loop
      vertex -0.063277 -1.606917 0.280473
      vertex -0.124123 -1.627403 0.309774
      vertex -0.134312 -1.627403 0.280656
    endloop
  endfacet
  facet normal 0.275581 -0.956429 -0.096430
    outer loop
      vertex -0.063277 -1.606917 0.280473
      vertex -0.134312 -1.627403 0.280656
      vertex -0.068472 -1.606917 0.265628
    endloop
  endfacet
  facet normal 0.290130 -0.956429 -0.032690
    outer loop
      vertex -0.068472 -1.606917 0.265628
      vertex -0.134312 -1.627403 0.280656
      vertex -0.137766 -1.627403 0.250000
    endloop
  endfacet
  facet normal 0.290130 -0.956429 -0.032690
    outer loop
      vertex -0.068472 -1.606917 0.265628
      vertex -0.137766 -1.627403 0.250000
      vertex -0.070233 -1.606917 0.250000
    endloop
  endfacet
  facet normal 0.290130 -0.956429 0.032690
    outer loop
      vertex -0.070233 -1.606917 0.250000
      vertex -0.137766 -1.627403 0.250000
      vertex -0.134312 -1.627403 0.219344
    endloop
  endfacet
  facet normal 0.290130 -0.956429 0.032690
    outer loop
      vertex -0.070233 -1.606917 0.250000
      vertex -0.134312 -1.627403 0.219344
      vertex -0.068472 -1.606917 0.234372
    endloop
  endfacet
  facet normal 0.275581 -0.956429 0.096430
    outer loop
      vertex -0.068472 -1.606917 0.234372
      vertex -0.134312 -1.627403 0.219344
      vertex -0.124123 -1.627403 0.190226
    endloop
  endfacet
  facet normal 0.275581 -0.956429 0.096430
    outer loop
      vertex -0.068472 -1.606917 0.234372
      vertex -0.124123 -1.627403 0.190226
      vertex -0.063277 -1.606917 0.219527
    endloop
  endfacet
  facet normal 0.247214 -0.956429 0.155335
    outer loop
      vertex -0.063277 -1.606917 0.219527
      vertex -0.124123 -1.627403 0.190226
      vertex -0.107710 -1.627403 0.164104
    endloop
  endfacet
  facet normal 0.247214 -0.956429 0.155335
    outer loop
      vertex -0.063277 -1.606917 0.219527
      vertex -0.107710 -1.627403 0.164104
      vertex -0.054910 -1.606917 0.206211
    endloop
  endfacet
  facet normal 0.206451 -0.956429 0.206451
    outer loop
      vertex -0.054910 -1.606917 0.206211
      vertex -0.107710 -1.627403 0.164104
      vertex -0.085896 -1.627403 0.142290
    endloop
  endfacet
  facet normal 0.206451 -0.956429 0.206451
    outer loop
      vertex -0.054910 -1.606917 0.206211
      vertex -0.085896 -1.627403 0.142290
      vertex -0.043789 -1.606917 0.195090
    endloop
  endfacet
  facet normal 0.155335 -0.956429 0.247214
    outer loop
      vertex -0.043789 -1.606917 0.195090
      vertex -0.085896 -1.627403 0.142290
      vertex -0.059774 -1.627403 0.125877
    endloop
  endfacet
  facet normal 0.155335 -0.956429 0.247214
    outer loop
      vertex -0.043789 -1.606917 0.195090
      vertex -0.059774 -1.627403 0.125877
      vertex -0.030473 -1.606917 0.186723
    endloop
  endfacet
  facet normal 0.096430 -0.956429 0.275581
    outer loop
      vertex -0.030473 -1.606917 0.186723
      vertex -0.059774 -1.627403 0.125877
      vertex -0.030656 -1.627403 0.115688
    endloop
  endfacet
  facet normal 0.096430 -0.956429 0.275581
    outer loop
      vertex -0.030473 -1.606917 0.186723
      vertex -0.030656 -1.627403 0.115688
      vertex -0.015628 -1.606917 0.181528
    endloop
  endfacet
  facet normal 0.032690 -0.956429 0.290130
    outer loop
      vertex -0.015628 -1.606917 0.181528
      vertex -0.030656 -1.627403 0.115688
      vertex -0.000000 -1.627403 0.112234
    endloop
  endfacet
  facet normal 0.032690 -0.956429 0.290130
    outer loop
      vertex -0.015628 -1.606917 0.181528
      vertex -0.000000 -1.627403 0.112234
      vertex -0.000000 -1.606917 0.179767
    endloop
  endfacet
  facet normal -0.032690 -0.956429 0.290130
    outer loop
      vertex -0.000000 -1.606917 0.179767
      vertex -0.000000 -1.627403 0.112234
      vertex 0.030656 -1.627403 0.115688
    endloop
  endfacet
  facet normal -0.032690 -0.956429 0.290130
    outer loop
      vertex -0.000000 -1.606917 0.179767
      vertex 0.030656 -1.627403 0.115688
      vertex 0.015628 -1.606917 0.181528
    endloop
  endfacet
  facet normal -0.096430 -0.956429 0.275581
    outer loop
      vertex 0.015628 -1.606917 0.181528
      vertex 0.030656 -1.627403 0.115688
      vertex 0.059774 -1.627403 0.125877
    endloop
  endfacet
  facet normal -0.096430 -0.956429 0.275581
    outer loop
      vertex 0.015628 -1.606917 0.181528
      vertex 0.059774 -1.627403 0.125877
      vertex 0.030473 -1.606917 0.186723
    endloop
  endfacet
  facet normal -0.155335 -0.956429 0.247214
    outer loop
      vertex 0.030473 -1.606917 0.186723
      vertex 0.059774 -1.627403 0.125877
      vertex 0.085896 -1.627403 0.142290
    endloop
  endfacet
  facet normal -0.155335 -0.956429 0.247214
    outer loop
      vertex 0.030473 -1.606917 0.186723
      vertex 0.085896 -1.627403 0.142290
      vertex 0.043789 -1.606917 0.195090
    endloop
  endfacet
  facet normal -0.206451 -0.956429 0.206451
    outer loop
      vertex 0.043789 -1.606917 0.195090
      vertex 0.085896 -1.627403 0.142290
      vertex 0.107710 -1.627403 0.164104
    endloop
  endfacet
  facet normal -0.206451 -0.956429 0.206451
    outer loop
      vertex 0.043789 -1.606917 0.195090
      vertex 0.107710 -1.627403 0.164104
      vertex 0.054910 -1.606917 0.206211
    endloop
  endfacet
  facet normal -0.247214 -0.956429 0.155335
    outer loop
      vertex 0.054910 -1.606917 0.206211
      vertex 0.107710 -1.627403 0.164104
      vertex 0.124123 -1.627403 0.190226
    endloop
  endfacet
  facet normal -0.247214 -0.956429 0.155335
    outer loop
      vertex 0.054910 -1.606917 0.206211
      vertex 0.124123 -1.627403 0.190226
      vertex 0.063277 -1.606917 0.219527
    endloop
  endfacet
  facet normal -0.275581 -0.956429 0.096430
    outer loop
      vertex 0.063277 -1.606917 0.219527
      vertex 0.124123 -1.627403 0.190226
      vertex 0.134312 -1.627403 0.219344
    endloop
  endfacet
  facet normal -0.275581 -0.956429 0.096430
    outer loop
      vertex 0.063277 -1.606917 0.219527
      vertex 0.134312 -1.627403 0.219344
      vertex 0.068472 -1.606917 0.234372
    endloop
  endfacet
  facet normal -0.290130 -0.956429 0.032690
    outer loop
      vertex 0.068472 -1.606917 0.234372
      vertex 0.134312 -1.627403 0.219344
      vertex 0.137766 -1.627403 0.250000
    endloop
  endfacet
  facet normal -0.290130 -0.956429 0.032690
    outer loop
      vertex 0.068472 -1.606917 0.234372
      vertex 0.137766 -1.627403 0.250000
      vertex 0.070233 -1.606917 0.250000
    endloop
  endfacet
  facet normal -0.470733 -0.880680 -0.053039
    outer loop
      vertex 0.137766 -1.627403 0.250000
      vertex 0.200005 -1.660671 0.250000
      vertex 0.194991 -1.660671 0.294505
    endloop
  endfacet
  facet normal -0.470733 -0.880680 -0.053039
    outer loop
      vertex 0.137766 -1.627403 0.250000
      vertex 0.194991 -1.660671 0.294505
      vertex 0.134312 -1.627403 0.280656
    endloop
  endfacet
  facet normal -0.447129 -0.880680 -0.156457
    outer loop
      vertex 0.134312 -1.627403 0.280656
      vertex 0.194991 -1.660671 0.294505
      vertex 0.180199 -1.660671 0.336779
    endloop
  endfacet
  facet normal -0.447129 -0.880680 -0.156457
    outer loop
      vertex 0.134312 -1.627403 0.280656
      vertex 0.180199 -1.660671 0.336779
      vertex 0.124123 -1.627403 0.309774
    endloop
  endfacet
  facet normal -0.401103 -0.880680 -0.252030
    outer loop
      vertex 0.124123 -1.627403 0.309774
      vertex 0.180199 -1.660671 0.336779
      vertex 0.156370 -1.660671 0.374701
    endloop
  endfacet
  facet normal -0.401103 -0.880680 -0.252030
    outer loop
      vertex 0.124123 -1.627403 0.309774
      vertex 0.156370 -1.660671 0.374701
      vertex 0.107710 -1.627403 0.335896
    endloop
  endfacet
  facet normal -0.334965 -0.880680 -0.334965
    outer loop
      vertex 0.107710 -1.627403 0.335896
      vertex 0.156370 -1.660671 0.374701
      vertex 0.124701 -1.660671 0.406370
    endloop
  endfacet
  facet normal -0.334965 -0.880680 -0.334965
    outer loop
      vertex 0.107710 -1.627403 0.335896
      vertex 0.124701 -1.660671 0.406370
      vertex 0.085896 -1.627403 0.357710
    endloop
  endfacet
  facet normal -0.252030 -0.880680 -0.401103
    outer loop
      vertex 0.085896 -1.627403 0.357710
      vertex 0.124701 -1.660671 0.406370
      vertex 0.086779 -1.660671 0.430199
    endloop
  endfacet
  facet normal -0.252030 -0.880680 -0.401103
    outer loop
      vertex 0.085896 -1.627403 0.357710
      vertex 0.086779 -1.660671 0.430199
      vertex 0.059774 -1.627403 0.374123
    endloop
  endfacet
  facet normal -0.156457 -0.880680 -0.447129
    outer loop
      vertex 0.059774 -1.627403 0.374123
      vertex 0.086779 -1.660671 0.430199
      vertex 0.044505 -1.660671 0.444991
    endloop
  endfacet
  facet normal -0.156457 -0.880680 -0.447129
    outer loop
      vertex 0.059774 -1.627403 0.374123
      vertex 0.044505 -1.660671 0.444991
      vertex 0.030656 -1.627403 0.384312
    endloop
  endfacet
  facet normal -0.053039 -0.880680 -0.470733
    outer loop
      vertex 0.030656 -1.627403 0.384312
      vertex 0.044505 -1.660671 0.444991
      vertex 0.000000 -1.660671 0.450005
    endloop
  endfacet
  facet normal -0.053039 -0.880680 -0.470733
    outer loop
      vertex 0.030656 -1.627403 0.384312
      vertex 0.000000 -1.660671 0.450005
      vertex 0.000000 -1.627403 0.387766
    endloop
  endfacet
  facet normal 0.053039 -0.880680 -0.470733
    outer loop
      vertex 0.000000 -1.627403 0.387766
      vertex 0.000000 -1.660671 0.450005
      vertex -0.044505 -1.660671 0.444991
    endloop
  endfacet
  facet normal 0.053039 -0.880680 -0.470733
    outer loop
      vertex 0.000000 -1.627403 0.387766
      vertex -0.044505 -1.660671 0.444991
      vertex -0.030656 -1.627403 0.384312
    endloop
  endfacet
  facet normal 0.156457 -0.880680 -0.447129
    outer loop
      vertex -0.030656 -1.627403 0.384312
      vertex -0.044505 -1.660671 0.444991
      vertex -0.086779 -1.660671 0.430199
    endloop
  endfacet
  facet normal 0.156457 -0.880680 -0.447129
    outer loop
      vertex -0.030656 -1.627403 0.384312
      vertex -0.086779 -1.660671 0.430199
      vertex -0.059774 -1.627403 0.374123
    endloop
  endfacet
  facet normal 0.252030 -0.880680 -0.401103
    outer loop
      vertex -0.059774 -1.627403 0.374123
      vertex -0.086779 -1.660671 0.430199
      vertex -0.124701 -1.660671 0.406370
    endloop
  endfacet
  facet normal 0.252030 -0.880680 -0.401103
    outer loop
      vertex -0.059774 -1.627403 0.374123
      vertex -0.124701 -1.660671 0.406370
      vertex -0.085896 -1.627403 0.357710
    endloop
  endfacet
  facet normal 0.334965 -0.880680 -0.334965
    outer loop
      vertex -0.085896 -1.627403 0.357710
      vertex -0.124701 -1.660671 0.406370
      vertex -0.156370 -1.660671 0.374701
    endloop
  endfacet
  facet normal 0.334965 -0.880680 -0.334965
    outer loop
      vertex -0.085896 -1.627403 0.357710
      vertex -0.156370 -1.660671 0.374701
      vertex -0.107710 -1.627403 0.335896
    endloop
  endfacet
  facet normal 0.401103 -0.880680 -0.252030
    outer loop
      vertex -0.107710 -1.627403 0.335896
      vertex -0.156370 -1.660671 0.374701
      vertex -0.180199 -1.660671 0.336779
    endloop
  endfacet
  facet normal 0.401103 -0.880680 -0.252030
    outer loop
      vertex -0.107710 -1.627403 0.335896
      vertex -0.180199 -1.660671 0.336779
      vertex -0.124123 -1.627403 0.309774
    endloop
  endfacet
  facet normal 0.447129 -0.880680 -0.156457
    outer loop
      vertex -0.124123 -1.627403 0.309774
      vertex -0.180199 -1.660671 0.336779
      vertex -0.194991 -1.660671 0.294505
    endloop
  endfacet
  facet normal 0.447129 -0.880680 -0.156457
    outer loop
      vertex -0.124123 -1.627403 0.309774
      vertex -0.194991 -1.660671 0.294505
      vertex -0.134312 -1.627403 0.280656
    endloop
  endfacet
  facet normal 0.470733 -0.880680 -0.053039
    outer loop
      vertex -0.134312 -1.627403 0.280656
      vertex -0.194991 -1.660671 0.294505
      vertex -0.200005 -1.660671 0.250000
    endloop
  endfacet
  facet normal 0.470733 -0.880680 -0.053039
    outer loop
      vertex -0.134312 -1.627403 0.280656
      vertex -0.200005 -1.660671 0.250000
      vertex -0.137766 -1.627403 0.250000
    endloop
  endfacet
  facet normal 0.470733 -0.880680 0.053039
    outer loop
      vertex -0.137766 -1.627403 0.250000
      vertex -0.200005 -1.660671 0.250000
      vertex -0.194991 -1.660671 0.205495
    endloop
  endfacet
  facet normal 0.470733 -0.880680 0.053039
    outer loop
      vertex -0.137766 -1.627403 0.250000
      vertex -0.194991 -1.660671 0.205495
      vertex -0.134312 -1.627403 0.219344
    endloop
  endfacet
  facet normal 0.447129 -0.880680 0.156457
    outer loop
      vertex -0.134312 -1.627403 0.219344
      vertex -0.194991 -1.660671 0.205495
      vertex -0.180199 -1.660671 0.163221
    endloop
  endfacet
  facet normal 0.447129 -0.880680 0.156457
    outer loop
      vertex -0.134312 -1.627403 0.219344
      vertex -0.180199 -1.660671 0.163221
      vertex -0.124123 -1.627403 0.190226
    endloop
  endfacet
  facet normal 0.401103 -0.880680 0.252030
    outer loop
      vertex -0.124123 -1.627403 0.190226
      vertex -0.180199 -1.660671 0.163221
      vertex -0.156370 -1.660671 0.125299
    endloop
  endfacet
  facet normal 0.401103 -0.880680 0.252030
    outer loop
      vertex -0.124123 -1.627403 0.190226
      vertex -0.156370 -1.660671 0.125299
      vertex -0.107710 -1.627403 0.164104
    endloop
  endfacet
  facet normal 0.334965 -0.880680 0.334965
    outer loop
      vertex -0.107710 -1.627403 0.164104
      vertex -0.156370 -1.660671 0.125299
      vertex -0.124701 -1.660671 0.093630
    endloop
  endfacet
  facet normal 0.334965 -0.880680 0.334965
    outer loop
      vertex -0.107710 -1.627403 0.164104
      vertex -0.124701 -1.660671 0.093630
      vertex -0.085896 -1.627403 0.142290
    endloop
  endfacet
  facet normal 0.252030 -0.880680 0.401103
    outer loop
      vertex -0.085896 -1.627403 0.142290
      vertex -0.124701 -1.660671 0.093630
      vertex -0.086779 -1.660671 0.069801
    endloop
  endfacet
  facet normal 0.252030 -0.880680 0.401103
    outer loop
      vertex -0.085896 -1.627403 0.142290
      vertex -0.086779 -1.660671 0.069801
      vertex -0.059774 -1.627403 0.125877
    endloop
  endfacet
  facet normal 0.156457 -0.880680 0.447129
    outer loop
      vertex -0.059774 -1.627403 0.125877
      vertex -0.086779 -1.660671 0.069801
      vertex -0.044505 -1.660671 0.055009
    endloop
  endfacet
  facet normal 0.156457 -0.880680 0.447129
    outer loop
      vertex -0.059774 -1.627403 0.125877
      vertex -0.044505 -1.660671 0.055009
      vertex -0.030656 -1.627403 0.115688
    endloop
  endfacet
  facet normal 0.053039 -0.880680 0.470733
    outer loop
      vertex -0.030656 -1.627403 0.115688
      vertex -0.044505 -1.660671 0.055009
      vertex -0.000000 -1.660671 0.049995
    endloop
  endfacet
  facet normal 0.053039 -0.880680 0.470733
    outer loop
      vertex -0.030656 -1.627403 0.115688
      vertex -0.000000 -1.660671 0.049995
      vertex -0.000000 -1.627403 0.112234
    endloop
  endfacet
  facet normal -0.053039 -0.880680 0.470733
    outer loop
      vertex -0.000000 -1.627403 0.112234
      vertex -0.000000 -1.660671 0.049995
      vertex 0.044505 -1.660671 0.055009
    endloop
  endfacet
  facet normal -0.053039 -0.880680 0.470733
    outer loop
      vertex -0.000000 -1.627403 0.112234
      vertex 0.044505 -1.660671 0.055009
      vertex 0.030656 -1.627403 0.115688
    endloop
  endfacet
  facet normal -0.156457 -0.880680 0.447129
    outer loop
      vertex 0.030656 -1.627403 0.115688
      vertex 0.044505 -1.660671 0.055009
      vertex 0.086779 -1.660671 0.069801
    endloop
  endfacet
  facet normal -0.156457 -0.880680 0.447129
    outer loop
      vertex 0.030656 -1.627403 0.115688
      vertex 0.086779 -1.660671 0.069801
      vertex 0.059774 -1.627403 0.125877
    endloop
  endfacet
  facet normal -0.252030 -0.880680 0.401103
    outer loop
      vertex 0.059774 -1.627403 0.125877
      vertex 0.086779 -1.660671 0.069801
      vertex 0.124701 -1.660671 0.093630
    endloop
  endfacet
  facet normal -0.252030 -0.880680 0.401103
    outer loop
      vertex 0.059774 -1.627403 0.125877
      vertex 0.124701 -1.660671 0.093630
      vertex 0.085896 -1.627403 0.142290
    endloop
  endfacet
  facet normal -0.334965 -0.880680 0.334965
    outer loop
      vertex 0.085896 -1.627403 0.142290
      vertex 0.124701 -1.660671 0.093630
      vertex 0.156370 -1.660671 0.125299
    endloop
  endfacet
  facet normal -0.334965 -0.880680 0.334965
    outer loop
      vertex 0.085896 -1.627403 0.142290
      vertex 0.156370 -1.660671 0.125299
      vertex 0.107710 -1.627403 0.164104
    endloop
  endfacet
  facet normal -0.401103 -0.880680 0.252030
    outer loop
      vertex 0.107710 -1.627403 0.164104
      vertex 0.156370 -1.660671 0.125299
      vertex 0.180199 -1.660671 0.163221
    endloop
  endfacet
  facet normal -0.401103 -0.880680 0.252030
    outer loop
      vertex 0.107710 -1.627403 0.164104
      vertex 0.180199 -1.660671 0.163221
      vertex 0.124123 -1.627403 0.190226
    endloop
  endfacet
  facet normal -0.447129 -0.880680 0.156457
    outer loop
      vertex 0.124123 -1.627403 0.190226
      vertex 0.180199 -1.660671 0.163221
      vertex 0.194991 -1.660671 0.205495
    endloop
  endfacet
  facet normal -0.447129 -0.880680 0.156457
    outer loop
      vertex 0.124123 -1.627403 0.190226
      vertex 0.194991 -1.660671 0.205495
      vertex 0.134312 -1.627403 0.219344
    endloop
  endfacet
  facet normal -0.470733 -0.880680 0.053039
    outer loop
      vertex 0.134312 -1.627403 0.219344
      vertex 0.194991 -1.660671 0.205495
      vertex 0.200005 -1.660671 0.250000
    endloop
  endfacet
  facet normal -0.470733 -0.880680 0.053039
    outer loop
      vertex 0.134312 -1.627403 0.219344
      vertex 0.200005 -1.660671 0.250000
      vertex 0.137766 -1.627403 0.250000
    endloop
  endfacet
  facet normal -0.632779 -0.771043 -0.071297
    outer loop
      vertex 0.200005 -1.660671 0.250000
      vertex 0.254558 -1.705442 0.250000
      vertex 0.248176 -1.705442 0.306645
    endloop
  endfacet
  facet normal -0.632779 -0.771043 -0.071297
    outer loop
      vertex 0.200005 -1.660671 0.250000
      vertex 0.248176 -1.705442 0.306645
      vertex 0.194991 -1.660671 0.294505
    endloop
  endfacet
  facet normal -0.601049 -0.771043 -0.210316
    outer loop
      vertex 0.194991 -1.660671 0.294505
      vertex 0.248176 -1.705442 0.306645
      vertex 0.229349 -1.705442 0.360449
    endloop
  endfacet
  facet normal -0.601049 -0.771043 -0.210316
    outer loop
      vertex 0.194991 -1.660671 0.294505
      vertex 0.229349 -1.705442 0.360449
      vertex 0.180199 -1.660671 0.336779
    endloop
  endfacet
  facet normal -0.539179 -0.771043 -0.338789
    outer loop
      vertex 0.180199 -1.660671 0.336779
      vertex 0.229349 -1.705442 0.360449
      vertex 0.199022 -1.705442 0.408715
    endloop
  endfacet
  facet normal -0.539179 -0.771043 -0.338789
    outer loop
      vertex 0.180199 -1.660671 0.336779
      vertex 0.199022 -1.705442 0.408715
      vertex 0.156370 -1.660671 0.374701
    endloop
  endfacet
  facet normal -0.450273 -0.771043 -0.450273
    outer loop
      vertex 0.156370 -1.660671 0.374701
      vertex 0.199022 -1.705442 0.408715
      vertex 0.158715 -1.705442 0.449022
    endloop
  endfacet
  facet normal -0.450273 -0.771043 -0.450273
    outer loop
      vertex 0.156370 -1.660671 0.374701
      vertex 0.158715 -1.705442 0.449022
      vertex 0.124701 -1.660671 0.406370
    endloop
  endfacet
  facet normal -0.338789 -0.771043 -0.539179
    outer loop
      vertex 0.124701 -1.660671 0.406370
      vertex 0.158715 -1.705442 0.449022
      vertex 0.110449 -1.705442 0.479349
    endloop
  endfacet
  facet normal -0.338789 -0.771043 -0.539179
    outer loop
      vertex 0.124701 -1.660671 0.406370
      vertex 0.110449 -1.705442 0.479349
      vertex 0.086779 -1.660671 0.430199
    endloop
  endfacet
  facet normal -0.210316 -0.771043 -0.601049
    outer loop
      vertex 0.086779 -1.660671 0.430199
      vertex 0.110449 -1.705442 0.479349
      vertex 0.056645 -1.705442 0.498176
    endloop
  endfacet
  facet normal -0.210316 -0.771043 -0.601049
    outer loop
      vertex 0.086779 -1.660671 0.430199
      vertex 0.056645 -1.705442 0.498176
      vertex 0.044505 -1.660671 0.444991
    endloop
  endfacet
  facet normal -0.071297 -0.771043 -0.632779
    outer loop
      vertex 0.044505 -1.660671 0.444991
      vertex 0.056645 -1.705442 0.498176
      vertex 0.000000 -1.705442 0.504558
    endloop
  endfacet
  facet normal -0.071297 -0.771043 -0.632779
    outer loop
      vertex 0.044505 -1.660671 0.444991
      vertex 0.000000 -1.705442 0.504558
      vertex 0.000000 -1.660671 0.450005
    endloop
  endfacet
  facet normal 0.071297 -0.771043 -0.632779
    outer loop
      vertex 0.000000 -1.660671 0.450005
      vertex 0.000000 -1.705442 0.504558
      vertex -0.056645 -1.705442 0.498176
    endloop
  endfacet
  facet normal 0.071297 -0.771043 -0.632779
    outer loop
      vertex 0.000000 -1.660671 0.450005
      vertex -0.056645 -1.705442 0.498176
      vertex -0.044505 -1.660671 0.444991
    endloop
  endfacet
  facet normal 0.210316 -0.771043 -0.601049
    outer loop
      vertex -0.044505 -1.660671 0.444991
      vertex -0.056645 -1.705442 0.498176
      vertex -0.110449 -1.705442 0.479349
    endloop
  endfacet
  facet normal 0.210316 -0.771043 -0.601049
    outer loop
      vertex -0.044505 -1.660671 0.444991
      vertex -0.110449 -1.705442 0.479349
      vertex -0.086779 -1.660671 0.430199
    endloop
  endfacet
  facet normal 0.338789 -0.771043 -0.539179
    outer loop
      vertex -0.086779 -1.660671 0.430199
      vertex -0.110449 -1.705442 0.479349
      vertex -0.158715 -1.705442 0.449022
    endloop
  endfacet
  facet normal 0.338789 -0.771043 -0.539179
    outer loop
      vertex -0.086779 -1.660671 0.430199
      vertex -0.158715 -1.705442 0.449022
      vertex -0.124701 -1.660671 0.406370
    endloop
  endfacet
  facet normal 0.450273 -0.771043 -0.450273
    outer loop
      vertex -0.124701 -1.660671 0.406370
      vertex -0.158715 -1.705442 0.449022
      vertex -0.199022 -1.705442 0.408715
    endloop
  endfacet
  facet normal 0.450273 -0.771043 -0.450273
    outer loop
      vertex -0.124701 -1.660671 0.406370
      vertex -0.199022 -1.705442 0.408715
      vertex -0.156370 -1.660671 0.374701
    endloop
  endfacet
  facet normal 0.539179 -0.771043 -0.338789
    outer loop
      vertex -0.156370 -1.660671 0.374701
      vertex -0.199022 -1.705442 0.408715
      vertex -0.229349 -1.705442 0.360449
    endloop
  endfacet
  facet normal 0.539179 -0.771043 -0.338789
    outer loop
      vertex -0.156370 -1.660671 0.374701
      vertex -0.229349 -1.705442 0.360449
      vertex -0.180199 -1.660671 0.336779
    endloop
  endfacet
  facet normal 0.601049 -0.771043 -0.210316
    outer loop
      vertex -0.180199 -1.660671 0.336779
      vertex -0.229349 -1.705442 0.360449
      vertex -0.248176 -1.705442 0.306645
    endloop
  endfacet
  facet normal 0.601049 -0.771043 -0.210316
    outer loop
      vertex -0.180199 -1.660671 0.336779
      vertex -0.248176 -1.705442 0.306645
      vertex -0.194991 -1.660671 0.294505
    endloop
  endfacet
  facet normal 0.632779 -0.771043 -0.071297
    outer loop
      vertex -0.194991 -1.660671 0.294505
      vertex -0.248176 -1.705442 0.306645
      vertex -0.254558 -1.705442 0.250000
    endloop
  endfacet
  facet normal 0.632779 -0.771043 -0.071297
    outer loop
      vertex -0.194991 -1.660671 0.294505
      vertex -0.254558 -1.705442 0.250000
      vertex -0.200005 -1.660671 0.250000
    endloop
  endfacet
  facet normal 0.632779 -0.771043 0.071297
    outer loop
      vertex -0.200005 -1.660671 0.250000
      vertex -0.254558 -1.705442 0.250000
      vertex -0.248176 -1.705442 0.193355
    endloop
  endfacet
  facet normal 0.632779 -0.771043 0.071297
    outer loop
      vertex -0.200005 -1.660671 0.250000
      vertex -0.248176 -1.705442 0.193355
      vertex -0.194991 -1.660671 0.205495
    endloop
  endfacet
  facet normal 0.601049 -0.771043 0.210316
    outer loop
      vertex -0.194991 -1.660671 0.205495
      vertex -0.248176 -1.705442 0.193355
      vertex -0.229349 -1.705442 0.139551
    endloop
  endfacet
  facet normal 0.601049 -0.771043 0.210316
    outer loop
      vertex -0.194991 -1.660671 0.205495
      vertex -0.229349 -1.705442 0.139551
      vertex -0.180199 -1.660671 0.163221
    endloop
  endfacet
  facet normal 0.539179 -0.771043 0.338789
    outer loop
      vertex -0.180199 -1.660671 0.163221
      vertex -0.229349 -1.705442 0.139551
      vertex -0.199022 -1.705442 0.091285
    endloop
  endfacet
  facet normal 0.539179 -0.771043 0.338789
    outer loop
      vertex -0.180199 -1.660671 0.163221
      vertex -0.199022 -1.705442 0.091285
      vertex -0.156370 -1.660671 0.125299
    endloop
  endfacet
  facet normal 0.450273 -0.771043 0.450273
    outer loop
      vertex -0.156370 -1.660671 0.125299
      vertex -0.199022 -1.705442 0.091285
      vertex -0.158715 -1.705442 0.050978
    endloop
  endfacet
  facet normal 0.450273 -0.771043 0.450273
    outer loop
      vertex -0.156370 -1.660671 0.125299
      vertex -0.158715 -1.705442 0.050978
      vertex -0.124701 -1.660671 0.093630
    endloop
  endfacet
  facet normal 0.338789 -0.771043 0.539179
    outer loop
      vertex -0.124701 -1.660671 0.093630
      vertex -0.158715 -1.705442 0.050978
      vertex -0.110449 -1.705442 0.020651
    endloop
  endfacet
  facet normal 0.338789 -0.771043 0.539179
    outer loop
      vertex -0.124701 -1.660671 0.093630
      vertex -0.110449 -1.705442 0.020651
      vertex -0.086779 -1.660671 0.069801
    endloop
  endfacet
  facet normal 0.210316 -0.771043 0.601049
    outer loop
      vertex -0.086779 -1.660671 0.069801
      vertex -0.110449 -1.705442 0.020651
      vertex -0.056645 -1.705442 0.001824
    endloop
  endfacet
  facet normal 0.210316 -0.771043 0.601049
    outer loop
      vertex -0.086779 -1.660671 0.069801
      vertex -0.056645 -1.705442 0.001824
      vertex -0.044505 -1.660671 0.055009
    endloop
  endfacet
  facet normal 0.071297 -0.771043 0.632779
    outer loop
      vertex -0.044505 -1.660671 0.055009
      vertex -0.056645 -1.705442 0.001824
      vertex -0.000000 -1.705442 -0.004558
    endloop
  endfacet
  facet normal 0.071297 -0.771043 0.632779
    outer loop
      vertex -0.044505 -1.660671 0.055009
      vertex -0.000000 -1.705442 -0.004558
      vertex -0.000000 -1.660671 0.049995
    endloop
  endfacet
  facet normal -0.071297 -0.771043 0.632779
    outer loop
      vertex -0.000000 -1.660671 0.049995
      vertex -0.000000 -1.705442 -0.004558
      vertex 0.056645 -1.705442 0.001824
    endloop
  endfacet
  facet normal -0.071297 -0.771043 0.632779
    outer loop
      vertex -0.000000 -1.660671 0.049995
      vertex 0.056645 -1.705442 0.001824
      vertex 0.044505 -1.660671 0.055009
    endloop
  endfacet
  facet normal -0.210316 -0.771043 0.601049
    outer loop
      vertex 0.044505 -1.660671 0.055009
      vertex 0.056645 -1.705442 0.001824
      vertex 0.110449 -1.705442 0.020651
    endloop
  endfacet
  facet normal -0.210316 -0.771043 0.601049
    outer loop
      vertex 0.044505 -1.660671 0.055009
      vertex 0.110449 -1.705442 0.020651
      vertex 0.086779 -1.660671 0.069801
    endloop
  endfacet
  facet normal -0.338789 -0.771043 0.539179
    outer loop
      vertex 0.086779 -1.660671 0.069801
      vertex 0.110449 -1.705442 0.020651
      vertex 0.158715 -1.705442 0.050978
    endloop
  endfacet
  facet normal -0.338789 -0.771043 0.539179
    outer loop
      vertex 0.086779 -1.660671 0.069801
      vertex 0.158715 -1.705442 0.050978
      vertex 0.124701 -1.660671 0.093630
    endloop
  endfacet
  facet normal -0.450273 -0.771043 0.450273
    outer loop
      vertex 0.124701 -1.660671 0.093630
      vertex 0.158715 -1.705442 0.050978
      vertex 0.199022 -1.705442 0.091285
    endloop
  endfacet
  facet normal -0.450273 -0.771043 0.450273
    outer loop
      vertex 0.124701 -1.660671 0.093630
      vertex 0.199022 -1.705442 0.091285
      vertex 0.156370 -1.660671 0.125299
    endloop
  endfacet
  facet normal -0.539179 -0.771043 0.338789
    outer loop
      vertex 0.156370 -1.660671 0.125299
      vertex 0.199022 -1.705442 0.091285
      vertex 0.229349 -1.705442 0.139551
    endloop
  endfacet
  facet normal -0.539179 -0.771043 0.338789
    outer loop
      vertex 0.156370 -1.660671 0.125299
      vertex 0.229349 -1.705442 0.139551
      vertex 0.180199 -1.660671 0.163221
    endloop
  endfacet
  facet normal -0.601049 -0.771043 0.210316
    outer loop
      vertex 0.180199 -1.660671 0.163221
      vertex 0.229349 -1.705442 0.139551
      vertex 0.248176 -1.705442 0.193355
    endloop
  endfacet
  facet normal -0.601049 -0.771043 0.210316
    outer loop
      vertex 0.180199 -1.660671 0.163221
      vertex 0.248176 -1.705442 0.193355
      vertex 0.194991 -1.660671 0.205495
    endloop
  endfacet
  facet normal -0.632779 -0.771043 0.071297
    outer loop
      vertex 0.194991 -1.660671 0.205495
      vertex 0.248176 -1.705442 0.193355
      vertex 0.254558 -1.705442 0.250000
    endloop
  endfacet
  facet normal -0.632779 -0.771043 0.071297
    outer loop
      vertex 0.194991 -1.660671 0.205495
      vertex 0.254558 -1.705442 0.250000
      vertex 0.200005 -1.660671 0.250000
    endloop
  endfacet
  facet normal -0.770095 -0.632001 -0.086769
    outer loop
      vertex 0.254558 -1.705442 0.250000
      vertex 0.299329 -1.759995 0.250000
      vertex 0.291824 -1.759995 0.316607
    endloop
  endfacet
  facet normal -0.770095 -0.632001 -0.086769
    outer loop
      vertex 0.254558 -1.705442 0.250000
      vertex 0.291824 -1.759995 0.316607
      vertex 0.248176 -1.705442 0.306645
    endloop
  endfacet
  facet normal -0.731479 -0.632001 -0.255956
    outer loop
      vertex 0.248176 -1.705442 0.306645
      vertex 0.291824 -1.759995 0.316607
      vertex 0.269686 -1.759995 0.379874
    endloop
  endfacet
  facet normal -0.731479 -0.632001 -0.255956
    outer loop
      vertex 0.248176 -1.705442 0.306645
      vertex 0.269686 -1.759995 0.379874
      vertex 0.229349 -1.705442 0.360449
    endloop
  endfacet
  facet normal -0.656184 -0.632001 -0.412308
    outer loop
      vertex 0.229349 -1.705442 0.360449
      vertex 0.269686 -1.759995 0.379874
      vertex 0.234025 -1.759995 0.436629
    endloop
  endfacet
  facet normal -0.656184 -0.632001 -0.412308
    outer loop
      vertex 0.229349 -1.705442 0.360449
      vertex 0.234025 -1.759995 0.436629
      vertex 0.199022 -1.705442 0.408715
    endloop
  endfacet
  facet normal -0.547985 -0.632001 -0.547985
    outer loop
      vertex 0.199022 -1.705442 0.408715
      vertex 0.234025 -1.759995 0.436629
      vertex 0.186629 -1.759995 0.484025
    endloop
  endfacet
  facet normal -0.547985 -0.632001 -0.547985
    outer loop
      vertex 0.199022 -1.705442 0.408715
      vertex 0.186629 -1.759995 0.484025
      vertex 0.158715 -1.705442 0.449022
    endloop
  endfacet
  facet normal -0.412308 -0.632001 -0.656184
    outer loop
      vertex 0.158715 -1.705442 0.449022
      vertex 0.186629 -1.759995 0.484025
      vertex 0.129874 -1.759995 0.519686
    endloop
  endfacet
  facet normal -0.412308 -0.632001 -0.656184
    outer loop
      vertex 0.158715 -1.705442 0.449022
      vertex 0.129874 -1.759995 0.519686
      vertex 0.110449 -1.705442 0.479349
    endloop
  endfacet
  facet normal -0.255956 -0.632001 -0.731479
    outer loop
      vertex 0.110449 -1.705442 0.479349
      vertex 0.129874 -1.759995 0.519686
      vertex 0.066607 -1.759995 0.541824
    endloop
  endfacet
  facet normal -0.255956 -0.632001 -0.731479
    outer loop
      vertex 0.110449 -1.705442 0.479349
      vertex 0.066607 -1.759995 0.541824
      vertex 0.056645 -1.705442 0.498176
    endloop
  endfacet
  facet normal -0.086769 -0.632001 -0.770095
    outer loop
      vertex 0.056645 -1.705442 0.498176
      vertex 0.066607 -1.759995 0.541824
      vertex 0.000000 -1.759995 0.549329
    endloop
  endfacet
  facet normal -0.086769 -0.632001 -0.770095
    outer loop
      vertex 0.056645 -1.705442 0.498176
      vertex 0.000000 -1.759995 0.549329
      vertex 0.000000 -1.705442 0.504558
    endloop
  endfacet
  facet normal 0.086769 -0.632001 -0.770095
    outer loop
      vertex 0.000000 -1.705442 0.504558
      vertex 0.000000 -1.759995 0.549329
      vertex -0.066607 -1.759995 0.541824
    endloop
  endfacet
  facet normal 0.086769 -0.632001 -0.770095
    outer loop
      vertex 0.000000 -1.705442 0.504558
      vertex -0.066607 -1.759995 0.541824
      vertex -0.056645 -1.705442 0.498176
    endloop
  endfacet
  facet normal 0.255956 -0.632001 -0.731479
    outer loop
      vertex -0.056645 -1.705442 0.498176
      vertex -0.066607 -1.759995 0.541824
      vertex -0.129874 -1.759995 0.519686
    endloop
  endfacet
  facet normal 0.255956 -0.632001 -0.731479
    outer loop
      vertex -0.056645 -1.705442 0.498176
      vertex -0.129874 -1.759995 0.519686
      vertex -0.110449 -1.705442 0.479349
    endloop
  endfacet
  facet normal 0.412308 -0.632001 -0.656184
    outer loop
      vertex -0.110449 -1.705442 0.479349
      vertex -0.129874 -1.759995 0.519686
      vertex -0.186629 -1.759995 0.484025
    endloop
  endfacet
  facet normal 0.412308 -0.632001 -0.656184
    outer loop
      vertex -0.110449 -1.705442 0.479349
      vertex -0.186629 -1.759995 0.484025
      vertex -0.158715 -1.705442 0.449022
    endloop
  endfacet
  facet normal 0.547985 -0.632001 -0.547985
    outer loop
      vertex -0.158715 -1.705442 0.449022
      vertex -0.186629 -1.759995 0.484025
      vertex -0.234025 -1.759995 0.436629
    endloop
  endfacet
  facet normal 0.547985 -0.632001 -0.547985
    outer loop
      vertex -0.158715 -1.705442 0.449022
      vertex -0.234025 -1.759995 0.436629
      vertex -0.199022 -1.705442 0.408715
    endloop
  endfacet
  facet normal 0.656184 -0.632001 -0.412308
    outer loop
      vertex -0.199022 -1.705442 0.408715
      vertex -0.234025 -1.759995 0.436629
      vertex -0.269686 -1.759995 0.379874
    endloop
  endfacet
  facet normal 0.656184 -0.632001 -0.412308
    outer loop
      vertex -0.199022 -1.705442 0.408715
      vertex -0.269686 -1.759995 0.379874
      vertex -0.229349 -1.705442 0.360449
    endloop
  endfacet
  facet normal 0.731479 -0.632001 -0.255956
    outer loop
      vertex -0.229349 -1.705442 0.360449
      vertex -0.269686 -1.759995 0.379874
      vertex -0.291824 -1.759995 0.316607
    endloop
  endfacet
  facet normal 0.731479 -0.632001 -0.255956
    outer loop
      vertex -0.229349 -1.705442 0.360449
      vertex -0.291824 -1.759995 0.316607
      vertex -0.248176 -1.705442 0.306645
    endloop
  endfacet
  facet normal 0.770095 -0.632001 -0.086769
    outer loop
      vertex -0.248176 -1.705442 0.306645
      vertex -0.291824 -1.759995 0.316607
      vertex -0.299329 -1.759995 0.250000
    endloop
  endfacet
  facet normal 0.770095 -0.632001 -0.086769
    outer loop
      vertex -0.248176 -1.705442 0.306645
      vertex -0.299329 -1.759995 0.250000
      vertex -0.254558 -1.705442 0.250000
    endloop
  endfacet
  facet normal 0.770095 -0.632001 0.086769
    outer loop
      vertex -0.254558 -1.705442 0.250000
      vertex -0.299329 -1.759995 0.250000
      vertex -0.291824 -1.759995 0.183393
    endloop
  endfacet
  facet normal 0.770095 -0.632001 0.086769
    outer loop
      vertex -0.254558 -1.705442 0.250000
      vertex -0.291824 -1.759995 0.183393
      vertex -0.248176 -1.705442 0.193355
    endloop
  endfacet
  facet normal 0.731479 -0.632001 0.255956
    outer loop
      vertex -0.248176 -1.705442 0.193355
      vertex -0.291824 -1.759995 0.183393
      vertex -0.269686 -1.759995 0.120126
    endloop
  endfacet
  facet normal 0.731479 -0.632001 0.255956
    outer loop
      vertex -0.248176 -1.705442 0.193355
      vertex -0.269686 -1.759995 0.120126
      vertex -0.229349 -1.705442 0.139551
    endloop
  endfacet
  facet normal 0.656184 -0.632001 0.412308
    outer loop
      vertex -0.229349 -1.705442 0.139551
      vertex -0.269686 -1.759995 0.120126
      vertex -0.234025 -1.759995 0.063371
    endloop
  endfacet
  facet normal 0.656184 -0.632001 0.412308
    outer loop
      vertex -0.229349 -1.705442 0.139551
      vertex -0.234025 -1.759995 0.063371
      vertex -0.199022 -1.705442 0.091285
    endloop
  endfacet
  facet normal 0.547985 -0.632001 0.547985
    outer loop
      vertex -0.199022 -1.705442 0.091285
      vertex -0.234025 -1.759995 0.063371
      vertex -0.186629 -1.759995 0.015975
    endloop
  endfacet
  facet normal 0.547985 -0.632001 0.547985
    outer loop
      vertex -0.199022 -1.705442 0.091285
      vertex -0.186629 -1.759995 0.015975
      vertex -0.158715 -1.705442 0.050978
    endloop
  endfacet
  facet normal 0.412308 -0.632001 0.656184
    outer loop
      vertex -0.158715 -1.705442 0.050978
      vertex -0.186629 -1.759995 0.015975
      vertex -0.129874 -1.759995 -0.019686
    endloop
  endfacet
  facet normal 0.412308 -0.632001 0.656184
    outer loop
      vertex -0.158715 -1.705442 0.050978
      vertex -0.129874 -1.759995 -0.019686
      vertex -0.110449 -1.705442 0.020651
    endloop
  endfacet
  facet normal 0.255956 -0.632001 0.731479
    outer loop
      vertex -0.110449 -1.705442 0.020651
      vertex -0.129874 -1.759995 -0.019686
      vertex -0.066607 -1.759995 -0.041824
    endloop
  endfacet
  facet normal 0.255956 -0.632001 0.731479
    outer loop
      vertex -0.110449 -1.705442 0.020651
      vertex -0.066607 -1.759995 -0.041824
      vertex -0.056645 -1.705442 0.001824
    endloop
  endfacet
  facet normal 0.086769 -0.632001 0.770095
    outer loop
      vertex -0.056645 -1.705442 0.001824
      vertex -0.066607 -1.759995 -0.041824
      vertex -0.000000 -1.759995 -0.049329
    endloop
  endfacet
  facet normal 0.086769 -0.632001 0.770095
    outer loop
      vertex -0.056645 -1.705442 0.001824
      vertex -0.000000 -1.759995 -0.049329
      vertex -0.000000 -1.705442 -0.004558
    endloop
  endfacet
  facet normal -0.086769 -0.632001 0.770095
    outer loop
      vertex -0.000000 -1.705442 -0.004558
      vertex -0.000000 -1.759995 -0.049329
      vertex 0.066607 -1.759995 -0.041824
    endloop
  endfacet
  facet normal -0.086769 -0.632001 0.770095
    outer loop
      vertex -0.000000 -1.705442 -0.004558
      vertex 0.066607 -1.759995 -0.041824
      vertex 0.056645 -1.705442 0.001824
    endloop
  endfacet
  facet normal -0.255956 -0.632001 0.731479
    outer loop
      vertex 0.056645 -1.705442 0.001824
      vertex 0.066607 -1.759995 -0.041824
      vertex 0.129874 -1.759995 -0.019686
    endloop
  endfacet
  facet normal -0.255956 -0.632001 0.731479
    outer loop
      vertex 0.056645 -1.705442 0.001824
      vertex 0.129874 -1.759995 -0.019686
      vertex 0.110449 -1.705442 0.020651
    endloop
  endfacet
  facet normal -0.412308 -0.632001 0.656184
    outer loop
      vertex 0.110449 -1.705442 0.020651
      vertex 0.129874 -1.759995 -0.019686
      vertex 0.186629 -1.759995 0.015975
    endloop
  endfacet
  facet normal -0.412308 -0.632001 0.656184
    outer loop
      vertex 0.110449 -1.705442 0.020651
      vertex 0.186629 -1.759995 0.015975
      vertex 0.158715 -1.705442 0.050978
    endloop
  endfacet
  facet normal -0.547985 -0.632001 0.547985
    outer loop
      vertex 0.158715 -1.705442 0.050978
      vertex 0.186629 -1.759995 0.015975
      vertex 0.234025 -1.759995 0.063371
    endloop
  endfacet
  facet normal -0.547985 -0.632001 0.547985
    outer loop
      vertex 0.158715 -1.705442 0.050978
      vertex 0.234025 -1.759995 0.063371
      vertex 0.199022 -1.705442 0.091285
    endloop
  endfacet
  facet normal -0.656184 -0.632001 0.412308
    outer loop
      vertex 0.199022 -1.705442 0.091285
      vertex 0.234025 -1.759995 0.063371
      vertex 0.269686 -1.759995 0.120126
    endloop
  endfacet
  facet normal -0.656184 -0.632001 0.412308
    outer loop
      vertex 0.199022 -1.705442 0.091285
      vertex 0.269686 -1.759995 0.120126
      vertex 0.229349 -1.705442 0.139551
    endloop
  endfacet
  facet normal -0.731479 -0.632001 0.255956
    outer loop
      vertex 0.229349 -1.705442 0.139551
      vertex 0.269686 -1.759995 0.120126
      vertex 0.291824 -1.759995 0.183393
    endloop
  endfacet
  facet normal -0.731479 -0.632001 0.255956
    outer loop
      vertex 0.229349 -1.705442 0.139551
      vertex 0.291824 -1.759995 0.183393
      vertex 0.248176 -1.705442 0.193355
    endloop
  endfacet
  facet normal -0.770095 -0.632001 0.086769
    outer loop
      vertex 0.248176 -1.705442 0.193355
      vertex 0.291824 -1.759995 0.183393
      vertex 0.299329 -1.759995 0.250000
    endloop
  endfacet
  facet normal -0.770095 -0.632001 0.086769
    outer loop
      vertex 0.248176 -1.705442 0.193355
      vertex 0.299329 -1.759995 0.250000
      vertex 0.254558 -1.705442 0.250000
    endloop
  endfacet
  facet normal -0.877599 -0.469087 -0.098882
    outer loop
      vertex 0.299329 -1.759995 0.250000
      vertex 0.332597 -1.822234 0.250000
      vertex 0.324258 -1.822234 0.324010
    endloop
  endfacet
  facet normal -0.877599 -0.469087 -0.098882
    outer loop
      vertex 0.299329 -1.759995 0.250000
      vertex 0.324258 -1.822234 0.324010
      vertex 0.291824 -1.759995 0.316607
    endloop
  endfacet
  facet normal -0.833593 -0.469087 -0.291687
    outer loop
      vertex 0.291824 -1.759995 0.316607
      vertex 0.324258 -1.822234 0.324010
      vertex 0.299659 -1.822234 0.394308
    endloop
  endfacet
  facet normal -0.833593 -0.469087 -0.291687
    outer loop
      vertex 0.291824 -1.759995 0.316607
      vertex 0.299659 -1.822234 0.394308
      vertex 0.269686 -1.759995 0.379874
    endloop
  endfacet
  facet normal -0.747786 -0.469087 -0.469865
    outer loop
      vertex 0.269686 -1.759995 0.379874
      vertex 0.299659 -1.822234 0.394308
      vertex 0.260035 -1.822234 0.457371
    endloop
  endfacet
  facet normal -0.747786 -0.469087 -0.469865
    outer loop
      vertex 0.269686 -1.759995 0.379874
      vertex 0.260035 -1.822234 0.457371
      vertex 0.234025 -1.759995 0.436629
    endloop
  endfacet
  facet normal -0.624483 -0.469087 -0.624483
    outer loop
      vertex 0.234025 -1.759995 0.436629
      vertex 0.260035 -1.822234 0.457371
      vertex 0.207371 -1.822234 0.510035
    endloop
  endfacet
  facet normal -0.624483 -0.469087 -0.624483
    outer loop
      vertex 0.234025 -1.759995 0.436629
      vertex 0.207371 -1.822234 0.510035
      vertex 0.186629 -1.759995 0.484025
    endloop
  endfacet
  facet normal -0.469865 -0.469087 -0.747786
    outer loop
      vertex 0.186629 -1.759995 0.484025
      vertex 0.207371 -1.822234 0.510035
      vertex 0.144308 -1.822234 0.549659
    endloop
  endfacet
  facet normal -0.469865 -0.469087 -0.747786
    outer loop
      vertex 0.186629 -1.759995 0.484025
      vertex 0.144308 -1.822234 0.549659
      vertex 0.129874 -1.759995 0.519686
    endloop
  endfacet
  facet normal -0.291687 -0.469087 -0.833593
    outer loop
      vertex 0.129874 -1.759995 0.519686
      vertex 0.144308 -1.822234 0.549659
      vertex 0.074010 -1.822234 0.574258
    endloop
  endfacet
  facet normal -0.291687 -0.469087 -0.833593
    outer loop
      vertex 0.129874 -1.759995 0.519686
      vertex 0.074010 -1.822234 0.574258
      vertex 0.066607 -1.759995 0.541824
    endloop
  endfacet
  facet normal -0.098882 -0.469087 -0.877599
    outer loop
      vertex 0.066607 -1.759995 0.541824
      vertex 0.074010 -1.822234 0.574258
      vertex 0.000000 -1.822234 0.582597
    endloop
  endfacet
  facet normal -0.098882 -0.469087 -0.877599
    outer loop
      vertex 0.066607 -1.759995 0.541824
      vertex 0.000000 -1.822234 0.582597
      vertex 0.000000 -1.759995 0.549329
    endloop
  endfacet
  facet normal 0.098882 -0.469087 -0.877599
    outer loop
      vertex 0.000000 -1.759995 0.549329
      vertex 0.000000 -1.822234 0.582597
      vertex -0.074010 -1.822234 0.574258
    endloop
  endfacet
  facet normal 0.098882 -0.469087 -0.877599
    outer loop
      vertex 0.000000 -1.759995 0.549329
      vertex -0.074010 -1.822234 0.574258
      vertex -0.066607 -1.759995 0.541824
    endloop
  endfacet
  facet normal 0.291687 -0.469087 -0.833593
    outer loop
      vertex -0.066607 -1.759995 0.541824
      vertex -0.074010 -1.822234 0.574258
      vertex -0.144308 -1.822234 0.549659
    endloop
  endfacet
  facet normal 0.291687 -0.469087 -0.833593
    outer loop
      vertex -0.066607 -1.759995 0.541824
      vertex -0.144308 -1.822234 0.549659
      vertex -0.129874 -1.759995 0.519686
    endloop
  endfacet
  facet normal 0.469865 -0.469087 -0.747786
    outer loop
      vertex -0.129874 -1.759995 0.519686
      vertex -0.144308 -1.822234 0.549659
      vertex -0.207371 -1.822234 0.510035
    endloop
  endfacet
  facet normal 0.469865 -0.469087 -0.747786
    outer loop
      vertex -0.129874 -1.759995 0.519686
      vertex -0.207371 -1.822234 0.510035
      vertex -0.186629 -1.759995 0.484025
    endloop
  endfacet
  facet normal 0.624483 -0.469087 -0.624483
    outer loop
      vertex -0.186629 -1.759995 0.484025
      vertex -0.207371 -1.822234 0.510035
      vertex -0.260035 -1.822234 0.457371
    endloop
  endfacet
  facet normal 0.624483 -0.469087 -0.624483
    outer loop
      vertex -0.186629 -1.759995 0.484025
      vertex -0.260035 -1.822234 0.457371
      vertex -0.234025 -1.759995 0.436629
    endloop
  endfacet
  facet normal 0.747786 -0.469087 -0.469865
    outer loop
      vertex -0.234025 -1.759995 0.436629
      vertex -0.260035 -1.822234 0.457371
      vertex -0.299659 -1.822234 0.394308
    endloop
  endfacet
  facet normal 0.747786 -0.469087 -0.469865
    outer loop
      vertex -0.234025 -1.759995 0.436629
      vertex -0.299659 -1.822234 0.394308
      vertex -0.269686 -1.759995 0.379874
    endloop
  endfacet
  facet normal 0.833593 -0.469087 -0.291687
    outer loop
      vertex -0.269686 -1.759995 0.379874
      vertex -0.299659 -1.822234 0.394308
      vertex -0.324258 -1.822234 0.324010
    endloop
  endfacet
  facet normal 0.833593 -0.469087 -0.291687
    outer loop
      vertex -0.269686 -1.759995 0.379874
      vertex -0.324258 -1.822234 0.324010
      vertex -0.291824 -1.759995 0.316607
    endloop
  endfacet
  facet normal 0.877599 -0.469087 -0.098882
    outer loop
      vertex -0.291824 -1.759995 0.316607
      vertex -0.324258 -1.822234 0.324010
      vertex -0.332597 -1.822234 0.250000
    endloop
  endfacet
  facet normal 0.877599 -0.469087 -0.098882
    outer loop
      vertex -0.291824 -1.759995 0.316607
      vertex -0.332597 -1.822234 0.250000
      vertex -0.299329 -1.759995 0.250000
    endloop
  endfacet
  facet normal 0.877599 -0.469087 0.098882
    outer loop
      vertex -0.299329 -1.759995 0.250000
      vertex -0.332597 -1.822234 0.250000
      vertex -0.324258 -1.822234 0.175990
    endloop
  endfacet
  facet normal 0.877599 -0.469087 0.098882
    outer loop
      vertex -0.299329 -1.759995 0.250000
      vertex -0.324258 -1.822234 0.175990
      vertex -0.291824 -1.759995 0.183393
    endloop
  endfacet
  facet normal 0.833593 -0.469087 0.291687
    outer loop
      vertex -0.291824 -1.759995 0.183393
      vertex -0.324258 -1.822234 0.175990
      vertex -0.299659 -1.822234 0.105692
    endloop
  endfacet
  facet normal 0.833593 -0.469087 0.291687
    outer loop
      vertex -0.291824 -1.759995 0.183393
      vertex -0.299659 -1.822234 0.105692
      vertex -0.269686 -1.759995 0.120126
    endloop
  endfacet
  facet normal 0.747786 -0.469087 0.469865
    outer loop
      vertex -0.269686 -1.759995 0.120126
      vertex -0.299659 -1.822234 0.105692
      vertex -0.260035 -1.822234 0.042629
    endloop
  endfacet
  facet normal 0.747786 -0.469087 0.469865
    outer loop
      vertex -0.269686 -1.759995 0.120126
      vertex -0.260035 -1.822234 0.042629
      vertex -0.234025 -1.759995 0.063371
    endloop
  endfacet
  facet normal 0.624483 -0.469087 0.624483
    outer loop
      vertex -0.234025 -1.759995 0.063371
      vertex -0.260035 -1.822234 0.042629
      vertex -0.207371 -1.822234 -0.010035
    endloop
  endfacet
  facet normal 0.624483 -0.469087 0.624483
    outer loop
      vertex -0.234025 -1.759995 0.063371
      vertex -0.207371 -1.822234 -0.010035
      vertex -0.186629 -1.759995 0.015975
    endloop
  endfacet
  facet normal 0.469865 -0.469087 0.747786
    outer loop
      vertex -0.186629 -1.759995 0.015975
      vertex -0.207371 -1.822234 -0.010035
      vertex -0.144308 -1.822234 -0.049659
    endloop
  endfacet
  facet normal 0.469865 -0.469087 0.747786
    outer loop
      vertex -0.186629 -1.759995 0.015975
      vertex -0.144308 -1.822234 -0.049659
      vertex -0.129874 -1.759995 -0.019686
    endloop
  endfacet
  facet normal 0.291687 -0.469087 0.833593
    outer loop
      vertex -0.129874 -1.759995 -0.019686
      vertex -0.144308 -1.822234 -0.049659
      vertex -0.074010 -1.822234 -0.074258
    endloop
  endfacet
  facet normal 0.291687 -0.469087 0.833593
    outer loop
      vertex -0.129874 -1.759995 -0.019686
      vertex -0.074010 -1.822234 -0.074258
      vertex -0.066607 -1.759995 -0.041824
    endloop
  endfacet
  facet normal 0.098882 -0.469087 0.877599
    outer loop
      vertex -0.066607 -1.759995 -0.041824
      vertex -0.074010 -1.822234 -0.074258
      vertex -0.000000 -1.822234 -0.082597
    endloop
  endfacet
  facet normal 0.098882 -0.469087 0.877599
    outer loop
      vertex -0.066607 -1.759995 -0.041824
      vertex -0.000000 -1.822234 -0.082597
      vertex -0.000000 -1.759995 -0.049329
    endloop
  endfacet
  facet normal -0.098882 -0.469087 0.877599
    outer loop
      vertex -0.000000 -1.759995 -0.049329
      vertex -0.000000 -1.822234 -0.082597
      vertex 0.074010 -1.822234 -0.074258
    endloop
  endfacet
  facet normal -0.098882 -0.469087 0.877599
    outer loop
      vertex -0.000000 -1.759995 -0.049329
      vertex 0.074010 -1.822234 -0.074258
      vertex 0.066607 -1.759995 -0.041824
    endloop
  endfacet
  facet normal -0.291687 -0.469087 0.833593
    outer loop
      vertex 0.066607 -1.759995 -0.041824
      vertex 0.074010 -1.822234 -0.074258
      vertex 0.144308 -1.822234 -0.049659
    endloop
  endfacet
  facet normal -0.291687 -0.469087 0.833593
    outer loop
      vertex 0.066607 -1.759995 -0.041824
      vertex 0.144308 -1.822234 -0.049659
      vertex 0.129874 -1.759995 -0.019686
    endloop
  endfacet
  facet normal -0.469865 -0.469087 0.747786
    outer loop
      vertex 0.129874 -1.759995 -0.019686
      vertex 0.144308 -1.822234 -0.049659
      vertex 0.207371 -1.822234 -0.010035
    endloop
  endfacet
  facet normal -0.469865 -0.469087 0.747786
    outer loop
      vertex 0.129874 -1.759995 -0.019686
      vertex 0.207371 -1.822234 -0.010035
      vertex 0.186629 -1.759995 0.015975
    endloop
  endfacet
  facet normal -0.624483 -0.469087 0.624483
    outer loop
      vertex 0.186629 -1.759995 0.015975
      vertex 0.207371 -1.822234 -0.010035
      vertex 0.260035 -1.822234 0.042629
    endloop
  endfacet
  facet normal -0.624483 -0.469087 0.624483
    outer loop
      vertex 0.186629 -1.759995 0.015975
      vertex 0.260035 -1.822234 0.042629
      vertex 0.234025 -1.759995 0.063371
    endloop
  endfacet
  facet normal -0.747786 -0.469087 0.469865
    outer loop
      vertex 0.234025 -1.759995 0.063371
      vertex 0.260035 -1.822234 0.042629
      vertex 0.299659 -1.822234 0.105692
    endloop
  endfacet
  facet normal -0.747786 -0.469087 0.469865
    outer loop
      vertex 0.234025 -1.759995 0.063371
      vertex 0.299659 -1.822234 0.105692
      vertex 0.269686 -1.759995 0.120126
    endloop
  endfacet
  facet normal -0.833593 -0.469087 0.291687
    outer loop
      vertex 0.269686 -1.759995 0.120126
      vertex 0.299659 -1.822234 0.105692
      vertex 0.324258 -1.822234 0.175990
    endloop
  endfacet
  facet normal -0.833593 -0.469087 0.291687
    outer loop
      vertex 0.269686 -1.759995 0.120126
      vertex 0.324258 -1.822234 0.175990
      vertex 0.291824 -1.759995 0.183393
    endloop
  endfacet
  facet normal -0.877599 -0.469087 0.098882
    outer loop
      vertex 0.291824 -1.759995 0.183393
      vertex 0.324258 -1.822234 0.175990
      vertex 0.332597 -1.822234 0.250000
    endloop
  endfacet
  facet normal -0.877599 -0.469087 0.098882
    outer loop
      vertex 0.291824 -1.759995 0.183393
      vertex 0.332597 -1.822234 0.250000
      vertex 0.299329 -1.759995 0.250000
    endloop
  endfacet
  facet normal -0.951426 -0.288612 -0.107200
    outer loop
      vertex 0.332597 -1.822234 0.250000
      vertex 0.353083 -1.889767 0.250000
      vertex 0.344230 -1.889767 0.328568
    endloop
  endfacet
  facet normal -0.951426 -0.288612 -0.107200
    outer loop
      vertex 0.332597 -1.822234 0.250000
      vertex 0.344230 -1.889767 0.328568
      vertex 0.324258 -1.822234 0.324010
    endloop
  endfacet
  facet normal -0.903717 -0.288612 -0.316224
    outer loop
      vertex 0.324258 -1.822234 0.324010
      vertex 0.344230 -1.889767 0.328568
      vertex 0.318117 -1.889767 0.403197
    endloop
  endfacet
  facet normal -0.903717 -0.288612 -0.316224
    outer loop
      vertex 0.324258 -1.822234 0.324010
      vertex 0.318117 -1.889767 0.403197
      vertex 0.299659 -1.822234 0.394308
    endloop
  endfacet
  facet normal -0.810693 -0.288612 -0.509392
    outer loop
      vertex 0.299659 -1.822234 0.394308
      vertex 0.318117 -1.889767 0.403197
      vertex 0.276051 -1.889767 0.470143
    endloop
  endfacet
  facet normal -0.810693 -0.288612 -0.509392
    outer loop
      vertex 0.299659 -1.822234 0.394308
      vertex 0.276051 -1.889767 0.470143
      vertex 0.260035 -1.822234 0.457371
    endloop
  endfacet
  facet normal -0.677017 -0.288612 -0.677017
    outer loop
      vertex 0.260035 -1.822234 0.457371
      vertex 0.276051 -1.889767 0.470143
      vertex 0.220143 -1.889767 0.526051
    endloop
  endfacet
  facet normal -0.677017 -0.288612 -0.677017
    outer loop
      vertex 0.260035 -1.822234 0.457371
      vertex 0.220143 -1.889767 0.526051
      vertex 0.207371 -1.822234 0.510035
    endloop
  endfacet
  facet normal -0.509392 -0.288612 -0.810693
    outer loop
      vertex 0.207371 -1.822234 0.510035
      vertex 0.220143 -1.889767 0.526051
      vertex 0.153197 -1.889767 0.568117
    endloop
  endfacet
  facet normal -0.509392 -0.288612 -0.810693
    outer loop
      vertex 0.207371 -1.822234 0.510035
      vertex 0.153197 -1.889767 0.568117
      vertex 0.144308 -1.822234 0.549659
    endloop
  endfacet
  facet normal -0.316224 -0.288612 -0.903717
    outer loop
      vertex 0.144308 -1.822234 0.549659
      vertex 0.153197 -1.889767 0.568117
      vertex 0.078568 -1.889767 0.594230
    endloop
  endfacet
  facet normal -0.316224 -0.288612 -0.903717
    outer loop
      vertex 0.144308 -1.822234 0.549659
      vertex 0.078568 -1.889767 0.594230
      vertex 0.074010 -1.822234 0.574258
    endloop
  endfacet
  facet normal -0.107200 -0.288612 -0.951426
    outer loop
      vertex 0.074010 -1.822234 0.574258
      vertex 0.078568 -1.889767 0.594230
      vertex 0.000000 -1.889767 0.603083
    endloop
  endfacet
  facet normal -0.107200 -0.288612 -0.951426
    outer loop
      vertex 0.074010 -1.822234 0.574258
      vertex 0.000000 -1.889767 0.603083
      vertex 0.000000 -1.822234 0.582597
    endloop
  endfacet
  facet normal 0.107200 -0.288612 -0.951426
    outer loop
      vertex 0.000000 -1.822234 0.582597
      vertex 0.000000 -1.889767 0.603083
      vertex -0.078568 -1.889767 0.594230
    endloop
  endfacet
  facet normal 0.107200 -0.288612 -0.951426
    outer loop
      vertex 0.000000 -1.822234 0.582597
      vertex -0.078568 -1.889767 0.594230
      vertex -0.074010 -1.822234 0.574258
    endloop
  endfacet
  facet normal 0.316224 -0.288612 -0.903717
    outer loop
      vertex -0.074010 -1.822234 0.574258
      vertex -0.078568 -1.889767 0.594230
      vertex -0.153197 -1.889767 0.568117
    endloop
  endfacet
  facet normal 0.316224 -0.288612 -0.903717
    outer loop
      vertex -0.074010 -1.822234 0.574258
      vertex -0.153197 -1.889767 0.568117
      vertex -0.144308 -1.822234 0.549659
    endloop
  endfacet
  facet normal 0.509392 -0.288612 -0.810693
    outer loop
      vertex -0.144308 -1.822234 0.549659
      vertex -0.153197 -1.889767 0.568117
      vertex -0.220143 -1.889767 0.526051
    endloop
  endfacet
  facet normal 0.509392 -0.288612 -0.810693
    outer loop
      vertex -0.144308 -1.822234 0.549659
      vertex -0.220143 -1.889767 0.526051
      vertex -0.207371 -1.822234 0.510035
    endloop
  endfacet
  facet normal 0.677017 -0.288612 -0.677017
    outer loop
      vertex -0.207371 -1.822234 0.510035
      vertex -0.220143 -1.889767 0.526051
      vertex -0.276051 -1.889767 0.470143
    endloop
  endfacet
  facet normal 0.677017 -0.288612 -0.677017
    outer loop
      vertex -0.207371 -1.822234 0.510035
      vertex -0.276051 -1.889767 0.470143
      vertex -0.260035 -1.822234 0.457371
    endloop
  endfacet
  facet normal 0.810693 -0.288612 -0.509392
    outer loop
      vertex -0.260035 -1.822234 0.457371
      vertex -0.276051 -1.889767 0.470143
      vertex -0.318117 -1.889767 0.403197
    endloop
  endfacet
  facet normal 0.810693 -0.288612 -0.509392
    outer loop
      vertex -0.260035 -1.822234 0.457371
      vertex -0.318117 -1.889767 0.403197
      vertex -0.299659 -1.822234 0.394308
    endloop
  endfacet
  facet normal 0.903717 -0.288612 -0.316224
    outer loop
      vertex -0.299659 -1.822234 0.394308
      vertex -0.318117 -1.889767 0.403197
      vertex -0.344230 -1.889767 0.328568
    endloop
  endfacet
  facet normal 0.903717 -0.288612 -0.316224
    outer loop
      vertex -0.299659 -1.822234 0.394308
      vertex -0.344230 -1.889767 0.328568
      vertex -0.324258 -1.822234 0.324010
    endloop
  endfacet
  facet normal 0.951426 -0.288612 -0.107200
    outer loop
      vertex -0.324258 -1.822234 0.324010
      vertex -0.344230 -1.889767 0.328568
      vertex -0.353083 -1.889767 0.250000
    endloop
  endfacet
  facet normal 0.951426 -0.288612 -0.107200
    outer loop
      vertex -0.324258 -1.822234 0.324010
      vertex -0.353083 -1.889767 0.250000
      vertex -0.332597 -1.822234 0.250000
    endloop
  endfacet
  facet normal 0.951426 -0.288612 0.107200
    outer loop
      vertex -0.332597 -1.822234 0.250000
      vertex -0.353083 -1.889767 0.250000
      vertex -0.344230 -1.889767 0.171432
    endloop
  endfacet
  facet normal 0.951426 -0.288612 0.107200
    outer loop
      vertex -0.332597 -1.822234 0.250000
      vertex -0.344230 -1.889767 0.171432
      vertex -0.324258 -1.822234 0.175990
    endloop
  endfacet
  facet normal 0.903717 -0.288612 0.316224
    outer loop
      vertex -0.324258 -1.822234 0.175990
      vertex -0.344230 -1.889767 0.171432
      vertex -0.318117 -1.889767 0.096803
    endloop
  endfacet
  facet normal 0.903717 -0.288612 0.316224
    outer loop
      vertex -0.324258 -1.822234 0.175990
      vertex -0.318117 -1.889767 0.096803
      vertex -0.299659 -1.822234 0.105692
    endloop
  endfacet
  facet normal 0.810693 -0.288612 0.509392
    outer loop
      vertex -0.299659 -1.822234 0.105692
      vertex -0.318117 -1.889767 0.096803
      vertex -0.276051 -1.889767 0.029857
    endloop
  endfacet
  facet normal 0.810693 -0.288612 0.509392
    outer loop
      vertex -0.299659 -1.822234 0.105692
      vertex -0.276051 -1.889767 0.029857
      vertex -0.260035 -1.822234 0.042629
    endloop
  endfacet
  facet normal 0.677017 -0.288612 0.677017
    outer loop
      vertex -0.260035 -1.822234 0.042629
      vertex -0.276051 -1.889767 0.029857
      vertex -0.220143 -1.889767 -0.026051
    endloop
  endfacet
  facet normal 0.677017 -0.288612 0.677017
    outer loop
      vertex -0.260035 -1.822234 0.042629
      vertex -0.220143 -1.889767 -0.026051
      vertex -0.207371 -1.822234 -0.010035
    endloop
  endfacet
  facet normal 0.509392 -0.288612 0.810693
    outer loop
      vertex -0.207371 -1.822234 -0.010035
      vertex -0.220143 -1.889767 -0.026051
      vertex -0.153197 -1.889767 -0.068117
    endloop
  endfacet
  facet normal 0.509392 -0.288612 0.810693
    outer loop
      vertex -0.207371 -1.822234 -0.010035
      vertex -0.153197 -1.889767 -0.068117
      vertex -0.144308 -1.822234 -0.049659
    endloop
  endfacet
  facet normal 0.316224 -0.288612 0.903717
    outer loop
      vertex -0.144308 -1.822234 -0.049659
      vertex -0.153197 -1.889767 -0.068117
      vertex -0.078568 -1.889767 -0.094230
    endloop
  endfacet
  facet normal 0.316224 -0.288612 0.903717
    outer loop
      vertex -0.144308 -1.822234 -0.049659
      vertex -0.078568 -1.889767 -0.094230
      vertex -0.074010 -1.822234 -0.074258
    endloop
  endfacet
  facet normal 0.107200 -0.288612 0.951426
    outer loop
      vertex -0.074010 -1.822234 -0.074258
      vertex -0.078568 -1.889767 -0.094230
      vertex -0.000000 -1.889767 -0.103083
    endloop
  endfacet
  facet normal 0.107200 -0.288612 0.951426
    outer loop
      vertex -0.074010 -1.822234 -0.074258
      vertex -0.000000 -1.889767 -0.103083
      vertex -0.000000 -1.822234 -0.082597
    endloop
  endfacet
  facet normal -0.107200 -0.288612 0.951426
    outer loop
      vertex -0.000000 -1.822234 -0.082597
      vertex -0.000000 -1.889767 -0.103083
      vertex 0.078568 -1.889767 -0.094230
    endloop
  endfacet
  facet normal -0.107200 -0.288612 0.951426
    outer loop
      vertex -0.000000 -1.822234 -0.082597
      vertex 0.078568 -1.889767 -0.094230
      vertex 0.074010 -1.822234 -0.074258
    endloop
  endfacet
  facet normal -0.316224 -0.288612 0.903717
    outer loop
      vertex 0.074010 -1.822234 -0.074258
      vertex 0.078568 -1.889767 -0.094230
      vertex 0.153197 -1.889767 -0.068117
    endloop
  endfacet
  facet normal -0.316224 -0.288612 0.903717
    outer loop
      vertex 0.074010 -1.822234 -0.074258
      vertex 0.153197 -1.889767 -0.068117
      vertex 0.144308 -1.822234 -0.049659
    endloop
  endfacet
  facet normal -0.509392 -0.288612 0.810693
    outer loop
      vertex 0.144308 -1.822234 -0.049659
      vertex 0.153197 -1.889767 -0.068117
      vertex 0.220143 -1.889767 -0.026051
    endloop
  endfacet
  facet normal -0.509392 -0.288612 0.810693
    outer loop
      vertex 0.144308 -1.822234 -0.049659
      vertex 0.220143 -1.889767 -0.026051
      vertex 0.207371 -1.822234 -0.010035
    endloop
  endfacet
  facet normal -0.677017 -0.288612 0.677017
    outer loop
      vertex 0.207371 -1.822234 -0.010035
      vertex 0.220143 -1.889767 -0.026051
      vertex 0.276051 -1.889767 0.029857
    endloop
  endfacet
  facet normal -0.677017 -0.288612 0.677017
    outer loop
      vertex 0.207371 -1.822234 -0.010035
      vertex 0.276051 -1.889767 0.029857
      vertex 0.260035 -1.822234 0.042629
    endloop
  endfacet
  facet normal -0.810693 -0.288612 0.509392
    outer loop
      vertex 0.260035 -1.822234 0.042629
      vertex 0.276051 -1.889767 0.029857
      vertex 0.318117 -1.889767 0.096803
    endloop
  endfacet
  facet normal -0.810693 -0.288612 0.509392
    outer loop
      vertex 0.260035 -1.822234 0.042629
      vertex 0.318117 -1.889767 0.096803
      vertex 0.299659 -1.822234 0.105692
    endloop
  endfacet
  facet normal -0.903717 -0.288612 0.316224
    outer loop
      vertex 0.299659 -1.822234 0.105692
      vertex 0.318117 -1.889767 0.096803
      vertex 0.344230 -1.889767 0.171432
    endloop
  endfacet
  facet normal -0.903717 -0.288612 0.316224
    outer loop
      vertex 0.299659 -1.822234 0.105692
      vertex 0.344230 -1.889767 0.171432
      vertex 0.324258 -1.822234 0.175990
    endloop
  endfacet
  facet normal -0.951426 -0.288612 0.107200
    outer loop
      vertex 0.324258 -1.822234 0.175990
      vertex 0.344230 -1.889767 0.171432
      vertex 0.353083 -1.889767 0.250000
    endloop
  endfacet
  facet normal -0.951426 -0.288612 0.107200
    outer loop
      vertex 0.324258 -1.822234 0.175990
      vertex 0.353083 -1.889767 0.250000
      vertex 0.332597 -1.822234 0.250000
    endloop
  endfacet
  facet normal -0.988987 -0.097407 -0.111432
    outer loop
      vertex 0.353083 -1.889767 0.250000
      vertex 0.360000 -1.960000 0.250000
      vertex 0.350974 -1.960000 0.330108
    endloop
  endfacet
  facet normal -0.988987 -0.097407 -0.111432
    outer loop
      vertex 0.353083 -1.889767 0.250000
      vertex 0.350974 -1.960000 0.330108
      vertex 0.344230 -1.889767 0.328568
    endloop
  endfacet
  facet normal -0.939395 -0.097407 -0.328708
    outer loop
      vertex 0.344230 -1.889767 0.328568
      vertex 0.350974 -1.960000 0.330108
      vertex 0.324349 -1.960000 0.406198
    endloop
  endfacet
  facet normal -0.939395 -0.097407 -0.328708
    outer loop
      vertex 0.344230 -1.889767 0.328568
      vertex 0.324349 -1.960000 0.406198
      vertex 0.318117 -1.889767 0.403197
    endloop
  endfacet
  facet normal -0.842698 -0.097407 -0.529502
    outer loop
      vertex 0.318117 -1.889767 0.403197
      vertex 0.324349 -1.960000 0.406198
      vertex 0.281459 -1.960000 0.474456
    endloop
  endfacet
  facet normal -0.842698 -0.097407 -0.529502
    outer loop
      vertex 0.318117 -1.889767 0.403197
      vertex 0.281459 -1.960000 0.474456
      vertex 0.276051 -1.889767 0.470143
    endloop
  endfacet
  facet normal -0.703744 -0.097407 -0.703744
    outer loop
      vertex 0.276051 -1.889767 0.470143
      vertex 0.281459 -1.960000 0.474456
      vertex 0.224456 -1.960000 0.531459
    endloop
  endfacet
  facet normal -0.703744 -0.097407 -0.703744
    outer loop
      vertex 0.276051 -1.889767 0.470143
      vertex 0.224456 -1.960000 0.531459
      vertex 0.220143 -1.889767 0.526051
    endloop
  endfacet
  facet normal -0.529502 -0.097407 -0.842698
    outer loop
      vertex 0.220143 -1.889767 0.526051
      vertex 0.224456 -1.960000 0.531459
      vertex 0.156198 -1.960000 0.574349
    endloop
  endfacet
  facet normal -0.529502 -0.097407 -0.842698
    outer loop
      vertex 0.220143 -1.889767 0.526051
      vertex 0.156198 -1.960000 0.574349
      vertex 0.153197 -1.889767 0.568117
    endloop
  endfacet
  facet normal -0.328708 -0.097407 -0.939395
    outer loop
      vertex 0.153197 -1.889767 0.568117
      vertex 0.156198 -1.960000 0.574349
      vertex 0.080108 -1.960000 0.600974
    endloop
  endfacet
  facet normal -0.328708 -0.097407 -0.939395
    outer loop
      vertex 0.153197 -1.889767 0.568117
      vertex 0.080108 -1.960000 0.600974
      vertex 0.078568 -1.889767 0.594230
    endloop
  endfacet
  facet normal -0.111432 -0.097407 -0.988987
    outer loop
      vertex 0.078568 -1.889767 0.594230
      vertex 0.080108 -1.960000 0.600974
      vertex 0.000000 -1.960000 0.610000
    endloop
  endfacet
  facet normal -0.111432 -0.097407 -0.988987
    outer loop
      vertex 0.078568 -1.889767 0.594230
      vertex 0.000000 -1.960000 0.610000
      vertex 0.000000 -1.889767 0.603083
    endloop
  endfacet
  facet normal 0.111432 -0.097407 -0.988987
    outer loop
      vertex 0.000000 -1.889767 0.603083
      vertex 0.000000 -1.960000 0.610000
      vertex -0.080108 -1.960000 0.600974
    endloop
  endfacet
  facet normal 0.111432 -0.097407 -0.988987
    outer loop
      vertex 0.000000 -1.889767 0.603083
      vertex -0.080108 -1.960000 0.600974
      vertex -0.078568 -1.889767 0.594230
    endloop
  endfacet
  facet normal 0.328708 -0.097407 -0.939395
    outer loop
      vertex -0.078568 -1.889767 0.594230
      vertex -0.080108 -1.960000 0.600974
      vertex -0.156198 -1.960000 0.574349
    endloop
  endfacet
  facet normal 0.328708 -0.097407 -0.939395
    outer loop
      vertex -0.078568 -1.889767 0.594230
      vertex -0.156198 -1.960000 0.574349
      vertex -0.153197 -1.889767 0.568117
    endloop
  endfacet
  facet normal 0.529502 -0.097407 -0.842698
    outer loop
      vertex -0.153197 -1.889767 0.568117
      vertex -0.156198 -1.960000 0.574349
      vertex -0.224456 -1.960000 0.531459
    endloop
  endfacet
  facet normal 0.529502 -0.097407 -0.842698
    outer loop
      vertex -0.153197 -1.889767 0.568117
      vertex -0.224456 -1.960000 0.531459
      vertex -0.220143 -1.889767 0.526051
    endloop
  endfacet
  facet normal 0.703744 -0.097407 -0.703744
    outer loop
      vertex -0.220143 -1.889767 0.526051
      vertex -0.224456 -1.960000 0.531459
      vertex -0.281459 -1.960000 0.474456
    endloop
  endfacet
  facet normal 0.703744 -0.097407 -0.703744
    outer loop
      vertex -0.220143 -1.889767 0.526051
      vertex -0.281459 -1.960000 0.474456
      vertex -0.276051 -1.889767 0.470143
    endloop
  endfacet
  facet normal 0.842698 -0.097407 -0.529502
    outer loop
      vertex -0.276051 -1.889767 0.470143
      vertex -0.281459 -1.960000 0.474456
      vertex -0.324349 -1.960000 0.406198
    endloop
  endfacet
  facet normal 0.842698 -0.097407 -0.529502
    outer loop
      vertex -0.276051 -1.889767 0.470143
      vertex -0.324349 -1.960000 0.406198
      vertex -0.318117 -1.889767 0.403197
    endloop
  endfacet
  facet normal 0.939395 -0.097407 -0.328708
    outer loop
      vertex -0.318117 -1.889767 0.403197
      vertex -0.324349 -1.960000 0.406198
      vertex -0.350974 -1.960000 0.330108
    endloop
  endfacet
  facet normal 0.939395 -0.097407 -0.328708
    outer loop
      vertex -0.318117 -1.889767 0.403197
      vertex -0.350974 -1.960000 0.330108
      vertex -0.344230 -1.889767 0.328568
    endloop
  endfacet
  facet normal 0.988987 -0.097407 -0.111432
    outer loop
      vertex -0.344230 -1.889767 0.328568
      vertex -0.350974 -1.960000 0.330108
      vertex -0.360000 -1.960000 0.250000
    endloop
  endfacet
  facet normal 0.988987 -0.097407 -0.111432
    outer loop
      vertex -0.344230 -1.889767 0.328568
      vertex -0.360000 -1.960000 0.250000
      vertex -0.353083 -1.889767 0.250000
    endloop
  endfacet
  facet normal 0.988987 -0.097407 0.111432
    outer loop
      vertex -0.353083 -1.889767 0.250000
      vertex -0.360000 -1.960000 0.250000
      vertex -0.350974 -1.960000 0.169892
    endloop
  endfacet
  facet normal 0.988987 -0.097407 0.111432
    outer loop
      vertex -0.353083 -1.889767 0.250000
      vertex -0.350974 -1.960000 0.169892
      vertex -0.344230 -1.889767 0.171432
    endloop
  endfacet
  facet normal 0.939395 -0.097407 0.328708
    outer loop
      vertex -0.344230 -1.889767 0.171432
      vertex -0.350974 -1.960000 0.169892
      vertex -0.324349 -1.960000 0.093802
    endloop
  endfacet
  facet normal 0.939395 -0.097407 0.328708
    outer loop
      vertex -0.344230 -1.889767 0.171432
      vertex -0.324349 -1.960000 0.093802
      vertex -0.318117 -1.889767 0.096803
    endloop
  endfacet
  facet normal 0.842698 -0.097407 0.529502
    outer loop
      vertex -0.318117 -1.889767 0.096803
      vertex -0.324349 -1.960000 0.093802
      vertex -0.281459 -1.960000 0.025544
    endloop
  endfacet
  facet normal 0.842698 -0.097407 0.529502
    outer loop
      vertex -0.318117 -1.889767 0.096803
      vertex -0.281459 -1.960000 0.025544
      vertex -0.276051 -1.889767 0.029857
    endloop
  endfacet
  facet normal 0.703744 -0.097407 0.703744
    outer loop
      vertex -0.276051 -1.889767 0.029857
      vertex -0.281459 -1.960000 0.025544
      vertex -0.224456 -1.960000 -0.031459
    endloop
  endfacet
  facet normal 0.703744 -0.097407 0.703744
    outer loop
      vertex -0.276051 -1.889767 0.029857
      vertex -0.224456 -1.960000 -0.031459
      vertex -0.220143 -1.889767 -0.026051
    endloop
  endfacet
  facet normal 0.529502 -0.097407 0.842698
    outer loop
      vertex -0.220143 -1.889767 -0.026051
      vertex -0.224456 -1.960000 -0.031459
      vertex -0.156198 -1.960000 -0.074349
    endloop
  endfacet
  facet normal 0.529502 -0.097407 0.842698
    outer loop
      vertex -0.220143 -1.889767 -0.026051
      vertex -0.156198 -1.960000 -0.074349
      vertex -0.153197 -1.889767 -0.068117
    endloop
  endfacet
  facet normal 0.328708 -0.097407 0.939395
    outer loop
      vertex -0.153197 -1.889767 -0.068117
      vertex -0.156198 -1.960000 -0.074349
      vertex -0.080108 -1.960000 -0.100974
    endloop
  endfacet
  facet normal 0.328708 -0.097407 0.939395
    outer loop
      vertex -0.153197 -1.889767 -0.068117
      vertex -0.080108 -1.960000 -0.100974
      vertex -0.078568 -1.889767 -0.094230
    endloop
  endfacet
  facet normal 0.111432 -0.097407 0.988987
    outer loop
      vertex -0.078568 -1.889767 -0.094230
      vertex -0.080108 -1.960000 -0.100974
      vertex -0.000000 -1.960000 -0.110000
    endloop
  endfacet
  facet normal 0.111432 -0.097407 0.988987
    outer loop
      vertex -0.078568 -1.889767 -0.094230
      vertex -0.000000 -1.960000 -0.110000
      vertex -0.000000 -1.889767 -0.103083
    endloop
  endfacet
  facet normal -0.111432 -0.097407 0.988987
    outer loop
      vertex -0.000000 -1.889767 -0.103083
      vertex -0.000000 -1.960000 -0.110000
      vertex 0.080108 -1.960000 -0.100974
    endloop
  endfacet
  facet normal -0.111432 -0.097407 0.988987
    outer loop
      vertex -0.000000 -1.889767 -0.103083
      vertex 0.080108 -1.960000 -0.100974
      vertex 0.078568 -1.889767 -0.094230
    endloop
  endfacet
  facet normal -0.328708 -0.097407 0.939395
    outer loop
      vertex 0.078568 -1.889767 -0.094230
      vertex 0.080108 -1.960000 -0.100974
      vertex 0.156198 -1.960000 -0.074349
    endloop
  endfacet
  facet normal -0.328708 -0.097407 0.939395
    outer loop
      vertex 0.078568 -1.889767 -0.094230
      vertex 0.156198 -1.960000 -0.074349
      vertex 0.153197 -1.889767 -0.068117
    endloop
  endfacet
  facet normal -0.529502 -0.097407 0.842698
    outer loop
      vertex 0.153197 -1.889767 -0.068117
      vertex 0.156198 -1.960000 -0.074349
      vertex 0.224456 -1.960000 -0.031459
    endloop
  endfacet
  facet normal -0.529502 -0.097407 0.842698
    outer loop
      vertex 0.153197 -1.889767 -0.068117
      vertex 0.224456 -1.960000 -0.031459
      vertex 0.220143 -1.889767 -0.026051
    endloop
  endfacet
  facet normal -0.703744 -0.097407 0.703744
    outer loop
      vertex 0.220143 -1.889767 -0.026051
      vertex 0.224456 -1.960000 -0.031459
      vertex 0.281459 -1.960000 0.025544
    endloop
  endfacet
  facet normal -0.703744 -0.097407 0.703744
    outer loop
      vertex 0.220143 -1.889767 -0.026051
      vertex 0.281459 -1.960000 0.025544
      vertex 0.276051 -1.889767 0.029857
    endloop
  endfacet
  facet normal -0.842698 -0.097407 0.529502
    outer loop
      vertex 0.276051 -1.889767 0.029857
      vertex 0.281459 -1.960000 0.025544
      vertex 0.324349 -1.960000 0.093802
    endloop
  endfacet
  facet normal -0.842698 -0.097407 0.529502
    outer loop
      vertex 0.276051 -1.889767 0.029857
      vertex 0.324349 -1.960000 0.093802
      vertex 0.318117 -1.889767 0.096803
    endloop
  endfacet
  facet normal -0.939395 -0.097407 0.328708
    outer loop
      vertex 0.318117 -1.889767 0.096803
      vertex 0.324349 -1.960000 0.093802
      vertex 0.350974 -1.960000 0.169892
    endloop
  endfacet
  facet normal -0.939395 -0.097407 0.328708
    outer loop
      vertex 0.318117 -1.889767 0.096803
      vertex 0.350974 -1.960000 0.169892
      vertex 0.344230 -1.889767 0.171432
    endloop
  endfacet
  facet normal -0.988987 -0.097407 0.111432
    outer loop
      vertex 0.344230 -1.889767 0.171432
      vertex 0.350974 -1.960000 0.169892
      vertex 0.360000 -1.960000 0.250000
    endloop
  endfacet
  facet normal -0.988987 -0.097407 0.111432
    outer loop
      vertex 0.344230 -1.889767 0.171432
      vertex 0.360000 -1.960000 0.250000
      vertex 0.353083 -1.889767 0.250000
    endloop
  endfacet
  facet normal 0.000000 -1.000000 0.000000
    outer loop
      vertex 1.250000 -1.960000 0.250000
      vertex 1.649500 -1.960000 0.250000
      vertex 1.639484 -1.960000 0.338897
    endloop
  endfacet
  facet normal 0.000000 1.000000 0.000000
    outer loop
      vertex 1.250000 -2.400000 0.250000
      vertex 1.639484 -2.400000 0.338897
      vertex 1.649500 -2.400000 0.250000
    endloop
  endfacet
  facet normal -0.993712 0.000000 -0.111964
    outer loop
      vertex 1.649500 -2.400000 0.250000
      vertex 1.639484 -2.400000 0.338897
      vertex 1.639484 -1.960000 0.338897
    endloop
  endfacet
  facet normal -0.993712 0.000000 -0.111964
    outer loop
      vertex 1.649500 -2.400000 0.250000
      vertex 1.639484 -1.960000 0.338897
      vertex 1.649500 -1.960000 0.250000
    endloop
  endfacet
  facet normal 0.000000 -1.000000 0.000000
    outer loop
      vertex 1.250000 -1.960000 0.250000
      vertex 1.639484 -1.960000 0.338897
      vertex 1.609937 -1.960000 0.423337
    endloop
  endfacet
  facet normal 0.000000 1.000000 0.000000
    outer loop
      vertex 1.250000 -2.400000 0.250000
      vertex 1.609937 -2.400000 0.423337
      vertex 1.639484 -2.400000 0.338897
    endloop
  endfacet
  facet normal -0.943883 0.000000 -0.330279
    outer loop
      vertex 1.639484 -2.400000 0.338897
      vertex 1.609937 -2.400000 0.423337
      vertex 1.609937 -1.960000 0.423337
    endloop
  endfacet
  facet normal -0.943883 0.000000 -0.330279
    outer loop
      vertex 1.639484 -2.400000 0.338897
      vertex 1.609937 -1.960000 0.423337
      vertex 1.639484 -1.960000 0.338897
    endloop
  endfacet
  facet normal 0.000000 -1.000000 0.000000
    outer loop
      vertex 1.250000 -1.960000 0.250000
      vertex 1.609937 -1.960000 0.423337
      vertex 1.562342 -1.960000 0.499084
    endloop
  endfacet
  facet normal 0.000000 1.000000 0.000000
    outer loop
      vertex 1.250000 -2.400000 0.250000
      vertex 1.562342 -2.400000 0.499084
      vertex 1.609937 -2.400000 0.423337
    endloop
  endfacet
  facet normal -0.846724 0.000000 -0.532032
    outer loop
      vertex 1.609937 -2.400000 0.423337
      vertex 1.562342 -2.400000 0.499084
      vertex 1.562342 -1.960000 0.499084
    endloop
  endfacet
  facet normal -0.846724 0.000000 -0.532032
    outer loop
      vertex 1.609937 -2.400000 0.423337
      vertex 1.562342 -1.960000 0.499084
      vertex 1.609937 -1.960000 0.423337
    endloop
  endfacet
  facet normal 0.000000 -1.000000 0.000000
    outer loop
      vertex 1.250000 -1.960000 0.250000
      vertex 1.562342 -1.960000 0.499084
      vertex 1.499084 -1.960000 0.562342
    endloop
  endfacet
  facet normal 0.000000 1.000000 0.000000
    outer loop
      vertex 1.250000 -2.400000 0.250000
      vertex 1.499084 -2.400000 0.562342
      vertex 1.562342 -2.400000 0.499084
    endloop
  endfacet
  facet normal -0.707107 0.000000 -0.707107
    outer loop
      vertex 1.562342 -2.400000 0.499084
      vertex 1.499084 -2.400000 0.562342
      vertex 1.499084 -1.960000 0.562342
    endloop
  endfacet
  facet normal -0.707107 0.000000 -0.707107
    outer loop
      vertex 1.562342 -2.400000 0.499084
      vertex 1.499084 -1.960000 0.562342
      vertex 1.562342 -1.960000 0.499084
    endloop
  endfacet
  facet normal 0.000000 -1.000000 0.000000
    outer loop
      vertex 1.250000 -1.960000 0.250000
      vertex 1.499084 -1.960000 0.562342
      vertex 1.423337 -1.960000 0.609937
    endloop
  endfacet
  facet normal 0.000000 1.000000 0.000000
    outer loop
      vertex 1.250000 -2.400000 0.250000
      vertex 1.423337 -2.400000 0.609937
      vertex 1.499084 -2.400000 0.562342
    endloop
  endfacet
  facet normal -0.532032 0.000000 -0.846724
    outer loop
      vertex 1.499084 -2.400000 0.562342
      vertex 1.423337 -2.400000 0.609937
      vertex 1.423337 -1.960000 0.609937
    endloop
  endfacet
  facet normal -0.532032 0.000000 -0.846724
    outer loop
      vertex 1.499084 -2.400000 0.562342
      vertex 1.423337 -1.960000 0.609937
      vertex 1.499084 -1.960000 0.562342
    endloop
  endfacet
  facet normal 0.000000 -1.000000 0.000000
    outer loop
      vertex 1.250000 -1.960000 0.250000
      vertex 1.423337 -1.960000 0.609937
      vertex 1.338897 -1.960000 0.639484
    endloop
  endfacet
  facet normal 0.000000 1.000000 0.000000
    outer loop
      vertex 1.250000 -2.400000 0.250000
      vertex 1.338897 -2.400000 0.639484
      vertex 1.423337 -2.400000 0.609937
    endloop
  endfacet
  facet normal -0.330279 0.000000 -0.943883
    outer loop
      vertex 1.423337 -2.400000 0.609937
      vertex 1.338897 -2.400000 0.639484
      vertex 1.338897 -1.960000 0.639484
    endloop
  endfacet
  facet normal -0.330279 0.000000 -0.943883
    outer loop
      vertex 1.423337 -2.400000 0.609937
      vertex 1.338897 -1.960000 0.639484
      vertex 1.423337 -1.960000 0.609937
    endloop
  endfacet
  facet normal 0.000000 -1.000000 0.000000
    outer loop
      vertex 1.250000 -1.960000 0.250000
      vertex 1.338897 -1.960000 0.639484
      vertex 1.250000 -1.960000 0.649500
    endloop
  endfacet
  facet normal 0.000000 1.000000 0.000000
    outer loop
      vertex 1.250000 -2.400000 0.250000
      vertex 1.250000 -2.400000 0.649500
      vertex 1.338897 -2.400000 0.639484
    endloop
  endfacet
  facet normal -0.111964 0.000000 -0.993712
    outer loop
      vertex 1.338897 -2.400000 0.639484
      vertex 1.250000 -2.400000 0.649500
      vertex 1.250000 -1.960000 0.649500
    endloop
  endfacet
  facet normal -0.111964 0.000000 -0.993712
    outer loop
      vertex 1.338897 -2.400000 0.639484
      vertex 1.250000 -1.960000 0.649500
      vertex 1.338897 -1.960000 0.639484
    endloop
  endfacet
  facet normal 0.000000 -1.000000 0.000000
    outer loop
      vertex 1.250000 -1.960000 0.250000
      vertex 1.250000 -1.960000 0.649500
      vertex 1.161103 -1.960000 0.639484
    endloop
  endfacet
  facet normal 0.000000 1.000000 0.000000
    outer loop
      vertex 1.250000 -2.400000 0.250000
      vertex 1.161103 -2.400000 0.639484
      vertex 1.250000 -2.400000 0.649500
    endloop
  endfacet
  facet normal 0.111964 0.000000 -0.993712
    outer loop
      vertex 1.250000 -2.400000 0.649500
      vertex 1.161103 -2.400000 0.639484
      vertex 1.161103 -1.960000 0.639484
    endloop
  endfacet
  facet normal 0.111964 0.000000 -0.993712
    outer loop
      vertex 1.250000 -2.400000 0.649500
      vertex 1.161103 -1.960000 0.639484
      vertex 1.250000 -1.960000 0.649500
    endloop
  endfacet
  facet normal 0.000000 -1.000000 0.000000
    outer loop
      vertex 1.250000 -1.960000 0.250000
      vertex 1.161103 -1.960000 0.639484
      vertex 1.076663 -1.960000 0.609937
    endloop
  endfacet
  facet normal 0.000000 1.000000 0.000000
    outer loop
      vertex 1.250000 -2.400000 0.250000
      vertex 1.076663 -2.400000 0.609937
      vertex 1.161103 -2.400000 0.639484
    endloop
  endfacet
  facet normal 0.330279 0.000000 -0.943883
    outer loop
      vertex 1.161103 -2.400000 0.639484
      vertex 1.076663 -2.400000 0.609937
      vertex 1.076663 -1.960000 0.609937
    endloop
  endfacet
  facet normal 0.330279 0.000000 -0.943883
    outer loop
      vertex 1.161103 -2.400000 0.639484
      vertex 1.076663 -1.960000 0.609937
      vertex 1.161103 -1.960000 0.639484
    endloop
  endfacet
  facet normal 0.000000 -1.000000 0.000000
    outer loop
      vertex 1.250000 -1.960000 0.250000
      vertex 1.076663 -1.960000 0.609937
      vertex 1.000916 -1.960000 0.562342
    endloop
  endfacet
  facet normal 0.000000 1.000000 0.000000
    outer loop
      vertex 1.250000 -2.400000 0.250000
      vertex 1.000916 -2.400000 0.562342
      vertex 1.076663 -2.400000 0.609937
    endloop
  endfacet
  facet normal 0.532032 0.000000 -0.846724
    outer loop
      vertex 1.076663 -2.400000 0.609937
      vertex 1.000916 -2.400000 0.562342
      vertex 1.000916 -1.960000 0.562342
    endloop
  endfacet
  facet normal 0.532032 0.000000 -0.846724
    outer loop
      vertex 1.076663 -2.400000 0.609937
      vertex 1.000916 -1.960000 0.562342
      vertex 1.076663 -1.960000 0.609937
    endloop
  endfacet
  facet normal 0.000000 -1.000000 0.000000
    outer loop
      vertex 1.250000 -1.960000 0.250000
      vertex 1.000916 -1.960000 0.562342
      vertex 0.937658 -1.960000 0.499084
    endloop
  endfacet
  facet normal 0.000000 1.000000 0.000000
    outer loop
      vertex 1.250000 -2.400000 0.250000
      vertex 0.937658 -2.400000 0.499084
      vertex 1.000916 -2.400000 0.562342
    endloop
  endfacet
  facet normal 0.707107 0.000000 -0.707107
    outer loop
      vertex 1.000916 -2.400000 0.562342
      vertex 0.937658 -2.400000 0.499084
      vertex 0.937658 -1.960000 0.499084
    endloop
  endfacet
  facet normal 0.707107 0.000000 -0.707107
    outer loop
      vertex 1.000916 -2.400000 0.562342
      vertex 0.937658 -1.960000 0.499084
      vertex 1.000916 -1.960000 0.562342
    endloop
  endfacet
  facet normal 0.000000 -1.000000 0.000000
    outer loop
      vertex 1.250000 -1.960000 0.250000
      vertex 0.937658 -1.960000 0.499084
      vertex 0.890063 -1.960000 0.423337
    endloop
  endfacet
  facet normal 0.000000 1.000000 0.000000
    outer loop
      vertex 1.250000 -2.400000 0.250000
      vertex 0.890063 -2.400000 0.423337
      vertex 0.937658 -2.400000 0.499084
    endloop
  endfacet
  facet normal 0.846724 0.000000 -0.532032
    outer loop
      vertex 0.937658 -2.400000 0.499084
      vertex 0.890063 -2.400000 0.423337
      vertex 0.890063 -1.960000 0.423337
    endloop
  endfacet
  facet normal 0.846724 0.000000 -0.532032
    outer loop
      vertex 0.937658 -2.400000 0.499084
      vertex 0.890063 -1.960000 0.423337
      vertex 0.937658 -1.960000 0.499084
    endloop
  endfacet
  facet normal 0.000000 -1.000000 0.000000
    outer loop
      vertex 1.250000 -1.960000 0.250000
      vertex 0.890063 -1.960000 0.423337
      vertex 0.860516 -1.960000 0.338897
    endloop
  endfacet
  facet normal 0.000000 1.000000 0.000000
    outer loop
      vertex 1.250000 -2.400000 0.250000
      vertex 0.860516 -2.400000 0.338897
      vertex 0.890063 -2.400000 0.423337
    endloop
  endfacet
  facet normal 0.943883 0.000000 -0.330279
    outer loop
      vertex 0.890063 -2.400000 0.423337
      vertex 0.860516 -2.400000 0.338897
      vertex 0.860516 -1.960000 0.338897
    endloop
  endfacet
  facet normal 0.943883 0.000000 -0.330279
    outer loop
      vertex 0.890063 -2.400000 0.423337
      vertex 0.860516 -1.960000 0.338897
      vertex 0.890063 -1.960000 0.423337
    endloop
  endfacet
  facet normal 0.000000 -1.000000 0.000000
    outer loop
      vertex 1.250000 -1.960000 0.250000
      vertex 0.860516 -1.960000 0.338897
      vertex 0.850500 -1.960000 0.250000
    endloop
  endfacet
  facet normal 0.000000 1.000000 0.000000
    outer loop
      vertex 1.250000 -2.400000 0.250000
      vertex 0.850500 -2.400000 0.250000
      vertex 0.860516 -2.400000 0.338897
    endloop
  endfacet
  facet normal 0.993712 0.000000 -0.111964
    outer loop
      vertex 0.860516 -2.400000 0.338897
      vertex 0.850500 -2.400000 0.250000
      vertex 0.850500 -1.960000 0.250000
    endloop
  endfacet
  facet normal 0.993712 0.000000 -0.111964
    outer loop
      vertex 0.860516 -2.400000 0.338897
      vertex 0.850500 -1.960000 0.250000
      vertex 0.860516 -1.960000 0.338897
    endloop
  endfacet
  facet normal 0.000000 -1.000000 0.000000
    outer loop
      vertex 1.250000 -1.960000 0.250000
      vertex 0.850500 -1.960000 0.250000
      vertex 0.860516 -1.960000 0.161103
    endloop
  endfacet
  facet normal 0.000000 1.000000 0.000000
    outer loop
      vertex 1.250000 -2.400000 0.250000
      vertex 0.860516 -2.400000 0.161103
      vertex 0.850500 -2.400000 0.250000
    endloop
  endfacet
  facet normal 0.993712 0.000000 0.111964
    outer loop
      vertex 0.850500 -2.400000 0.250000
      vertex 0.860516 -2.400000 0.161103
      vertex 0.860516 -1.960000 0.161103
    endloop
  endfacet
  facet normal 0.993712 0.000000 0.111964
    outer loop
      vertex 0.850500 -2.400000 0.250000
      vertex 0.860516 -1.960000 0.161103
      vertex 0.850500 -1.960000 0.250000
    endloop
  endfacet
  facet normal 0.000000 -1.000000 0.000000
    outer loop
      vertex 1.250000 -1.960000 0.250000
      vertex 0.860516 -1.960000 0.161103
      vertex 0.890063 -1.960000 0.076663
    endloop
  endfacet
  facet normal 0.000000 1.000000 0.000000
    outer loop
      vertex 1.250000 -2.400000 0.250000
      vertex 0.890063 -2.400000 0.076663
      vertex 0.860516 -2.400000 0.161103
    endloop
  endfacet
  facet normal 0.943883 0.000000 0.330279
    outer loop
      vertex 0.860516 -2.400000 0.161103
      vertex 0.890063 -2.400000 0.076663
      vertex 0.890063 -1.960000 0.076663
    endloop
  endfacet
  facet normal 0.943883 0.000000 0.330279
    outer loop
      vertex 0.860516 -2.400000 0.161103
      vertex 0.890063 -1.960000 0.076663
      vertex 0.860516 -1.960000 0.161103
    endloop
  endfacet
  facet normal 0.000000 -1.000000 0.000000
    outer loop
      vertex 1.250000 -1.960000 0.250000
      vertex 0.890063 -1.960000 0.076663
      vertex 0.937658 -1.960000 0.000916
    endloop
  endfacet
  facet normal 0.000000 1.000000 0.000000
    outer loop
      vertex 1.250000 -2.400000 0.250000
      vertex 0.937658 -2.400000 0.000916
      vertex 0.890063 -2.400000 0.076663
    endloop
  endfacet
  facet normal 0.846724 0.000000 0.532032
    outer loop
      vertex 0.890063 -2.400000 0.076663
      vertex 0.937658 -2.400000 0.000916
      vertex 0.937658 -1.960000 0.000916
    endloop
  endfacet
  facet normal 0.846724 0.000000 0.532032
    outer loop
      vertex 0.890063 -2.400000 0.076663
      vertex 0.937658 -1.960000 0.000916
      vertex 0.890063 -1.960000 0.076663
    endloop
  endfacet
  facet normal 0.000000 -1.000000 0.000000
    outer loop
      vertex 1.250000 -1.960000 0.250000
      vertex 0.937658 -1.960000 0.000916
      vertex 1.000916 -1.960000 -0.062342
    endloop
  endfacet
  facet normal 0.000000 1.000000 0.000000
    outer loop
      vertex 1.250000 -2.400000 0.250000
      vertex 1.000916 -2.400000 -0.062342
      vertex 0.937658 -2.400000 0.000916
    endloop
  endfacet
  facet normal 0.707107 0.000000 0.707107
    outer loop
      vertex 0.937658 -2.400000 0.000916
      vertex 1.000916 -2.400000 -0.062342
      vertex 1.000916 -1.960000 -0.062342
    endloop
  endfacet
  facet normal 0.707107 0.000000 0.707107
    outer loop
      vertex 0.937658 -2.400000 0.000916
      vertex 1.000916 -1.960000 -0.062342
      vertex 0.937658 -1.960000 0.000916
    endloop
  endfacet
  facet normal 0.000000 -1.000000 0.000000
    outer loop
      vertex 1.250000 -1.960000 0.250000
      vertex 1.000916 -1.960000 -0.062342
      vertex 1.076663 -1.960000 -0.109937
    endloop
  endfacet
  facet normal 0.000000 1.000000 0.000000
    outer loop
      vertex 1.250000 -2.400000 0.250000
      vertex 1.076663 -2.400000 -0.109937
      vertex 1.000916 -2.400000 -0.062342
    endloop
  endfacet
  facet normal 0.532032 0.000000 0.846724
    outer loop
      vertex 1.000916 -2.400000 -0.062342
      vertex 1.076663 -2.400000 -0.109937
      vertex 1.076663 -1.960000 -0.109937
    endloop
  endfacet
  facet normal 0.532032 0.000000 0.846724
    outer loop
      vertex 1.000916 -2.400000 -0.062342
      vertex 1.076663 -1.960000 -0.109937
      vertex 1.000916 -1.960000 -0.062342
    endloop
  endfacet
  facet normal 0.000000 -1.000000 0.000000
    outer loop
      vertex 1.250000 -1.960000 0.250000
      vertex 1.076663 -1.960000 -0.109937
      vertex 1.161103 -1.960000 -0.139484
    endloop
  endfacet
  facet normal 0.000000 1.000000 0.000000
    outer loop
      vertex 1.250000 -2.400000 0.250000
      vertex 1.161103 -2.400000 -0.139484
      vertex 1.076663 -2.400000 -0.109937
    endloop
  endfacet
  facet normal 0.330279 0.000000 0.943883
    outer loop
      vertex 1.076663 -2.400000 -0.109937
      vertex 1.161103 -2.400000 -0.139484
      vertex 1.161103 -1.960000 -0.139484
    endloop
  endfacet
  facet normal 0.330279 0.000000 0.943883
    outer loop
      vertex 1.076663 -2.400000 -0.109937
      vertex 1.161103 -1.960000 -0.139484
      vertex 1.076663 -1.960000 -0.109937
    endloop
  endfacet
  facet normal 0.000000 -1.000000 0.000000
    outer loop
      vertex 1.250000 -1.960000 0.250000
      vertex 1.161103 -1.960000 -0.139484
      vertex 1.250000 -1.960000 -0.149500
    endloop
  endfacet
  facet normal 0.000000 1.000000 0.000000
    outer loop
      vertex 1.250000 -2.400000 0.250000
      vertex 1.250000 -2.400000 -0.149500
      vertex 1.161103 -2.400000 -0.139484
    endloop
  endfacet
  facet normal 0.111964 0.000000 0.993712
    outer loop
      vertex 1.161103 -2.400000 -0.139484
      vertex 1.250000 -2.400000 -0.149500
      vertex 1.250000 -1.960000 -0.149500
    endloop
  endfacet
  facet normal 0.111964 0.000000 0.993712
    outer loop
      vertex 1.161103 -2.400000 -0.139484
      vertex 1.250000 -1.960000 -0.149500
      vertex 1.161103 -1.960000 -0.139484
    endloop
  endfacet
  facet normal 0.000000 -1.000000 0.000000
    outer loop
      vertex 1.250000 -1.960000 0.250000
      vertex 1.250000 -1.960000 -0.149500
      vertex 1.338897 -1.960000 -0.139484
    endloop
  endfacet
  facet normal 0.000000 1.000000 0.000000
    outer loop
      vertex 1.250000 -2.400000 0.250000
      vertex 1.338897 -2.400000 -0.139484
      vertex 1.250000 -2.400000 -0.149500
    endloop
  endfacet
  facet normal -0.111964 0.000000 0.993712
    outer loop
      vertex 1.250000 -2.400000 -0.149500
      vertex 1.338897 -2.400000 -0.139484
      vertex 1.338897 -1.960000 -0.139484
    endloop
  endfacet
  facet normal -0.111964 0.000000 0.993712
    outer loop
      vertex 1.250000 -2.400000 -0.149500
      vertex 1.338897 -1.960000 -0.139484
      vertex 1.250000 -1.960000 -0.149500
    endloop
  endfacet
  facet normal 0.000000 -1.000000 0.000000
    outer loop
      vertex 1.250000 -1.960000 0.250000
      vertex 1.338897 -1.960000 -0.139484
      vertex 1.423337 -1.960000 -0.109937
    endloop
  endfacet
  facet normal 0.000000 1.000000 0.000000
    outer loop
      vertex 1.250000 -2.400000 0.250000
      vertex 1.423337 -2.400000 -0.109937
      vertex 1.338897 -2.400000 -0.139484
    endloop
  endfacet
  facet normal -0.330279 0.000000 0.943883
    outer loop
      vertex 1.338897 -2.400000 -0.139484
      vertex 1.423337 -2.400000 -0.109937
      vertex 1.423337 -1.960000 -0.109937
    endloop
  endfacet
  facet normal -0.330279 0.000000 0.943883
    outer loop
      vertex 1.338897 -2.400000 -0.139484
      vertex 1.423337 -1.960000 -0.109937
      vertex 1.338897 -1.960000 -0.139484
    endloop
  endfacet
  facet normal 0.000000 -1.000000 0.000000
    outer loop
      vertex 1.250000 -1.960000 0.250000
      vertex 1.423337 -1.960000 -0.109937
      vertex 1.499084 -1.960000 -0.062342
    endloop
  endfacet
  facet normal 0.000000 1.000000 0.000000
    outer loop
      vertex 1.250000 -2.400000 0.250000
      vertex 1.499084 -2.400000 -0.062342
      vertex 1.423337 -2.400000 -0.109937
    endloop
  endfacet
  facet normal -0.532032 0.000000 0.846724
    outer loop
      vertex 1.423337 -2.400000 -0.109937
      vertex 1.499084 -2.400000 -0.062342
      vertex 1.499084 -1.960000 -0.062342
    endloop
  endfacet
  facet normal -0.532032 0.000000 0.846724
    outer loop
      vertex 1.423337 -2.400000 -0.109937
      vertex 1.499084 -1.960000 -0.062342
      vertex 1.423337 -1.960000 -0.109937
    endloop
  endfacet
  facet normal 0.000000 -1.000000 0.000000
    outer loop
      vertex 1.250000 -1.960000 0.250000
      vertex 1.499084 -1.960000 -0.062342
      vertex 1.562342 -1.960000 0.000916
    endloop
  endfacet
  facet normal 0.000000 1.000000 0.000000
    outer loop
      vertex 1.250000 -2.400000 0.250000
      vertex 1.562342 -2.400000 0.000916
      vertex 1.499084 -2.400000 -0.062342
    endloop
  endfacet
  facet normal -0.707107 0.000000 0.707107
    outer loop
      vertex 1.499084 -2.400000 -0.062342
      vertex 1.562342 -2.400000 0.000916
      vertex 1.562342 -1.960000 0.000916
    endloop
  endfacet
  facet normal -0.707107 0.000000 0.707107
    outer loop
      vertex 1.499084 -2.400000 -0.062342
      vertex 1.562342 -1.960000 0.000916
      vertex 1.499084 -1.960000 -0.062342
    endloop
  endfacet
  facet normal 0.000000 -1.000000 0.000000
    outer loop
      vertex 1.250000 -1.960000 0.250000
      vertex 1.562342 -1.960000 0.000916
      vertex 1.609937 -1.960000 0.076663
    endloop
  endfacet
  facet normal 0.000000 1.000000 0.000000
    outer loop
      vertex 1.250000 -2.400000 0.250000
      vertex 1.609937 -2.400000 0.076663
      vertex 1.562342 -2.400000 0.000916
    endloop
  endfacet
  facet normal -0.846724 0.000000 0.532032
    outer loop
      vertex 1.562342 -2.400000 0.000916
      vertex 1.609937 -2.400000 0.076663
      vertex 1.609937 -1.960000 0.076663
    endloop
  endfacet
  facet normal -0.846724 0.000000 0.532032
    outer loop
      vertex 1.562342 -2.400000 0.000916
      vertex 1.609937 -1.960000 0.076663
      vertex 1.562342 -1.960000 0.000916
    endloop
  endfacet
  facet normal 0.000000 -1.000000 0.000000
    outer loop
      vertex 1.250000 -1.960000 0.250000
      vertex 1.609937 -1.960000 0.076663
      vertex 1.639484 -1.960000 0.161103
    endloop
  endfacet
  facet normal 0.000000 1.000000 0.000000
    outer loop
      vertex 1.250000 -2.400000 0.250000
      vertex 1.639484 -2.400000 0.161103
      vertex 1.609937 -2.400000 0.076663
    endloop
  endfacet
  facet normal -0.943883 0.000000 0.330279
    outer loop
      vertex 1.609937 -2.400000 0.076663
      vertex 1.639484 -2.400000 0.161103
      vertex 1.639484 -1.960000 0.161103
    endloop
  endfacet
  facet normal -0.943883 0.000000 0.330279
    outer loop
      vertex 1.609937 -2.400000 0.076663
      vertex 1.639484 -1.960000 0.161103
      vertex 1.609937 -1.960000 0.076663
    endloop
  endfacet
  facet normal 0.000000 -1.000000 0.000000
    outer loop
      vertex 1.250000 -1.960000 0.250000
      vertex 1.639484 -1.960000 0.161103
      vertex 1.649500 -1.960000 0.250000
    endloop
  endfacet
  facet normal 0.000000 1.000000 0.000000
    outer loop
      vertex 1.250000 -2.400000 0.250000
      vertex 1.649500 -2.400000 0.250000
      vertex 1.639484 -2.400000 0.161103
    endloop
  endfacet
  facet normal -0.993712 0.000000 0.111964
    outer loop
      vertex 1.639484 -2.400000 0.161103
      vertex 1.649500 -2.400000 0.250000
      vertex 1.649500 -1.960000 0.250000
    endloop
  endfacet
  facet normal -0.993712 0.000000 0.111964
    outer loop
      vertex 1.639484 -2.400000 0.161103
      vertex 1.649500 -1.960000 0.250000
      vertex 1.639484 -1.960000 0.161103
    endloop
  endfacet
  facet normal -0.098011 -0.995124 -0.011043
    outer loop
      vertex 1.250000 -1.600000 0.250000
      vertex 1.320233 -1.606917 0.250000
      vertex 1.318472 -1.606917 0.265628
    endloop
  endfacet
  facet normal -0.093096 -0.995124 -0.032576
    outer loop
      vertex 1.250000 -1.600000 0.250000
      vertex 1.318472 -1.606917 0.265628
      vertex 1.313277 -1.606917 0.280473
    endloop
  endfacet
  facet normal -0.083514 -0.995124 -0.052475
    outer loop
      vertex 1.250000 -1.600000 0.250000
      vertex 1.313277 -1.606917 0.280473
      vertex 1.304910 -1.606917 0.293789
    endloop
  endfacet
  facet normal -0.069743 -0.995124 -0.069743
    outer loop
      vertex 1.250000 -1.600000 0.250000
      vertex 1.304910 -1.606917 0.293789
      vertex 1.293789 -1.606917 0.304910
    endloop
  endfacet
  facet normal -0.052475 -0.995124 -0.083514
    outer loop
      vertex 1.250000 -1.600000 0.250000
      vertex 1.293789 -1.606917 0.304910
      vertex 1.280473 -1.606917 0.313277
    endloop
  endfacet
  facet normal -0.032576 -0.995124 -0.093096
    outer loop
      vertex 1.250000 -1.600000 0.250000
      vertex 1.280473 -1.606917 0.313277
      vertex 1.265628 -1.606917 0.318472
    endloop
  endfacet
  facet normal -0.011043 -0.995124 -0.098011
    outer loop
      vertex 1.250000 -1.600000 0.250000
      vertex 1.265628 -1.606917 0.318472
      vertex 1.250000 -1.606917 0.320233
    endloop
  endfacet
  facet normal 0.011043 -0.995124 -0.098011
    outer loop
      vertex 1.250000 -1.600000 0.250000
      vertex 1.250000 -1.606917 0.320233
      vertex 1.234372 -1.606917 0.318472
    endloop
  endfacet
  facet normal 0.032576 -0.995124 -0.093096
    outer loop
      vertex 1.250000 -1.600000 0.250000
      vertex 1.234372 -1.606917 0.318472
      vertex 1.219527 -1.606917 0.313277
    endloop
  endfacet
  facet normal 0.052475 -0.995124 -0.083514
    outer loop
      vertex 1.250000 -1.600000 0.250000
      vertex 1.219527 -1.606917 0.313277
      vertex 1.206211 -1.606917 0.304910
    endloop
  endfacet
  facet normal 0.069743 -0.995124 -0.069743
    outer loop
      vertex 1.250000 -1.600000 0.250000
      vertex 1.206211 -1.606917 0.304910
      vertex 1.195090 -1.606917 0.293789
    endloop
  endfacet
  facet normal 0.083514 -0.995124 -0.052475
    outer loop
      vertex 1.250000 -1.600000 0.250000
      vertex 1.195090 -1.606917 0.293789
      vertex 1.186723 -1.606917 0.280473
    endloop
  endfacet
  facet normal 0.093096 -0.995124 -0.032576
    outer loop
      vertex 1.250000 -1.600000 0.250000
      vertex 1.186723 -1.606917 0.280473
      vertex 1.181528 -1.606917 0.265628
    endloop
  endfacet
  facet normal 0.098011 -0.995124 -0.011043
    outer loop
      vertex 1.250000 -1.600000 0.250000
      vertex 1.181528 -1.606917 0.265628
      vertex 1.179767 -1.606917 0.250000
    endloop
  endfacet
  facet normal 0.098011 -0.995124 0.011043
    outer loop
      vertex 1.250000 -1.600000 0.250000
      vertex 1.179767 -1.606917 0.250000
      vertex 1.181528 -1.606917 0.234372
    endloop
  endfacet
  facet normal 0.093096 -0.995124 0.032576
    outer loop
      vertex 1.250000 -1.600000 0.250000
      vertex 1.181528 -1.606917 0.234372
      vertex 1.186723 -1.606917 0.219527
    endloop
  endfacet
  facet normal 0.083514 -0.995124 0.052475
    outer loop
      vertex 1.250000 -1.600000 0.250000
      vertex 1.186723 -1.606917 0.219527
      vertex 1.195090 -1.606917 0.206211
    endloop
  endfacet
  facet normal 0.069743 -0.995124 0.069743
    outer loop
      vertex 1.250000 -1.600000 0.250000
      vertex 1.195090 -1.606917 0.206211
      vertex 1.206211 -1.606917 0.195090
    endloop
  endfacet
  facet normal 0.052475 -0.995124 0.083514
    outer loop
      vertex 1.250000 -1.600000 0.250000
      vertex 1.206211 -1.606917 0.195090
      vertex 1.219527 -1.606917 0.186723
    endloop
  endfacet
  facet normal 0.032576 -0.995124 0.093096
    outer loop
      vertex 1.250000 -1.600000 0.250000
      vertex 1.219527 -1.606917 0.186723
      vertex 1.234372 -1.606917 0.181528
    endloop
  endfacet
  facet normal 0.011043 -0.995124 0.098011
    outer loop
      vertex 1.250000 -1.600000 0.250000
      vertex 1.234372 -1.606917 0.181528
      vertex 1.250000 -1.606917 0.179767
    endloop
  endfacet
  facet normal -0.011043 -0.995124 0.098011
    outer loop
      vertex 1.250000 -1.600000 0.250000
      vertex 1.250000 -1.606917 0.179767
      vertex 1.265628 -1.606917 0.181528
    endloop
  endfacet
  facet normal -0.032576 -0.995124 0.093096
    outer loop
      vertex 1.250000 -1.600000 0.250000
      vertex 1.265628 -1.606917 0.181528
      vertex 1.280473 -1.606917 0.186723
    endloop
  endfacet
  facet normal -0.052475 -0.995124 0.083514
    outer loop
      vertex 1.250000 -1.600000 0.250000
      vertex 1.280473 -1.606917 0.186723
      vertex 1.293789 -1.606917 0.195090
    endloop
  endfacet
  facet normal -0.069743 -0.995124 0.069743
    outer loop
      vertex 1.250000 -1.600000 0.250000
      vertex 1.293789 -1.606917 0.195090
      vertex 1.304910 -1.606917 0.206211
    endloop
  endfacet
  facet normal -0.083514 -0.995124 0.052475
    outer loop
      vertex 1.250000 -1.600000 0.250000
      vertex 1.304910 -1.606917 0.206211
      vertex 1.313277 -1.606917 0.219527
    endloop
  endfacet
  facet normal -0.093096 -0.995124 0.032576
    outer loop
      vertex 1.250000 -1.600000 0.250000
      vertex 1.313277 -1.606917 0.219527
      vertex 1.318472 -1.606917 0.234372
    endloop
  endfacet
  facet normal -0.098011 -0.995124 0.011043
    outer loop
      vertex 1.250000 -1.600000 0.250000
      vertex 1.318472 -1.606917 0.234372
      vertex 1.320233 -1.606917 0.250000
    endloop
  endfacet
  facet normal -0.290130 -0.956429 -0.032690
    outer loop
      vertex 1.320233 -1.606917 0.250000
      vertex 1.387766 -1.627403 0.250000
      vertex 1.384312 -1.627403 0.280656
    endloop
  endfacet
  facet normal -0.290130 -0.956429 -0.032690
    outer loop
      vertex 1.320233 -1.606917 0.250000
      vertex 1.384312 -1.627403 0.280656
      vertex 1.318472 -1.606917 0.265628
    endloop
  endfacet
  facet normal -0.275581 -0.956429 -0.096430
    outer loop
      vertex 1.318472 -1.606917 0.265628
      vertex 1.384312 -1.627403 0.280656
      vertex 1.374123 -1.627403 0.309774
    endloop
  endfacet
  facet normal -0.275581 -0.956429 -0.096430
    outer loop
      vertex 1.318472 -1.606917 0.265628
      vertex 1.374123 -1.627403 0.309774
      vertex 1.313277 -1.606917 0.280473
    endloop
  endfacet
  facet normal -0.247214 -0.956429 -0.155335
    outer loop
      vertex 1.313277 -1.606917 0.280473
      vertex 1.374123 -1.627403 0.309774
      vertex 1.357710 -1.627403 0.335896
    endloop
  endfacet
  facet normal -0.247214 -0.956429 -0.155335
    outer loop
      vertex 1.313277 -1.606917 0.280473
      vertex 1.357710 -1.627403 0.335896
      vertex 1.304910 -1.606917 0.293789
    endloop
  endfacet
  facet normal -0.206451 -0.956429 -0.206451
    outer loop
      vertex 1.304910 -1.606917 0.293789
      vertex 1.357710 -1.627403 0.335896
      vertex 1.335896 -1.627403 0.357710
    endloop
  endfacet
  facet normal -0.206451 -0.956429 -0.206451
    outer loop
      vertex 1.304910 -1.606917 0.293789
      vertex 1.335896 -1.627403 0.357710
      vertex 1.293789 -1.606917 0.304910
    endloop
  endfacet
  facet normal -0.155335 -0.956429 -0.247214
    outer loop
      vertex 1.293789 -1.606917 0.304910
      vertex 1.335896 -1.627403 0.357710
      vertex 1.309774 -1.627403 0.374123
    endloop
  endfacet
  facet normal -0.155335 -0.956429 -0.247214
    outer loop
      vertex 1.293789 -1.606917 0.304910
      vertex 1.309774 -1.627403 0.374123
      vertex 1.280473 -1.606917 0.313277
    endloop
  endfacet
  facet normal -0.096430 -0.956429 -0.275581
    outer loop
      vertex 1.280473 -1.606917 0.313277
      vertex 1.309774 -1.627403 0.374123
      vertex 1.280656 -1.627403 0.384312
    endloop
  endfacet
  facet normal -0.096430 -0.956429 -0.275581
    outer loop
      vertex 1.280473 -1.606917 0.313277
      vertex 1.280656 -1.627403 0.384312
      vertex 1.265628 -1.606917 0.318472
    endloop
  endfacet
  facet normal -0.032690 -0.956429 -0.290130
    outer loop
      vertex 1.265628 -1.606917 0.318472
      vertex 1.280656 -1.627403 0.384312
      vertex 1.250000 -1.627403 0.387766
    endloop
  endfacet
  facet normal -0.032690 -0.956429 -0.290130
    outer loop
      vertex 1.265628 -1.606917 0.318472
      vertex 1.250000 -1.627403 0.387766
      vertex 1.250000 -1.606917 0.320233
    endloop
  endfacet
  facet normal 0.032690 -0.956429 -0.290130
    outer loop
      vertex 1.250000 -1.606917 0.320233
      vertex 1.250000 -1.627403 0.387766
      vertex 1.219344 -1.627403 0.384312
    endloop
  endfacet
  facet normal 0.032690 -0.956429 -0.290130
    outer loop
      vertex 1.250000 -1.606917 0.320233
      vertex 1.219344 -1.627403 0.384312
      vertex 1.234372 -1.606917 0.318472
    endloop
  endfacet
  facet normal 0.096430 -0.956429 -0.275581
    outer loop
      vertex 1.234372 -1.606917 0.318472
      vertex 1.219344 -1.627403 0.384312
      vertex 1.190226 -1.627403 0.374123
    endloop
  endfacet
  facet normal 0.096430 -0.956429 -0.275581
    outer loop
      vertex 1.234372 -1.606917 0.318472
      vertex 1.190226 -1.627403 0.374123
      vertex 1.219527 -1.606917 0.313277
    endloop
  endfacet
  facet normal 0.155335 -0.956429 -0.247214
    outer loop
      vertex 1.219527 -1.606917 0.313277
      vertex 1.190226 -1.627403 0.374123
      vertex 1.164104 -1.627403 0.357710
    endloop
  endfacet
  facet normal 0.155335 -0.956429 -0.247214
    outer loop
      vertex 1.219527 -1.606917 0.313277
      vertex 1.164104 -1.627403 0.357710
      vertex 1.206211 -1.606917 0.304910
    endloop
  endfacet
  facet normal 0.206451 -0.956429 -0.206451
    outer loop
      vertex 1.206211 -1.606917 0.304910
      vertex 1.164104 -1.627403 0.357710
      vertex 1.142290 -1.627403 0.335896
    endloop
  endfacet
  facet normal 0.206451 -0.956429 -0.206451
    outer loop
      vertex 1.206211 -1.606917 0.304910
      vertex 1.142290 -1.627403 0.335896
      vertex 1.195090 -1.606917 0.293789
    endloop
  endfacet
  facet normal 0.247214 -0.956429 -0.155335
    outer loop
      vertex 1.195090 -1.606917 0.293789
      vertex 1.142290 -1.627403 0.335896
      vertex 1.125877 -1.627403 0.309774
    endloop
  endfacet
  facet normal 0.247214 -0.956429 -0.155335
    outer loop
      vertex 1.195090 -1.606917 0.293789
      vertex 1.125877 -1.627403 0.309774
      vertex 1.186723 -1.606917 0.280473
    endloop
  endfacet
  facet normal 0.275581 -0.956429 -0.096430
    outer loop
      vertex 1.186723 -1.606917 0.280473
      vertex 1.125877 -1.627403 0.309774
      vertex 1.115688 -1.627403 0.280656
    endloop
  endfacet
  facet normal 0.275581 -0.956429 -0.096430
    outer loop
      vertex 1.186723 -1.606917 0.280473
      vertex 1.115688 -1.627403 0.280656
      vertex 1.181528 -1.606917 0.265628
    endloop
  endfacet
  facet normal 0.290130 -0.956429 -0.032690
    outer loop
      vertex 1.181528 -1.606917 0.265628
      vertex 1.115688 -1.627403 0.280656
      vertex 1.112234 -1.627403 0.250000
    endloop
  endfacet
  facet normal 0.290130 -0.956429 -0.032690
    outer loop
      vertex 1.181528 -1.606917 0.265628
      vertex 1.112234 -1.627403 0.250000
      vertex 1.179767 -1.606917 0.250000
    endloop
  endfacet
  facet normal 0.290130 -0.956429 0.032690
    outer loop
      vertex 1.179767 -1.606917 0.250000
      vertex 1.112234 -1.627403 0.250000
      vertex 1.115688 -1.627403 0.219344
    endloop
  endfacet
  facet normal 0.290130 -0.956429 0.032690
    outer loop
      vertex 1.179767 -1.606917 0.250000
      vertex 1.115688 -1.627403 0.219344
      vertex 1.181528 -1.606917 0.234372
    endloop
  endfacet
  facet normal 0.275581 -0.956429 0.096430
    outer loop
      vertex 1.181528 -1.606917 0.234372
      vertex 1.115688 -1.627403 0.219344
      vertex 1.125877 -1.627403 0.190226
    endloop
  endfacet
  facet normal 0.275581 -0.956429 0.096430
    outer loop
      vertex 1.181528 -1.606917 0.234372
      vertex 1.125877 -1.627403 0.190226
      vertex 1.186723 -1.606917 0.219527
    endloop
  endfacet
  facet normal 0.247214 -0.956429 0.155335
    outer loop
      vertex 1.186723 -1.606917 0.219527
      vertex 1.125877 -1.627403 0.190226
      vertex 1.142290 -1.627403 0.164104
    endloop
  endfacet
  facet normal 0.247214 -0.956429 0.155335
    outer loop
      vertex 1.186723 -1.606917 0.219527
      vertex 1.142290 -1.627403 0.164104
      vertex 1.195090 -1.606917 0.206211
    endloop
  endfacet
  facet normal 0.206451 -0.956429 0.206451
    outer loop
      vertex 1.195090 -1.606917 0.206211
      vertex 1.142290 -1.627403 0.164104
      vertex 1.164104 -1.627403 0.142290
    endloop
  endfacet
  facet normal 0.206451 -0.956429 0.206451
    outer loop
      vertex 1.195090 -1.606917 0.206211
      vertex 1.164104 -1.627403 0.142290
      vertex 1.206211 -1.606917 0.195090
    endloop
  endfacet
  facet normal 0.155335 -0.956429 0.247214
    outer loop
      vertex 1.206211 -1.606917 0.195090
      vertex 1.164104 -1.627403 0.142290
      vertex 1.190226 -1.627403 0.125877
    endloop
  endfacet
  facet normal 0.155335 -0.956429 0.247214
    outer loop
      vertex 1.206211 -1.606917 0.195090
      vertex 1.190226 -1.627403 0.125877
      vertex 1.219527 -1.606917 0.186723
    endloop
  endfacet
  facet normal 0.096430 -0.956429 0.275581
    outer loop
      vertex 1.219527 -1.606917 0.186723
      vertex 1.190226 -1.627403 0.125877
      vertex 1.219344 -1.627403 0.115688
    endloop
  endfacet
  facet normal 0.096430 -0.956429 0.275581
    outer loop
      vertex 1.219527 -1.606917 0.186723
      vertex 1.219344 -1.627403 0.115688
      vertex 1.234372 -1.606917 0.181528
    endloop
  endfacet
  facet normal 0.032690 -0.956429 0.290130
    outer loop
      vertex 1.234372 -1.606917 0.181528
      vertex 1.219344 -1.627403 0.115688
      vertex 1.250000 -1.627403 0.112234
    endloop
  endfacet
  facet normal 0.032690 -0.956429 0.290130
    outer loop
      vertex 1.234372 -1.606917 0.181528
      vertex 1.250000 -1.627403 0.112234
      vertex 1.250000 -1.606917 0.179767
    endloop
  endfacet
  facet normal -0.032690 -0.956429 0.290130
    outer loop
      vertex 1.250000 -1.606917 0.179767
      vertex 1.250000 -1.627403 0.112234
      vertex 1.280656 -1.627403 0.115688
    endloop
  endfacet
  facet normal -0.032690 -0.956429 0.290130
    outer loop
      vertex 1.250000 -1.606917 0.179767
      vertex 1.280656 -1.627403 0.115688
      vertex 1.265628 -1.606917 0.181528
    endloop
  endfacet
  facet normal -0.096430 -0.956429 0.275581
    outer loop
      vertex 1.265628 -1.606917 0.181528
      vertex 1.280656 -1.627403 0.115688
      vertex 1.309774 -1.627403 0.125877
    endloop
  endfacet
  facet normal -0.096430 -0.956429 0.275581
    outer loop
      vertex 1.265628 -1.606917 0.181528
      vertex 1.309774 -1.627403 0.125877
      vertex 1.280473 -1.606917 0.186723
    endloop
  endfacet
  facet normal -0.155335 -0.956429 0.247214
    outer loop
      vertex 1.280473 -1.606917 0.186723
      vertex 1.309774 -1.627403 0.125877
      vertex 1.335896 -1.627403 0.142290
    endloop
  endfacet
  facet normal -0.155335 -0.956429 0.247214
    outer loop
      vertex 1.280473 -1.606917 0.186723
      vertex 1.335896 -1.627403 0.142290
      vertex 1.293789 -1.606917 0.195090
    endloop
  endfacet
  facet normal -0.206451 -0.956429 0.206451
    outer loop
      vertex 1.293789 -1.606917 0.195090
      vertex 1.335896 -1.627403 0.142290
      vertex 1.357710 -1.627403 0.164104
    endloop
  endfacet
  facet normal -0.206451 -0.956429 0.206451
    outer loop
      vertex 1.293789 -1.606917 0.195090
      vertex 1.357710 -1.627403 0.164104
      vertex 1.304910 -1.606917 0.206211
    endloop
  endfacet
  facet normal -0.247214 -0.956429 0.155335
    outer loop
      vertex 1.304910 -1.606917 0.206211
      vertex 1.357710 -1.627403 0.164104
      vertex 1.374123 -1.627403 0.190226
    endloop
  endfacet
  facet normal -0.247214 -0.956429 0.155335
    outer loop
      vertex 1.304910 -1.606917 0.206211
      vertex 1.374123 -1.627403 0.190226
      vertex 1.313277 -1.606917 0.219527
    endloop
  endfacet
  facet normal -0.275581 -0.956429 0.096430
    outer loop
      vertex 1.313277 -1.606917 0.219527
      vertex 1.374123 -1.627403 0.190226
      vertex 1.384312 -1.627403 0.219344
    endloop
  endfacet
  facet normal -0.275581 -0.956429 0.096430
    outer loop
      vertex 1.313277 -1.606917 0.219527
      vertex 1.384312 -1.627403 0.219344
      vertex 1.318472 -1.606917 0.234372
    endloop
  endfacet
  facet normal -0.290130 -0.956429 0.032690
    outer loop
      vertex 1.318472 -1.606917 0.234372
      vertex 1.384312 -1.627403 0.219344
      vertex 1.387766 -1.627403 0.250000
    endloop
  endfacet
  facet normal -0.290130 -0.956429 0.032690
    outer loop
      vertex 1.318472 -1.606917 0.234372
      vertex 1.387766 -1.627403 0.250000
      vertex 1.320233 -1.606917 0.250000
    endloop
  endfacet
  facet normal -0.470733 -0.880680 -0.053039
    outer loop
      vertex 1.387766 -1.627403 0.250000
      vertex 1.450005 -1.660671 0.250000
      vertex 1.444991 -1.660671 0.294505
    endloop
  endfacet
  facet normal -0.470733 -0.880680 -0.053039
    outer loop
      vertex 1.387766 -1.627403 0.250000
      vertex 1.444991 -1.660671 0.294505
      vertex 1.384312 -1.627403 0.280656
    endloop
  endfacet
  facet normal -0.447129 -0.880680 -0.156457
    outer loop
      vertex 1.384312 -1.627403 0.280656
      vertex 1.444991 -1.660671 0.294505
      vertex 1.430199 -1.660671 0.336779
    endloop
  endfacet
  facet normal -0.447129 -0.880680 -0.156457
    outer loop
      vertex 1.384312 -1.627403 0.280656
      vertex 1.430199 -1.660671 0.336779
      vertex 1.374123 -1.627403 0.309774
    endloop
  endfacet
  facet normal -0.401103 -0.880680 -0.252030
    outer loop
      vertex 1.374123 -1.627403 0.309774
      vertex 1.430199 -1.660671 0.336779
      vertex 1.406370 -1.660671 0.374701
    endloop
  endfacet
  facet normal -0.401103 -0.880680 -0.252030
    outer loop
      vertex 1.374123 -1.627403 0.309774
      vertex 1.406370 -1.660671 0.374701
      vertex 1.357710 -1.627403 0.335896
    endloop
  endfacet
  facet normal -0.334965 -0.880680 -0.334965
    outer loop
      vertex 1.357710 -1.627403 0.335896
      vertex 1.406370 -1.660671 0.374701
      vertex 1.374701 -1.660671 0.406370
    endloop
  endfacet
  facet normal -0.334965 -0.880680 -0.334965
    outer loop
      vertex 1.357710 -1.627403 0.335896
      vertex 1.374701 -1.660671 0.406370
      vertex 1.335896 -1.627403 0.357710
    endloop
  endfacet
  facet normal -0.252030 -0.880680 -0.401103
    outer loop
      vertex 1.335896 -1.627403 0.357710
      vertex 1.374701 -1.660671 0.406370
      vertex 1.336779 -1.660671 0.430199
    endloop
  endfacet
  facet normal -0.252030 -0.880680 -0.401103
    outer loop
      vertex 1.335896 -1.627403 0.357710
      vertex 1.336779 -1.660671 0.430199
      vertex 1.309774 -1.627403 0.374123
    endloop
  endfacet
  facet normal -0.156457 -0.880680 -0.447129
    outer loop
      vertex 1.309774 -1.627403 0.374123
      vertex 1.336779 -1.660671 0.430199
      vertex 1.294505 -1.660671 0.444991
    endloop
  endfacet
  facet normal -0.156457 -0.880680 -0.447129
    outer loop
      vertex 1.309774 -1.627403 0.374123
      vertex 1.294505 -1.660671 0.444991
      vertex 1.280656 -1.627403 0.384312
    endloop
  endfacet
  facet normal -0.053039 -0.880680 -0.470733
    outer loop
      vertex 1.280656 -1.627403 0.384312
      vertex 1.294505 -1.660671 0.444991
      vertex 1.250000 -1.660671 0.450005
    endloop
  endfacet
  facet normal -0.053039 -0.880680 -0.470733
    outer loop
      vertex 1.280656 -1.627403 0.384312
      vertex 1.250000 -1.660671 0.450005
      vertex 1.250000 -1.627403 0.387766
    endloop
  endfacet
  facet normal 0.053039 -0.880680 -0.470733
    outer loop
      vertex 1.250000 -1.627403 0.387766
      vertex 1.250000 -1.660671 0.450005
      vertex 1.205495 -1.660671 0.444991
    endloop
  endfacet
  facet normal 0.053039 -0.880680 -0.470733
    outer loop
      vertex 1.250000 -1.627403 0.387766
      vertex 1.205495 -1.660671 0.444991
      vertex 1.219344 -1.627403 0.384312
    endloop
  endfacet
  facet normal 0.156457 -0.880680 -0.447129
    outer loop
      vertex 1.219344 -1.627403 0.384312
      vertex 1.205495 -1.660671 0.444991
      vertex 1.163221 -1.660671 0.430199
    endloop
  endfacet
  facet normal 0.156457 -0.880680 -0.447129
    outer loop
      vertex 1.219344 -1.627403 0.384312
      vertex 1.163221 -1.660671 0.430199
      vertex 1.190226 -1.627403 0.374123
    endloop
  endfacet
  facet normal 0.252030 -0.880680 -0.401103
    outer loop
      vertex 1.190226 -1.627403 0.374123
      vertex 1.163221 -1.660671 0.430199
      vertex 1.125299 -1.660671 0.406370
    endloop
  endfacet
  facet normal 0.252030 -0.880680 -0.401103
    outer loop
      vertex 1.190226 -1.627403 0.374123
      vertex 1.125299 -1.660671 0.406370
      vertex 1.164104 -1.627403 0.357710
    endloop
  endfacet
  facet normal 0.334965 -0.880680 -0.334965
    outer loop
      vertex 1.164104 -1.627403 0.357710
      vertex 1.125299 -1.660671 0.406370
      vertex 1.093630 -1.660671 0.374701
    endloop
  endfacet
  facet normal 0.334965 -0.880680 -0.334965
    outer loop
      vertex 1.164104 -1.627403 0.357710
      vertex 1.093630 -1.660671 0.374701
      vertex 1.142290 -1.627403 0.335896
    endloop
  endfacet
  facet normal 0.401103 -0.880680 -0.252030
    outer loop
      vertex 1.142290 -1.627403 0.335896
      vertex 1.093630 -1.660671 0.374701
      vertex 1.069801 -1.660671 0.336779
    endloop
  endfacet
  facet normal 0.401103 -0.880680 -0.252030
    outer loop
      vertex 1.142290 -1.627403 0.335896
      vertex 1.069801 -1.660671 0.336779
      vertex 1.125877 -1.627403 0.309774
    endloop
  endfacet
  facet normal 0.447129 -0.880680 -0.156457
    outer loop
      vertex 1.125877 -1.627403 0.309774
      vertex 1.069801 -1.660671 0.336779
      vertex 1.055009 -1.660671 0.294505
    endloop
  endfacet
  facet normal 0.447129 -0.880680 -0.156457
    outer loop
      vertex 1.125877 -1.627403 0.309774
      vertex 1.055009 -1.660671 0.294505
      vertex 1.115688 -1.627403 0.280656
    endloop
  endfacet
  facet normal 0.470733 -0.880680 -0.053039
    outer loop
      vertex 1.115688 -1.627403 0.280656
      vertex 1.055009 -1.660671 0.294505
      vertex 1.049995 -1.660671 0.250000
    endloop
  endfacet
  facet normal 0.470733 -0.880680 -0.053039
    outer loop
      vertex 1.115688 -1.627403 0.280656
      vertex 1.049995 -1.660671 0.250000
      vertex 1.112234 -1.627403 0.250000
    endloop
  endfacet
  facet normal 0.470733 -0.880680 0.053039
    outer loop
      vertex 1.112234 -1.627403 0.250000
      vertex 1.049995 -1.660671 0.250000
      vertex 1.055009 -1.660671 0.205495
    endloop
  endfacet
  facet normal 0.470733 -0.880680 0.053039
    outer loop
      vertex 1.112234 -1.627403 0.250000
      vertex 1.055009 -1.660671 0.205495
      vertex 1.115688 -1.627403 0.219344
    endloop
  endfacet
  facet normal 0.447129 -0.880680 0.156457
    outer loop
      vertex 1.115688 -1.627403 0.219344
      vertex 1.055009 -1.660671 0.205495
      vertex 1.069801 -1.660671 0.163221
    endloop
  endfacet
  facet normal 0.447129 -0.880680 0.156457
    outer loop
      vertex 1.115688 -1.627403 0.219344
      vertex 1.069801 -1.660671 0.163221
      vertex 1.125877 -1.627403 0.190226
    endloop
  endfacet
  facet normal 0.401103 -0.880680 0.252030
    outer loop
      vertex 1.125877 -1.627403 0.190226
      vertex 1.069801 -1.660671 0.163221
      vertex 1.093630 -1.660671 0.125299
    endloop
  endfacet
  facet normal 0.401103 -0.880680 0.252030
    outer loop
      vertex 1.125877 -1.627403 0.190226
      vertex 1.093630 -1.660671 0.125299
      vertex 1.142290 -1.627403 0.164104
    endloop
  endfacet
  facet normal 0.334965 -0.880680 0.334965
    outer loop
      vertex 1.142290 -1.627403 0.164104
      vertex 1.093630 -1.660671 0.125299
      vertex 1.125299 -1.660671 0.093630
    endloop
  endfacet
  facet normal 0.334965 -0.880680 0.334965
    outer loop
      vertex 1.142290 -1.627403 0.164104
      vertex 1.125299 -1.660671 0.093630
      vertex 1.164104 -1.627403 0.142290
    endloop
  endfacet
  facet normal 0.252030 -0.880680 0.401103
    outer loop
      vertex 1.164104 -1.627403 0.142290
      vertex 1.125299 -1.660671 0.093630
      vertex 1.163221 -1.660671 0.069801
    endloop
  endfacet
  facet normal 0.252030 -0.880680 0.401103
    outer loop
      vertex 1.164104 -1.627403 0.142290
      vertex 1.163221 -1.660671 0.069801
      vertex 1.190226 -1.627403 0.125877
    endloop
  endfacet
  facet normal 0.156457 -0.880680 0.447129
    outer loop
      vertex 1.190226 -1.627403 0.125877
      vertex 1.163221 -1.660671 0.069801
      vertex 1.205495 -1.660671 0.055009
    endloop
  endfacet
  facet normal 0.156457 -0.880680 0.447129
    outer loop
      vertex 1.190226 -1.627403 0.125877
      vertex 1.205495 -1.660671 0.055009
      vertex 1.219344 -1.627403 0.115688
    endloop
  endfacet
  facet normal 0.053039 -0.880680 0.470733
    outer loop
      vertex 1.219344 -1.627403 0.115688
      vertex 1.205495 -1.660671 0.055009
      vertex 1.250000 -1.660671 0.049995
    endloop
  endfacet
  facet normal 0.053039 -0.880680 0.470733
    outer loop
      vertex 1.219344 -1.627403 0.115688
      vertex 1.250000 -1.660671 0.049995
      vertex 1.250000 -1.627403 0.112234
    endloop
  endfacet
  facet normal -0.053039 -0.880680 0.470733
    outer loop
      vertex 1.250000 -1.627403 0.112234
      vertex 1.250000 -1.660671 0.049995
      vertex 1.294505 -1.660671 0.055009
    endloop
  endfacet
  facet normal -0.053039 -0.880680 0.470733
    outer loop
      vertex 1.250000 -1.627403 0.112234
      vertex 1.294505 -1.660671 0.055009
      vertex 1.280656 -1.627403 0.115688
    endloop
  endfacet
  facet normal -0.156457 -0.880680 0.447129
    outer loop
      vertex 1.280656 -1.627403 0.115688
      vertex 1.294505 -1.660671 0.055009
      vertex 1.336779 -1.660671 0.069801
    endloop
  endfacet
  facet normal -0.156457 -0.880680 0.447129
    outer loop
      vertex 1.280656 -1.627403 0.115688
      vertex 1.336779 -1.660671 0.069801
      vertex 1.309774 -1.627403 0.125877
    endloop
  endfacet
  facet normal -0.252030 -0.880680 0.401103
    outer loop
      vertex 1.309774 -1.627403 0.125877
      vertex 1.336779 -1.660671 0.069801
      vertex 1.374701 -1.660671 0.093630
    endloop
  endfacet
  facet normal -0.252030 -0.880680 0.401103
    outer loop
      vertex 1.309774 -1.627403 0.125877
      vertex 1.374701 -1.660671 0.093630
      vertex 1.335896 -1.627403 0.142290
    endloop
  endfacet
  facet normal -0.334965 -0.880680 0.334965
    outer loop
      vertex 1.335896 -1.627403 0.142290
      vertex 1.374701 -1.660671 0.093630
      vertex 1.406370 -1.660671 0.125299
    endloop
  endfacet
  facet normal -0.334965 -0.880680 0.334965
    outer loop
      vertex 1.335896 -1.627403 0.142290
      vertex 1.406370 -1.660671 0.125299
      vertex 1.357710 -1.627403 0.164104
    endloop
  endfacet
  facet normal -0.401103 -0.880680 0.252030
    outer loop
      vertex 1.357710 -1.627403 0.164104
      vertex 1.406370 -1.660671 0.125299
      vertex 1.430199 -1.660671 0.163221
    endloop
  endfacet
  facet normal -0.401103 -0.880680 0.252030
    outer loop
      vertex 1.357710 -1.627403 0.164104
      vertex 1.430199 -1.660671 0.163221
      vertex 1.374123 -1.627403 0.190226
    endloop
  endfacet
  facet normal -0.447129 -0.880680 0.156457
    outer loop
      vertex 1.374123 -1.627403 0.190226
      vertex 1.430199 -1.660671 0.163221
      vertex 1.444991 -1.660671 0.205495
    endloop
  endfacet
  facet normal -0.447129 -0.880680 0.156457
    outer loop
      vertex 1.374123 -1.627403 0.190226
      vertex 1.444991 -1.660671 0.205495
      vertex 1.384312 -1.627403 0.219344
    endloop
  endfacet
  facet normal -0.470733 -0.880680 0.053039
    outer loop
      vertex 1.384312 -1.627403 0.219344
      vertex 1.444991 -1.660671 0.205495
      vertex 1.450005 -1.660671 0.250000
    endloop
  endfacet
  facet normal -0.470733 -0.880680 0.053039
    outer loop
      vertex 1.384312 -1.627403 0.219344
      vertex 1.450005 -1.660671 0.250000
      vertex 1.387766 -1.627403 0.250000
    endloop
  endfacet
  facet normal -0.632779 -0.771043 -0.071297
    outer loop
      vertex 1.450005 -1.660671 0.250000
      vertex 1.504558 -1.705442 0.250000
      vertex 1.498176 -1.705442 0.306645
    endloop
  endfacet
  facet normal -0.632779 -0.771043 -0.071297
    outer loop
      vertex 1.450005 -1.660671 0.250000
      vertex 1.498176 -1.705442 0.306645
      vertex 1.444991 -1.660671 0.294505
    endloop
  endfacet
  facet normal -0.601049 -0.771043 -0.210316
    outer loop
      vertex 1.444991 -1.660671 0.294505
      vertex 1.498176 -1.705442 0.306645
      vertex 1.479349 -1.705442 0.360449
    endloop
  endfacet
  facet normal -0.601049 -0.771043 -0.210316
    outer loop
      vertex 1.444991 -1.660671 0.294505
      vertex 1.479349 -1.705442 0.360449
      vertex 1.430199 -1.660671 0.336779
    endloop
  endfacet
  facet normal -0.539179 -0.771043 -0.338789
    outer loop
      vertex 1.430199 -1.660671 0.336779
      vertex 1.479349 -1.705442 0.360449
      vertex 1.449022 -1.705442 0.408715
    endloop
  endfacet
  facet normal -0.539179 -0.771043 -0.338789
    outer loop
      vertex 1.430199 -1.660671 0.336779
      vertex 1.449022 -1.705442 0.408715
      vertex 1.406370 -1.660671 0.374701
    endloop
  endfacet
  facet normal -0.450273 -0.771043 -0.450273
    outer loop
      vertex 1.406370 -1.660671 0.374701
      vertex 1.449022 -1.705442 0.408715
      vertex 1.408715 -1.705442 0.449022
    endloop
  endfacet
  facet normal -0.450273 -0.771043 -0.450273
    outer loop
      vertex 1.406370 -1.660671 0.374701
      vertex 1.408715 -1.705442 0.449022
      vertex 1.374701 -1.660671 0.406370
    endloop
  endfacet
  facet normal -0.338789 -0.771043 -0.539179
    outer loop
      vertex 1.374701 -1.660671 0.406370
      vertex 1.408715 -1.705442 0.449022
      vertex 1.360449 -1.705442 0.479349
    endloop
  endfacet
  facet normal -0.338789 -0.771043 -0.539179
    outer loop
      vertex 1.374701 -1.660671 0.406370
      vertex 1.360449 -1.705442 0.479349
      vertex 1.336779 -1.660671 0.430199
    endloop
  endfacet
  facet normal -0.210316 -0.771043 -0.601049
    outer loop
      vertex 1.336779 -1.660671 0.430199
      vertex 1.360449 -1.705442 0.479349
      vertex 1.306645 -1.705442 0.498176
    endloop
  endfacet
  facet normal -0.210316 -0.771043 -0.601049
    outer loop
      vertex 1.336779 -1.660671 0.430199
      vertex 1.306645 -1.705442 0.498176
      vertex 1.294505 -1.660671 0.444991
    endloop
  endfacet
  facet normal -0.071297 -0.771043 -0.632779
    outer loop
      vertex 1.294505 -1.660671 0.444991
      vertex 1.306645 -1.705442 0.498176
      vertex 1.250000 -1.705442 0.504558
    endloop
  endfacet
  facet normal -0.071297 -0.771043 -0.632779
    outer loop
      vertex 1.294505 -1.660671 0.444991
      vertex 1.250000 -1.705442 0.504558
      vertex 1.250000 -1.660671 0.450005
    endloop
  endfacet
  facet normal 0.071297 -0.771043 -0.632779
    outer loop
      vertex 1.250000 -1.660671 0.450005
      vertex 1.250000 -1.705442 0.504558
      vertex 1.193355 -1.705442 0.498176
    endloop
  endfacet
  facet normal 0.071297 -0.771043 -0.632779
    outer loop
      vertex 1.250000 -1.660671 0.450005
      vertex 1.193355 -1.705442 0.498176
      vertex 1.205495 -1.660671 0.444991
    endloop
  endfacet
  facet normal 0.210316 -0.771043 -0.601049
    outer loop
      vertex 1.205495 -1.660671 0.444991
      vertex 1.193355 -1.705442 0.498176
      vertex 1.139551 -1.705442 0.479349
    endloop
  endfacet
  facet normal 0.210316 -0.771043 -0.601049
    outer loop
      vertex 1.205495 -1.660671 0.444991
      vertex 1.139551 -1.705442 0.479349
      vertex 1.163221 -1.660671 0.430199
    endloop
  endfacet
  facet normal 0.338789 -0.771043 -0.539179
    outer loop
      vertex 1.163221 -1.660671 0.430199
      vertex 1.139551 -1.705442 0.479349
      vertex 1.091285 -1.705442 0.449022
    endloop
  endfacet
  facet normal 0.338789 -0.771043 -0.539179
    outer loop
      vertex 1.163221 -1.660671 0.430199
      vertex 1.091285 -1.705442 0.449022
      vertex 1.125299 -1.660671 0.406370
    endloop
  endfacet
  facet normal 0.450273 -0.771043 -0.450273
    outer loop
      vertex 1.125299 -1.660671 0.406370
      vertex 1.091285 -1.705442 0.449022
      vertex 1.050978 -1.705442 0.408715
    endloop
  endfacet
  facet normal 0.450273 -0.771043 -0.450273
    outer loop
      vertex 1.125299 -1.660671 0.406370
      vertex 1.050978 -1.705442 0.408715
      vertex 1.093630 -1.660671 0.374701
    endloop
  endfacet
  facet normal 0.539179 -0.771043 -0.338789
    outer loop
      vertex 1.093630 -1.660671 0.374701
      vertex 1.050978 -1.705442 0.408715
      vertex 1.020651 -1.705442 0.360449
    endloop
  endfacet
  facet normal 0.539179 -0.771043 -0.338789
    outer loop
      vertex 1.093630 -1.660671 0.374701
      vertex 1.020651 -1.705442 0.360449
      vertex 1.069801 -1.660671 0.336779
    endloop
  endfacet
  facet normal 0.601049 -0.771043 -0.210316
    outer loop
      vertex 1.069801 -1.660671 0.336779
      vertex 1.020651 -1.705442 0.360449
      vertex 1.001824 -1.705442 0.306645
    endloop
  endfacet
  facet normal 0.601049 -0.771043 -0.210316
    outer loop
      vertex 1.069801 -1.660671 0.336779
      vertex 1.001824 -1.705442 0.306645
      vertex 1.055009 -1.660671 0.294505
    endloop
  endfacet
  facet normal 0.632779 -0.771043 -0.071297
    outer loop
      vertex 1.055009 -1.660671 0.294505
      vertex 1.001824 -1.705442 0.306645
      vertex 0.995442 -1.705442 0.250000
    endloop
  endfacet
  facet normal 0.632779 -0.771043 -0.071297
    outer loop
      vertex 1.055009 -1.660671 0.294505
      vertex 0.995442 -1.705442 0.250000
      vertex 1.049995 -1.660671 0.250000
    endloop
  endfacet
  facet normal 0.632779 -0.771043 0.071297
    outer loop
      vertex 1.049995 -1.660671 0.250000
      vertex 0.995442 -1.705442 0.250000
      vertex 1.001824 -1.705442 0.193355
    endloop
  endfacet
  facet normal 0.632779 -0.771043 0.071297
    outer loop
      vertex 1.049995 -1.660671 0.250000
      vertex 1.001824 -1.705442 0.193355
      vertex 1.055009 -1.660671 0.205495
    endloop
  endfacet
  facet normal 0.601049 -0.771043 0.210316
    outer loop
      vertex 1.055009 -1.660671 0.205495
      vertex 1.001824 -1.705442 0.193355
      vertex 1.020651 -1.705442 0.139551
    endloop
  endfacet
  facet normal 0.601049 -0.771043 0.210316
    outer loop
      vertex 1.055009 -1.660671 0.205495
      vertex 1.020651 -1.705442 0.139551
      vertex 1.069801 -1.660671 0.163221
    endloop
  endfacet
  facet normal 0.539179 -0.771043 0.338789
    outer loop
      vertex 1.069801 -1.660671 0.163221
      vertex 1.020651 -1.705442 0.139551
      vertex 1.050978 -1.705442 0.091285
    endloop
  endfacet
  facet normal 0.539179 -0.771043 0.338789
    outer loop
      vertex 1.069801 -1.660671 0.163221
      vertex 1.050978 -1.705442 0.091285
      vertex 1.093630 -1.660671 0.125299
    endloop
  endfacet
  facet normal 0.450273 -0.771043 0.450273
    outer loop
      vertex 1.093630 -1.660671 0.125299
      vertex 1.050978 -1.705442 0.091285
      vertex 1.091285 -1.705442 0.050978
    endloop
  endfacet
  facet normal 0.450273 -0.771043 0.450273
    outer loop
      vertex 1.093630 -1.660671 0.125299
      vertex 1.091285 -1.705442 0.050978
      vertex 1.125299 -1.660671 0.093630
    endloop
  endfacet
  facet normal 0.338789 -0.771043 0.539179
    outer loop
      vertex 1.125299 -1.660671 0.093630
      vertex 1.091285 -1.705442 0.050978
      vertex 1.139551 -1.705442 0.020651
    endloop
  endfacet
  facet normal 0.338789 -0.771043 0.539179
    outer loop
      vertex 1.125299 -1.660671 0.093630
      vertex 1.139551 -1.705442 0.020651
      vertex 1.163221 -1.660671 0.069801
    endloop
  endfacet
  facet normal 0.210316 -0.771043 0.601049
    outer loop
      vertex 1.163221 -1.660671 0.069801
      vertex 1.139551 -1.705442 0.020651
      vertex 1.193355 -1.705442 0.001824
    endloop
  endfacet
  facet normal 0.210316 -0.771043 0.601049
    outer loop
      vertex 1.163221 -1.660671 0.069801
      vertex 1.193355 -1.705442 0.001824
      vertex 1.205495 -1.660671 0.055009
    endloop
  endfacet
  facet normal 0.071297 -0.771043 0.632779
    outer loop
      vertex 1.205495 -1.660671 0.055009
      vertex 1.193355 -1.705442 0.001824
      vertex 1.250000 -1.705442 -0.004558
    endloop
  endfacet
  facet normal 0.071297 -0.771043 0.632779
    outer loop
      vertex 1.205495 -1.660671 0.055009
      vertex 1.250000 -1.705442 -0.004558
      vertex 1.250000 -1.660671 0.049995
    endloop
  endfacet
  facet normal -0.071297 -0.771043 0.632779
    outer loop
      vertex 1.250000 -1.660671 0.049995
      vertex 1.250000 -1.705442 -0.004558
      vertex 1.306645 -1.705442 0.001824
    endloop
  endfacet
  facet normal -0.071297 -0.771043 0.632779
    outer loop
      vertex 1.250000 -1.660671 0.049995
      vertex 1.306645 -1.705442 0.001824
      vertex 1.294505 -1.660671 0.055009
    endloop
  endfacet
  facet normal -0.210316 -0.771043 0.601049
    outer loop
      vertex 1.294505 -1.660671 0.055009
      vertex 1.306645 -1.705442 0.001824
      vertex 1.360449 -1.705442 0.020651
    endloop
  endfacet
  facet normal -0.210316 -0.771043 0.601049
    outer loop
      vertex 1.294505 -1.660671 0.055009
      vertex 1.360449 -1.705442 0.020651
      vertex 1.336779 -1.660671 0.069801
    endloop
  endfacet
  facet normal -0.338789 -0.771043 0.539179
    outer loop
      vertex 1.336779 -1.660671 0.069801
      vertex 1.360449 -1.705442 0.020651
      vertex 1.408715 -1.705442 0.050978
    endloop
  endfacet
  facet normal -0.338789 -0.771043 0.539179
    outer loop
      vertex 1.336779 -1.660671 0.069801
      vertex 1.408715 -1.705442 0.050978
      vertex 1.374701 -1.660671 0.093630
    endloop
  endfacet
  facet normal -0.450273 -0.771043 0.450273
    outer loop
      vertex 1.374701 -1.660671 0.093630
      vertex 1.408715 -1.705442 0.050978
      vertex 1.449022 -1.705442 0.091285
    endloop
  endfacet
  facet normal -0.450273 -0.771043 0.450273
    outer loop
      vertex 1.374701 -1.660671 0.093630
      vertex 1.449022 -1.705442 0.091285
      vertex 1.406370 -1.660671 0.125299
    endloop
  endfacet
  facet normal -0.539179 -0.771043 0.338789
    outer loop
      vertex 1.406370 -1.660671 0.125299
      vertex 1.449022 -1.705442 0.091285
      vertex 1.479349 -1.705442 0.139551
    endloop
  endfacet
  facet normal -0.539179 -0.771043 0.338789
    outer loop
      vertex 1.406370 -1.660671 0.125299
      vertex 1.479349 -1.705442 0.139551
      vertex 1.430199 -1.660671 0.163221
    endloop
  endfacet
  facet normal -0.601049 -0.771043 0.210316
    outer loop
      vertex 1.430199 -1.660671 0.163221
      vertex 1.479349 -1.705442 0.139551
      vertex 1.498176 -1.705442 0.193355
    endloop
  endfacet
  facet normal -0.601049 -0.771043 0.210316
    outer loop
      vertex 1.430199 -1.660671 0.163221
      vertex 1.498176 -1.705442 0.193355
      vertex 1.444991 -1.660671 0.205495
    endloop
  endfacet
  facet normal -0.632779 -0.771043 0.071297
    outer loop
      vertex 1.444991 -1.660671 0.205495
      vertex 1.498176 -1.705442 0.193355
      vertex 1.504558 -1.705442 0.250000
    endloop
  endfacet
  facet normal -0.632779 -0.771043 0.071297
    outer loop
      vertex 1.444991 -1.660671 0.205495
      vertex 1.504558 -1.705442 0.250000
      vertex 1.450005 -1.660671 0.250000
    endloop
  endfacet
  facet normal -0.770095 -0.632001 -0.086769
    outer loop
      vertex 1.504558 -1.705442 0.250000
      vertex 1.549329 -1.759995 0.250000
      vertex 1.541824 -1.759995 0.316607
    endloop
  endfacet
  facet normal -0.770095 -0.632001 -0.086769
    outer loop
      vertex 1.504558 -1.705442 0.250000
      vertex 1.541824 -1.759995 0.316607
      vertex 1.498176 -1.705442 0.306645
    endloop
  endfacet
  facet normal -0.731479 -0.632001 -0.255956
    outer loop
      vertex 1.498176 -1.705442 0.306645
      vertex 1.541824 -1.759995 0.316607
      vertex 1.519686 -1.759995 0.379874
    endloop
  endfacet
  facet normal -0.731479 -0.632001 -0.255956
    outer loop
      vertex 1.498176 -1.705442 0.306645
      vertex 1.519686 -1.759995 0.379874
      vertex 1.479349 -1.705442 0.360449
    endloop
  endfacet
  facet normal -0.656184 -0.632001 -0.412308
    outer loop
      vertex 1.479349 -1.705442 0.360449
      vertex 1.519686 -1.759995 0.379874
      vertex 1.484025 -1.759995 0.436629
    endloop
  endfacet
  facet normal -0.656184 -0.632001 -0.412308
    outer loop
      vertex 1.479349 -1.705442 0.360449
      vertex 1.484025 -1.759995 0.436629
      vertex 1.449022 -1.705442 0.408715
    endloop
  endfacet
  facet normal -0.547985 -0.632001 -0.547985
    outer loop
      vertex 1.449022 -1.705442 0.408715
      vertex 1.484025 -1.759995 0.436629
      vertex 1.436629 -1.759995 0.484025
    endloop
  endfacet
  facet normal -0.547985 -0.632001 -0.547985
    outer loop
      vertex 1.449022 -1.705442 0.408715
      vertex 1.436629 -1.759995 0.484025
      vertex 1.408715 -1.705442 0.449022
    endloop
  endfacet
  facet normal -0.412308 -0.632001 -0.656184
    outer loop
      vertex 1.408715 -1.705442 0.449022
      vertex 1.436629 -1.759995 0.484025
      vertex 1.379874 -1.759995 0.519686
    endloop
  endfacet
  facet normal -0.412308 -0.632001 -0.656184
    outer loop
      vertex 1.408715 -1.705442 0.449022
      vertex 1.379874 -1.759995 0.519686
      vertex 1.360449 -1.705442 0.479349
    endloop
  endfacet
  facet normal -0.255956 -0.632001 -0.731479
    outer loop
      vertex 1.360449 -1.705442 0.479349
      vertex 1.379874 -1.759995 0.519686
      vertex 1.316607 -1.759995 0.541824
    endloop
  endfacet
  facet normal -0.255956 -0.632001 -0.731479
    outer loop
      vertex 1.360449 -1.705442 0.479349
      vertex 1.316607 -1.759995 0.541824
      vertex 1.306645 -1.705442 0.498176
    endloop
  endfacet
  facet normal -0.086769 -0.632001 -0.770095
    outer loop
      vertex 1.306645 -1.705442 0.498176
      vertex 1.316607 -1.759995 0.541824
      vertex 1.250000 -1.759995 0.549329
    endloop
  endfacet
  facet normal -0.086769 -0.632001 -0.770095
    outer loop
      vertex 1.306645 -1.705442 0.498176
      vertex 1.250000 -1.759995 0.549329
      vertex 1.250000 -1.705442 0.504558
    endloop
  endfacet
  facet normal 0.086769 -0.632001 -0.770095
    outer loop
      vertex 1.250000 -1.705442 0.504558
      vertex 1.250000 -1.759995 0.549329
      vertex 1.183393 -1.759995 0.541824
    endloop
  endfacet
  facet normal 0.086769 -0.632001 -0.770095
    outer loop
      vertex 1.250000 -1.705442 0.504558
      vertex 1.183393 -1.759995 0.541824
      vertex 1.193355 -1.705442 0.498176
    endloop
  endfacet
  facet normal 0.255956 -0.632001 -0.731479
    outer loop
      vertex 1.193355 -1.705442 0.498176
      vertex 1.183393 -1.759995 0.541824
      vertex 1.120126 -1.759995 0.519686
    endloop
  endfacet
  facet normal 0.255956 -0.632001 -0.731479
    outer loop
      vertex 1.193355 -1.705442 0.498176
      vertex 1.120126 -1.759995 0.519686
      vertex 1.139551 -1.705442 0.479349
    endloop
  endfacet
  facet normal 0.412308 -0.632001 -0.656184
    outer loop
      vertex 1.139551 -1.705442 0.479349
      vertex 1.120126 -1.759995 0.519686
      vertex 1.063371 -1.759995 0.484025
    endloop
  endfacet
  facet normal 0.412308 -0.632001 -0.656184
    outer loop
      vertex 1.139551 -1.705442 0.479349
      vertex 1.063371 -1.759995 0.484025
      vertex 1.091285 -1.705442 0.449022
    endloop
  endfacet
  facet normal 0.547985 -0.632001 -0.547985
    outer loop
      vertex 1.091285 -1.705442 0.449022
      vertex 1.063371 -1.759995 0.484025
      vertex 1.015975 -1.759995 0.436629
    endloop
  endfacet
  facet normal 0.547985 -0.632001 -0.547985
    outer loop
      vertex 1.091285 -1.705442 0.449022
      vertex 1.015975 -1.759995 0.436629
      vertex 1.050978 -1.705442 0.408715
    endloop
  endfacet
  facet normal 0.656184 -0.632001 -0.412308
    outer loop
      vertex 1.050978 -1.705442 0.408715
      vertex 1.015975 -1.759995 0.436629
      vertex 0.980314 -1.759995 0.379874
    endloop
  endfacet
  facet normal 0.656184 -0.632001 -0.412308
    outer loop
      vertex 1.050978 -1.705442 0.408715
      vertex 0.980314 -1.759995 0.379874
      vertex 1.020651 -1.705442 0.360449
    endloop
  endfacet
  facet normal 0.731479 -0.632001 -0.255956
    outer loop
      vertex 1.020651 -1.705442 0.360449
      vertex 0.980314 -1.759995 0.379874
      vertex 0.958176 -1.759995 0.316607
    endloop
  endfacet
  facet normal 0.731479 -0.632001 -0.255956
    outer loop
      vertex 1.020651 -1.705442 0.360449
      vertex 0.958176 -1.759995 0.316607
      vertex 1.001824 -1.705442 0.306645
    endloop
  endfacet
  facet normal 0.770095 -0.632001 -0.086769
    outer loop
      vertex 1.001824 -1.705442 0.306645
      vertex 0.958176 -1.759995 0.316607
      vertex 0.950671 -1.759995 0.250000
    endloop
  endfacet
  facet normal 0.770095 -0.632001 -0.086769
    outer loop
      vertex 1.001824 -1.705442 0.306645
      vertex 0.950671 -1.759995 0.250000
      vertex 0.995442 -1.705442 0.250000
    endloop
  endfacet
  facet normal 0.770095 -0.632001 0.086769
    outer loop
      vertex 0.995442 -1.705442 0.250000
      vertex 0.950671 -1.759995 0.250000
      vertex 0.958176 -1.759995 0.183393
    endloop
  endfacet
  facet normal 0.770095 -0.632001 0.086769
    outer loop
      vertex 0.995442 -1.705442 0.250000
      vertex 0.958176 -1.759995 0.183393
      vertex 1.001824 -1.705442 0.193355
    endloop
  endfacet
  facet normal 0.731479 -0.632001 0.255956
    outer loop
      vertex 1.001824 -1.705442 0.193355
      vertex 0.958176 -1.759995 0.183393
      vertex 0.980314 -1.759995 0.120126
    endloop
  endfacet
  facet normal 0.731479 -0.632001 0.255956
    outer loop
      vertex 1.001824 -1.705442 0.193355
      vertex 0.980314 -1.759995 0.120126
      vertex 1.020651 -1.705442 0.139551
    endloop
  endfacet
  facet normal 0.656184 -0.632001 0.412308
    outer loop
      vertex 1.020651 -1.705442 0.139551
      vertex 0.980314 -1.759995 0.120126
      vertex 1.015975 -1.759995 0.063371
    endloop
  endfacet
  facet normal 0.656184 -0.632001 0.412308
    outer loop
      vertex 1.020651 -1.705442 0.139551
      vertex 1.015975 -1.759995 0.063371
      vertex 1.050978 -1.705442 0.091285
    endloop
  endfacet
  facet normal 0.547985 -0.632001 0.547985
    outer loop
      vertex 1.050978 -1.705442 0.091285
      vertex 1.015975 -1.759995 0.063371
      vertex 1.063371 -1.759995 0.015975
    endloop
  endfacet
  facet normal 0.547985 -0.632001 0.547985
    outer loop
      vertex 1.050978 -1.705442 0.091285
      vertex 1.063371 -1.759995 0.015975
      vertex 1.091285 -1.705442 0.050978
    endloop
  endfacet
  facet normal 0.412308 -0.632001 0.656184
    outer loop
      vertex 1.091285 -1.705442 0.050978
      vertex 1.063371 -1.759995 0.015975
      vertex 1.120126 -1.759995 -0.019686
    endloop
  endfacet
  facet normal 0.412308 -0.632001 0.656184
    outer loop
      vertex 1.091285 -1.705442 0.050978
      vertex 1.120126 -1.759995 -0.019686
      vertex 1.139551 -1.705442 0.020651
    endloop
  endfacet
  facet normal 0.255956 -0.632001 0.731479
    outer loop
      vertex 1.139551 -1.705442 0.020651
      vertex 1.120126 -1.759995 -0.019686
      vertex 1.183393 -1.759995 -0.041824
    endloop
  endfacet
  facet normal 0.255956 -0.632001 0.731479
    outer loop
      vertex 1.139551 -1.705442 0.020651
      vertex 1.183393 -1.759995 -0.041824
      vertex 1.193355 -1.705442 0.001824
    endloop
  endfacet
  facet normal 0.086769 -0.632001 0.770095
    outer loop
      vertex 1.193355 -1.705442 0.001824
      vertex 1.183393 -1.759995 -0.041824
      vertex 1.250000 -1.759995 -0.049329
    endloop
  endfacet
  facet normal 0.086769 -0.632001 0.770095
    outer loop
      vertex 1.193355 -1.705442 0.001824
      vertex 1.250000 -1.759995 -0.049329
      vertex 1.250000 -1.705442 -0.004558
    endloop
  endfacet
  facet normal -0.086769 -0.632001 0.770095
    outer loop
      vertex 1.250000 -1.705442 -0.004558
      vertex 1.250000 -1.759995 -0.049329
      vertex 1.316607 -1.759995 -0.041824
    endloop
  endfacet
  facet normal -0.086769 -0.632001 0.770095
    outer loop
      vertex 1.250000 -1.705442 -0.004558
      vertex 1.316607 -1.759995 -0.041824
      vertex 1.306645 -1.705442 0.001824
    endloop
  endfacet
  facet normal -0.255956 -0.632001 0.731479
    outer loop
      vertex 1.306645 -1.705442 0.001824
      vertex 1.316607 -1.759995 -0.041824
      vertex 1.379874 -1.759995 -0.019686
    endloop
  endfacet
  facet normal -0.255956 -0.632001 0.731479
    outer loop
      vertex 1.306645 -1.705442 0.001824
      vertex 1.379874 -1.759995 -0.019686
      vertex 1.360449 -1.705442 0.020651
    endloop
  endfacet
  facet normal -0.412308 -0.632001 0.656184
    outer loop
      vertex 1.360449 -1.705442 0.020651
      vertex 1.379874 -1.759995 -0.019686
      vertex 1.436629 -1.759995 0.015975
    endloop
  endfacet
  facet normal -0.412308 -0.632001 0.656184
    outer loop
      vertex 1.360449 -1.705442 0.020651
      vertex 1.436629 -1.759995 0.015975
      vertex 1.408715 -1.705442 0.050978
    endloop
  endfacet
  facet normal -0.547985 -0.632001 0.547985
    outer loop
      vertex 1.408715 -1.705442 0.050978
      vertex 1.436629 -1.759995 0.015975
      vertex 1.484025 -1.759995 0.063371
    endloop
  endfacet
  facet normal -0.547985 -0.632001 0.547985
    outer loop
      vertex 1.408715 -1.705442 0.050978
      vertex 1.484025 -1.759995 0.063371
      vertex 1.449022 -1.705442 0.091285
    endloop
  endfacet
  facet normal -0.656184 -0.632001 0.412308
    outer loop
      vertex 1.449022 -1.705442 0.091285
      vertex 1.484025 -1.759995 0.063371
      vertex 1.519686 -1.759995 0.120126
    endloop
  endfacet
  facet normal -0.656184 -0.632001 0.412308
    outer loop
      vertex 1.449022 -1.705442 0.091285
      vertex 1.519686 -1.759995 0.120126
      vertex 1.479349 -1.705442 0.139551
    endloop
  endfacet
  facet normal -0.731479 -0.632001 0.255956
    outer loop
      vertex 1.479349 -1.705442 0.139551
      vertex 1.519686 -1.759995 0.120126
      vertex 1.541824 -1.759995 0.183393
    endloop
  endfacet
  facet normal -0.731479 -0.632001 0.255956
    outer loop
      vertex 1.479349 -1.705442 0.139551
      vertex 1.541824 -1.759995 0.183393
      vertex 1.498176 -1.705442 0.193355
    endloop
  endfacet
  facet normal -0.770095 -0.632001 0.086769
    outer loop
      vertex 1.498176 -1.705442 0.193355
      vertex 1.541824 -1.759995 0.183393
      vertex 1.549329 -1.759995 0.250000
    endloop
  endfacet
  facet normal -0.770095 -0.632001 0.086769
    outer loop
      vertex 1.498176 -1.705442 0.193355
      vertex 1.549329 -1.759995 0.250000
      vertex 1.504558 -1.705442 0.250000
    endloop
  endfacet
  facet normal -0.877599 -0.469087 -0.098882
    outer loop
      vertex 1.549329 -1.759995 0.250000
      vertex 1.582597 -1.822234 0.250000
      vertex 1.574258 -1.822234 0.324010
    endloop
  endfacet
  facet normal -0.877599 -0.469087 -0.098882
    outer loop
      vertex 1.549329 -1.759995 0.250000
      vertex 1.574258 -1.822234 0.324010
      vertex 1.541824 -1.759995 0.316607
    endloop
  endfacet
  facet normal -0.833593 -0.469087 -0.291687
    outer loop
      vertex 1.541824 -1.759995 0.316607
      vertex 1.574258 -1.822234 0.324010
      vertex 1.549659 -1.822234 0.394308
    endloop
  endfacet
  facet normal -0.833593 -0.469087 -0.291687
    outer loop
      vertex 1.541824 -1.759995 0.316607
      vertex 1.549659 -1.822234 0.394308
      vertex 1.519686 -1.759995 0.379874
    endloop
  endfacet
  facet normal -0.747786 -0.469087 -0.469865
    outer loop
      vertex 1.519686 -1.759995 0.379874
      vertex 1.549659 -1.822234 0.394308
      vertex 1.510035 -1.822234 0.457371
    endloop
  endfacet
  facet normal -0.747786 -0.469087 -0.469865
    outer loop
      vertex 1.519686 -1.759995 0.379874
      vertex 1.510035 -1.822234 0.457371
      vertex 1.484025 -1.759995 0.436629
    endloop
  endfacet
  facet normal -0.624483 -0.469087 -0.624483
    outer loop
      vertex 1.484025 -1.759995 0.436629
      vertex 1.510035 -1.822234 0.457371
      vertex 1.457371 -1.822234 0.510035
    endloop
  endfacet
  facet normal -0.624483 -0.469087 -0.624483
    outer loop
      vertex 1.484025 -1.759995 0.436629
      vertex 1.457371 -1.822234 0.510035
      vertex 1.436629 -1.759995 0.484025
    endloop
  endfacet
  facet normal -0.469865 -0.469087 -0.747786
    outer loop
      vertex 1.436629 -1.759995 0.484025
      vertex 1.457371 -1.822234 0.510035
      vertex 1.394308 -1.822234 0.549659
    endloop
  endfacet
  facet normal -0.469865 -0.469087 -0.747786
    outer loop
      vertex 1.436629 -1.759995 0.484025
      vertex 1.394308 -1.822234 0.549659
      vertex 1.379874 -1.759995 0.519686
    endloop
  endfacet
  facet normal -0.291687 -0.469087 -0.833593
    outer loop
      vertex 1.379874 -1.759995 0.519686
      vertex 1.394308 -1.822234 0.549659
      vertex 1.324010 -1.822234 0.574258
    endloop
  endfacet
  facet normal -0.291687 -0.469087 -0.833593
    outer loop
      vertex 1.379874 -1.759995 0.519686
      vertex 1.324010 -1.822234 0.574258
      vertex 1.316607 -1.759995 0.541824
    endloop
  endfacet
  facet normal -0.098882 -0.469087 -0.877599
    outer loop
      vertex 1.316607 -1.759995 0.541824
      vertex 1.324010 -1.822234 0.574258
      vertex 1.250000 -1.822234 0.582597
    endloop
  endfacet
  facet normal -0.098882 -0.469087 -0.877599
    outer loop
      vertex 1.316607 -1.759995 0.541824
      vertex 1.250000 -1.822234 0.582597
      vertex 1.250000 -1.759995 0.549329
    endloop
  endfacet
  facet normal 0.098882 -0.469087 -0.877599
    outer loop
      vertex 1.250000 -1.759995 0.549329
      vertex 1.250000 -1.822234 0.582597
      vertex 1.175990 -1.822234 0.574258
    endloop
  endfacet
  facet normal 0.098882 -0.469087 -0.877599
    outer loop
      vertex 1.250000 -1.759995 0.549329
      vertex 1.175990 -1.822234 0.574258
      vertex 1.183393 -1.759995 0.541824
    endloop
  endfacet
  facet normal 0.291687 -0.469087 -0.833593
    outer loop
      vertex 1.183393 -1.759995 0.541824
      vertex 1.175990 -1.822234 0.574258
      vertex 1.105692 -1.822234 0.549659
    endloop
  endfacet
  facet normal 0.291687 -0.469087 -0.833593
    outer loop
      vertex 1.183393 -1.759995 0.541824
      vertex 1.105692 -1.822234 0.549659
      vertex 1.120126 -1.759995 0.519686
    endloop
  endfacet
  facet normal 0.469865 -0.469087 -0.747786
    outer loop
      vertex 1.120126 -1.759995 0.519686
      vertex 1.105692 -1.822234 0.549659
      vertex 1.042629 -1.822234 0.510035
    endloop
  endfacet
  facet normal 0.469865 -0.469087 -0.747786
    outer loop
      vertex 1.120126 -1.759995 0.519686
      vertex 1.042629 -1.822234 0.510035
      vertex 1.063371 -1.759995 0.484025
    endloop
  endfacet
  facet normal 0.624483 -0.469087 -0.624483
    outer loop
      vertex 1.063371 -1.759995 0.484025
      vertex 1.042629 -1.822234 0.510035
      vertex 0.989965 -1.822234 0.457371
    endloop
  endfacet
  facet normal 0.624483 -0.469087 -0.624483
    outer loop
      vertex 1.063371 -1.759995 0.484025
      vertex 0.989965 -1.822234 0.457371
      vertex 1.015975 -1.759995 0.436629
    endloop
  endfacet
  facet normal 0.747786 -0.469087 -0.469865
    outer loop
      vertex 1.015975 -1.759995 0.436629
      vertex 0.989965 -1.822234 0.457371
      vertex 0.950341 -1.822234 0.394308
    endloop
  endfacet
  facet normal 0.747786 -0.469087 -0.469865
    outer loop
      vertex 1.015975 -1.759995 0.436629
      vertex 0.950341 -1.822234 0.394308
      vertex 0.980314 -1.759995 0.379874
    endloop
  endfacet
  facet normal 0.833593 -0.469087 -0.291687
    outer loop
      vertex 0.980314 -1.759995 0.379874
      vertex 0.950341 -1.822234 0.394308
      vertex 0.925742 -1.822234 0.324010
    endloop
  endfacet
  facet normal 0.833593 -0.469087 -0.291687
    outer loop
      vertex 0.980314 -1.759995 0.379874
      vertex 0.925742 -1.822234 0.324010
      vertex 0.958176 -1.759995 0.316607
    endloop
  endfacet
  facet normal 0.877599 -0.469087 -0.098882
    outer loop
      vertex 0.958176 -1.759995 0.316607
      vertex 0.925742 -1.822234 0.324010
      vertex 0.917403 -1.822234 0.250000
    endloop
  endfacet
  facet normal 0.877599 -0.469087 -0.098882
    outer loop
      vertex 0.958176 -1.759995 0.316607
      vertex 0.917403 -1.822234 0.250000
      vertex 0.950671 -1.759995 0.250000
    endloop
  endfacet
  facet normal 0.877599 -0.469087 0.098882
    outer loop
      vertex 0.950671 -1.759995 0.250000
      vertex 0.917403 -1.822234 0.250000
      vertex 0.925742 -1.822234 0.175990
    endloop
  endfacet
  facet normal 0.877599 -0.469087 0.098882
    outer loop
      vertex 0.950671 -1.759995 0.250000
      vertex 0.925742 -1.822234 0.175990
      vertex 0.958176 -1.759995 0.183393
    endloop
  endfacet
  facet normal 0.833593 -0.469087 0.291687
    outer loop
      vertex 0.958176 -1.759995 0.183393
      vertex 0.925742 -1.822234 0.175990
      vertex 0.950341 -1.822234 0.105692
    endloop
  endfacet
  facet normal 0.833593 -0.469087 0.291687
    outer loop
      vertex 0.958176 -1.759995 0.183393
      vertex 0.950341 -1.822234 0.105692
      vertex 0.980314 -1.759995 0.120126
    endloop
  endfacet
  facet normal 0.747786 -0.469087 0.469865
    outer loop
      vertex 0.980314 -1.759995 0.120126
      vertex 0.950341 -1.822234 0.105692
      vertex 0.989965 -1.822234 0.042629
    endloop
  endfacet
  facet normal 0.747786 -0.469087 0.469865
    outer loop
      vertex 0.980314 -1.759995 0.120126
      vertex 0.989965 -1.822234 0.042629
      vertex 1.015975 -1.759995 0.063371
    endloop
  endfacet
  facet normal 0.624483 -0.469087 0.624483
    outer loop
      vertex 1.015975 -1.759995 0.063371
      vertex 0.989965 -1.822234 0.042629
      vertex 1.042629 -1.822234 -0.010035
    endloop
  endfacet
  facet normal 0.624483 -0.469087 0.624483
    outer loop
      vertex 1.015975 -1.759995 0.063371
      vertex 1.042629 -1.822234 -0.010035
      vertex 1.063371 -1.759995 0.015975
    endloop
  endfacet
  facet normal 0.469865 -0.469087 0.747786
    outer loop
      vertex 1.063371 -1.759995 0.015975
      vertex 1.042629 -1.822234 -0.010035
      vertex 1.105692 -1.822234 -0.049659
    endloop
  endfacet
  facet normal 0.469865 -0.469087 0.747786
    outer loop
      vertex 1.063371 -1.759995 0.015975
      vertex 1.105692 -1.822234 -0.049659
      vertex 1.120126 -1.759995 -0.019686
    endloop
  endfacet
  facet normal 0.291687 -0.469087 0.833593
    outer loop
      vertex 1.120126 -1.759995 -0.019686
      vertex 1.105692 -1.822234 -0.049659
      vertex 1.175990 -1.822234 -0.074258
    endloop
  endfacet
  facet normal 0.291687 -0.469087 0.833593
    outer loop
      vertex 1.120126 -1.759995 -0.019686
      vertex 1.175990 -1.822234 -0.074258
      vertex 1.183393 -1.759995 -0.041824
    endloop
  endfacet
  facet normal 0.098882 -0.469087 0.877599
    outer loop
      vertex 1.183393 -1.759995 -0.041824
      vertex 1.175990 -1.822234 -0.074258
      vertex 1.250000 -1.822234 -0.082597
    endloop
  endfacet
  facet normal 0.098882 -0.469087 0.877599
    outer loop
      vertex 1.183393 -1.759995 -0.041824
      vertex 1.250000 -1.822234 -0.082597
      vertex 1.250000 -1.759995 -0.049329
    endloop
  endfacet
  facet normal -0.098882 -0.469087 0.877599
    outer loop
      vertex 1.250000 -1.759995 -0.049329
      vertex 1.250000 -1.822234 -0.082597
      vertex 1.324010 -1.822234 -0.074258
    endloop
  endfacet
  facet normal -0.098882 -0.469087 0.877599
    outer loop
      vertex 1.250000 -1.759995 -0.049329
      vertex 1.324010 -1.822234 -0.074258
      vertex 1.316607 -1.759995 -0.041824
    endloop
  endfacet
  facet normal -0.291687 -0.469087 0.833593
    outer loop
      vertex 1.316607 -1.759995 -0.041824
      vertex 1.324010 -1.822234 -0.074258
      vertex 1.394308 -1.822234 -0.049659
    endloop
  endfacet
  facet normal -0.291687 -0.469087 0.833593
    outer loop
      vertex 1.316607 -1.759995 -0.041824
      vertex 1.394308 -1.822234 -0.049659
      vertex 1.379874 -1.759995 -0.019686
    endloop
  endfacet
  facet normal -0.469865 -0.469087 0.747786
    outer loop
      vertex 1.379874 -1.759995 -0.019686
      vertex 1.394308 -1.822234 -0.049659
      vertex 1.457371 -1.822234 -0.010035
    endloop
  endfacet
  facet normal -0.469865 -0.469087 0.747786
    outer loop
      vertex 1.379874 -1.759995 -0.019686
      vertex 1.457371 -1.822234 -0.010035
      vertex 1.436629 -1.759995 0.015975
    endloop
  endfacet
  facet normal -0.624483 -0.469087 0.624483
    outer loop
      vertex 1.436629 -1.759995 0.015975
      vertex 1.457371 -1.822234 -0.010035
      vertex 1.510035 -1.822234 0.042629
    endloop
  endfacet
  facet normal -0.624483 -0.469087 0.624483
    outer loop
      vertex 1.436629 -1.759995 0.015975
      vertex 1.510035 -1.822234 0.042629
      vertex 1.484025 -1.759995 0.063371
    endloop
  endfacet
  facet normal -0.747786 -0.469087 0.469865
    outer loop
      vertex 1.484025 -1.759995 0.063371
      vertex 1.510035 -1.822234 0.042629
      vertex 1.549659 -1.822234 0.105692
    endloop
  endfacet
  facet normal -0.747786 -0.469087 0.469865
    outer loop
      vertex 1.484025 -1.759995 0.063371
      vertex 1.549659 -1.822234 0.105692
      vertex 1.519686 -1.759995 0.120126
    endloop
  endfacet
  facet normal -0.833593 -0.469087 0.291687
    outer loop
      vertex 1.519686 -1.759995 0.120126
      vertex 1.549659 -1.822234 0.105692
      vertex 1.574258 -1.822234 0.175990
    endloop
  endfacet
  facet normal -0.833593 -0.469087 0.291687
    outer loop
      vertex 1.519686 -1.759995 0.120126
      vertex 1.574258 -1.822234 0.175990
      vertex 1.541824 -1.759995 0.183393
    endloop
  endfacet
  facet normal -0.877599 -0.469087 0.098882
    outer loop
      vertex 1.541824 -1.759995 0.183393
      vertex 1.574258 -1.822234 0.175990
      vertex 1.582597 -1.822234 0.250000
    endloop
  endfacet
  facet normal -0.877599 -0.469087 0.098882
    outer loop
      vertex 1.541824 -1.759995 0.183393
      vertex 1.582597 -1.822234 0.250000
      vertex 1.549329 -1.759995 0.250000
    endloop
  endfacet
  facet normal -0.951426 -0.288612 -0.107200
    outer loop
      vertex 1.582597 -1.822234 0.250000
      vertex 1.603083 -1.889767 0.250000
      vertex 1.594230 -1.889767 0.328568
    endloop
  endfacet
  facet normal -0.951426 -0.288612 -0.107200
    outer loop
      vertex 1.582597 -1.822234 0.250000
      vertex 1.594230 -1.889767 0.328568
      vertex 1.574258 -1.822234 0.324010
    endloop
  endfacet
  facet normal -0.903717 -0.288612 -0.316224
    outer loop
      vertex 1.574258 -1.822234 0.324010
      vertex 1.594230 -1.889767 0.328568
      vertex 1.568117 -1.889767 0.403197
    endloop
  endfacet
  facet normal -0.903717 -0.288612 -0.316224
    outer loop
      vertex 1.574258 -1.822234 0.324010
      vertex 1.568117 -1.889767 0.403197
      vertex 1.549659 -1.822234 0.394308
    endloop
  endfacet
  facet normal -0.810693 -0.288612 -0.509392
    outer loop
      vertex 1.549659 -1.822234 0.394308
      vertex 1.568117 -1.889767 0.403197
      vertex 1.526051 -1.889767 0.470143
    endloop
  endfacet
  facet normal -0.810693 -0.288612 -0.509392
    outer loop
      vertex 1.549659 -1.822234 0.394308
      vertex 1.526051 -1.889767 0.470143
      vertex 1.510035 -1.822234 0.457371
    endloop
  endfacet
  facet normal -0.677017 -0.288612 -0.677017
    outer loop
      vertex 1.510035 -1.822234 0.457371
      vertex 1.526051 -1.889767 0.470143
      vertex 1.470143 -1.889767 0.526051
    endloop
  endfacet
  facet normal -0.677017 -0.288612 -0.677017
    outer loop
      vertex 1.510035 -1.822234 0.457371
      vertex 1.470143 -1.889767 0.526051
      vertex 1.457371 -1.822234 0.510035
    endloop
  endfacet
  facet normal -0.509392 -0.288612 -0.810693
    outer loop
      vertex 1.457371 -1.822234 0.510035
      vertex 1.470143 -1.889767 0.526051
      vertex 1.403197 -1.889767 0.568117
    endloop
  endfacet
  facet normal -0.509392 -0.288612 -0.810693
    outer loop
      vertex 1.457371 -1.822234 0.510035
      vertex 1.403197 -1.889767 0.568117
      vertex 1.394308 -1.822234 0.549659
    endloop
  endfacet
  facet normal -0.316224 -0.288612 -0.903717
    outer loop
      vertex 1.394308 -1.822234 0.549659
      vertex 1.403197 -1.889767 0.568117
      vertex 1.328568 -1.889767 0.594230
    endloop
  endfacet
  facet normal -0.316224 -0.288612 -0.903717
    outer loop
      vertex 1.394308 -1.822234 0.549659
      vertex 1.328568 -1.889767 0.594230
      vertex 1.324010 -1.822234 0.574258
    endloop
  endfacet
  facet normal -0.107200 -0.288612 -0.951426
    outer loop
      vertex 1.324010 -1.822234 0.574258
      vertex 1.328568 -1.889767 0.594230
      vertex 1.250000 -1.889767 0.603083
    endloop
  endfacet
  facet normal -0.107200 -0.288612 -0.951426
    outer loop
      vertex 1.324010 -1.822234 0.574258
      vertex 1.250000 -1.889767 0.603083
      vertex 1.250000 -1.822234 0.582597
    endloop
  endfacet
  facet normal 0.107200 -0.288612 -0.951426
    outer loop
      vertex 1.250000 -1.822234 0.582597
      vertex 1.250000 -1.889767 0.603083
      vertex 1.171432 -1.889767 0.594230
    endloop
  endfacet
  facet normal 0.107200 -0.288612 -0.951426
    outer loop
      vertex 1.250000 -1.822234 0.582597
      vertex 1.171432 -1.889767 0.594230
      vertex 1.175990 -1.822234 0.574258
    endloop
  endfacet
  facet normal 0.316224 -0.288612 -0.903717
    outer loop
      vertex 1.175990 -1.822234 0.574258
      vertex 1.171432 -1.889767 0.594230
      vertex 1.096803 -1.889767 0.568117
    endloop
  endfacet
  facet normal 0.316224 -0.288612 -0.903717
    outer loop
      vertex 1.175990 -1.822234 0.574258
      vertex 1.096803 -1.889767 0.568117
      vertex 1.105692 -1.822234 0.549659
    endloop
  endfacet
  facet normal 0.509392 -0.288612 -0.810693
    outer loop
      vertex 1.105692 -1.822234 0.549659
      vertex 1.096803 -1.889767 0.568117
      vertex 1.029857 -1.889767 0.526051
    endloop
  endfacet
  facet normal 0.509392 -0.288612 -0.810693
    outer loop
      vertex 1.105692 -1.822234 0.549659
      vertex 1.029857 -1.889767 0.526051
      vertex 1.042629 -1.822234 0.510035
    endloop
  endfacet
  facet normal 0.677017 -0.288612 -0.677017
    outer loop
      vertex 1.042629 -1.822234 0.510035
      vertex 1.029857 -1.889767 0.526051
      vertex 0.973949 -1.889767 0.470143
    endloop
  endfacet
  facet normal 0.677017 -0.288612 -0.677017
    outer loop
      vertex 1.042629 -1.822234 0.510035
      vertex 0.973949 -1.889767 0.470143
      vertex 0.989965 -1.822234 0.457371
    endloop
  endfacet
  facet normal 0.810693 -0.288612 -0.509392
    outer loop
      vertex 0.989965 -1.822234 0.457371
      vertex 0.973949 -1.889767 0.470143
      vertex 0.931883 -1.889767 0.403197
    endloop
  endfacet
  facet normal 0.810693 -0.288612 -0.509392
    outer loop
      vertex 0.989965 -1.822234 0.457371
      vertex 0.931883 -1.889767 0.403197
      vertex 0.950341 -1.822234 0.394308
    endloop
  endfacet
  facet normal 0.903717 -0.288612 -0.316224
    outer loop
      vertex 0.950341 -1.822234 0.394308
      vertex 0.931883 -1.889767 0.403197
      vertex 0.905770 -1.889767 0.328568
    endloop
  endfacet
  facet normal 0.903717 -0.288612 -0.316224
    outer loop
      vertex 0.950341 -1.822234 0.394308
      vertex 0.905770 -1.889767 0.328568
      vertex 0.925742 -1.822234 0.324010
    endloop
  endfacet
  facet normal 0.951426 -0.288612 -0.107200
    outer loop
      vertex 0.925742 -1.822234 0.324010
      vertex 0.905770 -1.889767 0.328568
      vertex 0.896917 -1.889767 0.250000
    endloop
  endfacet
  facet normal 0.951426 -0.288612 -0.107200
    outer loop
      vertex 0.925742 -1.822234 0.324010
      vertex 0.896917 -1.889767 0.250000
      vertex 0.917403 -1.822234 0.250000
    endloop
  endfacet
  facet normal 0.951426 -0.288612 0.107200
    outer loop
      vertex 0.917403 -1.822234 0.250000
      vertex 0.896917 -1.889767 0.250000
      vertex 0.905770 -1.889767 0.171432
    endloop
  endfacet
  facet normal 0.951426 -0.288612 0.107200
    outer loop
      vertex 0.917403 -1.822234 0.250000
      vertex 0.905770 -1.889767 0.171432
      vertex 0.925742 -1.822234 0.175990
    endloop
  endfacet
  facet normal 0.903717 -0.288612 0.316224
    outer loop
      vertex 0.925742 -1.822234 0.175990
      vertex 0.905770 -1.889767 0.171432
      vertex 0.931883 -1.889767 0.096803
    endloop
  endfacet
  facet normal 0.903717 -0.288612 0.316224
    outer loop
      vertex 0.925742 -1.822234 0.175990
      vertex 0.931883 -1.889767 0.096803
      vertex 0.950341 -1.822234 0.105692
    endloop
  endfacet
  facet normal 0.810693 -0.288612 0.509392
    outer loop
      vertex 0.950341 -1.822234 0.105692
      vertex 0.931883 -1.889767 0.096803
      vertex 0.973949 -1.889767 0.029857
    endloop
  endfacet
  facet normal 0.810693 -0.288612 0.509392
    outer loop
      vertex 0.950341 -1.822234 0.105692
      vertex 0.973949 -1.889767 0.029857
      vertex 0.989965 -1.822234 0.042629
    endloop
  endfacet
  facet normal 0.677017 -0.288612 0.677017
    outer loop
      vertex 0.989965 -1.822234 0.042629
      vertex 0.973949 -1.889767 0.029857
      vertex 1.029857 -1.889767 -0.026051
    endloop
  endfacet
  facet normal 0.677017 -0.288612 0.677017
    outer loop
      vertex 0.989965 -1.822234 0.042629
      vertex 1.029857 -1.889767 -0.026051
      vertex 1.042629 -1.822234 -0.010035
    endloop
  endfacet
  facet normal 0.509392 -0.288612 0.810693
    outer loop
      vertex 1.042629 -1.822234 -0.010035
      vertex 1.029857 -1.889767 -0.026051
      vertex 1.096803 -1.889767 -0.068117
    endloop
  endfacet
  facet normal 0.509392 -0.288612 0.810693
    outer loop
      vertex 1.042629 -1.822234 -0.010035
      vertex 1.096803 -1.889767 -0.068117
      vertex 1.105692 -1.822234 -0.049659
    endloop
  endfacet
  facet normal 0.316224 -0.288612 0.903717
    outer loop
      vertex 1.105692 -1.822234 -0.049659
      vertex 1.096803 -1.889767 -0.068117
      vertex 1.171432 -1.889767 -0.094230
    endloop
  endfacet
  facet normal 0.316224 -0.288612 0.903717
    outer loop
      vertex 1.105692 -1.822234 -0.049659
      vertex 1.171432 -1.889767 -0.094230
      vertex 1.175990 -1.822234 -0.074258
    endloop
  endfacet
  facet normal 0.107200 -0.288612 0.951426
    outer loop
      vertex 1.175990 -1.822234 -0.074258
      vertex 1.171432 -1.889767 -0.094230
      vertex 1.250000 -1.889767 -0.103083
    endloop
  endfacet
  facet normal 0.107200 -0.288612 0.951426
    outer loop
      vertex 1.175990 -1.822234 -0.074258
      vertex 1.250000 -1.889767 -0.103083
      vertex 1.250000 -1.822234 -0.082597
    endloop
  endfacet
  facet normal -0.107200 -0.288612 0.951426
    outer loop
      vertex 1.250000 -1.822234 -0.082597
      vertex 1.250000 -1.889767 -0.103083
      vertex 1.328568 -1.889767 -0.094230
    endloop
  endfacet
  facet normal -0.107200 -0.288612 0.951426
    outer loop
      vertex 1.250000 -1.822234 -0.082597
      vertex 1.328568 -1.889767 -0.094230
      vertex 1.324010 -1.822234 -0.074258
    endloop
  endfacet
  facet normal -0.316224 -0.288612 0.903717
    outer loop
      vertex 1.324010 -1.822234 -0.074258
      vertex 1.328568 -1.889767 -0.094230
      vertex 1.403197 -1.889767 -0.068117
    endloop
  endfacet
  facet normal -0.316224 -0.288612 0.903717
    outer loop
      vertex 1.324010 -1.822234 -0.074258
      vertex 1.403197 -1.889767 -0.068117
      vertex 1.394308 -1.822234 -0.049659
    endloop
  endfacet
  facet normal -0.509392 -0.288612 0.810693
    outer loop
      vertex 1.394308 -1.822234 -0.049659
      vertex 1.403197 -1.889767 -0.068117
      vertex 1.470143 -1.889767 -0.026051
    endloop
  endfacet
  facet normal -0.509392 -0.288612 0.810693
    outer loop
      vertex 1.394308 -1.822234 -0.049659
      vertex 1.470143 -1.889767 -0.026051
      vertex 1.457371 -1.822234 -0.010035
    endloop
  endfacet
  facet normal -0.677017 -0.288612 0.677017
    outer loop
      vertex 1.457371 -1.822234 -0.010035
      vertex 1.470143 -1.889767 -0.026051
      vertex 1.526051 -1.889767 0.029857
    endloop
  endfacet
  facet normal -0.677017 -0.288612 0.677017
    outer loop
      vertex 1.457371 -1.822234 -0.010035
      vertex 1.526051 -1.889767 0.029857
      vertex 1.510035 -1.822234 0.042629
    endloop
  endfacet
  facet normal -0.810693 -0.288612 0.509392
    outer loop
      vertex 1.510035 -1.822234 0.042629
      vertex 1.526051 -1.889767 0.029857
      vertex 1.568117 -1.889767 0.096803
    endloop
  endfacet
  facet normal -0.810693 -0.288612 0.509392
    outer loop
      vertex 1.510035 -1.822234 0.042629
      vertex 1.568117 -1.889767 0.096803
      vertex 1.549659 -1.822234 0.105692
    endloop
  endfacet
  facet normal -0.903717 -0.288612 0.316224
    outer loop
      vertex 1.549659 -1.822234 0.105692
      vertex 1.568117 -1.889767 0.096803
      vertex 1.594230 -1.889767 0.171432
    endloop
  endfacet
  facet normal -0.903717 -0.288612 0.316224
    outer loop
      vertex 1.549659 -1.822234 0.105692
      vertex 1.594230 -1.889767 0.171432
      vertex 1.574258 -1.822234 0.175990
    endloop
  endfacet
  facet normal -0.951426 -0.288612 0.107200
    outer loop
      vertex 1.574258 -1.822234 0.175990
      vertex 1.594230 -1.889767 0.171432
      vertex 1.603083 -1.889767 0.250000
    endloop
  endfacet
  facet normal -0.951426 -0.288612 0.107200
    outer loop
      vertex 1.574258 -1.822234 0.175990
      vertex 1.603083 -1.889767 0.250000
      vertex 1.582597 -1.822234 0.250000
    endloop
  endfacet
  facet normal -0.988987 -0.097407 -0.111432
    outer loop
      vertex 1.603083 -1.889767 0.250000
      vertex 1.610000 -1.960000 0.250000
      vertex 1.600974 -1.960000 0.330108
    endloop
  endfacet
  facet normal -0.988987 -0.097407 -0.111432
    outer loop
      vertex 1.603083 -1.889767 0.250000
      vertex 1.600974 -1.960000 0.330108
      vertex 1.594230 -1.889767 0.328568
    endloop
  endfacet
  facet normal -0.939395 -0.097407 -0.328708
    outer loop
      vertex 1.594230 -1.889767 0.328568
      vertex 1.600974 -1.960000 0.330108
      vertex 1.574349 -1.960000 0.406198
    endloop
  endfacet
  facet normal -0.939395 -0.097407 -0.328708
    outer loop
      vertex 1.594230 -1.889767 0.328568
      vertex 1.574349 -1.960000 0.406198
      vertex 1.568117 -1.889767 0.403197
    endloop
  endfacet
  facet normal -0.842698 -0.097407 -0.529502
    outer loop
      vertex 1.568117 -1.889767 0.403197
      vertex 1.574349 -1.960000 0.406198
      vertex 1.531459 -1.960000 0.474456
    endloop
  endfacet
  facet normal -0.842698 -0.097407 -0.529502
    outer loop
      vertex 1.568117 -1.889767 0.403197
      vertex 1.531459 -1.960000 0.474456
      vertex 1.526051 -1.889767 0.470143
    endloop
  endfacet
  facet normal -0.703744 -0.097407 -0.703744
    outer loop
      vertex 1.526051 -1.889767 0.470143
      vertex 1.531459 -1.960000 0.474456
      vertex 1.474456 -1.960000 0.531459
    endloop
  endfacet
  facet normal -0.703744 -0.097407 -0.703744
    outer loop
      vertex 1.526051 -1.889767 0.470143
      vertex 1.474456 -1.960000 0.531459
      vertex 1.470143 -1.889767 0.526051
    endloop
  endfacet
  facet normal -0.529502 -0.097407 -0.842698
    outer loop
      vertex 1.470143 -1.889767 0.526051
      vertex 1.474456 -1.960000 0.531459
      vertex 1.406198 -1.960000 0.574349
    endloop
  endfacet
  facet normal -0.529502 -0.097407 -0.842698
    outer loop
      vertex 1.470143 -1.889767 0.526051
      vertex 1.406198 -1.960000 0.574349
      vertex 1.403197 -1.889767 0.568117
    endloop
  endfacet
  facet normal -0.328708 -0.097407 -0.939395
    outer loop
      vertex 1.403197 -1.889767 0.568117
      vertex 1.406198 -1.960000 0.574349
      vertex 1.330108 -1.960000 0.600974
    endloop
  endfacet
  facet normal -0.328708 -0.097407 -0.939395
    outer loop
      vertex 1.403197 -1.889767 0.568117
      vertex 1.330108 -1.960000 0.600974
      vertex 1.328568 -1.889767 0.594230
    endloop
  endfacet
  facet normal -0.111432 -0.097407 -0.988987
    outer loop
      vertex 1.328568 -1.889767 0.594230
      vertex 1.330108 -1.960000 0.600974
      vertex 1.250000 -1.960000 0.610000
    endloop
  endfacet
  facet normal -0.111432 -0.097407 -0.988987
    outer loop
      vertex 1.328568 -1.889767 0.594230
      vertex 1.250000 -1.960000 0.610000
      vertex 1.250000 -1.889767 0.603083
    endloop
  endfacet
  facet normal 0.111432 -0.097407 -0.988987
    outer loop
      vertex 1.250000 -1.889767 0.603083
      vertex 1.250000 -1.960000 0.610000
      vertex 1.169892 -1.960000 0.600974
    endloop
  endfacet
  facet normal 0.111432 -0.097407 -0.988987
    outer loop
      vertex 1.250000 -1.889767 0.603083
      vertex 1.169892 -1.960000 0.600974
      vertex 1.171432 -1.889767 0.594230
    endloop
  endfacet
  facet normal 0.328708 -0.097407 -0.939395
    outer loop
      vertex 1.171432 -1.889767 0.594230
      vertex 1.169892 -1.960000 0.600974
      vertex 1.093802 -1.960000 0.574349
    endloop
  endfacet
  facet normal 0.328708 -0.097407 -0.939395
    outer loop
      vertex 1.171432 -1.889767 0.594230
      vertex 1.093802 -1.960000 0.574349
      vertex 1.096803 -1.889767 0.568117
    endloop
  endfacet
  facet normal 0.529502 -0.097407 -0.842698
    outer loop
      vertex 1.096803 -1.889767 0.568117
      vertex 1.093802 -1.960000 0.574349
      vertex 1.025544 -1.960000 0.531459
    endloop
  endfacet
  facet normal 0.529502 -0.097407 -0.842698
    outer loop
      vertex 1.096803 -1.889767 0.568117
      vertex 1.025544 -1.960000 0.531459
      vertex 1.029857 -1.889767 0.526051
    endloop
  endfacet
  facet normal 0.703744 -0.097407 -0.703744
    outer loop
      vertex 1.029857 -1.889767 0.526051
      vertex 1.025544 -1.960000 0.531459
      vertex 0.968541 -1.960000 0.474456
    endloop
  endfacet
  facet normal 0.703744 -0.097407 -0.703744
    outer loop
      vertex 1.029857 -1.889767 0.526051
      vertex 0.968541 -1.960000 0.474456
      vertex 0.973949 -1.889767 0.470143
    endloop
  endfacet
  facet normal 0.842698 -0.097407 -0.529502
    outer loop
      vertex 0.973949 -1.889767 0.470143
      vertex 0.968541 -1.960000 0.474456
      vertex 0.925651 -1.960000 0.406198
    endloop
  endfacet
  facet normal 0.842698 -0.097407 -0.529502
    outer loop
      vertex 0.973949 -1.889767 0.470143
      vertex 0.925651 -1.960000 0.406198
      vertex 0.931883 -1.889767 0.403197
    endloop
  endfacet
  facet normal 0.939395 -0.097407 -0.328708
    outer loop
      vertex 0.931883 -1.889767 0.403197
      vertex 0.925651 -1.960000 0.406198
      vertex 0.899026 -1.960000 0.330108
    endloop
  endfacet
  facet normal 0.939395 -0.097407 -0.328708
    outer loop
      vertex 0.931883 -1.889767 0.403197
      vertex 0.899026 -1.960000 0.330108
      vertex 0.905770 -1.889767 0.328568
    endloop
  endfacet
  facet normal 0.988987 -0.097407 -0.111432
    outer loop
      vertex 0.905770 -1.889767 0.328568
      vertex 0.899026 -1.960000 0.330108
      vertex 0.890000 -1.960000 0.250000
    endloop
  endfacet
  facet normal 0.988987 -0.097407 -0.111432
    outer loop
      vertex 0.905770 -1.889767 0.328568
      vertex 0.890000 -1.960000 0.250000
      vertex 0.896917 -1.889767 0.250000
    endloop
  endfacet
  facet normal 0.988987 -0.097407 0.111432
    outer loop
      vertex 0.896917 -1.889767 0.250000
      vertex 0.890000 -1.960000 0.250000
      vertex 0.899026 -1.960000 0.169892
    endloop
  endfacet
  facet normal 0.988987 -0.097407 0.111432
    outer loop
      vertex 0.896917 -1.889767 0.250000
      vertex 0.899026 -1.960000 0.169892
      vertex 0.905770 -1.889767 0.171432
    endloop
  endfacet
  facet normal 0.939395 -0.097407 0.328708
    outer loop
      vertex 0.905770 -1.889767 0.171432
      vertex 0.899026 -1.960000 0.169892
      vertex 0.925651 -1.960000 0.093802
    endloop
  endfacet
  facet normal 0.939395 -0.097407 0.328708
    outer loop
      vertex 0.905770 -1.889767 0.171432
      vertex 0.925651 -1.960000 0.093802
      vertex 0.931883 -1.889767 0.096803
    endloop
  endfacet
  facet normal 0.842698 -0.097407 0.529502
    outer loop
      vertex 0.931883 -1.889767 0.096803
      vertex 0.925651 -1.960000 0.093802
      vertex 0.968541 -1.960000 0.025544
    endloop
  endfacet
  facet normal 0.842698 -0.097407 0.529502
    outer loop
      vertex 0.931883 -1.889767 0.096803
      vertex 0.968541 -1.960000 0.025544
      vertex 0.973949 -1.889767 0.029857
    endloop
  endfacet
  facet normal 0.703744 -0.097407 0.703744
    outer loop
      vertex 0.973949 -1.889767 0.029857
      vertex 0.968541 -1.960000 0.025544
      vertex 1.025544 -1.960000 -0.031459
    endloop
  endfacet
  facet normal 0.703744 -0.097407 0.703744
    outer loop
      vertex 0.973949 -1.889767 0.029857
      vertex 1.025544 -1.960000 -0.031459
      vertex 1.029857 -1.889767 -0.026051
    endloop
  endfacet
  facet normal 0.529502 -0.097407 0.842698
    outer loop
      vertex 1.029857 -1.889767 -0.026051
      vertex 1.025544 -1.960000 -0.031459
      vertex 1.093802 -1.960000 -0.074349
    endloop
  endfacet
  facet normal 0.529502 -0.097407 0.842698
    outer loop
      vertex 1.029857 -1.889767 -0.026051
      vertex 1.093802 -1.960000 -0.074349
      vertex 1.096803 -1.889767 -0.068117
    endloop
  endfacet
  facet normal 0.328708 -0.097407 0.939395
    outer loop
      vertex 1.096803 -1.889767 -0.068117
      vertex 1.093802 -1.960000 -0.074349
      vertex 1.169892 -1.960000 -0.100974
    endloop
  endfacet
  facet normal 0.328708 -0.097407 0.939395
    outer loop
      vertex 1.096803 -1.889767 -0.068117
      vertex 1.169892 -1.960000 -0.100974
      vertex 1.171432 -1.889767 -0.094230
    endloop
  endfacet
  facet normal 0.111432 -0.097407 0.988987
    outer loop
      vertex 1.171432 -1.889767 -0.094230
      vertex 1.169892 -1.960000 -0.100974
      vertex 1.250000 -1.960000 -0.110000
    endloop
  endfacet
  facet normal 0.111432 -0.097407 0.988987
    outer loop
      vertex 1.171432 -1.889767 -0.094230
      vertex 1.250000 -1.960000 -0.110000
      vertex 1.250000 -1.889767 -0.103083
    endloop
  endfacet
  facet normal -0.111432 -0.097407 0.988987
    outer loop
      vertex 1.250000 -1.889767 -0.103083
      vertex 1.250000 -1.960000 -0.110000
      vertex 1.330108 -1.960000 -0.100974
    endloop
  endfacet
  facet normal -0.111432 -0.097407 0.988987
    outer loop
      vertex 1.250000 -1.889767 -0.103083
      vertex 1.330108 -1.960000 -0.100974
      vertex 1.328568 -1.889767 -0.094230
    endloop
  endfacet
  facet normal -0.328708 -0.097407 0.939395
    outer loop
      vertex 1.328568 -1.889767 -0.094230
      vertex 1.330108 -1.960000 -0.100974
      vertex 1.406198 -1.960000 -0.074349
    endloop
  endfacet
  facet normal -0.328708 -0.097407 0.939395
    outer loop
      vertex 1.328568 -1.889767 -0.094230
      vertex 1.406198 -1.960000 -0.074349
      vertex 1.403197 -1.889767 -0.068117
    endloop
  endfacet
  facet normal -0.529502 -0.097407 0.842698
    outer loop
      vertex 1.403197 -1.889767 -0.068117
      vertex 1.406198 -1.960000 -0.074349
      vertex 1.474456 -1.960000 -0.031459
    endloop
  endfacet
  facet normal -0.529502 -0.097407 0.842698
    outer loop
      vertex 1.403197 -1.889767 -0.068117
      vertex 1.474456 -1.960000 -0.031459
      vertex 1.470143 -1.889767 -0.026051
    endloop
  endfacet
  facet normal -0.703744 -0.097407 0.703744
    outer loop
      vertex 1.470143 -1.889767 -0.026051
      vertex 1.474456 -1.960000 -0.031459
      vertex 1.531459 -1.960000 0.025544
    endloop
  endfacet
  facet normal -0.703744 -0.097407 0.703744
    outer loop
      vertex 1.470143 -1.889767 -0.026051
      vertex 1.531459 -1.960000 0.025544
      vertex 1.526051 -1.889767 0.029857
    endloop
  endfacet
  facet normal -0.842698 -0.097407 0.529502
    outer loop
      vertex 1.526051 -1.889767 0.029857
      vertex 1.531459 -1.960000 0.025544
      vertex 1.574349 -1.960000 0.093802
    endloop
  endfacet
  facet normal -0.842698 -0.097407 0.529502
    outer loop
      vertex 1.526051 -1.889767 0.029857
      vertex 1.574349 -1.960000 0.093802
      vertex 1.568117 -1.889767 0.096803
    endloop
  endfacet
  facet normal -0.939395 -0.097407 0.328708
    outer loop
      vertex 1.568117 -1.889767 0.096803
      vertex 1.574349 -1.960000 0.093802
      vertex 1.600974 -1.960000 0.169892
    endloop
  endfacet
  facet normal -0.939395 -0.097407 0.328708
    outer loop
      vertex 1.568117 -1.889767 0.096803
      vertex 1.600974 -1.960000 0.169892
      vertex 1.594230 -1.889767 0.171432
    endloop
  endfacet
  facet normal -0.988987 -0.097407 0.111432
    outer loop
      vertex 1.594230 -1.889767 0.171432
      vertex 1.600974 -1.960000 0.169892
      vertex 1.610000 -1.960000 0.250000
    endloop
  endfacet
  facet normal -0.988987 -0.097407 0.111432
    outer loop
      vertex 1.594230 -1.889767 0.171432
      vertex 1.610000 -1.960000 0.250000
      vertex 1.603083 -1.889767 0.250000
    endloop
  endfacet
endsolid rgb_led_common_cathode