solid l298n_motor_driver
  facet normal 0.000000 -1.000000 0.000000
    outer loop
      vertex -21.500000 1.600000 -21.500000
      vertex 21.500000 1.600000 -21.500000
      vertex 21.500000 1.600000 21.500000
    endloop
  endfacet
  facet normal 0.000000 -1.000000 0.000000
    outer loop
      vertex -21.500000 1.600000 -21.500000
      vertex 21.500000 1.600000 21.500000
      vertex -21.500000 1.600000 21.500000
    endloop
  endfacet
  facet normal 0.000000 1.000000 0.000000
    outer loop
      vertex -21.500000 0.000000 21.500000
      vertex 21.500000 0.000000 21.500000
      vertex 21.500000 0.000000 -21.500000
    endloop
  endfacet
  facet normal 0.000000 1.000000 0.000000
    outer loop
      vertex -21.500000 0.000000 21.500000
      vertex 21.500000 0.000000 -21.500000
      vertex -21.500000 0.000000 -21.500000
    endloop
  endfacet
  facet normal 0.000000 0.000000 -1.000000
    outer loop
      vertex -21.500000 1.600000 21.500000
      vertex 21.500000 1.600000 21.500000
      vertex 21.500000 0.000000 21.500000
    endloop
  endfacet
  facet normal 0.000000 0.000000 -1.000000
    outer loop
      vertex -21.500000 1.600000 21.500000
      vertex 21.500000 0.000000 21.500000
      vertex -21.500000 0.000000 21.500000
    endloop
  endfacet
  facet normal 0.000000 0.000000 1.000000
    outer loop
      vertex 21.500000 0.000000 -21.500000
      vertex 21.500000 1.600000 -21.500000
      vertex -21.500000 1.600000 -21.500000
    endloop
  endfacet
  facet normal 0.000000 0.000000 1.000000
    outer loop
      vertex 21.500000 0.000000 -21.500000
      vertex -21.500000 1.600000 -21.500000
      vertex -21.500000 0.000000 -21.500000
    endloop
  endfacet
  facet normal -1.000000 0.000000 0.000000
    outer loop
      vertex 21.500000 0.000000 21.500000
      vertex 21.500000 1.600000 21.500000
      vertex 21.500000 1.600000 -21.500000
    endloop
  endfacet
  facet normal -1.000000 0.000000 0.000000
    outer loop
      vertex 21.500000 0.000000 21.500000
      vertex 21.500000 1.600000 -21.500000
      vertex 21.500000 0.000000 -21.500000
    endloop
  endfacet
  facet normal 1.000000 0.000000 0.000000
    outer loop
      vertex -21.500000 0.000000 -21.500000
      vertex -21.500000 1.600000 -21.500000
      vertex -21.500000 1.600000 21.500000
    endloop
  endfacet
  facet normal 1.000000 0.000000 0.000000
    outer loop
      vertex -21.500000 0.000000 -21.500000
      vertex -21.500000 1.600000 21.500000
      vertex -21.500000 0.000000 21.500000
    endloop
  endfacet
  facet normal 0.000000 -1.000000 0.000000
    outer loop
      vertex -7.450000 7.225000 16.900000
      vertex -5.250000 7.225000 16.900000
      vertex -5.250000 7.225000 19.100000
    endloop
  endfacet
  facet normal 0.000000 -1.000000 0.000000
    outer loop
      vertex -7.450000 7.225000 16.900000
      vertex -5.250000 7.225000 19.100000
      vertex -7.450000 7.225000 19.100000
    endloop
  endfacet
  facet normal 0.000000 1.000000 0.000000
    outer loop
      vertex -7.450000 5.675000 19.100000
      vertex -5.250000 5.675000 19.100000
      vertex -5.250000 5.675000 16.900000
    endloop
  endfacet
  facet normal 0.000000 1.000000 0.000000
    outer loop
      vertex -7.450000 5.675000 19.100000
      vertex -5.250000 5.675000 16.900000
      vertex -7.450000 5.675000 16.900000
    endloop
  endfacet
  facet normal 0.000000 0.000000 -1.000000
    outer loop
      vertex -7.450000 7.225000 19.100000
      vertex -5.250000 7.225000 19.100000
      vertex -5.250000 5.675000 19.100000
    endloop
  endfacet
  facet normal 0.000000 0.000000 -1.000000
    outer loop
      vertex -7.450000 7.225000 19.100000
      vertex -5.250000 5.675000 19.100000
      vertex -7.450000 5.675000 19.100000
    endloop
  endfacet
  facet normal 0.000000 0.000000 1.000000
    outer loop
      vertex -5.250000 5.675000 16.900000
      vertex -5.250000 7.225000 16.900000
      vertex -7.450000 7.225000 16.900000
    endloop
  endfacet
  facet normal 0.000000 0.000000 1.000000
    outer loop
      vertex -5.250000 5.675000 16.900000
      vertex -7.450000 7.225000 16.900000
      vertex -7.450000 5.675000 16.900000
    endloop
  endfacet
  facet normal -1.000000 0.000000 0.000000
    outer loop
      vertex -5.250000 5.675000 19.100000
      vertex -5.250000 7.225000 19.100000
      vertex -5.250000 7.225000 16.900000
    endloop
  endfacet
  facet normal -1.000000 0.000000 0.000000
    outer loop
      vertex -5.250000 5.675000 19.100000
      vertex -5.250000 7.225000 16.900000
      vertex -5.250000 5.675000 16.900000
    endloop
  endfacet
  facet normal 1.000000 0.000000 0.000000
    outer loop
      vertex -7.450000 5.675000 16.900000
      vertex -7.450000 7.225000 16.900000
      vertex -7.450000 7.225000 19.100000
    endloop
  endfacet
  facet normal 1.000000 0.000000 0.000000
    outer loop
      vertex -7.450000 5.675000 16.900000
      vertex -7.450000 7.225000 19.100000
      vertex -7.450000 5.675000 19.100000
    endloop
  endfacet
  facet normal 0.000000 -1.000000 0.000000
    outer loop
      vertex -6.680000 11.200000 17.670000
      vertex -6.020000 11.200000 17.670000
      vertex -6.020000 11.200000 18.330000
    endloop
  endfacet
  facet normal 0.000000 -1.000000 0.000000
    outer loop
      vertex -6.680000 11.200000 17.670000
      vertex -6.020000 11.200000 18.330000
      vertex -6.680000 11.200000 18.330000
    endloop
  endfacet
  facet normal 0.000000 1.000000 0.000000
    outer loop
      vertex -6.680000 6.000000 18.330000
      vertex -6.020000 6.000000 18.330000
      vertex -6.020000 6.000000 17.670000
    endloop
  endfacet
  facet normal 0.000000 1.000000 0.000000
    outer loop
      vertex -6.680000 6.000000 18.330000
      vertex -6.020000 6.000000 17.670000
      vertex -6.680000 6.000000 17.670000
    endloop
  endfacet
  facet normal 0.000000 0.000000 -1.000000
    outer loop
      vertex -6.680000 11.200000 18.330000
      vertex -6.020000 11.200000 18.330000
      vertex -6.020000 6.000000 18.330000
    endloop
  endfacet
  facet normal 0.000000 0.000000 -1.000000
    outer loop
      vertex -6.680000 11.200000 18.330000
      vertex -6.020000 6.000000 18.330000
      vertex -6.680000 6.000000 18.330000
    endloop
  endfacet
  facet normal 0.000000 0.000000 1.000000
    outer loop
      vertex -6.020000 6.000000 17.670000
      vertex -6.020000 11.200000 17.670000
      vertex -6.680000 11.200000 17.670000
    endloop
  endfacet
  facet normal 0.000000 0.000000 1.000000
    outer loop
      vertex -6.020000 6.000000 17.670000
      vertex -6.680000 11.200000 17.670000
      vertex -6.680000 6.000000 17.670000
    endloop
  endfacet
  facet normal -1.000000 0.000000 0.000000
    outer loop
      vertex -6.020000 6.000000 18.330000
      vertex -6.020000 11.200000 18.330000
      vertex -6.020000 11.200000 17.670000
    endloop
  endfacet
  facet normal -1.000000 0.000000 0.000000
    outer loop
      vertex -6.020000 6.000000 18.330000
      vertex -6.020000 11.200000 17.670000
      vertex -6.020000 6.000000 17.670000
    endloop
  endfacet
  facet normal 1.000000 0.000000 0.000000
    outer loop
      vertex -6.680000 6.000000 17.670000
      vertex -6.680000 11.200000 17.670000
      vertex -6.680000 11.200000 18.330000
    endloop
  endfacet
  facet normal 1.000000 0.000000 0.000000
    outer loop
      vertex -6.680000 6.000000 17.670000
      vertex -6.680000 11.200000 18.330000
      vertex -6.680000 6.000000 18.330000
    endloop
  endfacet
  facet normal 0.000000 -1.000000 0.000000
    outer loop
      vertex -4.910000 7.225000 16.900000
      vertex -2.710000 7.225000 16.900000
      vertex -2.710000 7.225000 19.100000
    endloop
  endfacet
  facet normal 0.000000 -1.000000 0.000000
    outer loop
      vertex -4.910000 7.225000 16.900000
      vertex -2.710000 7.225000 19.100000
      vertex -4.910000 7.225000 19.100000
    endloop
  endfacet
  facet normal 0.000000 1.000000 0.000000
    outer loop
      vertex -4.910000 5.675000 19.100000
      vertex -2.710000 5.675000 19.100000
      vertex -2.710000 5.675000 16.900000
    endloop
  endfacet
  facet normal 0.000000 1.000000 0.000000
    outer loop
      vertex -4.910000 5.675000 19.100000
      vertex -2.710000 5.675000 16.900000
      vertex -4.910000 5.675000 16.900000
    endloop
  endfacet
  facet normal 0.000000 0.000000 -1.000000
    outer loop
      vertex -4.910000 7.225000 19.100000
      vertex -2.710000 7.225000 19.100000
      vertex -2.710000 5.675000 19.100000
    endloop
  endfacet
  facet normal 0.000000 0.000000 -1.000000
    outer loop
      vertex -4.910000 7.225000 19.100000
      vertex -2.710000 5.675000 19.100000
      vertex -4.910000 5.675000 19.100000
    endloop
  endfacet
  facet normal 0.000000 0.000000 1.000000
    outer loop
      vertex -2.710000 5.675000 16.900000
      vertex -2.710000 7.225000 16.900000
      vertex -4.910000 7.225000 16.900000
    endloop
  endfacet
  facet normal 0.000000 0.000000 1.000000
    outer loop
      vertex -2.710000 5.675000 16.900000
      vertex -4.910000 7.225000 16.900000
      vertex -4.910000 5.675000 16.900000
    endloop
  endfacet
  facet normal -1.000000 0.000000 0.000000
    outer loop
      vertex -2.710000 5.675000 19.100000
      vertex -2.710000 7.225000 19.100000
      vertex -2.710000 7.225000 16.900000
    endloop
  endfacet
  facet normal -1.000000 0.000000 0.000000
    outer loop
      vertex -2.710000 5.675000 19.100000
      vertex -2.710000 7.225000 16.900000
      vertex -2.710000 5.675000 16.900000
    endloop
  endfacet
  facet normal 1.000000 0.000000 0.000000
    outer loop
      vertex -4.910000 5.675000 16.900000
      vertex -4.910000 7.225000 16.900000
      vertex -4.910000 7.225000 19.100000
    endloop
  endfacet
  facet normal 1.000000 0.000000 0.000000
    outer loop
      vertex -4.910000 5.675000 16.900000
      vertex -4.910000 7.225000 19.100000
      vertex -4.910000 5.675000 19.100000
    endloop
  endfacet
  facet normal 0.000000 -1.000000 0.000000
    outer loop
      vertex -4.140000 11.200000 17.670000
      vertex -3.480000 11.200000 17.670000
      vertex -3.480000 11.200000 18.330000
    endloop
  endfacet
  facet normal 0.000000 -1.000000 0.000000
    outer loop
      vertex -4.140000 11.200000 17.670000
      vertex -3.480000 11.200000 18.330000
      vertex -4.140000 11.200000 18.330000
    endloop
  endfacet
  facet normal 0.000000 1.000000 0.000000
    outer loop
      vertex -4.140000 6.000000 18.330000
      vertex -3.480000 6.000000 18.330000
      vertex -3.480000 6.000000 17.670000
    endloop
  endfacet
  facet normal 0.000000 1.000000 0.000000
    outer loop
      vertex -4.140000 6.000000 18.330000
      vertex -3.480000 6.000000 17.670000
      vertex -4.140000 6.000000 17.670000
    endloop
  endfacet
  facet normal 0.000000 0.000000 -1.000000
    outer loop
      vertex -4.140000 11.200000 18.330000
      vertex -3.480000 11.200000 18.330000
      vertex -3.480000 6.000000 18.330000
    endloop
  endfacet
  facet normal 0.000000 0.000000 -1.000000
    outer loop
      vertex -4.140000 11.200000 18.330000
      vertex -3.480000 6.000000 18.330000
      vertex -4.140000 6.000000 18.330000
    endloop
  endfacet
  facet normal 0.000000 0.000000 1.000000
    outer loop
      vertex -3.480000 6.000000 17.670000
      vertex -3.480000 11.200000 17.670000
      vertex -4.140000 11.200000 17.670000
    endloop
  endfacet
  facet normal 0.000000 0.000000 1.000000
    outer loop
      vertex -3.480000 6.000000 17.670000
      vertex -4.140000 11.200000 17.670000
      vertex -4.140000 6.000000 17.670000
    endloop
  endfacet
  facet normal -1.000000 0.000000 0.000000
    outer loop
      vertex -3.480000 6.000000 18.330000
      vertex -3.480000 11.200000 18.330000
      vertex -3.480000 11.200000 17.670000
    endloop
  endfacet
  facet normal -1.000000 0.000000 0.000000
    outer loop
      vertex -3.480000 6.000000 18.330000
      vertex -3.480000 11.200000 17.670000
      vertex -3.480000 6.000000 17.670000
    endloop
  endfacet
  facet normal 1.000000 0.000000 0.000000
    outer loop
      vertex -4.140000 6.000000 17.670000
      vertex -4.140000 11.200000 17.670000
      vertex -4.140000 11.200000 18.330000
    endloop
  endfacet
  facet normal 1.000000 0.000000 0.000000
    outer loop
      vertex -4.140000 6.000000 17.670000
      vertex -4.140000 11.200000 18.330000
      vertex -4.140000 6.000000 18.330000
    endloop
  endfacet
  facet normal 0.000000 -1.000000 0.000000
    outer loop
      vertex -2.370000 7.225000 16.900000
      vertex -0.170000 7.225000 16.900000
      vertex -0.170000 7.225000 19.100000
    endloop
  endfacet
  facet normal 0.000000 -1.000000 0.000000
    outer loop
      vertex -2.370000 7.225000 16.900000
      vertex -0.170000 7.225000 19.100000
      vertex -2.370000 7.225000 19.100000
    endloop
  endfacet
  facet normal 0.000000 1.000000 0.000000
    outer loop
      vertex -2.370000 5.675000 19.100000
      vertex -0.170000 5.675000 19.100000
      vertex -0.170000 5.675000 16.900000
    endloop
  endfacet
  facet normal 0.000000 1.000000 0.000000
    outer loop
      vertex -2.370000 5.675000 19.100000
      vertex -0.170000 5.675000 16.900000
      vertex -2.370000 5.675000 16.900000
    endloop
  endfacet
  facet normal 0.000000 0.000000 -1.000000
    outer loop
      vertex -2.370000 7.225000 19.100000
      vertex -0.170000 7.225000 19.100000
      vertex -0.170000 5.675000 19.100000
    endloop
  endfacet
  facet normal 0.000000 0.000000 -1.000000
    outer loop
      vertex -2.370000 7.225000 19.100000
      vertex -0.170000 5.675000 19.100000
      vertex -2.370000 5.675000 19.100000
    endloop
  endfacet
  facet normal 0.000000 0.000000 1.000000
    outer loop
      vertex -0.170000 5.675000 16.900000
      vertex -0.170000 7.225000 16.900000
      vertex -2.370000 7.225000 16.900000
    endloop
  endfacet
  facet normal 0.000000 0.000000 1.000000
    outer loop
      vertex -0.170000 5.675000 16.900000
      vertex -2.370000 7.225000 16.900000
      vertex -2.370000 5.675000 16.900000
    endloop
  endfacet
  facet normal -1.000000 0.000000 0.000000
    outer loop
      vertex -0.170000 5.675000 19.100000
      vertex -0.170000 7.225000 19.100000
      vertex -0.170000 7.225000 16.900000
    endloop
  endfacet
  facet normal -1.000000 0.000000 0.000000
    outer loop
      vertex -0.170000 5.675000 19.100000
      vertex -0.170000 7.225000 16.900000
      vertex -0.170000 5.675000 16.900000
    endloop
  endfacet
  facet normal 1.000000 0.000000 0.000000
    outer loop
      vertex -2.370000 5.675000 16.900000
      vertex -2.370000 7.225000 16.900000
      vertex -2.370000 7.225000 19.100000
    endloop
  endfacet
  facet normal 1.000000 0.000000 0.000000
    outer loop
      vertex -2.370000 5.675000 16.900000
      vertex -2.370000 7.225000 19.100000
      vertex -2.370000 5.675000 19.100000
    endloop
  endfacet
  facet normal 0.000000 -1.000000 0.000000
    outer loop
      vertex -1.600000 11.200000 17.670000
      vertex -0.940000 11.200000 17.670000
      vertex -0.940000 11.200000 18.330000
    endloop
  endfacet
  facet normal 0.000000 -1.000000 0.000000
    outer loop
      vertex -1.600000 11.200000 17.670000
      vertex -0.940000 11.200000 18.330000
      vertex -1.600000 11.200000 18.330000
    endloop
  endfacet
  facet normal 0.000000 1.000000 0.000000
    outer loop
      vertex -1.600000 6.000000 18.330000
      vertex -0.940000 6.000000 18.330000
      vertex -0.940000 6.000000 17.670000
    endloop
  endfacet
  facet normal 0.000000 1.000000 0.000000
    outer loop
      vertex -1.600000 6.000000 18.330000
      vertex -0.940000 6.000000 17.670000
      vertex -1.600000 6.000000 17.670000
    endloop
  endfacet
  facet normal 0.000000 0.000000 -1.000000
    outer loop
      vertex -1.600000 11.200000 18.330000
      vertex -0.940000 11.200000 18.330000
      vertex -0.940000 6.000000 18.330000
    endloop
  endfacet
  facet normal 0.000000 0.000000 -1.000000
    outer loop
      vertex -1.600000 11.200000 18.330000
      vertex -0.940000 6.000000 18.330000
      vertex -1.600000 6.000000 18.330000
    endloop
  endfacet
  facet normal 0.000000 0.000000 1.000000
    outer loop
      vertex -0.940000 6.000000 17.670000
      vertex -0.940000 11.200000 17.670000
      vertex -1.600000 11.200000 17.670000
    endloop
  endfacet
  facet normal 0.000000 0.000000 1.000000
    outer loop
      vertex -0.940000 6.000000 17.670000
      vertex -1.600000 11.200000 17.670000
      vertex -1.600000 6.000000 17.670000
    endloop
  endfacet
  facet normal -1.000000 0.000000 0.000000
    outer loop
      vertex -0.940000 6.000000 18.330000
      vertex -0.940000 11.200000 18.330000
      vertex -0.940000 11.200000 17.670000
    endloop
  endfacet
  facet normal -1.000000 0.000000 0.000000
    outer loop
      vertex -0.940000 6.000000 18.330000
      vertex -0.940000 11.200000 17.670000
      vertex -0.940000 6.000000 17.670000
    endloop
  endfacet
  facet normal 1.000000 0.000000 0.000000
    outer loop
      vertex -1.600000 6.000000 17.670000
      vertex -1.600000 11.200000 17.670000
      vertex -1.600000 11.200000 18.330000
    endloop
  endfacet
  facet normal 1.000000 0.000000 0.000000
    outer loop
      vertex -1.600000 6.000000 17.670000
      vertex -1.600000 11.200000 18.330000
      vertex -1.600000 6.000000 18.330000
    endloop
  endfacet
  facet normal 0.000000 -1.000000 0.000000
    outer loop
      vertex 0.170000 7.225000 16.900000
      vertex 2.370000 7.225000 16.900000
      vertex 2.370000 7.225000 19.100000
    endloop
  endfacet
  facet normal 0.000000 -1.000000 0.000000
    outer loop
      vertex 0.170000 7.225000 16.900000
      vertex 2.370000 7.225000 19.100000
      vertex 0.170000 7.225000 19.100000
    endloop
  endfacet
  facet normal 0.000000 1.000000 0.000000
    outer loop
      vertex 0.170000 5.675000 19.100000
      vertex 2.370000 5.675000 19.100000
      vertex 2.370000 5.675000 16.900000
    endloop
  endfacet
  facet normal 0.000000 1.000000 0.000000
    outer loop
      vertex 0.170000 5.675000 19.100000
      vertex 2.370000 5.675000 16.900000
      vertex 0.170000 5.675000 16.900000
    endloop
  endfacet
  facet normal 0.000000 0.000000 -1.000000
    outer loop
      vertex 0.170000 7.225000 19.100000
      vertex 2.370000 7.225000 19.100000
      vertex 2.370000 5.675000 19.100000
    endloop
  endfacet
  facet normal 0.000000 0.000000 -1.000000
    outer loop
      vertex 0.170000 7.225000 19.100000
      vertex 2.370000 5.675000 19.100000
      vertex 0.170000 5.675000 19.100000
    endloop
  endfacet
  facet normal 0.000000 0.000000 1.000000
    outer loop
      vertex 2.370000 5.675000 16.900000
      vertex 2.370000 7.225000 16.900000
      vertex 0.170000 7.225000 16.900000
    endloop
  endfacet
  facet normal 0.000000 0.000000 1.000000
    outer loop
      vertex 2.370000 5.675000 16.900000
      vertex 0.170000 7.225000 16.900000
      vertex 0.170000 5.675000 16.900000
    endloop
  endfacet
  facet normal -1.000000 0.000000 0.000000
    outer loop
      vertex 2.370000 5.675000 19.100000
      vertex 2.370000 7.225000 19.100000
      vertex 2.370000 7.225000 16.900000
    endloop
  endfacet
  facet normal -1.000000 0.000000 0.000000
    outer loop
      vertex 2.370000 5.675000 19.100000
      vertex 2.370000 7.225000 16.900000
      vertex 2.370000 5.675000 16.900000
    endloop
  endfacet
  facet normal 1.000000 0.000000 0.000000
    outer loop
      vertex 0.170000 5.675000 16.900000
      vertex 0.170000 7.225000 16.900000
      vertex 0.170000 7.225000 19.100000
    endloop
  endfacet
  facet normal 1.000000 0.000000 0.000000
    outer loop
      vertex 0.170000 5.675000 16.900000
      vertex 0.170000 7.225000 19.100000
      vertex 0.170000 5.675000 19.100000
    endloop
  endfacet
  facet normal 0.000000 -1.000000 0.000000
    outer loop
      vertex 0.940000 11.200000 17.670000
      vertex 1.600000 11.200000 17.670000
      vertex 1.600000 11.200000 18.330000
    endloop
  endfacet
  facet normal 0.000000 -1.000000 0.000000
    outer loop
      vertex 0.940000 11.200000 17.670000
      vertex 1.600000 11.200000 18.330000
      vertex 0.940000 11.200000 18.330000
    endloop
  endfacet
  facet normal 0.000000 1.000000 0.000000
    outer loop
      vertex 0.940000 6.000000 18.330000
      vertex 1.600000 6.000000 18.330000
      vertex 1.600000 6.000000 17.670000
    endloop
  endfacet
  facet normal 0.000000 1.000000 0.000000
    outer loop
      vertex 0.940000 6.000000 18.330000
      vertex 1.600000 6.000000 17.670000
      vertex 0.940000 6.000000 17.670000
    endloop
  endfacet
  facet normal 0.000000 0.000000 -1.000000
    outer loop
      vertex 0.940000 11.200000 18.330000
      vertex 1.600000 11.200000 18.330000
      vertex 1.600000 6.000000 18.330000
    endloop
  endfacet
  facet normal 0.000000 0.000000 -1.000000
    outer loop
      vertex 0.940000 11.200000 18.330000
      vertex 1.600000 6.000000 18.330000
      vertex 0.940000 6.000000 18.330000
    endloop
  endfacet
  facet normal 0.000000 0.000000 1.000000
    outer loop
      vertex 1.600000 6.000000 17.670000
      vertex 1.600000 11.200000 17.670000
      vertex 0.940000 11.200000 17.670000
    endloop
  endfacet
  facet normal 0.000000 0.000000 1.000000
    outer loop
      vertex 1.600000 6.000000 17.670000
      vertex 0.940000 11.200000 17.670000
      vertex 0.940000 6.000000 17.670000
    endloop
  endfacet
  facet normal -1.000000 0.000000 0.000000
    outer loop
      vertex 1.600000 6.000000 18.330000
      vertex 1.600000 11.200000 18.330000
      vertex 1.600000 11.200000 17.670000
    endloop
  endfacet
  facet normal -1.000000 0.000000 0.000000
    outer loop
      vertex 1.600000 6.000000 18.330000
      vertex 1.600000 11.200000 17.670000
      vertex 1.600000 6.000000 17.670000
    endloop
  endfacet
  facet normal 1.000000 0.000000 0.000000
    outer loop
      vertex 0.940000 6.000000 17.670000
      vertex 0.940000 11.200000 17.670000
      vertex 0.940000 11.200000 18.330000
    endloop
  endfacet
  facet normal 1.000000 0.000000 0.000000
    outer loop
      vertex 0.940000 6.000000 17.670000
      vertex 0.940000 11.200000 18.330000
      vertex 0.940000 6.000000 18.330000
    endloop
  endfacet
  facet normal 0.000000 -1.000000 0.000000
    outer loop
      vertex 2.710000 7.225000 16.900000
      vertex 4.910000 7.225000 16.900000
      vertex 4.910000 7.225000 19.100000
    endloop
  endfacet
  facet normal 0.000000 -1.000000 0.000000
    outer loop
      vertex 2.710000 7.225000 16.900000
      vertex 4.910000 7.225000 19.100000
      vertex 2.710000 7.225000 19.100000
    endloop
  endfacet
  facet normal 0.000000 1.000000 0.000000
    outer loop
      vertex 2.710000 5.675000 19.100000
      vertex 4.910000 5.675000 19.100000
      vertex 4.910000 5.675000 16.900000
    endloop
  endfacet
  facet normal 0.000000 1.000000 0.000000
    outer loop
      vertex 2.710000 5.675000 19.100000
      vertex 4.910000 5.675000 16.900000
      vertex 2.710000 5.675000 16.900000
    endloop
  endfacet
  facet normal 0.000000 0.000000 -1.000000
    outer loop
      vertex 2.710000 7.225000 19.100000
      vertex 4.910000 7.225000 19.100000
      vertex 4.910000 5.675000 19.100000
    endloop
  endfacet
  facet normal 0.000000 0.000000 -1.000000
    outer loop
      vertex 2.710000 7.225000 19.100000
      vertex 4.910000 5.675000 19.100000
      vertex 2.710000 5.675000 19.100000
    endloop
  endfacet
  facet normal 0.000000 0.000000 1.000000
    outer loop
      vertex 4.910000 5.675000 16.900000
      vertex 4.910000 7.225000 16.900000
      vertex 2.710000 7.225000 16.900000
    endloop
  endfacet
  facet normal 0.000000 0.000000 1.000000
    outer loop
      vertex 4.910000 5.675000 16.900000
      vertex 2.710000 7.225000 16.900000
      vertex 2.710000 5.675000 16.900000
    endloop
  endfacet
  facet normal -1.000000 0.000000 0.000000
    outer loop
      vertex 4.910000 5.675000 19.100000
      vertex 4.910000 7.225000 19.100000
      vertex 4.910000 7.225000 16.900000
    endloop
  endfacet
  facet normal -1.000000 0.000000 0.000000
    outer loop
      vertex 4.910000 5.675000 19.100000
      vertex 4.910000 7.225000 16.900000
      vertex 4.910000 5.675000 16.900000
    endloop
  endfacet
  facet normal 1.000000 0.000000 0.000000
    outer loop
      vertex 2.710000 5.675000 16.900000
      vertex 2.710000 7.225000 16.900000
      vertex 2.710000 7.225000 19.100000
    endloop
  endfacet
  facet normal 1.000000 0.000000 0.000000
    outer loop
      vertex 2.710000 5.675000 16.900000
      vertex 2.710000 7.225000 19.100000
      vertex 2.710000 5.675000 19.100000
    endloop
  endfacet
  facet normal 0.000000 -1.000000 0.000000
    outer loop
      vertex 3.480000 11.200000 17.670000
      vertex 4.140000 11.200000 17.670000
      vertex 4.140000 11.200000 18.330000
    endloop
  endfacet
  facet normal 0.000000 -1.000000 0.000000
    outer loop
      vertex 3.480000 11.200000 17.670000
      vertex 4.140000 11.200000 18.330000
      vertex 3.480000 11.200000 18.330000
    endloop
  endfacet
  facet normal 0.000000 1.000000 0.000000
    outer loop
      vertex 3.480000 6.000000 18.330000
      vertex 4.140000 6.000000 18.330000
      vertex 4.140000 6.000000 17.670000
    endloop
  endfacet
  facet normal 0.000000 1.000000 0.000000
    outer loop
      vertex 3.480000 6.000000 18.330000
      vertex 4.140000 6.000000 17.670000
      vertex 3.480000 6.000000 17.670000
    endloop
  endfacet
  facet normal 0.000000 0.000000 -1.000000
    outer loop
      vertex 3.480000 11.200000 18.330000
      vertex 4.140000 11.200000 18.330000
      vertex 4.140000 6.000000 18.330000
    endloop
  endfacet
  facet normal 0.000000 0.000000 -1.000000
    outer loop
      vertex 3.480000 11.200000 18.330000
      vertex 4.140000 6.000000 18.330000
      vertex 3.480000 6.000000 18.330000
    endloop
  endfacet
  facet normal 0.000000 0.000000 1.000000
    outer loop
      vertex 4.140000 6.000000 17.670000
      vertex 4.140000 11.200000 17.670000
      vertex 3.480000 11.200000 17.670000
    endloop
  endfacet
  facet normal 0.000000 0.000000 1.000000
    outer loop
      vertex 4.140000 6.000000 17.670000
      vertex 3.480000 11.200000 17.670000
      vertex 3.480000 6.000000 17.670000
    endloop
  endfacet
  facet normal -1.000000 0.000000 0.000000
    outer loop
      vertex 4.140000 6.000000 18.330000
      vertex 4.140000 11.200000 18.330000
      vertex 4.140000 11.200000 17.670000
    endloop
  endfacet
  facet normal -1.000000 0.000000 0.000000
    outer loop
      vertex 4.140000 6.000000 18.330000
      vertex 4.140000 11.200000 17.670000
      vertex 4.140000 6.000000 17.670000
    endloop
  endfacet
  facet normal 1.000000 0.000000 0.000000
    outer loop
      vertex 3.480000 6.000000 17.670000
      vertex 3.480000 11.200000 17.670000
      vertex 3.480000 11.200000 18.330000
    endloop
  endfacet
  facet normal 1.000000 0.000000 0.000000
    outer loop
      vertex 3.480000 6.000000 17.670000
      vertex 3.480000 11.200000 18.330000
      vertex 3.480000 6.000000 18.330000
    endloop
  endfacet
  facet normal 0.000000 -1.000000 0.000000
    outer loop
      vertex 5.250000 7.225000 16.900000
      vertex 7.450000 7.225000 16.900000
      vertex 7.450000 7.225000 19.100000
    endloop
  endfacet
  facet normal 0.000000 -1.000000 0.000000
    outer loop
      vertex 5.250000 7.225000 16.900000
      vertex 7.450000 7.225000 19.100000
      vertex 5.250000 7.225000 19.100000
    endloop
  endfacet
  facet normal 0.000000 1.000000 0.000000
    outer loop
      vertex 5.250000 5.675000 19.100000
      vertex 7.450000 5.675000 19.100000
      vertex 7.450000 5.675000 16.900000
    endloop
  endfacet
  facet normal 0.000000 1.000000 0.000000
    outer loop
      vertex 5.250000 5.675000 19.100000
      vertex 7.450000 5.675000 16.900000
      vertex 5.250000 5.675000 16.900000
    endloop
  endfacet
  facet normal 0.000000 0.000000 -1.000000
    outer loop
      vertex 5.250000 7.225000 19.100000
      vertex 7.450000 7.225000 19.100000
      vertex 7.450000 5.675000 19.100000
    endloop
  endfacet
  facet normal 0.000000 0.000000 -1.000000
    outer loop
      vertex 5.250000 7.225000 19.100000
      vertex 7.450000 5.675000 19.100000
      vertex 5.250000 5.675000 19.100000
    endloop
  endfacet
  facet normal 0.000000 0.000000 1.000000
    outer loop
      vertex 7.450000 5.675000 16.900000
      vertex 7.450000 7.225000 16.900000
      vertex 5.250000 7.225000 16.900000
    endloop
  endfacet
  facet normal 0.000000 0.000000 1.000000
    outer loop
      vertex 7.450000 5.675000 16.900000
      vertex 5.250000 7.225000 16.900000
      vertex 5.250000 5.675000 16.900000
    endloop
  endfacet
  facet normal -1.000000 0.000000 0.000000
    outer loop
      vertex 7.450000 5.675000 19.100000
      vertex 7.450000 7.225000 19.100000
      vertex 7.450000 7.225000 16.900000
    endloop
  endfacet
  facet normal -1.000000 0.000000 0.000000
    outer loop
      vertex 7.450000 5.675000 19.100000
      vertex 7.450000 7.225000 16.900000
      vertex 7.450000 5.675000 16.900000
    endloop
  endfacet
  facet normal 1.000000 0.000000 0.000000
    outer loop
      vertex 5.250000 5.675000 16.900000
      vertex 5.250000 7.225000 16.900000
      vertex 5.250000 7.225000 19.100000
    endloop
  endfacet
  facet normal 1.000000 0.000000 0.000000
    outer loop
      vertex 5.250000 5.675000 16.900000
      vertex 5.250000 7.225000 19.100000
      vertex 5.250000 5.675000 19.100000
    endloop
  endfacet
  facet normal 0.000000 -1.000000 0.000000
    outer loop
      vertex 6.020000 11.200000 17.670000
      vertex 6.680000 11.200000 17.670000
      vertex 6.680000 11.200000 18.330000
    endloop
  endfacet
  facet normal 0.000000 -1.000000 0.000000
    outer loop
      vertex 6.020000 11.200000 17.670000
      vertex 6.680000 11.200000 18.330000
      vertex 6.020000 11.200000 18.330000
    endloop
  endfacet
  facet normal 0.000000 1.000000 0.000000
    outer loop
      vertex 6.020000 6.000000 18.330000
      vertex 6.680000 6.000000 18.330000
      vertex 6.680000 6.000000 17.670000
    endloop
  endfacet
  facet normal 0.000000 1.000000 0.000000
    outer loop
      vertex 6.020000 6.000000 18.330000
      vertex 6.680000 6.000000 17.670000
      vertex 6.020000 6.000000 17.670000
    endloop
  endfacet
  facet normal 0.000000 0.000000 -1.000000
    outer loop
      vertex 6.020000 11.200000 18.330000
      vertex 6.680000 11.200000 18.330000
      vertex 6.680000 6.000000 18.330000
    endloop
  endfacet
  facet normal 0.000000 0.000000 -1.000000
    outer loop
      vertex 6.020000 11.200000 18.330000
      vertex 6.680000 6.000000 18.330000
      vertex 6.020000 6.000000 18.330000
    endloop
  endfacet
  facet normal 0.000000 0.000000 1.000000
    outer loop
      vertex 6.680000 6.000000 17.670000
      vertex 6.680000 11.200000 17.670000
      vertex 6.020000 11.200000 17.670000
    endloop
  endfacet
  facet normal 0.000000 0.000000 1.000000
    outer loop
      vertex 6.680000 6.000000 17.670000
      vertex 6.020000 11.200000 17.670000
      vertex 6.020000 6.000000 17.670000
    endloop
  endfacet
  facet normal -1.000000 0.000000 0.000000
    outer loop
      vertex 6.680000 6.000000 18.330000
      vertex 6.680000 11.200000 18.330000
      vertex 6.680000 11.200000 17.670000
    endloop
  endfacet
  facet normal -1.000000 0.000000 0.000000
    outer loop
      vertex 6.680000 6.000000 18.330000
      vertex 6.680000 11.200000 17.670000
      vertex 6.680000 6.000000 17.670000
    endloop
  endfacet
  facet normal 1.000000 0.000000 0.000000
    outer loop
      vertex 6.020000 6.000000 17.670000
      vertex 6.020000 11.200000 17.670000
      vertex 6.020000 11.200000 18.330000
    endloop
  endfacet
  facet normal 1.000000 0.000000 0.000000
    outer loop
      vertex 6.020000 6.000000 17.670000
      vertex 6.020000 11.200000 18.330000
      vertex 6.020000 6.000000 18.330000
    endloop
  endfacet
  facet normal 0.000000 -1.000000 0.000000
    outer loop
      vertex -17.100000 9.225000 13.900000
      vertex -14.900000 9.225000 13.900000
      vertex -14.900000 9.225000 16.100000
    endloop
  endfacet
  facet normal 0.000000 -1.000000 0.000000
    outer loop
      vertex -17.100000 9.225000 13.900000
      vertex -14.900000 9.225000 16.100000
      vertex -17.100000 9.225000 16.100000
    endloop
  endfacet
  facet normal 0.000000 1.000000 0.000000
    outer loop
      vertex -17.100000 7.675000 16.100000
      vertex -14.900000 7.675000 16.100000
      vertex -14.900000 7.675000 13.900000
    endloop
  endfacet
  facet normal 0.000000 1.000000 0.000000
    outer loop
      vertex -17.100000 7.675000 16.100000
      vertex -14.900000 7.675000 13.900000
      vertex -17.100000 7.675000 13.900000
    endloop
  endfacet
  facet normal 0.000000 0.000000 -1.000000
    outer loop
      vertex -17.100000 9.225000 16.100000
      vertex -14.900000 9.225000 16.100000
      vertex -14.900000 7.675000 16.100000
    endloop
  endfacet
  facet normal 0.000000 0.000000 -1.000000
    outer loop
      vertex -17.100000 9.225000 16.100000
      vertex -14.900000 7.675000 16.100000
      vertex -17.100000 7.675000 16.100000
    endloop
  endfacet
  facet normal 0.000000 0.000000 1.000000
    outer loop
      vertex -14.900000 7.675000 13.900000
      vertex -14.900000 9.225000 13.900000
      vertex -17.100000 9.225000 13.900000
    endloop
  endfacet
  facet normal 0.000000 0.000000 1.000000
    outer loop
      vertex -14.900000 7.675000 13.900000
      vertex -17.100000 9.225000 13.900000
      vertex -17.100000 7.675000 13.900000
    endloop
  endfacet
  facet normal -1.000000 0.000000 0.000000
    outer loop
      vertex -14.900000 7.675000 16.100000
      vertex -14.900000 9.225000 16.100000
      vertex -14.900000 9.225000 13.900000
    endloop
  endfacet
  facet normal -1.000000 0.000000 0.000000
    outer loop
      vertex -14.900000 7.675000 16.100000
      vertex -14.900000 9.225000 13.900000
      vertex -14.900000 7.675000 13.900000
    endloop
  endfacet
  facet normal 1.000000 0.000000 0.000000
    outer loop
      vertex -17.100000 7.675000 13.900000
      vertex -17.100000 9.225000 13.900000
      vertex -17.100000 9.225000 16.100000
    endloop
  endfacet
  facet normal 1.000000 0.000000 0.000000
    outer loop
      vertex -17.100000 7.675000 13.900000
      vertex -17.100000 9.225000 16.100000
      vertex -17.100000 7.675000 16.100000
    endloop
  endfacet
  facet normal 0.000000 -1.000000 0.000000
    outer loop
      vertex -16.330000 13.200000 14.670000
      vertex -15.670000 13.200000 14.670000
      vertex -15.670000 13.200000 15.330000
    endloop
  endfacet
  facet normal 0.000000 -1.000000 0.000000
    outer loop
      vertex -16.330000 13.200000 14.670000
      vertex -15.670000 13.200000 15.330000
      vertex -16.330000 13.200000 15.330000
    endloop
  endfacet
  facet normal 0.000000 1.000000 0.000000
    outer loop
      vertex -16.330000 8.000000 15.330000
      vertex -15.670000 8.000000 15.330000
      vertex -15.670000 8.000000 14.670000
    endloop
  endfacet
  facet normal 0.000000 1.000000 0.000000
    outer loop
      vertex -16.330000 8.000000 15.330000
      vertex -15.670000 8.000000 14.670000
      vertex -16.330000 8.000000 14.670000
    endloop
  endfacet
  facet normal 0.000000 0.000000 -1.000000
    outer loop
      vertex -16.330000 13.200000 15.330000
      vertex -15.670000 13.200000 15.330000
      vertex -15.670000 8.000000 15.330000
    endloop
  endfacet
  facet normal 0.000000 0.000000 -1.000000
    outer loop
      vertex -16.330000 13.200000 15.330000
      vertex -15.670000 8.000000 15.330000
      vertex -16.330000 8.000000 15.330000
    endloop
  endfacet
  facet normal 0.000000 0.000000 1.000000
    outer loop
      vertex -15.670000 8.000000 14.670000
      vertex -15.670000 13.200000 14.670000
      vertex -16.330000 13.200000 14.670000
    endloop
  endfacet
  facet normal 0.000000 0.000000 1.000000
    outer loop
      vertex -15.670000 8.000000 14.670000
      vertex -16.330000 13.200000 14.670000
      vertex -16.330000 8.000000 14.670000
    endloop
  endfacet
  facet normal -1.000000 0.000000 0.000000
    outer loop
      vertex -15.670000 8.000000 15.330000
      vertex -15.670000 13.200000 15.330000
      vertex -15.670000 13.200000 14.670000
    endloop
  endfacet
  facet normal -1.000000 0.000000 0.000000
    outer loop
      vertex -15.670000 8.000000 15.330000
      vertex -15.670000 13.200000 14.670000
      vertex -15.670000 8.000000 14.670000
    endloop
  endfacet
  facet normal 1.000000 0.000000 0.000000
    outer loop
      vertex -16.330000 8.000000 14.670000
      vertex -16.330000 13.200000 14.670000
      vertex -16.330000 13.200000 15.330000
    endloop
  endfacet
  facet normal 1.000000 0.000000 0.000000
    outer loop
      vertex -16.330000 8.000000 14.670000
      vertex -16.330000 13.200000 15.330000
      vertex -16.330000 8.000000 15.330000
    endloop
  endfacet
  facet normal 0.000000 -1.000000 0.000000
    outer loop
      vertex -17.100000 9.225000 8.900000
      vertex -14.900000 9.225000 8.900000
      vertex -14.900000 9.225000 11.100000
    endloop
  endfacet
  facet normal 0.000000 -1.000000 0.000000
    outer loop
      vertex -17.100000 9.225000 8.900000
      vertex -14.900000 9.225000 11.100000
      vertex -17.100000 9.225000 11.100000
    endloop
  endfacet
  facet normal 0.000000 1.000000 0.000000
    outer loop
      vertex -17.100000 7.675000 11.100000
      vertex -14.900000 7.675000 11.100000
      vertex -14.900000 7.675000 8.900000
    endloop
  endfacet
  facet normal 0.000000 1.000000 0.000000
    outer loop
      vertex -17.100000 7.675000 11.100000
      vertex -14.900000 7.675000 8.900000
      vertex -17.100000 7.675000 8.900000
    endloop
  endfacet
  facet normal 0.000000 0.000000 -1.000000
    outer loop
      vertex -17.100000 9.225000 11.100000
      vertex -14.900000 9.225000 11.100000
      vertex -14.900000 7.675000 11.100000
    endloop
  endfacet
  facet normal 0.000000 0.000000 -1.000000
    outer loop
      vertex -17.100000 9.225000 11.100000
      vertex -14.900000 7.675000 11.100000
      vertex -17.100000 7.675000 11.100000
    endloop
  endfacet
  facet normal 0.000000 0.000000 1.000000
    outer loop
      vertex -14.900000 7.675000 8.900000
      vertex -14.900000 9.225000 8.900000
      vertex -17.100000 9.225000 8.900000
    endloop
  endfacet
  facet normal 0.000000 0.000000 1.000000
    outer loop
      vertex -14.900000 7.675000 8.900000
      vertex -17.100000 9.225000 8.900000
      vertex -17.100000 7.675000 8.900000
    endloop
  endfacet
  facet normal -1.000000 0.000000 0.000000
    outer loop
      vertex -14.900000 7.675000 11.100000
      vertex -14.900000 9.225000 11.100000
      vertex -14.900000 9.225000 8.900000
    endloop
  endfacet
  facet normal -1.000000 0.000000 0.000000
    outer loop
      vertex -14.900000 7.675000 11.100000
      vertex -14.900000 9.225000 8.900000
      vertex -14.900000 7.675000 8.900000
    endloop
  endfacet
  facet normal 1.000000 0.000000 0.000000
    outer loop
      vertex -17.100000 7.675000 8.900000
      vertex -17.100000 9.225000 8.900000
      vertex -17.100000 9.225000 11.100000
    endloop
  endfacet
  facet normal 1.000000 0.000000 0.000000
    outer loop
      vertex -17.100000 7.675000 8.900000
      vertex -17.100000 9.225000 11.100000
      vertex -17.100000 7.675000 11.100000
    endloop
  endfacet
  facet normal 0.000000 -1.000000 0.000000
    outer loop
      vertex -16.330000 13.200000 9.670000
      vertex -15.670000 13.200000 9.670000
      vertex -15.670000 13.200000 10.330000
    endloop
  endfacet
  facet normal 0.000000 -1.000000 0.000000
    outer loop
      vertex -16.330000 13.200000 9.670000
      vertex -15.670000 13.200000 10.330000
      vertex -16.330000 13.200000 10.330000
    endloop
  endfacet
  facet normal 0.000000 1.000000 0.000000
    outer loop
      vertex -16.330000 8.000000 10.330000
      vertex -15.670000 8.000000 10.330000
      vertex -15.670000 8.000000 9.670000
    endloop
  endfacet
  facet normal 0.000000 1.000000 0.000000
    outer loop
      vertex -16.330000 8.000000 10.330000
      vertex -15.670000 8.000000 9.670000
      vertex -16.330000 8.000000 9.670000
    endloop
  endfacet
  facet normal 0.000000 0.000000 -1.000000
    outer loop
      vertex -16.330000 13.200000 10.330000
      vertex -15.670000 13.200000 10.330000
      vertex -15.670000 8.000000 10.330000
    endloop
  endfacet
  facet normal 0.000000 0.000000 -1.000000
    outer loop
      vertex -16.330000 13.200000 10.330000
      vertex -15.670000 8.000000 10.330000
      vertex -16.330000 8.000000 10.330000
    endloop
  endfacet
  facet normal 0.000000 0.000000 1.000000
    outer loop
      vertex -15.670000 8.000000 9.670000
      vertex -15.670000 13.200000 9.670000
      vertex -16.330000 13.200000 9.670000
    endloop
  endfacet
  facet normal 0.000000 0.000000 1.000000
    outer loop
      vertex -15.670000 8.000000 9.670000
      vertex -16.330000 13.200000 9.670000
      vertex -16.330000 8.000000 9.670000
    endloop
  endfacet
  facet normal -1.000000 0.000000 0.000000
    outer loop
      vertex -15.670000 8.000000 10.330000
      vertex -15.670000 13.200000 10.330000
      vertex -15.670000 13.200000 9.670000
    endloop
  endfacet
  facet normal -1.000000 0.000000 0.000000
    outer loop
      vertex -15.670000 8.000000 10.330000
      vertex -15.670000 13.200000 9.670000
      vertex -15.670000 8.000000 9.670000
    endloop
  endfacet
  facet normal 1.000000 0.000000 0.000000
    outer loop
      vertex -16.330000 8.000000 9.670000
      vertex -16.330000 13.200000 9.670000
      vertex -16.330000 13.200000 10.330000
    endloop
  endfacet
  facet normal 1.000000 0.000000 0.000000
    outer loop
      vertex -16.330000 8.000000 9.670000
      vertex -16.330000 13.200000 10.330000
      vertex -16.330000 8.000000 10.330000
    endloop
  endfacet
  facet normal 0.000000 -1.000000 0.000000
    outer loop
      vertex -17.100000 9.225000 3.900000
      vertex -14.900000 9.225000 3.900000
      vertex -14.900000 9.225000 6.100000
    endloop
  endfacet
  facet normal 0.000000 -1.000000 0.000000
    outer loop
      vertex -17.100000 9.225000 3.900000
      vertex -14.900000 9.225000 6.100000
      vertex -17.100000 9.225000 6.100000
    endloop
  endfacet
  facet normal 0.000000 1.000000 0.000000
    outer loop
      vertex -17.100000 7.675000 6.100000
      vertex -14.900000 7.675000 6.100000
      vertex -14.900000 7.675000 3.900000
    endloop
  endfacet
  facet normal 0.000000 1.000000 0.000000
    outer loop
      vertex -17.100000 7.675000 6.100000
      vertex -14.900000 7.675000 3.900000
      vertex -17.100000 7.675000 3.900000
    endloop
  endfacet
  facet normal 0.000000 0.000000 -1.000000
    outer loop
      vertex -17.100000 9.225000 6.100000
      vertex -14.900000 9.225000 6.100000
      vertex -14.900000 7.675000 6.100000
    endloop
  endfacet
  facet normal 0.000000 0.000000 -1.000000
    outer loop
      vertex -17.100000 9.225000 6.100000
      vertex -14.900000 7.675000 6.100000
      vertex -17.100000 7.675000 6.100000
    endloop
  endfacet
  facet normal 0.000000 0.000000 1.000000
    outer loop
      vertex -14.900000 7.675000 3.900000
      vertex -14.900000 9.225000 3.900000
      vertex -17.100000 9.225000 3.900000
    endloop
  endfacet
  facet normal 0.000000 0.000000 1.000000
    outer loop
      vertex -14.900000 7.675000 3.900000
      vertex -17.100000 9.225000 3.900000
      vertex -17.100000 7.675000 3.900000
    endloop
  endfacet
  facet normal -1.000000 0.000000 0.000000
    outer loop
      vertex -14.900000 7.675000 6.100000
      vertex -14.900000 9.225000 6.100000
      vertex -14.900000 9.225000 3.900000
    endloop
  endfacet
  facet normal -1.000000 0.000000 0.000000
    outer loop
      vertex -14.900000 7.675000 6.100000
      vertex -14.900000 9.225000 3.900000
      vertex -14.900000 7.675000 3.900000
    endloop
  endfacet
  facet normal 1.000000 0.000000 0.000000
    outer loop
      vertex -17.100000 7.675000 3.900000
      vertex -17.100000 9.225000 3.900000
      vertex -17.100000 9.225000 6.100000
    endloop
  endfacet
  facet normal 1.000000 0.000000 0.000000
    outer loop
      vertex -17.100000 7.675000 3.900000
      vertex -17.100000 9.225000 6.100000
      vertex -17.100000 7.675000 6.100000
    endloop
  endfacet
  facet normal 0.000000 -1.000000 0.000000
    outer loop
      vertex -16.330000 13.200000 4.670000
      vertex -15.670000 13.200000 4.670000
      vertex -15.670000 13.200000 5.330000
    endloop
  endfacet
  facet normal 0.000000 -1.000000 0.000000
    outer loop
      vertex -16.330000 13.200000 4.670000
      vertex -15.670000 13.200000 5.330000
      vertex -16.330000 13.200000 5.330000
    endloop
  endfacet
  facet normal 0.000000 1.000000 0.000000
    outer loop
      vertex -16.330000 8.000000 5.330000
      vertex -15.670000 8.000000 5.330000
      vertex -15.670000 8.000000 4.670000
    endloop
  endfacet
  facet normal 0.000000 1.000000 0.000000
    outer loop
      vertex -16.330000 8.000000 5.330000
      vertex -15.670000 8.000000 4.670000
      vertex -16.330000 8.000000 4.670000
    endloop
  endfacet
  facet normal 0.000000 0.000000 -1.000000
    outer loop
      vertex -16.330000 13.200000 5.330000
      vertex -15.670000 13.200000 5.330000
      vertex -15.670000 8.000000 5.330000
    endloop
  endfacet
  facet normal 0.000000 0.000000 -1.000000
    outer loop
      vertex -16.330000 13.200000 5.330000
      vertex -15.670000 8.000000 5.330000
      vertex -16.330000 8.000000 5.330000
    endloop
  endfacet
  facet normal 0.000000 0.000000 1.000000
    outer loop
      vertex -15.670000 8.000000 4.670000
      vertex -15.670000 13.200000 4.670000
      vertex -16.330000 13.200000 4.670000
    endloop
  endfacet
  facet normal 0.000000 0.000000 1.000000
    outer loop
      vertex -15.670000 8.000000 4.670000
      vertex -16.330000 13.200000 4.670000
      vertex -16.330000 8.000000 4.670000
    endloop
  endfacet
  facet normal -1.000000 0.000000 0.000000
    outer loop
      vertex -15.670000 8.000000 5.330000
      vertex -15.670000 13.200000 5.330000
      vertex -15.670000 13.200000 4.670000
    endloop
  endfacet
  facet normal -1.000000 0.000000 0.000000
    outer loop
      vertex -15.670000 8.000000 5.330000
      vertex -15.670000 13.200000 4.670000
      vertex -15.670000 8.000000 4.670000
    endloop
  endfacet
  facet normal 1.000000 0.000000 0.000000
    outer loop
      vertex -16.330000 8.000000 4.670000
      vertex -16.330000 13.200000 4.670000
      vertex -16.330000 13.200000 5.330000
    endloop
  endfacet
  facet normal 1.000000 0.000000 0.000000
    outer loop
      vertex -16.330000 8.000000 4.670000
      vertex -16.330000 13.200000 5.330000
      vertex -16.330000 8.000000 5.330000
    endloop
  endfacet
  facet normal 0.000000 -1.000000 0.000000
    outer loop
      vertex -19.100000 9.225000 -11.100000
      vertex -16.900000 9.225000 -11.100000
      vertex -16.900000 9.225000 -8.900000
    endloop
  endfacet
  facet normal 0.000000 -1.000000 0.000000
    outer loop
      vertex -19.100000 9.225000 -11.100000
      vertex -16.900000 9.225000 -8.900000
      vertex -19.100000 9.225000 -8.900000
    endloop
  endfacet
  facet normal 0.000000 1.000000 0.000000
    outer loop
      vertex -19.100000 7.675000 -8.900000
      vertex -16.900000 7.675000 -8.900000
      vertex -16.900000 7.675000 -11.100000
    endloop
  endfacet
  facet normal 0.000000 1.000000 0.000000
    outer loop
      vertex -19.100000 7.675000 -8.900000
      vertex -16.900000 7.675000 -11.100000
      vertex -19.100000 7.675000 -11.100000
    endloop
  endfacet
  facet normal 0.000000 0.000000 -1.000000
    outer loop
      vertex -19.100000 9.225000 -8.900000
      vertex -16.900000 9.225000 -8.900000
      vertex -16.900000 7.675000 -8.900000
    endloop
  endfacet
  facet normal 0.000000 0.000000 -1.000000
    outer loop
      vertex -19.100000 9.225000 -8.900000
      vertex -16.900000 7.675000 -8.900000
      vertex -19.100000 7.675000 -8.900000
    endloop
  endfacet
  facet normal 0.000000 0.000000 1.000000
    outer loop
      vertex -16.900000 7.675000 -11.100000
      vertex -16.900000 9.225000 -11.100000
      vertex -19.100000 9.225000 -11.100000
    endloop
  endfacet
  facet normal 0.000000 0.000000 1.000000
    outer loop
      vertex -16.900000 7.675000 -11.100000
      vertex -19.100000 9.225000 -11.100000
      vertex -19.100000 7.675000 -11.100000
    endloop
  endfacet
  facet normal -1.000000 0.000000 0.000000
    outer loop
      vertex -16.900000 7.675000 -8.900000
      vertex -16.900000 9.225000 -8.900000
      vertex -16.900000 9.225000 -11.100000
    endloop
  endfacet
  facet normal -1.000000 0.000000 0.000000
    outer loop
      vertex -16.900000 7.675000 -8.900000
      vertex -16.900000 9.225000 -11.100000
      vertex -16.900000 7.675000 -11.100000
    endloop
  endfacet
  facet normal 1.000000 0.000000 0.000000
    outer loop
      vertex -19.100000 7.675000 -11.100000
      vertex -19.100000 9.225000 -11.100000
      vertex -19.100000 9.225000 -8.900000
    endloop
  endfacet
  facet normal 1.000000 0.000000 0.000000
    outer loop
      vertex -19.100000 7.675000 -11.100000
      vertex -19.100000 9.225000 -8.900000
      vertex -19.100000 7.675000 -8.900000
    endloop
  endfacet
  facet normal 0.000000 -1.000000 0.000000
    outer loop
      vertex -18.330000 13.200000 -10.330000
      vertex -17.670000 13.200000 -10.330000
      vertex -17.670000 13.200000 -9.670000
    endloop
  endfacet
  facet normal 0.000000 -1.000000 0.000000
    outer loop
      vertex -18.330000 13.200000 -10.330000
      vertex -17.670000 13.200000 -9.670000
      vertex -18.330000 13.200000 -9.670000
    endloop
  endfacet
  facet normal 0.000000 1.000000 0.000000
    outer loop
      vertex -18.330000 8.000000 -9.670000
      vertex -17.670000 8.000000 -9.670000
      vertex -17.670000 8.000000 -10.330000
    endloop
  endfacet
  facet normal 0.000000 1.000000 0.000000
    outer loop
      vertex -18.330000 8.000000 -9.670000
      vertex -17.670000 8.000000 -10.330000
      vertex -18.330000 8.000000 -10.330000
    endloop
  endfacet
  facet normal 0.000000 0.000000 -1.000000
    outer loop
      vertex -18.330000 13.200000 -9.670000
      vertex -17.670000 13.200000 -9.670000
      vertex -17.670000 8.000000 -9.670000
    endloop
  endfacet
  facet normal 0.000000 0.000000 -1.000000
    outer loop
      vertex -18.330000 13.200000 -9.670000
      vertex -17.670000 8.000000 -9.670000
      vertex -18.330000 8.000000 -9.670000
    endloop
  endfacet
  facet normal 0.000000 0.000000 1.000000
    outer loop
      vertex -17.670000 8.000000 -10.330000
      vertex -17.670000 13.200000 -10.330000
      vertex -18.330000 13.200000 -10.330000
    endloop
  endfacet
  facet normal 0.000000 0.000000 1.000000
    outer loop
      vertex -17.670000 8.000000 -10.330000
      vertex -18.330000 13.200000 -10.330000
      vertex -18.330000 8.000000 -10.330000
    endloop
  endfacet
  facet normal -1.000000 0.000000 0.000000
    outer loop
      vertex -17.670000 8.000000 -9.670000
      vertex -17.670000 13.200000 -9.670000
      vertex -17.670000 13.200000 -10.330000
    endloop
  endfacet
  facet normal -1.000000 0.000000 0.000000
    outer loop
      vertex -17.670000 8.000000 -9.670000
      vertex -17.670000 13.200000 -10.330000
      vertex -17.670000 8.000000 -10.330000
    endloop
  endfacet
  facet normal 1.000000 0.000000 0.000000
    outer loop
      vertex -18.330000 8.000000 -10.330000
      vertex -18.330000 13.200000 -10.330000
      vertex -18.330000 13.200000 -9.670000
    endloop
  endfacet
  facet normal 1.000000 0.000000 0.000000
    outer loop
      vertex -18.330000 8.000000 -10.330000
      vertex -18.330000 13.200000 -9.670000
      vertex -18.330000 8.000000 -9.670000
    endloop
  endfacet
  facet normal 0.000000 -1.000000 0.000000
    outer loop
      vertex -19.100000 9.225000 -16.100000
      vertex -16.900000 9.225000 -16.100000
      vertex -16.900000 9.225000 -13.900000
    endloop
  endfacet
  facet normal 0.000000 -1.000000 0.000000
    outer loop
      vertex -19.100000 9.225000 -16.100000
      vertex -16.900000 9.225000 -13.900000
      vertex -19.100000 9.225000 -13.900000
    endloop
  endfacet
  facet normal 0.000000 1.000000 0.000000
    outer loop
      vertex -19.100000 7.675000 -13.900000
      vertex -16.900000 7.675000 -13.900000
      vertex -16.900000 7.675000 -16.100000
    endloop
  endfacet
  facet normal 0.000000 1.000000 0.000000
    outer loop
      vertex -19.100000 7.675000 -13.900000
      vertex -16.900000 7.675000 -16.100000
      vertex -19.100000 7.675000 -16.100000
    endloop
  endfacet
  facet normal 0.000000 0.000000 -1.000000
    outer loop
      vertex -19.100000 9.225000 -13.900000
      vertex -16.900000 9.225000 -13.900000
      vertex -16.900000 7.675000 -13.900000
    endloop
  endfacet
  facet normal 0.000000 0.000000 -1.000000
    outer loop
      vertex -19.100000 9.225000 -13.900000
      vertex -16.900000 7.675000 -13.900000
      vertex -19.100000 7.675000 -13.900000
    endloop
  endfacet
  facet normal 0.000000 0.000000 1.000000
    outer loop
      vertex -16.900000 7.675000 -16.100000
      vertex -16.900000 9.225000 -16.100000
      vertex -19.100000 9.225000 -16.100000
    endloop
  endfacet
  facet normal 0.000000 0.000000 1.000000
    outer loop
      vertex -16.900000 7.675000 -16.100000
      vertex -19.100000 9.225000 -16.100000
      vertex -19.100000 7.675000 -16.100000
    endloop
  endfacet
  facet normal -1.000000 0.000000 0.000000
    outer loop
      vertex -16.900000 7.675000 -13.900000
      vertex -16.900000 9.225000 -13.900000
      vertex -16.900000 9.225000 -16.100000
    endloop
  endfacet
  facet normal -1.000000 0.000000 0.000000
    outer loop
      vertex -16.900000 7.675000 -13.900000
      vertex -16.900000 9.225000 -16.100000
      vertex -16.900000 7.675000 -16.100000
    endloop
  endfacet
  facet normal 1.000000 0.000000 0.000000
    outer loop
      vertex -19.100000 7.675000 -16.100000
      vertex -19.100000 9.225000 -16.100000
      vertex -19.100000 9.225000 -13.900000
    endloop
  endfacet
  facet normal 1.000000 0.000000 0.000000
    outer loop
      vertex -19.100000 7.675000 -16.100000
      vertex -19.100000 9.225000 -13.900000
      vertex -19.100000 7.675000 -13.900000
    endloop
  endfacet
  facet normal 0.000000 -1.000000 0.000000
    outer loop
      vertex -18.330000 13.200000 -15.330000
      vertex -17.670000 13.200000 -15.330000
      vertex -17.670000 13.200000 -14.670000
    endloop
  endfacet
  facet normal 0.000000 -1.000000 0.000000
    outer loop
      vertex -18.330000 13.200000 -15.330000
      vertex -17.670000 13.200000 -14.670000
      vertex -18.330000 13.200000 -14.670000
    endloop
  endfacet
  facet normal 0.000000 1.000000 0.000000
    outer loop
      vertex -18.330000 8.000000 -14.670000
      vertex -17.670000 8.000000 -14.670000
      vertex -17.670000 8.000000 -15.330000
    endloop
  endfacet
  facet normal 0.000000 1.000000 0.000000
    outer loop
      vertex -18.330000 8.000000 -14.670000
      vertex -17.670000 8.000000 -15.330000
      vertex -18.330000 8.000000 -15.330000
    endloop
  endfacet
  facet normal 0.000000 0.000000 -1.000000
    outer loop
      vertex -18.330000 13.200000 -14.670000
      vertex -17.670000 13.200000 -14.670000
      vertex -17.670000 8.000000 -14.670000
    endloop
  endfacet
  facet normal 0.000000 0.000000 -1.000000
    outer loop
      vertex -18.330000 13.200000 -14.670000
      vertex -17.670000 8.000000 -14.670000
      vertex -18.330000 8.000000 -14.670000
    endloop
  endfacet
  facet normal 0.000000 0.000000 1.000000
    outer loop
      vertex -17.670000 8.000000 -15.330000
      vertex -17.670000 13.200000 -15.330000
      vertex -18.330000 13.200000 -15.330000
    endloop
  endfacet
  facet normal 0.000000 0.000000 1.000000
    outer loop
      vertex -17.670000 8.000000 -15.330000
      vertex -18.330000 13.200000 -15.330000
      vertex -18.330000 8.000000 -15.330000
    endloop
  endfacet
  facet normal -1.000000 0.000000 0.000000
    outer loop
      vertex -17.670000 8.000000 -14.670000
      vertex -17.670000 13.200000 -14.670000
      vertex -17.670000 13.200000 -15.330000
    endloop
  endfacet
  facet normal -1.000000 0.000000 0.000000
    outer loop
      vertex -17.670000 8.000000 -14.670000
      vertex -17.670000 13.200000 -15.330000
      vertex -17.670000 8.000000 -15.330000
    endloop
  endfacet
  facet normal 1.000000 0.000000 0.000000
    outer loop
      vertex -18.330000 8.000000 -15.330000
      vertex -18.330000 13.200000 -15.330000
      vertex -18.330000 13.200000 -14.670000
    endloop
  endfacet
  facet normal 1.000000 0.000000 0.000000
    outer loop
      vertex -18.330000 8.000000 -15.330000
      vertex -18.330000 13.200000 -14.670000
      vertex -18.330000 8.000000 -14.670000
    endloop
  endfacet
  facet normal 0.000000 -1.000000 0.000000
    outer loop
      vertex 16.900000 9.225000 -11.100000
      vertex 19.100000 9.225000 -11.100000
      vertex 19.100000 9.225000 -8.900000
    endloop
  endfacet
  facet normal 0.000000 -1.000000 0.000000
    outer loop
      vertex 16.900000 9.225000 -11.100000
      vertex 19.100000 9.225000 -8.900000
      vertex 16.900000 9.225000 -8.900000
    endloop
  endfacet
  facet normal 0.000000 1.000000 0.000000
    outer loop
      vertex 16.900000 7.675000 -8.900000
      vertex 19.100000 7.675000 -8.900000
      vertex 19.100000 7.675000 -11.100000
    endloop
  endfacet
  facet normal 0.000000 1.000000 0.000000
    outer loop
      vertex 16.900000 7.675000 -8.900000
      vertex 19.100000 7.675000 -11.100000
      vertex 16.900000 7.675000 -11.100000
    endloop
  endfacet
  facet normal 0.000000 0.000000 -1.000000
    outer loop
      vertex 16.900000 9.225000 -8.900000
      vertex 19.100000 9.225000 -8.900000
      vertex 19.100000 7.675000 -8.900000
    endloop
  endfacet
  facet normal 0.000000 0.000000 -1.000000
    outer loop
      vertex 16.900000 9.225000 -8.900000
      vertex 19.100000 7.675000 -8.900000
      vertex 16.900000 7.675000 -8.900000
    endloop
  endfacet
  facet normal 0.000000 0.000000 1.000000
    outer loop
      vertex 19.100000 7.675000 -11.100000
      vertex 19.100000 9.225000 -11.100000
      vertex 16.900000 9.225000 -11.100000
    endloop
  endfacet
  facet normal 0.000000 0.000000 1.000000
    outer loop
      vertex 19.100000 7.675000 -11.100000
      vertex 16.900000 9.225000 -11.100000
      vertex 16.900000 7.675000 -11.100000
    endloop
  endfacet
  facet normal -1.000000 0.000000 0.000000
    outer loop
      vertex 19.100000 7.675000 -8.900000
      vertex 19.100000 9.225000 -8.900000
      vertex 19.100000 9.225000 -11.100000
    endloop
  endfacet
  facet normal -1.000000 0.000000 0.000000
    outer loop
      vertex 19.100000 7.675000 -8.900000
      vertex 19.100000 9.225000 -11.100000
      vertex 19.100000 7.675000 -11.100000
    endloop
  endfacet
  facet normal 1.000000 0.000000 0.000000
    outer loop
      vertex 16.900000 7.675000 -11.100000
      vertex 16.900000 9.225000 -11.100000
      vertex 16.900000 9.225000 -8.900000
    endloop
  endfacet
  facet normal 1.000000 0.000000 0.000000
    outer loop
      vertex 16.900000 7.675000 -11.100000
      vertex 16.900000 9.225000 -8.900000
      vertex 16.900000 7.675000 -8.900000
    endloop
  endfacet
  facet normal 0.000000 -1.000000 0.000000
    outer loop
      vertex 17.670000 13.200000 -10.330000
      vertex 18.330000 13.200000 -10.330000
      vertex 18.330000 13.200000 -9.670000
    endloop
  endfacet
  facet normal 0.000000 -1.000000 0.000000
    outer loop
      vertex 17.670000 13.200000 -10.330000
      vertex 18.330000 13.200000 -9.670000
      vertex 17.670000 13.200000 -9.670000
    endloop
  endfacet
  facet normal 0.000000 1.000000 0.000000
    outer loop
      vertex 17.670000 8.000000 -9.670000
      vertex 18.330000 8.000000 -9.670000
      vertex 18.330000 8.000000 -10.330000
    endloop
  endfacet
  facet normal 0.000000 1.000000 0.000000
    outer loop
      vertex 17.670000 8.000000 -9.670000
      vertex 18.330000 8.000000 -10.330000
      vertex 17.670000 8.000000 -10.330000
    endloop
  endfacet
  facet normal 0.000000 0.000000 -1.000000
    outer loop
      vertex 17.670000 13.200000 -9.670000
      vertex 18.330000 13.200000 -9.670000
      vertex 18.330000 8.000000 -9.670000
    endloop
  endfacet
  facet normal 0.000000 0.000000 -1.000000
    outer loop
      vertex 17.670000 13.200000 -9.670000
      vertex 18.330000 8.000000 -9.670000
      vertex 17.670000 8.000000 -9.670000
    endloop
  endfacet
  facet normal 0.000000 0.000000 1.000000
    outer loop
      vertex 18.330000 8.000000 -10.330000
      vertex 18.330000 13.200000 -10.330000
      vertex 17.670000 13.200000 -10.330000
    endloop
  endfacet
  facet normal 0.000000 0.000000 1.000000
    outer loop
      vertex 18.330000 8.000000 -10.330000
      vertex 17.670000 13.200000 -10.330000
      vertex 17.670000 8.000000 -10.330000
    endloop
  endfacet
  facet normal -1.000000 0.000000 0.000000
    outer loop
      vertex 18.330000 8.000000 -9.670000
      vertex 18.330000 13.200000 -9.670000
      vertex 18.330000 13.200000 -10.330000
    endloop
  endfacet
  facet normal -1.000000 0.000000 0.000000
    outer loop
      vertex 18.330000 8.000000 -9.670000
      vertex 18.330000 13.200000 -10.330000
      vertex 18.330000 8.000000 -10.330000
    endloop
  endfacet
  facet normal 1.000000 0.000000 0.000000
    outer loop
      vertex 17.670000 8.000000 -10.330000
      vertex 17.670000 13.200000 -10.330000
      vertex 17.670000 13.200000 -9.670000
    endloop
  endfacet
  facet normal 1.000000 0.000000 0.000000
    outer loop
      vertex 17.670000 8.000000 -10.330000
      vertex 17.670000 13.200000 -9.670000
      vertex 17.670000 8.000000 -9.670000
    endloop
  endfacet
  facet normal 0.000000 -1.000000 0.000000
    outer loop
      vertex 16.900000 9.225000 -16.100000
      vertex 19.100000 9.225000 -16.100000
      vertex 19.100000 9.225000 -13.900000
    endloop
  endfacet
  facet normal 0.000000 -1.000000 0.000000
    outer loop
      vertex 16.900000 9.225000 -16.100000
      vertex 19.100000 9.225000 -13.900000
      vertex 16.900000 9.225000 -13.900000
    endloop
  endfacet
  facet normal 0.000000 1.000000 0.000000
    outer loop
      vertex 16.900000 7.675000 -13.900000
      vertex 19.100000 7.675000 -13.900000
      vertex 19.100000 7.675000 -16.100000
    endloop
  endfacet
  facet normal 0.000000 1.000000 0.000000
    outer loop
      vertex 16.900000 7.675000 -13.900000
      vertex 19.100000 7.675000 -16.100000
      vertex 16.900000 7.675000 -16.100000
    endloop
  endfacet
  facet normal 0.000000 0.000000 -1.000000
    outer loop
      vertex 16.900000 9.225000 -13.900000
      vertex 19.100000 9.225000 -13.900000
      vertex 19.100000 7.675000 -13.900000
    endloop
  endfacet
  facet normal 0.000000 0.000000 -1.000000
    outer loop
      vertex 16.900000 9.225000 -13.900000
      vertex 19.100000 7.675000 -13.900000
      vertex 16.900000 7.675000 -13.900000
    endloop
  endfacet
  facet normal 0.000000 0.000000 1.000000
    outer loop
      vertex 19.100000 7.675000 -16.100000
      vertex 19.100000 9.225000 -16.100000
      vertex 16.900000 9.225000 -16.100000
    endloop
  endfacet
  facet normal 0.000000 0.000000 1.000000
    outer loop
      vertex 19.100000 7.675000 -16.100000
      vertex 16.900000 9.225000 -16.100000
      vertex 16.900000 7.675000 -16.100000
    endloop
  endfacet
  facet normal -1.000000 0.000000 0.000000
    outer loop
      vertex 19.100000 7.675000 -13.900000
      vertex 19.100000 9.225000 -13.900000
      vertex 19.100000 9.225000 -16.100000
    endloop
  endfacet
  facet normal -1.000000 0.000000 0.000000
    outer loop
      vertex 19.100000 7.675000 -13.900000
      vertex 19.100000 9.225000 -16.100000
      vertex 19.100000 7.675000 -16.100000
    endloop
  endfacet
  facet normal 1.000000 0.000000 0.000000
    outer loop
      vertex 16.900000 7.675000 -16.100000
      vertex 16.900000 9.225000 -16.100000
      vertex 16.900000 9.225000 -13.900000
    endloop
  endfacet
  facet normal 1.000000 0.000000 0.000000
    outer loop
      vertex 16.900000 7.675000 -16.100000
      vertex 16.900000 9.225000 -13.900000
      vertex 16.900000 7.675000 -13.900000
    endloop
  endfacet
  facet normal 0.000000 -1.000000 0.000000
    outer loop
      vertex 17.670000 13.200000 -15.330000
      vertex 18.330000 13.200000 -15.330000
      vertex 18.330000 13.200000 -14.670000
    endloop
  endfacet
  facet normal 0.000000 -1.000000 0.000000
    outer loop
      vertex 17.670000 13.200000 -15.330000
      vertex 18.330000 13.200000 -14.670000
      vertex 17.670000 13.200000 -14.670000
    endloop
  endfacet
  facet normal 0.000000 1.000000 0.000000
    outer loop
      vertex 17.670000 8.000000 -14.670000
      vertex 18.330000 8.000000 -14.670000
      vertex 18.330000 8.000000 -15.330000
    endloop
  endfacet
  facet normal 0.000000 1.000000 0.000000
    outer loop
      vertex 17.670000 8.000000 -14.670000
      vertex 18.330000 8.000000 -15.330000
      vertex 17.670000 8.000000 -15.330000
    endloop
  endfacet
  facet normal 0.000000 0.000000 -1.000000
    outer loop
      vertex 17.670000 13.200000 -14.670000
      vertex 18.330000 13.200000 -14.670000
      vertex 18.330000 8.000000 -14.670000
    endloop
  endfacet
  facet normal 0.000000 0.000000 -1.000000
    outer loop
      vertex 17.670000 13.200000 -14.670000
      vertex 18.330000 8.000000 -14.670000
      vertex 17.670000 8.000000 -14.670000
    endloop
  endfacet
  facet normal 0.000000 0.000000 1.000000
    outer loop
      vertex 18.330000 8.000000 -15.330000
      vertex 18.330000 13.200000 -15.330000
      vertex 17.670000 13.200000 -15.330000
    endloop
  endfacet
  facet normal 0.000000 0.000000 1.000000
    outer loop
      vertex 18.330000 8.000000 -15.330000
      vertex 17.670000 13.200000 -15.330000
      vertex 17.670000 8.000000 -15.330000
    endloop
  endfacet
  facet normal -1.000000 0.000000 0.000000
    outer loop
      vertex 18.330000 8.000000 -14.670000
      vertex 18.330000 13.200000 -14.670000
      vertex 18.330000 13.200000 -15.330000
    endloop
  endfacet
  facet normal -1.000000 0.000000 0.000000
    outer loop
      vertex 18.330000 8.000000 -14.670000
      vertex 18.330000 13.200000 -15.330000
      vertex 18.330000 8.000000 -15.330000
    endloop
  endfacet
  facet normal 1.000000 0.000000 0.000000
    outer loop
      vertex 17.670000 8.000000 -15.330000
      vertex 17.670000 13.200000 -15.330000
      vertex 17.670000 13.200000 -14.670000
    endloop
  endfacet
  facet normal 1.000000 0.000000 0.000000
    outer loop
      vertex 17.670000 8.000000 -15.330000
      vertex 17.670000 13.200000 -14.670000
      vertex 17.670000 8.000000 -14.670000
    endloop
  endfacet
  facet normal 0.000000 -1.000000 0.000000
    outer loop
      vertex -12.500000 6.500000 -11.000000
      vertex 12.500000 6.500000 -11.000000
      vertex 12.500000 6.500000 1.000000
    endloop
  endfacet
  facet normal 0.000000 -1.000000 0.000000
    outer loop
      vertex -12.500000 6.500000 -11.000000
      vertex 12.500000 6.500000 1.000000
      vertex -12.500000 6.500000 1.000000
    endloop
  endfacet
  facet normal 0.000000 1.000000 0.000000
    outer loop
      vertex -12.500000 2.540000 1.000000
      vertex 12.500000 2.540000 1.000000
      vertex 12.500000 2.540000 -11.000000
    endloop
  endfacet
  facet normal 0.000000 1.000000 0.000000
    outer loop
      vertex -12.500000 2.540000 1.000000
      vertex 12.500000 2.540000 -11.000000
      vertex -12.500000 2.540000 -11.000000
    endloop
  endfacet
  facet normal 0.000000 0.000000 -1.000000
    outer loop
      vertex -12.500000 6.500000 1.000000
      vertex 12.500000 6.500000 1.000000
      vertex 12.500000 2.540000 1.000000
    endloop
  endfacet
  facet normal 0.000000 0.000000 -1.000000
    outer loop
      vertex -12.500000 6.500000 1.000000
      vertex 12.500000 2.540000 1.000000
      vertex -12.500000 2.540000 1.000000
    endloop
  endfacet
  facet normal 0.000000 0.000000 1.000000
    outer loop
      vertex 12.500000 2.540000 -11.000000
      vertex 12.500000 6.500000 -11.000000
      vertex -12.500000 6.500000 -11.000000
    endloop
  endfacet
  facet normal 0.000000 0.000000 1.000000
    outer loop
      vertex 12.500000 2.540000 -11.000000
      vertex -12.500000 6.500000 -11.000000
      vertex -12.500000 2.540000 -11.000000
    endloop
  endfacet
  facet normal -1.000000 0.000000 0.000000
    outer loop
      vertex 12.500000 2.540000 1.000000
      vertex 12.500000 6.500000 1.000000
      vertex 12.500000 6.500000 -11.000000
    endloop
  endfacet
  facet normal -1.000000 0.000000 0.000000
    outer loop
      vertex 12.500000 2.540000 1.000000
      vertex 12.500000 6.500000 -11.000000
      vertex 12.500000 2.540000 -11.000000
    endloop
  endfacet
  facet normal 1.000000 0.000000 0.000000
    outer loop
      vertex -12.500000 2.540000 -11.000000
      vertex -12.500000 6.500000 -11.000000
      vertex -12.500000 6.500000 1.000000
    endloop
  endfacet
  facet normal 1.000000 0.000000 0.000000
    outer loop
      vertex -12.500000 2.540000 -11.000000
      vertex -12.500000 6.500000 1.000000
      vertex -12.500000 2.540000 1.000000
    endloop
  endfacet
  facet normal 0.000000 -1.000000 0.000000
    outer loop
      vertex -10.068182 22.560000 -9.680000
      vertex -9.022727 22.560000 -9.680000
      vertex -9.022727 22.560000 -0.320000
    endloop
  endfacet
  facet normal 0.000000 -1.000000 0.000000
    outer loop
      vertex -10.068182 22.560000 -9.680000
      vertex -9.022727 22.560000 -0.320000
      vertex -10.068182 22.560000 -0.320000
    endloop
  endfacet
  facet normal 0.000000 1.000000 0.000000
    outer loop
      vertex -10.068182 4.960000 -0.320000
      vertex -9.022727 4.960000 -0.320000
      vertex -9.022727 4.960000 -9.680000
    endloop
  endfacet
  facet normal 0.000000 1.000000 0.000000
    outer loop
      vertex -10.068182 4.960000 -0.320000
      vertex -9.022727 4.960000 -9.680000
      vertex -10.068182 4.960000 -9.680000
    endloop
  endfacet
  facet normal 0.000000 0.000000 -1.000000
    outer loop
      vertex -10.068182 22.560000 -0.320000
      vertex -9.022727 22.560000 -0.320000
      vertex -9.022727 4.960000 -0.320000
    endloop
  endfacet
  facet normal 0.000000 0.000000 -1.000000
    outer loop
      vertex -10.068182 22.560000 -0.320000
      vertex -9.022727 4.960000 -0.320000
      vertex -10.068182 4.960000 -0.320000
    endloop
  endfacet
  facet normal 0.000000 0.000000 1.000000
    outer loop
      vertex -9.022727 4.960000 -9.680000
      vertex -9.022727 22.560000 -9.680000
      vertex -10.068182 22.560000 -9.680000
    endloop
  endfacet
  facet normal 0.000000 0.000000 1.000000
    outer loop
      vertex -9.022727 4.960000 -9.680000
      vertex -10.068182 22.560000 -9.680000
      vertex -10.068182 4.960000 -9.680000
    endloop
  endfacet
  facet normal -1.000000 0.000000 0.000000
    outer loop
      vertex -9.022727 4.960000 -0.320000
      vertex -9.022727 22.560000 -0.320000
      vertex -9.022727 22.560000 -9.680000
    endloop
  endfacet
  facet normal -1.000000 0.000000 0.000000
    outer loop
      vertex -9.022727 4.960000 -0.320000
      vertex -9.022727 22.560000 -9.680000
      vertex -9.022727 4.960000 -9.680000
    endloop
  endfacet
  facet normal 1.000000 0.000000 0.000000
    outer loop
      vertex -10.068182 4.960000 -9.680000
      vertex -10.068182 22.560000 -9.680000
      vertex -10.068182 22.560000 -0.320000
    endloop
  endfacet
  facet normal 1.000000 0.000000 0.000000
    outer loop
      vertex -10.068182 4.960000 -9.680000
      vertex -10.068182 22.560000 -0.320000
      vertex -10.068182 4.960000 -0.320000
    endloop
  endfacet
  facet normal 0.000000 -1.000000 0.000000
    outer loop
      vertex -8.159091 22.560000 -9.680000
      vertex -7.113636 22.560000 -9.680000
      vertex -7.113636 22.560000 -0.320000
    endloop
  endfacet
  facet normal 0.000000 -1.000000 0.000000
    outer loop
      vertex -8.159091 22.560000 -9.680000
      vertex -7.113636 22.560000 -0.320000
      vertex -8.159091 22.560000 -0.320000
    endloop
  endfacet
  facet normal 0.000000 1.000000 0.000000
    outer loop
      vertex -8.159091 4.960000 -0.320000
      vertex -7.113636 4.960000 -0.320000
      vertex -7.113636 4.960000 -9.680000
    endloop
  endfacet
  facet normal 0.000000 1.000000 0.000000
    outer loop
      vertex -8.159091 4.960000 -0.320000
      vertex -7.113636 4.960000 -9.680000
      vertex -8.159091 4.960000 -9.680000
    endloop
  endfacet
  facet normal 0.000000 0.000000 -1.000000
    outer loop
      vertex -8.159091 22.560000 -0.320000
      vertex -7.113636 22.560000 -0.320000
      vertex -7.113636 4.960000 -0.320000
    endloop
  endfacet
  facet normal 0.000000 0.000000 -1.000000
    outer loop
      vertex -8.159091 22.560000 -0.320000
      vertex -7.113636 4.960000 -0.320000
      vertex -8.159091 4.960000 -0.320000
    endloop
  endfacet
  facet normal 0.000000 0.000000 1.000000
    outer loop
      vertex -7.113636 4.960000 -9.680000
      vertex -7.113636 22.560000 -9.680000
      vertex -8.159091 22.560000 -9.680000
    endloop
  endfacet
  facet normal 0.000000 0.000000 1.000000
    outer loop
      vertex -7.113636 4.960000 -9.680000
      vertex -8.159091 22.560000 -9.680000
      vertex -8.159091 4.960000 -9.680000
    endloop
  endfacet
  facet normal -1.000000 0.000000 0.000000
    outer loop
      vertex -7.113636 4.960000 -0.320000
      vertex -7.113636 22.560000 -0.320000
      vertex -7.113636 22.560000 -9.680000
    endloop
  endfacet
  facet normal -1.000000 0.000000 0.000000
    outer loop
      vertex -7.113636 4.960000 -0.320000
      vertex -7.113636 22.560000 -9.680000
      vertex -7.113636 4.960000 -9.680000
    endloop
  endfacet
  facet normal 1.000000 0.000000 0.000000
    outer loop
      vertex -8.159091 4.960000 -9.680000
      vertex -8.159091 22.560000 -9.680000
      vertex -8.159091 22.560000 -0.320000
    endloop
  endfacet
  facet normal 1.000000 0.000000 0.000000
    outer loop
      vertex -8.159091 4.960000 -9.680000
      vertex -8.159091 22.560000 -0.320000
      vertex -8.159091 4.960000 -0.320000
    endloop
  endfacet
  facet normal 0.000000 -1.000000 0.000000
    outer loop
      vertex -6.250000 22.560000 -9.680000
      vertex -5.204545 22.560000 -9.680000
      vertex -5.204545 22.560000 -0.320000
    endloop
  endfacet
  facet normal 0.000000 -1.000000 0.000000
    outer loop
      vertex -6.250000 22.560000 -9.680000
      vertex -5.204545 22.560000 -0.320000
      vertex -6.250000 22.560000 -0.320000
    endloop
  endfacet
  facet normal 0.000000 1.000000 0.000000
    outer loop
      vertex -6.250000 4.960000 -0.320000
      vertex -5.204545 4.960000 -0.320000
      vertex -5.204545 4.960000 -9.680000
    endloop
  endfacet
  facet normal 0.000000 1.000000 0.000000
    outer loop
      vertex -6.250000 4.960000 -0.320000
      vertex -5.204545 4.960000 -9.680000
      vertex -6.250000 4.960000 -9.680000
    endloop
  endfacet
  facet normal 0.000000 0.000000 -1.000000
    outer loop
      vertex -6.250000 22.560000 -0.320000
      vertex -5.204545 22.560000 -0.320000
      vertex -5.204545 4.960000 -0.320000
    endloop
  endfacet
  facet normal 0.000000 0.000000 -1.000000
    outer loop
      vertex -6.250000 22.560000 -0.320000
      vertex -5.204545 4.960000 -0.320000
      vertex -6.250000 4.960000 -0.320000
    endloop
  endfacet
  facet normal 0.000000 0.000000 1.000000
    outer loop
      vertex -5.204545 4.960000 -9.680000
      vertex -5.204545 22.560000 -9.680000
      vertex -6.250000 22.560000 -9.680000
    endloop
  endfacet
  facet normal 0.000000 0.000000 1.000000
    outer loop
      vertex -5.204545 4.960000 -9.680000
      vertex -6.250000 22.560000 -9.680000
      vertex -6.250000 4.960000 -9.680000
    endloop
  endfacet
  facet normal -1.000000 0.000000 0.000000
    outer loop
      vertex -5.204545 4.960000 -0.320000
      vertex -5.204545 22.560000 -0.320000
      vertex -5.204545 22.560000 -9.680000
    endloop
  endfacet
  facet normal -1.000000 0.000000 0.000000
    outer loop
      vertex -5.204545 4.960000 -0.320000
      vertex -5.204545 22.560000 -9.680000
      vertex -5.204545 4.960000 -9.680000
    endloop
  endfacet
  facet normal 1.000000 0.000000 0.000000
    outer loop
      vertex -6.250000 4.960000 -9.680000
      vertex -6.250000 22.560000 -9.680000
      vertex -6.250000 22.560000 -0.320000
    endloop
  endfacet
  facet normal 1.000000 0.000000 0.000000
    outer loop
      vertex -6.250000 4.960000 -9.680000
      vertex -6.250000 22.560000 -0.320000
      vertex -6.250000 4.960000 -0.320000
    endloop
  endfacet
  facet normal 0.000000 -1.000000 0.000000
    outer loop
      vertex -4.340909 22.560000 -9.680000
      vertex -3.295455 22.560000 -9.680000
      vertex -3.295455 22.560000 -0.320000
    endloop
  endfacet
  facet normal 0.000000 -1.000000 0.000000
    outer loop
      vertex -4.340909 22.560000 -9.680000
      vertex -3.295455 22.560000 -0.320000
      vertex -4.340909 22.560000 -0.320000
    endloop
  endfacet
  facet normal 0.000000 1.000000 0.000000
    outer loop
      vertex -4.340909 4.960000 -0.320000
      vertex -3.295455 4.960000 -0.320000
      vertex -3.295455 4.960000 -9.680000
    endloop
  endfacet
  facet normal 0.000000 1.000000 0.000000
    outer loop
      vertex -4.340909 4.960000 -0.320000
      vertex -3.295455 4.960000 -9.680000
      vertex -4.340909 4.960000 -9.680000
    endloop
  endfacet
  facet normal 0.000000 0.000000 -1.000000
    outer loop
      vertex -4.340909 22.560000 -0.320000
      vertex -3.295455 22.560000 -0.320000
      vertex -3.295455 4.960000 -0.320000
    endloop
  endfacet
  facet normal 0.000000 0.000000 -1.000000
    outer loop
      vertex -4.340909 22.560000 -0.320000
      vertex -3.295455 4.960000 -0.320000
      vertex -4.340909 4.960000 -0.320000
    endloop
  endfacet
  facet normal 0.000000 0.000000 1.000000
    outer loop
      vertex -3.295455 4.960000 -9.680000
      vertex -3.295455 22.560000 -9.680000
      vertex -4.340909 22.560000 -9.680000
    endloop
  endfacet
  facet normal 0.000000 0.000000 1.000000
    outer loop
      vertex -3.295455 4.960000 -9.680000
      vertex -4.340909 22.560000 -9.680000
      vertex -4.340909 4.960000 -9.680000
    endloop
  endfacet
  facet normal -1.000000 0.000000 0.000000
    outer loop
      vertex -3.295455 4.960000 -0.320000
      vertex -3.295455 22.560000 -0.320000
      vertex -3.295455 22.560000 -9.680000
    endloop
  endfacet
  facet normal -1.000000 0.000000 0.000000
    outer loop
      vertex -3.295455 4.960000 -0.320000
      vertex -3.295455 22.560000 -9.680000
      vertex -3.295455 4.960000 -9.680000
    endloop
  endfacet
  facet normal 1.000000 0.000000 0.000000
    outer loop
      vertex -4.340909 4.960000 -9.680000
      vertex -4.340909 22.560000 -9.680000
      vertex -4.340909 22.560000 -0.320000
    endloop
  endfacet
  facet normal 1.000000 0.000000 0.000000
    outer loop
      vertex -4.340909 4.960000 -9.680000
      vertex -4.340909 22.560000 -0.320000
      vertex -4.340909 4.960000 -0.320000
    endloop
  endfacet
  facet normal 0.000000 -1.000000 0.000000
    outer loop
      vertex -2.431818 22.560000 -9.680000
      vertex -1.386364 22.560000 -9.680000
      vertex -1.386364 22.560000 -0.320000
    endloop
  endfacet
  facet normal 0.000000 -1.000000 0.000000
    outer loop
      vertex -2.431818 22.560000 -9.680000
      vertex -1.386364 22.560000 -0.320000
      vertex -2.431818 22.560000 -0.320000
    endloop
  endfacet
  facet normal 0.000000 1.000000 0.000000
    outer loop
      vertex -2.431818 4.960000 -0.320000
      vertex -1.386364 4.960000 -0.320000
      vertex -1.386364 4.960000 -9.680000
    endloop
  endfacet
  facet normal 0.000000 1.000000 0.000000
    outer loop
      vertex -2.431818 4.960000 -0.320000
      vertex -1.386364 4.960000 -9.680000
      vertex -2.431818 4.960000 -9.680000
    endloop
  endfacet
  facet normal 0.000000 0.000000 -1.000000
    outer loop
      vertex -2.431818 22.560000 -0.320000
      vertex -1.386364 22.560000 -0.320000
      vertex -1.386364 4.960000 -0.320000
    endloop
  endfacet
  facet normal 0.000000 0.000000 -1.000000
    outer loop
      vertex -2.431818 22.560000 -0.320000
      vertex -1.386364 4.960000 -0.320000
      vertex -2.431818 4.960000 -0.320000
    endloop
  endfacet
  facet normal 0.000000 0.000000 1.000000
    outer loop
      vertex -1.386364 4.960000 -9.680000
      vertex -1.386364 22.560000 -9.680000
      vertex -2.431818 22.560000 -9.680000
    endloop
  endfacet
  facet normal 0.000000 0.000000 1.000000
    outer loop
      vertex -1.386364 4.960000 -9.680000
      vertex -2.431818 22.560000 -9.680000
      vertex -2.431818 4.960000 -9.680000
    endloop
  endfacet
  facet normal -1.000000 0.000000 0.000000
    outer loop
      vertex -1.386364 4.960000 -0.320000
      vertex -1.386364 22.560000 -0.320000
      vertex -1.386364 22.560000 -9.680000
    endloop
  endfacet
  facet normal -1.000000 0.000000 0.000000
    outer loop
      vertex -1.386364 4.960000 -0.320000
      vertex -1.386364 22.560000 -9.680000
      vertex -1.386364 4.960000 -9.680000
    endloop
  endfacet
  facet normal 1.000000 0.000000 0.000000
    outer loop
      vertex -2.431818 4.960000 -9.680000
      vertex -2.431818 22.560000 -9.680000
      vertex -2.431818 22.560000 -0.320000
    endloop
  endfacet
  facet normal 1.000000 0.000000 0.000000
    outer loop
      vertex -2.431818 4.960000 -9.680000
      vertex -2.431818 22.560000 -0.320000
      vertex -2.431818 4.960000 -0.320000
    endloop
  endfacet
  facet normal 0.000000 -1.000000 0.000000
    outer loop
      vertex -0.522727 22.560000 -9.680000
      vertex 0.522727 22.560000 -9.680000
      vertex 0.522727 22.560000 -0.320000
    endloop
  endfacet
  facet normal 0.000000 -1.000000 0.000000
    outer loop
      vertex -0.522727 22.560000 -9.680000
      vertex 0.522727 22.560000 -0.320000
      vertex -0.522727 22.560000 -0.320000
    endloop
  endfacet
  facet normal 0.000000 1.000000 0.000000
    outer loop
      vertex -0.522727 4.960000 -0.320000
      vertex 0.522727 4.960000 -0.320000
      vertex 0.522727 4.960000 -9.680000
    endloop
  endfacet
  facet normal 0.000000 1.000000 0.000000
    outer loop
      vertex -0.522727 4.960000 -0.320000
      vertex 0.522727 4.960000 -9.680000
      vertex -0.522727 4.960000 -9.680000
    endloop
  endfacet
  facet normal 0.000000 0.000000 -1.000000
    outer loop
      vertex -0.522727 22.560000 -0.320000
      vertex 0.522727 22.560000 -0.320000
      vertex 0.522727 4.960000 -0.320000
    endloop
  endfacet
  facet normal 0.000000 0.000000 -1.000000
    outer loop
      vertex -0.522727 22.560000 -0.320000
      vertex 0.522727 4.960000 -0.320000
      vertex -0.522727 4.960000 -0.320000
    endloop
  endfacet
  facet normal 0.000000 0.000000 1.000000
    outer loop
      vertex 0.522727 4.960000 -9.680000
      vertex 0.522727 22.560000 -9.680000
      vertex -0.522727 22.560000 -9.680000
    endloop
  endfacet
  facet normal 0.000000 0.000000 1.000000
    outer loop
      vertex 0.522727 4.960000 -9.680000
      vertex -0.522727 22.560000 -9.680000
      vertex -0.522727 4.960000 -9.680000
    endloop
  endfacet
  facet normal -1.000000 0.000000 0.000000
    outer loop
      vertex 0.522727 4.960000 -0.320000
      vertex 0.522727 22.560000 -0.320000
      vertex 0.522727 22.560000 -9.680000
    endloop
  endfacet
  facet normal -1.000000 0.000000 0.000000
    outer loop
      vertex 0.522727 4.960000 -0.320000
      vertex 0.522727 22.560000 -9.680000
      vertex 0.522727 4.960000 -9.680000
    endloop
  endfacet
  facet normal 1.000000 0.000000 0.000000
    outer loop
      vertex -0.522727 4.960000 -9.680000
      vertex -0.522727 22.560000 -9.680000
      vertex -0.522727 22.560000 -0.320000
    endloop
  endfacet
  facet normal 1.000000 0.000000 0.000000
    outer loop
      vertex -0.522727 4.960000 -9.680000
      vertex -0.522727 22.560000 -0.320000
      vertex -0.522727 4.960000 -0.320000
    endloop
  endfacet
  facet normal 0.000000 -1.000000 0.000000
    outer loop
      vertex 1.386364 22.560000 -9.680000
      vertex 2.431818 22.560000 -9.680000
      vertex 2.431818 22.560000 -0.320000
    endloop
  endfacet
  facet normal 0.000000 -1.000000 0.000000
    outer loop
      vertex 1.386364 22.560000 -9.680000
      vertex 2.431818 22.560000 -0.320000
      vertex 1.386364 22.560000 -0.320000
    endloop
  endfacet
  facet normal 0.000000 1.000000 0.000000
    outer loop
      vertex 1.386364 4.960000 -0.320000
      vertex 2.431818 4.960000 -0.320000
      vertex 2.431818 4.960000 -9.680000
    endloop
  endfacet
  facet normal 0.000000 1.000000 0.000000
    outer loop
      vertex 1.386364 4.960000 -0.320000
      vertex 2.431818 4.960000 -9.680000
      vertex 1.386364 4.960000 -9.680000
    endloop
  endfacet
  facet normal 0.000000 0.000000 -1.000000
    outer loop
      vertex 1.386364 22.560000 -0.320000
      vertex 2.431818 22.560000 -0.320000
      vertex 2.431818 4.960000 -0.320000
    endloop
  endfacet
  facet normal 0.000000 0.000000 -1.000000
    outer loop
      vertex 1.386364 22.560000 -0.320000
      vertex 2.431818 4.960000 -0.320000
      vertex 1.386364 4.960000 -0.320000
    endloop
  endfacet
  facet normal 0.000000 0.000000 1.000000
    outer loop
      vertex 2.431818 4.960000 -9.680000
      vertex 2.431818 22.560000 -9.680000
      vertex 1.386364 22.560000 -9.680000
    endloop
  endfacet
  facet normal 0.000000 0.000000 1.000000
    outer loop
      vertex 2.431818 4.960000 -9.680000
      vertex 1.386364 22.560000 -9.680000
      vertex 1.386364 4.960000 -9.680000
    endloop
  endfacet
  facet normal -1.000000 0.000000 0.000000
    outer loop
      vertex 2.431818 4.960000 -0.320000
      vertex 2.431818 22.560000 -0.320000
      vertex 2.431818 22.560000 -9.680000
    endloop
  endfacet
  facet normal -1.000000 0.000000 0.000000
    outer loop
      vertex 2.431818 4.960000 -0.320000
      vertex 2.431818 22.560000 -9.680000
      vertex 2.431818 4.960000 -9.680000
    endloop
  endfacet
  facet normal 1.000000 0.000000 0.000000
    outer loop
      vertex 1.386364 4.960000 -9.680000
      vertex 1.386364 22.560000 -9.680000
      vertex 1.386364 22.560000 -0.320000
    endloop
  endfacet
  facet normal 1.000000 0.000000 0.000000
    outer loop
      vertex 1.386364 4.960000 -9.680000
      vertex 1.386364 22.560000 -0.320000
      vertex 1.386364 4.960000 -0.320000
    endloop
  endfacet
  facet normal 0.000000 -1.000000 0.000000
    outer loop
      vertex 3.295455 22.560000 -9.680000
      vertex 4.340909 22.560000 -9.680000
      vertex 4.340909 22.560000 -0.320000
    endloop
  endfacet
  facet normal 0.000000 -1.000000 0.000000
    outer loop
      vertex 3.295455 22.560000 -9.680000
      vertex 4.340909 22.560000 -0.320000
      vertex 3.295455 22.560000 -0.320000
    endloop
  endfacet
  facet normal 0.000000 1.000000 0.000000
    outer loop
      vertex 3.295455 4.960000 -0.320000
      vertex 4.340909 4.960000 -0.320000
      vertex 4.340909 4.960000 -9.680000
    endloop
  endfacet
  facet normal 0.000000 1.000000 0.000000
    outer loop
      vertex 3.295455 4.960000 -0.320000
      vertex 4.340909 4.960000 -9.680000
      vertex 3.295455 4.960000 -9.680000
    endloop
  endfacet
  facet normal 0.000000 0.000000 -1.000000
    outer loop
      vertex 3.295455 22.560000 -0.320000
      vertex 4.340909 22.560000 -0.320000
      vertex 4.340909 4.960000 -0.320000
    endloop
  endfacet
  facet normal 0.000000 0.000000 -1.000000
    outer loop
      vertex 3.295455 22.560000 -0.320000
      vertex 4.340909 4.960000 -0.320000
      vertex 3.295455 4.960000 -0.320000
    endloop
  endfacet
  facet normal 0.000000 0.000000 1.000000
    outer loop
      vertex 4.340909 4.960000 -9.680000
      vertex 4.340909 22.560000 -9.680000
      vertex 3.295455 22.560000 -9.680000
    endloop
  endfacet
  facet normal 0.000000 0.000000 1.000000
    outer loop
      vertex 4.340909 4.960000 -9.680000
      vertex 3.295455 22.560000 -9.680000
      vertex 3.295455 4.960000 -9.680000
    endloop
  endfacet
  facet normal -1.000000 0.000000 0.000000
    outer loop
      vertex 4.340909 4.960000 -0.320000
      vertex 4.340909 22.560000 -0.320000
      vertex 4.340909 22.560000 -9.680000
    endloop
  endfacet
  facet normal -1.000000 0.000000 0.000000
    outer loop
      vertex 4.340909 4.960000 -0.320000
      vertex 4.340909 22.560000 -9.680000
      vertex 4.340909 4.960000 -9.680000
    endloop
  endfacet
  facet normal 1.000000 0.000000 0.000000
    outer loop
      vertex 3.295455 4.960000 -9.680000
      vertex 3.295455 22.560000 -9.680000
      vertex 3.295455 22.560000 -0.320000
    endloop
  endfacet
  facet normal 1.000000 0.000000 0.000000
    outer loop
      vertex 3.295455 4.960000 -9.680000
      vertex 3.295455 22.560000 -0.320000
      vertex 3.295455 4.960000 -0.320000
    endloop
  endfacet
  facet normal 0.000000 -1.000000 0.000000
    outer loop
      vertex 5.204545 22.560000 -9.680000
      vertex 6.250000 22.560000 -9.680000
      vertex 6.250000 22.560000 -0.320000
    endloop
  endfacet
  facet normal 0.000000 -1.000000 0.000000
    outer loop
      vertex 5.204545 22.560000 -9.680000
      vertex 6.250000 22.560000 -0.320000
      vertex 5.204545 22.560000 -0.320000
    endloop
  endfacet
  facet normal 0.000000 1.000000 0.000000
    outer loop
      vertex 5.204545 4.960000 -0.320000
      vertex 6.250000 4.960000 -0.320000
      vertex 6.250000 4.960000 -9.680000
    endloop
  endfacet
  facet normal 0.000000 1.000000 0.000000
    outer loop
      vertex 5.204545 4.960000 -0.320000
      vertex 6.250000 4.960000 -9.680000
      vertex 5.204545 4.960000 -9.680000
    endloop
  endfacet
  facet normal 0.000000 0.000000 -1.000000
    outer loop
      vertex 5.204545 22.560000 -0.320000
      vertex 6.250000 22.560000 -0.320000
      vertex 6.250000 4.960000 -0.320000
    endloop
  endfacet
  facet normal 0.000000 0.000000 -1.000000
    outer loop
      vertex 5.204545 22.560000 -0.320000
      vertex 6.250000 4.960000 -0.320000
      vertex 5.204545 4.960000 -0.320000
    endloop
  endfacet
  facet normal 0.000000 0.000000 1.000000
    outer loop
      vertex 6.250000 4.960000 -9.680000
      vertex 6.250000 22.560000 -9.680000
      vertex 5.204545 22.560000 -9.680000
    endloop
  endfacet
  facet normal 0.000000 0.000000 1.000000
    outer loop
      vertex 6.250000 4.960000 -9.680000
      vertex 5.204545 22.560000 -9.680000
      vertex 5.204545 4.960000 -9.680000
    endloop
  endfacet
  facet normal -1.000000 0.000000 0.000000
    outer loop
      vertex 6.250000 4.960000 -0.320000
      vertex 6.250000 22.560000 -0.320000
      vertex 6.250000 22.560000 -9.680000
    endloop
  endfacet
  facet normal -1.000000 0.000000 0.000000
    outer loop
      vertex 6.250000 4.960000 -0.320000
      vertex 6.250000 22.560000 -9.680000
      vertex 6.250000 4.960000 -9.680000
    endloop
  endfacet
  facet normal 1.000000 0.000000 0.000000
    outer loop
      vertex 5.204545 4.960000 -9.680000
      vertex 5.204545 22.560000 -9.680000
      vertex 5.204545 22.560000 -0.320000
    endloop
  endfacet
  facet normal 1.000000 0.000000 0.000000
    outer loop
      vertex 5.204545 4.960000 -9.680000
      vertex 5.204545 22.560000 -0.320000
      vertex 5.204545 4.960000 -0.320000
    endloop
  endfacet
  facet normal 0.000000 -1.000000 0.000000
    outer loop
      vertex 7.113636 22.560000 -9.680000
      vertex 8.159091 22.560000 -9.680000
      vertex 8.159091 22.560000 -0.320000
    endloop
  endfacet
  facet normal 0.000000 -1.000000 0.000000
    outer loop
      vertex 7.113636 22.560000 -9.680000
      vertex 8.159091 22.560000 -0.320000
      vertex 7.113636 22.560000 -0.320000
    endloop
  endfacet
  facet normal 0.000000 1.000000 0.000000
    outer loop
      vertex 7.113636 4.960000 -0.320000
      vertex 8.159091 4.960000 -0.320000
      vertex 8.159091 4.960000 -9.680000
    endloop
  endfacet
  facet normal 0.000000 1.000000 0.000000
    outer loop
      vertex 7.113636 4.960000 -0.320000
      vertex 8.159091 4.960000 -9.680000
      vertex 7.113636 4.960000 -9.680000
    endloop
  endfacet
  facet normal 0.000000 0.000000 -1.000000
    outer loop
      vertex 7.113636 22.560000 -0.320000
      vertex 8.159091 22.560000 -0.320000
      vertex 8.159091 4.960000 -0.320000
    endloop
  endfacet
  facet normal 0.000000 0.000000 -1.000000
    outer loop
      vertex 7.113636 22.560000 -0.320000
      vertex 8.159091 4.960000 -0.320000
      vertex 7.113636 4.960000 -0.320000
    endloop
  endfacet
  facet normal 0.000000 0.000000 1.000000
    outer loop
      vertex 8.159091 4.960000 -9.680000
      vertex 8.159091 22.560000 -9.680000
      vertex 7.113636 22.560000 -9.680000
    endloop
  endfacet
  facet normal 0.000000 0.000000 1.000000
    outer loop
      vertex 8.159091 4.960000 -9.680000
      vertex 7.113636 22.560000 -9.680000
      vertex 7.113636 4.960000 -9.680000
    endloop
  endfacet
  facet normal -1.000000 0.000000 0.000000
    outer loop
      vertex 8.159091 4.960000 -0.320000
      vertex 8.159091 22.560000 -0.320000
      vertex 8.159091 22.560000 -9.680000
    endloop
  endfacet
  facet normal -1.000000 0.000000 0.000000
    outer loop
      vertex 8.159091 4.960000 -0.320000
      vertex 8.159091 22.560000 -9.680000
      vertex 8.159091 4.960000 -9.680000
    endloop
  endfacet
  facet normal 1.000000 0.000000 0.000000
    outer loop
      vertex 7.113636 4.960000 -9.680000
      vertex 7.113636 22.560000 -9.680000
      vertex 7.113636 22.560000 -0.320000
    endloop
  endfacet
  facet normal 1.000000 0.000000 0.000000
    outer loop
      vertex 7.113636 4.960000 -9.680000
      vertex 7.113636 22.560000 -0.320000
      vertex 7.113636 4.960000 -0.320000
    endloop
  endfacet
  facet normal 0.000000 -1.000000 0.000000
    outer loop
      vertex 9.022727 22.560000 -9.680000
      vertex 10.068182 22.560000 -9.680000
      vertex 10.068182 22.560000 -0.320000
    endloop
  endfacet
  facet normal 0.000000 -1.000000 0.000000
    outer loop
      vertex 9.022727 22.560000 -9.680000
      vertex 10.068182 22.560000 -0.320000
      vertex 9.022727 22.560000 -0.320000
    endloop
  endfacet
  facet normal 0.000000 1.000000 0.000000
    outer loop
      vertex 9.022727 4.960000 -0.320000
      vertex 10.068182 4.960000 -0.320000
      vertex 10.068182 4.960000 -9.680000
    endloop
  endfacet
  facet normal 0.000000 1.000000 0.000000
    outer loop
      vertex 9.022727 4.960000 -0.320000
      vertex 10.068182 4.960000 -9.680000
      vertex 9.022727 4.960000 -9.680000
    endloop
  endfacet
  facet normal 0.000000 0.000000 -1.000000
    outer loop
      vertex 9.022727 22.560000 -0.320000
      vertex 10.068182 22.560000 -0.320000
      vertex 10.068182 4.960000 -0.320000
    endloop
  endfacet
  facet normal 0.000000 0.000000 -1.000000
    outer loop
      vertex 9.022727 22.560000 -0.320000
      vertex 10.068182 4.960000 -0.320000
      vertex 9.022727 4.960000 -0.320000
    endloop
  endfacet
  facet normal 0.000000 0.000000 1.000000
    outer loop
      vertex 10.068182 4.960000 -9.680000
      vertex 10.068182 22.560000 -9.680000
      vertex 9.022727 22.560000 -9.680000
    endloop
  endfacet
  facet normal 0.000000 0.000000 1.000000
    outer loop
      vertex 10.068182 4.960000 -9.680000
      vertex 9.022727 22.560000 -9.680000
      vertex 9.022727 4.960000 -9.680000
    endloop
  endfacet
  facet normal -1.000000 0.000000 0.000000
    outer loop
      vertex 10.068182 4.960000 -0.320000
      vertex 10.068182 22.560000 -0.320000
      vertex 10.068182 22.560000 -9.680000
    endloop
  endfacet
  facet normal -1.000000 0.000000 0.000000
    outer loop
      vertex 10.068182 4.960000 -0.320000
      vertex 10.068182 22.560000 -9.680000
      vertex 10.068182 4.960000 -9.680000
    endloop
  endfacet
  facet normal 1.000000 0.000000 0.000000
    outer loop
      vertex 9.022727 4.960000 -9.680000
      vertex 9.022727 22.560000 -9.680000
      vertex 9.022727 22.560000 -0.320000
    endloop
  endfacet
  facet normal 1.000000 0.000000 0.000000
    outer loop
      vertex 9.022727 4.960000 -9.680000
      vertex 9.022727 22.560000 -0.320000
      vertex 9.022727 4.960000 -0.320000
    endloop
  endfacet
  facet normal 0.000000 -1.000000 0.000000
    outer loop
      vertex -23.500000 10.500000 6.000000
      vertex -8.500000 10.500000 6.000000
      vertex -8.500000 10.500000 14.000000
    endloop
  endfacet
  facet normal 0.000000 -1.000000 0.000000
    outer loop
      vertex -23.500000 10.500000 6.000000
      vertex -8.500000 10.500000 14.000000
      vertex -23.500000 10.500000 14.000000
    endloop
  endfacet
  facet normal 0.000000 1.000000 0.000000
    outer loop
      vertex -23.500000 0.500000 14.000000
      vertex -8.500000 0.500000 14.000000
      vertex -8.500000 0.500000 6.000000
    endloop
  endfacet
  facet normal 0.000000 1.000000 0.000000
    outer loop
      vertex -23.500000 0.500000 14.000000
      vertex -8.500000 0.500000 6.000000
      vertex -23.500000 0.500000 6.000000
    endloop
  endfacet
  facet normal 0.000000 0.000000 -1.000000
    outer loop
      vertex -23.500000 10.500000 14.000000
      vertex -8.500000 10.500000 14.000000
      vertex -8.500000 0.500000 14.000000
    endloop
  endfacet
  facet normal 0.000000 0.000000 -1.000000
    outer loop
      vertex -23.500000 10.500000 14.000000
      vertex -8.500000 0.500000 14.000000
      vertex -23.500000 0.500000 14.000000
    endloop
  endfacet
  facet normal 0.000000 0.000000 1.000000
    outer loop
      vertex -8.500000 0.500000 6.000000
      vertex -8.500000 10.500000 6.000000
      vertex -23.500000 10.500000 6.000000
    endloop
  endfacet
  facet normal 0.000000 0.000000 1.000000
    outer loop
      vertex -8.500000 0.500000 6.000000
      vertex -23.500000 10.500000 6.000000
      vertex -23.500000 0.500000 6.000000
    endloop
  endfacet
  facet normal -1.000000 0.000000 0.000000
    outer loop
      vertex -8.500000 0.500000 14.000000
      vertex -8.500000 10.500000 14.000000
      vertex -8.500000 10.500000 6.000000
    endloop
  endfacet
  facet normal -1.000000 0.000000 0.000000
    outer loop
      vertex -8.500000 0.500000 14.000000
      vertex -8.500000 10.500000 6.000000
      vertex -8.500000 0.500000 6.000000
    endloop
  endfacet
  facet normal 1.000000 0.000000 0.000000
    outer loop
      vertex -23.500000 0.500000 6.000000
      vertex -23.500000 10.500000 6.000000
      vertex -23.500000 10.500000 14.000000
    endloop
  endfacet
  facet normal 1.000000 0.000000 0.000000
    outer loop
      vertex -23.500000 0.500000 6.000000
      vertex -23.500000 10.500000 14.000000
      vertex -23.500000 0.500000 14.000000
    endloop
  endfacet
  facet normal 0.000000 -1.000000 0.000000
    outer loop
      vertex -23.000000 10.500000 -16.500000
      vertex -13.000000 10.500000 -16.500000
      vertex -13.000000 10.500000 -8.500000
    endloop
  endfacet
  facet normal 0.000000 -1.000000 0.000000
    outer loop
      vertex -23.000000 10.500000 -16.500000
      vertex -13.000000 10.500000 -8.500000
      vertex -23.000000 10.500000 -8.500000
    endloop
  endfacet
  facet normal 0.000000 1.000000 0.000000
    outer loop
      vertex -23.000000 0.500000 -8.500000
      vertex -13.000000 0.500000 -8.500000
      vertex -13.000000 0.500000 -16.500000
    endloop
  endfacet
  facet normal 0.000000 1.000000 0.000000
    outer loop
      vertex -23.000000 0.500000 -8.500000
      vertex -13.000000 0.500000 -16.500000
      vertex -23.000000 0.500000 -16.500000
    endloop
  endfacet
  facet normal 0.000000 0.000000 -1.000000
    outer loop
      vertex -23.000000 10.500000 -8.500000
      vertex -13.000000 10.500000 -8.500000
      vertex -13.000000 0.500000 -8.500000
    endloop
  endfacet
  facet normal 0.000000 0.000000 -1.000000
    outer loop
      vertex -23.000000 10.500000 -8.500000
      vertex -13.000000 0.500000 -8.500000
      vertex -23.000000 0.500000 -8.500000
    endloop
  endfacet
  facet normal 0.000000 0.000000 1.000000
    outer loop
      vertex -13.000000 0.500000 -16.500000
      vertex -13.000000 10.500000 -16.500000
      vertex -23.000000 10.500000 -16.500000
    endloop
  endfacet
  facet normal 0.000000 0.000000 1.000000
    outer loop
      vertex -13.000000 0.500000 -16.500000
      vertex -23.000000 10.500000 -16.500000
      vertex -23.000000 0.500000 -16.500000
    endloop
  endfacet
  facet normal -1.000000 0.000000 0.000000
    outer loop
      vertex -13.000000 0.500000 -8.500000
      vertex -13.000000 10.500000 -8.500000
      vertex -13.000000 10.500000 -16.500000
    endloop
  endfacet
  facet normal -1.000000 0.000000 0.000000
    outer loop
      vertex -13.000000 0.500000 -8.500000
      vertex -13.000000 10.500000 -16.500000
      vertex -13.000000 0.500000 -16.500000
    endloop
  endfacet
  facet normal 1.000000 0.000000 0.000000
    outer loop
      vertex -23.000000 0.500000 -16.500000
      vertex -23.000000 10.500000 -16.500000
      vertex -23.000000 10.500000 -8.500000
    endloop
  endfacet
  facet normal 1.000000 0.000000 0.000000
    outer loop
      vertex -23.000000 0.500000 -16.500000
      vertex -23.000000 10.500000 -8.500000
      vertex -23.000000 0.500000 -8.500000
    endloop
  endfacet
  facet normal 0.000000 -1.000000 0.000000
    outer loop
      vertex 13.000000 10.500000 -16.500000
      vertex 23.000000 10.500000 -16.500000
      vertex 23.000000 10.500000 -8.500000
    endloop
  endfacet
  facet normal 0.000000 -1.000000 0.000000
    outer loop
      vertex 13.000000 10.500000 -16.500000
      vertex 23.000000 10.500000 -8.500000
      vertex 13.000000 10.500000 -8.500000
    endloop
  endfacet
  facet normal 0.000000 1.000000 0.000000
    outer loop
      vertex 13.000000 0.500000 -8.500000
      vertex 23.000000 0.500000 -8.500000
      vertex 23.000000 0.500000 -16.500000
    endloop
  endfacet
  facet normal 0.000000 1.000000 0.000000
    outer loop
      vertex 13.000000 0.500000 -8.500000
      vertex 23.000000 0.500000 -16.500000
      vertex 13.000000 0.500000 -16.500000
    endloop
  endfacet
  facet normal 0.000000 0.000000 -1.000000
    outer loop
      vertex 13.000000 10.500000 -8.500000
      vertex 23.000000 10.500000 -8.500000
      vertex 23.000000 0.500000 -8.500000
    endloop
  endfacet
  facet normal 0.000000 0.000000 -1.000000
    outer loop
      vertex 13.000000 10.500000 -8.500000
      vertex 23.000000 0.500000 -8.500000
      vertex 13.000000 0.500000 -8.500000
    endloop
  endfacet
  facet normal 0.000000 0.000000 1.000000
    outer loop
      vertex 23.000000 0.500000 -16.500000
      vertex 23.000000 10.500000 -16.500000
      vertex 13.000000 10.500000 -16.500000
    endloop
  endfacet
  facet normal 0.000000 0.000000 1.000000
    outer loop
      vertex 23.000000 0.500000 -16.500000
      vertex 13.000000 10.500000 -16.500000
      vertex 13.000000 0.500000 -16.500000
    endloop
  endfacet
  facet normal -1.000000 0.000000 0.000000
    outer loop
      vertex 23.000000 0.500000 -8.500000
      vertex 23.000000 10.500000 -8.500000
      vertex 23.000000 10.500000 -16.500000
    endloop
  endfacet
  facet normal -1.000000 0.000000 0.000000
    outer loop
      vertex 23.000000 0.500000 -8.500000
      vertex 23.000000 10.500000 -16.500000
      vertex 23.000000 0.500000 -16.500000
    endloop
  endfacet
  facet normal 1.000000 0.000000 0.000000
    outer loop
      vertex 13.000000 0.500000 -16.500000
      vertex 13.000000 10.500000 -16.500000
      vertex 13.000000 10.500000 -8.500000
    endloop
  endfacet
  facet normal 1.000000 0.000000 0.000000
    outer loop
      vertex 13.000000 0.500000 -16.500000
      vertex 13.000000 10.500000 -8.500000
      vertex 13.000000 0.500000 -8.500000
    endloop
  endfacet
  facet normal 0.000000 -1.000000 0.000000
    outer loop
      vertex -8.000000 12.000000 3.000000
      vertex -4.000000 12.000000 3.000000
      vertex -4.136297 12.000000 4.035276
    endloop
  endfacet
  facet normal 0.000000 1.000000 0.000000
    outer loop
      vertex -8.000000 1.000000 3.000000
      vertex -4.136297 1.000000 4.035276
      vertex -4.000000 1.000000 3.000000
    endloop
  endfacet
  facet normal -0.991445 0.000000 -0.130526
    outer loop
      vertex -4.000000 1.000000 3.000000
      vertex -4.136297 1.000000 4.035276
      vertex -4.136297 12.000000 4.035276
    endloop
  endfacet
  facet normal -0.991445 0.000000 -0.130526
    outer loop
      vertex -4.000000 1.000000 3.000000
      vertex -4.136297 12.000000 4.035276
      vertex -4.000000 12.000000 3.000000
    endloop
  endfacet
  facet normal 0.000000 -1.000000 0.000000
    outer loop
      vertex -8.000000 12.000000 3.000000
      vertex -4.136297 12.000000 4.035276
      vertex -4.535898 12.000000 5.000000
    endloop
  endfacet
  facet normal 0.000000 1.000000 0.000000
    outer loop
      vertex -8.000000 1.000000 3.000000
      vertex -4.535898 1.000000 5.000000
      vertex -4.136297 1.000000 4.035276
    endloop
  endfacet
  facet normal -0.923880 0.000000 -0.382683
    outer loop
      vertex -4.136297 1.000000 4.035276
      vertex -4.535898 1.000000 5.000000
      vertex -4.535898 12.000000 5.000000
    endloop
  endfacet
  facet normal -0.923880 0.000000 -0.382683
    outer loop
      vertex -4.136297 1.000000 4.035276
      vertex -4.535898 12.000000 5.000000
      vertex -4.136297 12.000000 4.035276
    endloop
  endfacet
  facet normal 0.000000 -1.000000 0.000000
    outer loop
      vertex -8.000000 12.000000 3.000000
      vertex -4.535898 12.000000 5.000000
      vertex -5.171573 12.000000 5.828427
    endloop
  endfacet
  facet normal 0.000000 1.000000 0.000000
    outer loop
      vertex -8.000000 1.000000 3.000000
      vertex -5.171573 1.000000 5.828427
      vertex -4.535898 1.000000 5.000000
    endloop
  endfacet
  facet normal -0.793353 0.000000 -0.608761
    outer loop
      vertex -4.535898 1.000000 5.000000
      vertex -5.171573 1.000000 5.828427
      vertex -5.171573 12.000000 5.828427
    endloop
  endfacet
  facet normal -0.793353 0.000000 -0.608761
    outer loop
      vertex -4.535898 1.000000 5.000000
      vertex -5.171573 12.000000 5.828427
      vertex -4.535898 12.000000 5.000000
    endloop
  endfacet
  facet normal 0.000000 -1.000000 0.000000
    outer loop
      vertex -8.000000 12.000000 3.000000
      vertex -5.171573 12.000000 5.828427
      vertex -6.000000 12.000000 6.464102
    endloop
  endfacet
  facet normal 0.000000 1.000000 0.000000
    outer loop
      vertex -8.000000 1.000000 3.000000
      vertex -6.000000 1.000000 6.464102
      vertex -5.171573 1.000000 5.828427
    endloop
  endfacet
  facet normal -0.608761 0.000000 -0.793353
    outer loop
      vertex -5.171573 1.000000 5.828427
      vertex -6.000000 1.000000 6.464102
      vertex -6.000000 12.000000 6.464102
    endloop
  endfacet
  facet normal -0.608761 0.000000 -0.793353
    outer loop
      vertex -5.171573 1.000000 5.828427
      vertex -6.000000 12.000000 6.464102
      vertex -5.171573 12.000000 5.828427
    endloop
  endfacet
  facet normal 0.000000 -1.000000 0.000000
    outer loop
      vertex -8.000000 12.000000 3.000000
      vertex -6.000000 12.000000 6.464102
      vertex -6.964724 12.000000 6.863703
    endloop
  endfacet
  facet normal 0.000000 1.000000 0.000000
    outer loop
      vertex -8.000000 1.000000 3.000000
      vertex -6.964724 1.000000 6.863703
      vertex -6.000000 1.000000 6.464102
    endloop
  endfacet
  facet normal -0.382683 0.000000 -0.923880
    outer loop
      vertex -6.000000 1.000000 6.464102
      vertex -6.964724 1.000000 6.863703
      vertex -6.964724 12.000000 6.863703
    endloop
  endfacet
  facet normal -0.382683 0.000000 -0.923880
    outer loop
      vertex -6.000000 1.000000 6.464102
      vertex -6.964724 12.000000 6.863703
      vertex -6.000000 12.000000 6.464102
    endloop
  endfacet
  facet normal 0.000000 -1.000000 0.000000
    outer loop
      vertex -8.000000 12.000000 3.000000
      vertex -6.964724 12.000000 6.863703
      vertex -8.000000 12.000000 7.000000
    endloop
  endfacet
  facet normal 0.000000 1.000000 0.000000
    outer loop
      vertex -8.000000 1.000000 3.000000
      vertex -8.000000 1.000000 7.000000
      vertex -6.964724 1.000000 6.863703
    endloop
  endfacet
  facet normal -0.130526 0.000000 -0.991445
    outer loop
      vertex -6.964724 1.000000 6.863703
      vertex -8.000000 1.000000 7.000000
      vertex -8.000000 12.000000 7.000000
    endloop
  endfacet
  facet normal -0.130526 0.000000 -0.991445
    outer loop
      vertex -6.964724 1.000000 6.863703
      vertex -8.000000 12.000000 7.000000
      vertex -6.964724 12.000000 6.863703
    endloop
  endfacet
  facet normal 0.000000 -1.000000 0.000000
    outer loop
      vertex -8.000000 12.000000 3.000000
      vertex -8.000000 12.000000 7.000000
      vertex -9.035276 12.000000 6.863703
    endloop
  endfacet
  facet normal 0.000000 1.000000 0.000000
    outer loop
      vertex -8.000000 1.000000 3.000000
      vertex -9.035276 1.000000 6.863703
      vertex -8.000000 1.000000 7.000000
    endloop
  endfacet
  facet normal 0.130526 0.000000 -0.991445
    outer loop
      vertex -8.000000 1.000000 7.000000
      vertex -9.035276 1.000000 6.863703
      vertex -9.035276 12.000000 6.863703
    endloop
  endfacet
  facet normal 0.130526 0.000000 -0.991445
    outer loop
      vertex -8.000000 1.000000 7.000000
      vertex -9.035276 12.000000 6.863703
      vertex -8.000000 12.000000 7.000000
    endloop
  endfacet
  facet normal 0.000000 -1.000000 0.000000
    outer loop
      vertex -8.000000 12.000000 3.000000
      vertex -9.035276 12.000000 6.863703
      vertex -10.000000 12.000000 6.464102
    endloop
  endfacet
  facet normal 0.000000 1.000000 0.000000
    outer loop
      vertex -8.000000 1.000000 3.000000
      vertex -10.000000 1.000000 6.464102
      vertex -9.035276 1.000000 6.863703
    endloop
  endfacet
  facet normal 0.382683 0.000000 -0.923880
    outer loop
      vertex -9.035276 1.000000 6.863703
      vertex -10.000000 1.000000 6.464102
      vertex -10.000000 12.000000 6.464102
    endloop
  endfacet
  facet normal 0.382683 0.000000 -0.923880
    outer loop
      vertex -9.035276 1.000000 6.863703
      vertex -10.000000 12.000000 6.464102
      vertex -9.035276 12.000000 6.863703
    endloop
  endfacet
  facet normal 0.000000 -1.000000 0.000000
    outer loop
      vertex -8.000000 12.000000 3.000000
      vertex -10.000000 12.000000 6.464102
      vertex -10.828427 12.000000 5.828427
    endloop
  endfacet
  facet normal 0.000000 1.000000 0.000000
    outer loop
      vertex -8.000000 1.000000 3.000000
      vertex -10.828427 1.000000 5.828427
      vertex -10.000000 1.000000 6.464102
    endloop
  endfacet
  facet normal 0.608761 0.000000 -0.793353
    outer loop
      vertex -10.000000 1.000000 6.464102
      vertex -10.828427 1.000000 5.828427
      vertex -10.828427 12.000000 5.828427
    endloop
  endfacet
  facet normal 0.608761 0.000000 -0.793353
    outer loop
      vertex -10.000000 1.000000 6.464102
      vertex -10.828427 12.000000 5.828427
      vertex -10.000000 12.000000 6.464102
    endloop
  endfacet
  facet normal 0.000000 -1.000000 0.000000
    outer loop
      vertex -8.000000 12.000000 3.000000
      vertex -10.828427 12.000000 5.828427
      vertex -11.464102 12.000000 5.000000
    endloop
  endfacet
  facet normal 0.000000 1.000000 0.000000
    outer loop
      vertex -8.000000 1.000000 3.000000
      vertex -11.464102 1.000000 5.000000
      vertex -10.828427 1.000000 5.828427
    endloop
  endfacet
  facet normal 0.793353 0.000000 -0.608761
    outer loop
      vertex -10.828427 1.000000 5.828427
      vertex -11.464102 1.000000 5.000000
      vertex -11.464102 12.000000 5.000000
    endloop
  endfacet
  facet normal 0.793353 0.000000 -0.608761
    outer loop
      vertex -10.828427 1.000000 5.828427
      vertex -11.464102 12.000000 5.000000
      vertex -10.828427 12.000000 5.828427
    endloop
  endfacet
  facet normal 0.000000 -1.000000 0.000000
    outer loop
      vertex -8.000000 12.000000 3.000000
      vertex -11.464102 12.000000 5.000000
      vertex -11.863703 12.000000 4.035276
    endloop
  endfacet
  facet normal 0.000000 1.000000 0.000000
    outer loop
      vertex -8.000000 1.000000 3.000000
      vertex -11.863703 1.000000 4.035276
      vertex -11.464102 1.000000 5.000000
    endloop
  endfacet
  facet normal 0.923880 0.000000 -0.382683
    outer loop
      vertex -11.464102 1.000000 5.000000
      vertex -11.863703 1.000000 4.035276
      vertex -11.863703 12.000000 4.035276
    endloop
  endfacet
  facet normal 0.923880 0.000000 -0.382683
    outer loop
      vertex -11.464102 1.000000 5.000000
      vertex -11.863703 12.000000 4.035276
      vertex -11.464102 12.000000 5.000000
    endloop
  endfacet
  facet normal 0.000000 -1.000000 0.000000
    outer loop
      vertex -8.000000 12.000000 3.000000
      vertex -11.863703 12.000000 4.035276
      vertex -12.000000 12.000000 3.000000
    endloop
  endfacet
  facet normal 0.000000 1.000000 0.000000
    outer loop
      vertex -8.000000 1.000000 3.000000
      vertex -12.000000 1.000000 3.000000
      vertex -11.863703 1.000000 4.035276
    endloop
  endfacet
  facet normal 0.991445 0.000000 -0.130526
    outer loop
      vertex -11.863703 1.000000 4.035276
      vertex -12.000000 1.000000 3.000000
      vertex -12.000000 12.000000 3.000000
    endloop
  endfacet
  facet normal 0.991445 0.000000 -0.130526
    outer loop
      vertex -11.863703 1.000000 4.035276
      vertex -12.000000 12.000000 3.000000
      vertex -11.863703 12.000000 4.035276
    endloop
  endfacet
  facet normal 0.000000 -1.000000 0.000000
    outer loop
      vertex -8.000000 12.000000 3.000000
      vertex -12.000000 12.000000 3.000000
      vertex -11.863703 12.000000 1.964724
    endloop
  endfacet
  facet normal 0.000000 1.000000 0.000000
    outer loop
      vertex -8.000000 1.000000 3.000000
      vertex -11.863703 1.000000 1.964724
      vertex -12.000000 1.000000 3.000000
    endloop
  endfacet
  facet normal 0.991445 0.000000 0.130526
    outer loop
      vertex -12.000000 1.000000 3.000000
      vertex -11.863703 1.000000 1.964724
      vertex -11.863703 12.000000 1.964724
    endloop
  endfacet
  facet normal 0.991445 0.000000 0.130526
    outer loop
      vertex -12.000000 1.000000 3.000000
      vertex -11.863703 12.000000 1.964724
      vertex -12.000000 12.000000 3.000000
    endloop
  endfacet
  facet normal 0.000000 -1.000000 0.000000
    outer loop
      vertex -8.000000 12.000000 3.000000
      vertex -11.863703 12.000000 1.964724
      vertex -11.464102 12.000000 1.000000
    endloop
  endfacet
  facet normal 0.000000 1.000000 0.000000
    outer loop
      vertex -8.000000 1.000000 3.000000
      vertex -11.464102 1.000000 1.000000
      vertex -11.863703 1.000000 1.964724
    endloop
  endfacet
  facet normal 0.923880 0.000000 0.382683
    outer loop
      vertex -11.863703 1.000000 1.964724
      vertex -11.464102 1.000000 1.000000
      vertex -11.464102 12.000000 1.000000
    endloop
  endfacet
  facet normal 0.923880 0.000000 0.382683
    outer loop
      vertex -11.863703 1.000000 1.964724
      vertex -11.464102 12.000000 1.000000
      vertex -11.863703 12.000000 1.964724
    endloop
  endfacet
  facet normal 0.000000 -1.000000 0.000000
    outer loop
      vertex -8.000000 12.000000 3.000000
      vertex -11.464102 12.000000 1.000000
      vertex -10.828427 12.000000 0.171573
    endloop
  endfacet
  facet normal 0.000000 1.000000 0.000000
    outer loop
      vertex -8.000000 1.000000 3.000000
      vertex -10.828427 1.000000 0.171573
      vertex -11.464102 1.000000 1.000000
    endloop
  endfacet
  facet normal 0.793353 0.000000 0.608761
    outer loop
      vertex -11.464102 1.000000 1.000000
      vertex -10.828427 1.000000 0.171573
      vertex -10.828427 12.000000 0.171573
    endloop
  endfacet
  facet normal 0.793353 0.000000 0.608761
    outer loop
      vertex -11.464102 1.000000 1.000000
      vertex -10.828427 12.000000 0.171573
      vertex -11.464102 12.000000 1.000000
    endloop
  endfacet
  facet normal 0.000000 -1.000000 0.000000
    outer loop
      vertex -8.000000 12.000000 3.000000
      vertex -10.828427 12.000000 0.171573
      vertex -10.000000 12.000000 -0.464102
    endloop
  endfacet
  facet normal 0.000000 1.000000 0.000000
    outer loop
      vertex -8.000000 1.000000 3.000000
      vertex -10.000000 1.000000 -0.464102
      vertex -10.828427 1.000000 0.171573
    endloop
  endfacet
  facet normal 0.608761 0.000000 0.793353
    outer loop
      vertex -10.828427 1.000000 0.171573
      vertex -10.000000 1.000000 -0.464102
      vertex -10.000000 12.000000 -0.464102
    endloop
  endfacet
  facet normal 0.608761 0.000000 0.793353
    outer loop
      vertex -10.828427 1.000000 0.171573
      vertex -10.000000 12.000000 -0.464102
      vertex -10.828427 12.000000 0.171573
    endloop
  endfacet
  facet normal 0.000000 -1.000000 0.000000
    outer loop
      vertex -8.000000 12.000000 3.000000
      vertex -10.000000 12.000000 -0.464102
      vertex -9.035276 12.000000 -0.863703
    endloop
  endfacet
  facet normal 0.000000 1.000000 0.000000
    outer loop
      vertex -8.000000 1.000000 3.000000
      vertex -9.035276 1.000000 -0.863703
      vertex -10.000000 1.000000 -0.464102
    endloop
  endfacet
  facet normal 0.382683 0.000000 0.923880
    outer loop
      vertex -10.000000 1.000000 -0.464102
      vertex -9.035276 1.000000 -0.863703
      vertex -9.035276 12.000000 -0.863703
    endloop
  endfacet
  facet normal 0.382683 0.000000 0.923880
    outer loop
      vertex -10.000000 1.000000 -0.464102
      vertex -9.035276 12.000000 -0.863703
      vertex -10.000000 12.000000 -0.464102
    endloop
  endfacet
  facet normal 0.000000 -1.000000 0.000000
    outer loop
      vertex -8.000000 12.000000 3.000000
      vertex -9.035276 12.000000 -0.863703
      vertex -8.000000 12.000000 -1.000000
    endloop
  endfacet
  facet normal 0.000000 1.000000 0.000000
    outer loop
      vertex -8.000000 1.000000 3.000000
      vertex -8.000000 1.000000 -1.000000
      vertex -9.035276 1.000000 -0.863703
    endloop
  endfacet
  facet normal 0.130526 0.000000 0.991445
    outer loop
      vertex -9.035276 1.000000 -0.863703
      vertex -8.000000 1.000000 -1.000000
      vertex -8.000000 12.000000 -1.000000
    endloop
  endfacet
  facet normal 0.130526 0.000000 0.991445
    outer loop
      vertex -9.035276 1.000000 -0.863703
      vertex -8.000000 12.000000 -1.000000
      vertex -9.035276 12.000000 -0.863703
    endloop
  endfacet
  facet normal 0.000000 -1.000000 0.000000
    outer loop
      vertex -8.000000 12.000000 3.000000
      vertex -8.000000 12.000000 -1.000000
      vertex -6.964724 12.000000 -0.863703
    endloop
  endfacet
  facet normal 0.000000 1.000000 0.000000
    outer loop
      vertex -8.000000 1.000000 3.000000
      vertex -6.964724 1.000000 -0.863703
      vertex -8.000000 1.000000 -1.000000
    endloop
  endfacet
  facet normal -0.130526 0.000000 0.991445
    outer loop
      vertex -8.000000 1.000000 -1.000000
      vertex -6.964724 1.000000 -0.863703
      vertex -6.964724 12.000000 -0.863703
    endloop
  endfacet
  facet normal -0.130526 0.000000 0.991445
    outer loop
      vertex -8.000000 1.000000 -1.000000
      vertex -6.964724 12.000000 -0.863703
      vertex -8.000000 12.000000 -1.000000
    endloop
  endfacet
  facet normal 0.000000 -1.000000 0.000000
    outer loop
      vertex -8.000000 12.000000 3.000000
      vertex -6.964724 12.000000 -0.863703
      vertex -6.000000 12.000000 -0.464102
    endloop
  endfacet
  facet normal 0.000000 1.000000 0.000000
    outer loop
      vertex -8.000000 1.000000 3.000000
      vertex -6.000000 1.000000 -0.464102
      vertex -6.964724 1.000000 -0.863703
    endloop
  endfacet
  facet normal -0.382683 0.000000 0.923880
    outer loop
      vertex -6.964724 1.000000 -0.863703
      vertex -6.000000 1.000000 -0.464102
      vertex -6.000000 12.000000 -0.464102
    endloop
  endfacet
  facet normal -0.382683 0.000000 0.923880
    outer loop
      vertex -6.964724 1.000000 -0.863703
      vertex -6.000000 12.000000 -0.464102
      vertex -6.964724 12.000000 -0.863703
    endloop
  endfacet
  facet normal 0.000000 -1.000000 0.000000
    outer loop
      vertex -8.000000 12.000000 3.000000
      vertex -6.000000 12.000000 -0.464102
      vertex -5.171573 12.000000 0.171573
    endloop
  endfacet
  facet normal 0.000000 1.000000 0.000000
    outer loop
      vertex -8.000000 1.000000 3.000000
      vertex -5.171573 1.000000 0.171573
      vertex -6.000000 1.000000 -0.464102
    endloop
  endfacet
  facet normal -0.608761 0.000000 0.793353
    outer loop
      vertex -6.000000 1.000000 -0.464102
      vertex -5.171573 1.000000 0.171573
      vertex -5.171573 12.000000 0.171573
    endloop
  endfacet
  facet normal -0.608761 0.000000 0.793353
    outer loop
      vertex -6.000000 1.000000 -0.464102
      vertex -5.171573 12.000000 0.171573
      vertex -6.000000 12.000000 -0.464102
    endloop
  endfacet
  facet normal 0.000000 -1.000000 0.000000
    outer loop
      vertex -8.000000 12.000000 3.000000
      vertex -5.171573 12.000000 0.171573
      vertex -4.535898 12.000000 1.000000
    endloop
  endfacet
  facet normal 0.000000 1.000000 0.000000
    outer loop
      vertex -8.000000 1.000000 3.000000
      vertex -4.535898 1.000000 1.000000
      vertex -5.171573 1.000000 0.171573
    endloop
  endfacet
  facet normal -0.793353 0.000000 0.608761
    outer loop
      vertex -5.171573 1.000000 0.171573
      vertex -4.535898 1.000000 1.000000
      vertex -4.535898 12.000000 1.000000
    endloop
  endfacet
  facet normal -0.793353 0.000000 0.608761
    outer loop
      vertex -5.171573 1.000000 0.171573
      vertex -4.535898 12.000000 1.000000
      vertex -5.171573 12.000000 0.171573
    endloop
  endfacet
  facet normal 0.000000 -1.000000 0.000000
    outer loop
      vertex -8.000000 12.000000 3.000000
      vertex -4.535898 12.000000 1.000000
      vertex -4.136297 12.000000 1.964724
    endloop
  endfacet
  facet normal 0.000000 1.000000 0.000000
    outer loop
      vertex -8.000000 1.000000 3.000000
      vertex -4.136297 1.000000 1.964724
      vertex -4.535898 1.000000 1.000000
    endloop
  endfacet
  facet normal -0.923880 0.000000 0.382683
    outer loop
      vertex -4.535898 1.000000 1.000000
      vertex -4.136297 1.000000 1.964724
      vertex -4.136297 12.000000 1.964724
    endloop
  endfacet
  facet normal -0.923880 0.000000 0.382683
    outer loop
      vertex -4.535898 1.000000 1.000000
      vertex -4.136297 12.000000 1.964724
      vertex -4.535898 12.000000 1.000000
    endloop
  endfacet
  facet normal 0.000000 -1.000000 0.000000
    outer loop
      vertex -8.000000 12.000000 3.000000
      vertex -4.136297 12.000000 1.964724
      vertex -4.000000 12.000000 3.000000
    endloop
  endfacet
  facet normal 0.000000 1.000000 0.000000
    outer loop
      vertex -8.000000 1.000000 3.000000
      vertex -4.000000 1.000000 3.000000
      vertex -4.136297 1.000000 1.964724
    endloop
  endfacet
  facet normal -0.991445 0.000000 0.130526
    outer loop
      vertex -4.136297 1.000000 1.964724
      vertex -4.000000 1.000000 3.000000
      vertex -4.000000 12.000000 3.000000
    endloop
  endfacet
  facet normal -0.991445 0.000000 0.130526
    outer loop
      vertex -4.136297 1.000000 1.964724
      vertex -4.000000 12.000000 3.000000
      vertex -4.136297 12.000000 1.964724
    endloop
  endfacet
endsolid l298n_motor_driver