solid arduino_nano
  facet normal 0.000000 -1.000000 0.000000
    outer loop
      vertex -22.500000 1.600000 -9.000000
      vertex 22.500000 1.600000 -9.000000
      vertex 22.500000 1.600000 9.000000
    endloop
  endfacet
  facet normal 0.000000 -1.000000 0.000000
    outer loop
      vertex -22.500000 1.600000 -9.000000
      vertex 22.500000 1.600000 9.000000
      vertex -22.500000 1.600000 9.000000
    endloop
  endfacet
  facet normal 0.000000 1.000000 0.000000
    outer loop
      vertex -22.500000 0.000000 9.000000
      vertex 22.500000 0.000000 9.000000
      vertex 22.500000 0.000000 -9.000000
    endloop
  endfacet
  facet normal 0.000000 1.000000 0.000000
    outer loop
      vertex -22.500000 0.000000 9.000000
      vertex 22.500000 0.000000 -9.000000
      vertex -22.500000 0.000000 -9.000000
    endloop
  endfacet
  facet normal 0.000000 0.000000 -1.000000
    outer loop
      vertex -22.500000 1.600000 9.000000
      vertex 22.500000 1.600000 9.000000
      vertex 22.500000 0.000000 9.000000
    endloop
  endfacet
  facet normal 0.000000 0.000000 -1.000000
    outer loop
      vertex -22.500000 1.600000 9.000000
      vertex 22.500000 0.000000 9.000000
      vertex -22.500000 0.000000 9.000000
    endloop
  endfacet
  facet normal 0.000000 0.000000 1.000000
    outer loop
      vertex 22.500000 0.000000 -9.000000
      vertex 22.500000 1.600000 -9.000000
      vertex -22.500000 1.600000 -9.000000
    endloop
  endfacet
  facet normal 0.000000 0.000000 1.000000
    outer loop
      vertex 22.500000 0.000000 -9.000000
      vertex -22.500000 1.600000 -9.000000
      vertex -22.500000 0.000000 -9.000000
    endloop
  endfacet
  facet normal -1.000000 0.000000 0.000000
    outer loop
      vertex 22.500000 0.000000 9.000000
      vertex 22.500000 1.600000 9.000000
      vertex 22.500000 1.600000 -9.000000
    endloop
  endfacet
  facet normal -1.000000 0.000000 0.000000
    outer loop
      vertex 22.500000 0.000000 9.000000
      vertex 22.500000 1.600000 -9.000000
      vertex 22.500000 0.000000 -9.000000
    endloop
  endfacet
  facet normal 1.000000 0.000000 0.000000
    outer loop
      vertex -22.500000 0.000000 -9.000000
      vertex -22.500000 1.600000 -9.000000
      vertex -22.500000 1.600000 9.000000
    endloop
  endfacet
  facet normal 1.000000 0.000000 0.000000
    outer loop
      vertex -22.500000 0.000000 -9.000000
      vertex -22.500000 1.600000 9.000000
      vertex -22.500000 0.000000 9.000000
    endloop
  endfacet
  facet normal 0.000000 -1.000000 0.000000
    outer loop
      vertex -20.150000 7.225000 -7.560000
      vertex -17.950000 7.225000 -7.560000
      vertex -17.950000 7.225000 -5.360000
    endloop
  endfacet
  facet normal 0.000000 -1.000000 0.000000
    outer loop
      vertex -20.150000 7.225000 -7.560000
      vertex -17.950000 7.225000 -5.360000
      vertex -20.150000 7.225000 -5.360000
    endloop
  endfacet
  facet normal 0.000000 1.000000 0.000000
    outer loop
      vertex -20.150000 5.675000 -5.360000
      vertex -17.950000 5.675000 -5.360000
      vertex -17.950000 5.675000 -7.560000
    endloop
  endfacet
  facet normal 0.000000 1.000000 0.000000
    outer loop
      vertex -20.150000 5.675000 -5.360000
      vertex -17.950000 5.675000 -7.560000
      vertex -20.150000 5.675000 -7.560000
    endloop
  endfacet
  facet normal 0.000000 0.000000 -1.000000
    outer loop
      vertex -20.150000 7.225000 -5.360000
      vertex -17.950000 7.225000 -5.360000
      vertex -17.950000 5.675000 -5.360000
    endloop
  endfacet
  facet normal 0.000000 0.000000 -1.000000
    outer loop
      vertex -20.150000 7.225000 -5.360000
      vertex -17.950000 5.675000 -5.360000
      vertex -20.150000 5.675000 -5.360000
    endloop
  endfacet
  facet normal 0.000000 0.000000 1.000000
    outer loop
      vertex -17.950000 5.675000 -7.560000
      vertex -17.950000 7.225000 -7.560000
      vertex -20.150000 7.225000 -7.560000
    endloop
  endfacet
  facet normal 0.000000 0.000000 1.000000
    outer loop
      vertex -17.950000 5.675000 -7.560000
      vertex -20.150000 7.225000 -7.560000
      vertex -20.150000 5.675000 -7.560000
    endloop
  endfacet
  facet normal -1.000000 0.000000 0.000000
    outer loop
      vertex -17.950000 5.675000 -5.360000
      vertex -17.950000 7.225000 -5.360000
      vertex -17.950000 7.225000 -7.560000
    endloop
  endfacet
  facet normal -1.000000 0.000000 0.000000
    outer loop
      vertex -17.950000 5.675000 -5.360000
      vertex -17.950000 7.225000 -7.560000
      vertex -17.950000 5.675000 -7.560000
    endloop
  endfacet
  facet normal 1.000000 0.000000 0.000000
    outer loop
      vertex -20.150000 5.675000 -7.560000
      vertex -20.150000 7.225000 -7.560000
      vertex -20.150000 7.225000 -5.360000
    endloop
  endfacet
  facet normal 1.000000 0.000000 0.000000
    outer loop
      vertex -20.150000 5.675000 -7.560000
      vertex -20.150000 7.225000 -5.360000
      vertex -20.150000 5.675000 -5.360000
    endloop
  endfacet
  facet normal 0.000000 -1.000000 0.000000
    outer loop
      vertex -19.380000 11.200000 -6.790000
      vertex -18.720000 11.200000 -6.790000
      vertex -18.720000 11.200000 -6.130000
    endloop
  endfacet
  facet normal 0.000000 -1.000000 0.000000
    outer loop
      vertex -19.380000 11.200000 -6.790000
      vertex -18.720000 11.200000 -6.130000
      vertex -19.380000 11.200000 -6.130000
    endloop
  endfacet
  facet normal 0.000000 1.000000 0.000000
    outer loop
      vertex -19.380000 6.000000 -6.130000
      vertex -18.720000 6.000000 -6.130000
      vertex -18.720000 6.000000 -6.790000
    endloop
  endfacet
  facet normal 0.000000 1.000000 0.000000
    outer loop
      vertex -19.380000 6.000000 -6.130000
      vertex -18.720000 6.000000 -6.790000
      vertex -19.380000 6.000000 -6.790000
    endloop
  endfacet
  facet normal 0.000000 0.000000 -1.000000
    outer loop
      vertex -19.380000 11.200000 -6.130000
      vertex -18.720000 11.200000 -6.130000
      vertex -18.720000 6.000000 -6.130000
    endloop
  endfacet
  facet normal 0.000000 0.000000 -1.000000
    outer loop
      vertex -19.380000 11.200000 -6.130000
      vertex -18.720000 6.000000 -6.130000
      vertex -19.380000 6.000000 -6.130000
    endloop
  endfacet
  facet normal 0.000000 0.000000 1.000000
    outer loop
      vertex -18.720000 6.000000 -6.790000
      vertex -18.720000 11.200000 -6.790000
      vertex -19.380000 11.200000 -6.790000
    endloop
  endfacet
  facet normal 0.000000 0.000000 1.000000
    outer loop
      vertex -18.720000 6.000000 -6.790000
      vertex -19.380000 11.200000 -6.790000
      vertex -19.380000 6.000000 -6.790000
    endloop
  endfacet
  facet normal -1.000000 0.000000 0.000000
    outer loop
      vertex -18.720000 6.000000 -6.130000
      vertex -18.720000 11.200000 -6.130000
      vertex -18.720000 11.200000 -6.790000
    endloop
  endfacet
  facet normal -1.000000 0.000000 0.000000
    outer loop
      vertex -18.720000 6.000000 -6.130000
      vertex -18.720000 11.200000 -6.790000
      vertex -18.720000 6.000000 -6.790000
    endloop
  endfacet
  facet normal 1.000000 0.000000 0.000000
    outer loop
      vertex -19.380000 6.000000 -6.790000
      vertex -19.380000 11.200000 -6.790000
      vertex -19.380000 11.200000 -6.130000
    endloop
  endfacet
  facet normal 1.000000 0.000000 0.000000
    outer loop
      vertex -19.380000 6.000000 -6.790000
      vertex -19.380000 11.200000 -6.130000
      vertex -19.380000 6.000000 -6.130000
    endloop
  endfacet
  facet normal 0.000000 -1.000000 0.000000
    outer loop
      vertex -17.610000 7.225000 -7.560000
      vertex -15.410000 7.225000 -7.560000
      vertex -15.410000 7.225000 -5.360000
    endloop
  endfacet
  facet normal 0.000000 -1.000000 0.000000
    outer loop
      vertex -17.610000 7.225000 -7.560000
      vertex -15.410000 7.225000 -5.360000
      vertex -17.610000 7.225000 -5.360000
    endloop
  endfacet
  facet normal 0.000000 1.000000 0.000000
    outer loop
      vertex -17.610000 5.675000 -5.360000
      vertex -15.410000 5.675000 -5.360000
      vertex -15.410000 5.675000 -7.560000
    endloop
  endfacet
  facet normal 0.000000 1.000000 0.000000
    outer loop
      vertex -17.610000 5.675000 -5.360000
      vertex -15.410000 5.675000 -7.560000
      vertex -17.610000 5.675000 -7.560000
    endloop
  endfacet
  facet normal 0.000000 0.000000 -1.000000
    outer loop
      vertex -17.610000 7.225000 -5.360000
      vertex -15.410000 7.225000 -5.360000
      vertex -15.410000 5.675000 -5.360000
    endloop
  endfacet
  facet normal 0.000000 0.000000 -1.000000
    outer loop
      vertex -17.610000 7.225000 -5.360000
      vertex -15.410000 5.675000 -5.360000
      vertex -17.610000 5.675000 -5.360000
    endloop
  endfacet
  facet normal 0.000000 0.000000 1.000000
    outer loop
      vertex -15.410000 5.675000 -7.560000
      vertex -15.410000 7.225000 -7.560000
      vertex -17.610000 7.225000 -7.560000
    endloop
  endfacet
  facet normal 0.000000 0.000000 1.000000
    outer loop
      vertex -15.410000 5.675000 -7.560000
      vertex -17.610000 7.225000 -7.560000
      vertex -17.610000 5.675000 -7.560000
    endloop
  endfacet
  facet normal -1.000000 0.000000 0.000000
    outer loop
      vertex -15.410000 5.675000 -5.360000
      vertex -15.410000 7.225000 -5.360000
      vertex -15.410000 7.225000 -7.560000
    endloop
  endfacet
  facet normal -1.000000 0.000000 0.000000
    outer loop
      vertex -15.410000 5.675000 -5.360000
      vertex -15.410000 7.225000 -7.560000
      vertex -15.410000 5.675000 -7.560000
    endloop
  endfacet
  facet normal 1.000000 0.000000 0.000000
    outer loop
      vertex -17.610000 5.675000 -7.560000
      vertex -17.610000 7.225000 -7.560000
      vertex -17.610000 7.225000 -5.360000
    endloop
  endfacet
  facet normal 1.000000 0.000000 0.000000
    outer loop
      vertex -17.610000 5.675000 -7.560000
      vertex -17.610000 7.225000 -5.360000
      vertex -17.610000 5.675000 -5.360000
    endloop
  endfacet
  facet normal 0.000000 -1.000000 0.000000
    outer loop
      vertex -16.840000 11.200000 -6.790000
      vertex -16.180000 11.200000 -6.790000
      vertex -16.180000 11.200000 -6.130000
    endloop
  endfacet
  facet normal 0.000000 -1.000000 0.000000
    outer loop
      vertex -16.840000 11.200000 -6.790000
      vertex -16.180000 11.200000 -6.130000
      vertex -16.840000 11.200000 -6.130000
    endloop
  endfacet
  facet normal 0.000000 1.000000 0.000000
    outer loop
      vertex -16.840000 6.000000 -6.130000
      vertex -16.180000 6.000000 -6.130000
      vertex -16.180000 6.000000 -6.790000
    endloop
  endfacet
  facet normal 0.000000 1.000000 0.000000
    outer loop
      vertex -16.840000 6.000000 -6.130000
      vertex -16.180000 6.000000 -6.790000
      vertex -16.840000 6.000000 -6.790000
    endloop
  endfacet
  facet normal 0.000000 0.000000 -1.000000
    outer loop
      vertex -16.840000 11.200000 -6.130000
      vertex -16.180000 11.200000 -6.130000
      vertex -16.180000 6.000000 -6.130000
    endloop
  endfacet
  facet normal 0.000000 0.000000 -1.000000
    outer loop
      vertex -16.840000 11.200000 -6.130000
      vertex -16.180000 6.000000 -6.130000
      vertex -16.840000 6.000000 -6.130000
    endloop
  endfacet
  facet normal 0.000000 0.000000 1.000000
    outer loop
      vertex -16.180000 6.000000 -6.790000
      vertex -16.180000 11.200000 -6.790000
      vertex -16.840000 11.200000 -6.790000
    endloop
  endfacet
  facet normal 0.000000 0.000000 1.000000
    outer loop
      vertex -16.180000 6.000000 -6.790000
      vertex -16.840000 11.200000 -6.790000
      vertex -16.840000 6.000000 -6.790000
    endloop
  endfacet
  facet normal -1.000000 0.000000 0.000000
    outer loop
      vertex -16.180000 6.000000 -6.130000
      vertex -16.180000 11.200000 -6.130000
      vertex -16.180000 11.200000 -6.790000
    endloop
  endfacet
  facet normal -1.000000 0.000000 0.000000
    outer loop
      vertex -16.180000 6.000000 -6.130000
      vertex -16.180000 11.200000 -6.790000
      vertex -16.180000 6.000000 -6.790000
    endloop
  endfacet
  facet normal 1.000000 0.000000 0.000000
    outer loop
      vertex -16.840000 6.000000 -6.790000
      vertex -16.840000 11.200000 -6.790000
      vertex -16.840000 11.200000 -6.130000
    endloop
  endfacet
  facet normal 1.000000 0.000000 0.000000
    outer loop
      vertex -16.840000 6.000000 -6.790000
      vertex -16.840000 11.200000 -6.130000
      vertex -16.840000 6.000000 -6.130000
    endloop
  endfacet
  facet normal 0.000000 -1.000000 0.000000
    outer loop
      vertex -15.070000 7.225000 -7.560000
      vertex -12.870000 7.225000 -7.560000
      vertex -12.870000 7.225000 -5.360000
    endloop
  endfacet
  facet normal 0.000000 -1.000000 0.000000
    outer loop
      vertex -15.070000 7.225000 -7.560000
      vertex -12.870000 7.225000 -5.360000
      vertex -15.070000 7.225000 -5.360000
    endloop
  endfacet
  facet normal 0.000000 1.000000 0.000000
    outer loop
      vertex -15.070000 5.675000 -5.360000
      vertex -12.870000 5.675000 -5.360000
      vertex -12.870000 5.675000 -7.560000
    endloop
  endfacet
  facet normal 0.000000 1.000000 0.000000
    outer loop
      vertex -15.070000 5.675000 -5.360000
      vertex -12.870000 5.675000 -7.560000
      vertex -15.070000 5.675000 -7.560000
    endloop
  endfacet
  facet normal 0.000000 0.000000 -1.000000
    outer loop
      vertex -15.070000 7.225000 -5.360000
      vertex -12.870000 7.225000 -5.360000
      vertex -12.870000 5.675000 -5.360000
    endloop
  endfacet
  facet normal 0.000000 0.000000 -1.000000
    outer loop
      vertex -15.070000 7.225000 -5.360000
      vertex -12.870000 5.675000 -5.360000
      vertex -15.070000 5.675000 -5.360000
    endloop
  endfacet
  facet normal 0.000000 0.000000 1.000000
    outer loop
      vertex -12.870000 5.675000 -7.560000
      vertex -12.870000 7.225000 -7.560000
      vertex -15.070000 7.225000 -7.560000
    endloop
  endfacet
  facet normal 0.000000 0.000000 1.000000
    outer loop
      vertex -12.870000 5.675000 -7.560000
      vertex -15.070000 7.225000 -7.560000
      vertex -15.070000 5.675000 -7.560000
    endloop
  endfacet
  facet normal -1.000000 0.000000 0.000000
    outer loop
      vertex -12.870000 5.675000 -5.360000
      vertex -12.870000 7.225000 -5.360000
      vertex -12.870000 7.225000 -7.560000
    endloop
  endfacet
  facet normal -1.000000 0.000000 0.000000
    outer loop
      vertex -12.870000 5.675000 -5.360000
      vertex -12.870000 7.225000 -7.560000
      vertex -12.870000 5.675000 -7.560000
    endloop
  endfacet
  facet normal 1.000000 0.000000 0.000000
    outer loop
      vertex -15.070000 5.675000 -7.560000
      vertex -15.070000 7.225000 -7.560000
      vertex -15.070000 7.225000 -5.360000
    endloop
  endfacet
  facet normal 1.000000 0.000000 0.000000
    outer loop
      vertex -15.070000 5.675000 -7.560000
      vertex -15.070000 7.225000 -5.360000
      vertex -15.070000 5.675000 -5.360000
    endloop
  endfacet
  facet normal 0.000000 -1.000000 0.000000
    outer loop
      vertex -14.300000 11.200000 -6.790000
      vertex -13.640000 11.200000 -6.790000
      vertex -13.640000 11.200000 -6.130000
    endloop
  endfacet
  facet normal 0.000000 -1.000000 0.000000
    outer loop
      vertex -14.300000 11.200000 -6.790000
      vertex -13.640000 11.200000 -6.130000
      vertex -14.300000 11.200000 -6.130000
    endloop
  endfacet
  facet normal 0.000000 1.000000 0.000000
    outer loop
      vertex -14.300000 6.000000 -6.130000
      vertex -13.640000 6.000000 -6.130000
      vertex -13.640000 6.000000 -6.790000
    endloop
  endfacet
  facet normal 0.000000 1.000000 0.000000
    outer loop
      vertex -14.300000 6.000000 -6.130000
      vertex -13.640000 6.000000 -6.790000
      vertex -14.300000 6.000000 -6.790000
    endloop
  endfacet
  facet normal 0.000000 0.000000 -1.000000
    outer loop
      vertex -14.300000 11.200000 -6.130000
      vertex -13.640000 11.200000 -6.130000
      vertex -13.640000 6.000000 -6.130000
    endloop
  endfacet
  facet normal 0.000000 0.000000 -1.000000
    outer loop
      vertex -14.300000 11.200000 -6.130000
      vertex -13.640000 6.000000 -6.130000
      vertex -14.300000 6.000000 -6.130000
    endloop
  endfacet
  facet normal 0.000000 0.000000 1.000000
    outer loop
      vertex -13.640000 6.000000 -6.790000
      vertex -13.640000 11.200000 -6.790000
      vertex -14.300000 11.200000 -6.790000
    endloop
  endfacet
  facet normal 0.000000 0.000000 1.000000
    outer loop
      vertex -13.640000 6.000000 -6.790000
      vertex -14.300000 11.200000 -6.790000
      vertex -14.300000 6.000000 -6.790000
    endloop
  endfacet
  facet normal -1.000000 0.000000 0.000000
    outer loop
      vertex -13.640000 6.000000 -6.130000
      vertex -13.640000 11.200000 -6.130000
      vertex -13.640000 11.200000 -6.790000
    endloop
  endfacet
  facet normal -1.000000 0.000000 0.000000
    outer loop
      vertex -13.640000 6.000000 -6.130000
      vertex -13.640000 11.200000 -6.790000
      vertex -13.640000 6.000000 -6.790000
    endloop
  endfacet
  facet normal 1.000000 0.000000 0.000000
    outer loop
      vertex -14.300000 6.000000 -6.790000
      vertex -14.300000 11.200000 -6.790000
      vertex -14.300000 11.200000 -6.130000
    endloop
  endfacet
  facet normal 1.000000 0.000000 0.000000
    outer loop
      vertex -14.300000 6.000000 -6.790000
      vertex -14.300000 11.200000 -6.130000
      vertex -14.300000 6.000000 -6.130000
    endloop
  endfacet
  facet normal 0.000000 -1.000000 0.000000
    outer loop
      vertex -12.530000 7.225000 -7.560000
      vertex -10.330000 7.225000 -7.560000
      vertex -10.330000 7.225000 -5.360000
    endloop
  endfacet
  facet normal 0.000000 -1.000000 0.000000
    outer loop
      vertex -12.530000 7.225000 -7.560000
      vertex -10.330000 7.225000 -5.360000
      vertex -12.530000 7.225000 -5.360000
    endloop
  endfacet
  facet normal 0.000000 1.000000 0.000000
    outer loop
      vertex -12.530000 5.675000 -5.360000
      vertex -10.330000 5.675000 -5.360000
      vertex -10.330000 5.675000 -7.560000
    endloop
  endfacet
  facet normal 0.000000 1.000000 0.000000
    outer loop
      vertex -12.530000 5.675000 -5.360000
      vertex -10.330000 5.675000 -7.560000
      vertex -12.530000 5.675000 -7.560000
    endloop
  endfacet
  facet normal 0.000000 0.000000 -1.000000
    outer loop
      vertex -12.530000 7.225000 -5.360000
      vertex -10.330000 7.225000 -5.360000
      vertex -10.330000 5.675000 -5.360000
    endloop
  endfacet
  facet normal 0.000000 0.000000 -1.000000
    outer loop
      vertex -12.530000 7.225000 -5.360000
      vertex -10.330000 5.675000 -5.360000
      vertex -12.530000 5.675000 -5.360000
    endloop
  endfacet
  facet normal 0.000000 0.000000 1.000000
    outer loop
      vertex -10.330000 5.675000 -7.560000
      vertex -10.330000 7.225000 -7.560000
      vertex -12.530000 7.225000 -7.560000
    endloop
  endfacet
  facet normal 0.000000 0.000000 1.000000
    outer loop
      vertex -10.330000 5.675000 -7.560000
      vertex -12.530000 7.225000 -7.560000
      vertex -12.530000 5.675000 -7.560000
    endloop
  endfacet
  facet normal -1.000000 0.000000 0.000000
    outer loop
      vertex -10.330000 5.675000 -5.360000
      vertex -10.330000 7.225000 -5.360000
      vertex -10.330000 7.225000 -7.560000
    endloop
  endfacet
  facet normal -1.000000 0.000000 0.000000
    outer loop
      vertex -10.330000 5.675000 -5.360000
      vertex -10.330000 7.225000 -7.560000
      vertex -10.330000 5.675000 -7.560000
    endloop
  endfacet
  facet normal 1.000000 0.000000 0.000000
    outer loop
      vertex -12.530000 5.675000 -7.560000
      vertex -12.530000 7.225000 -7.560000
      vertex -12.530000 7.225000 -5.360000
    endloop
  endfacet
  facet normal 1.000000 0.000000 0.000000
    outer loop
      vertex -12.530000 5.675000 -7.560000
      vertex -12.530000 7.225000 -5.360000
      vertex -12.530000 5.675000 -5.360000
    endloop
  endfacet
  facet normal 0.000000 -1.000000 0.000000
    outer loop
      vertex -11.760000 11.200000 -6.790000
      vertex -11.100000 11.200000 -6.790000
      vertex -11.100000 11.200000 -6.130000
    endloop
  endfacet
  facet normal 0.000000 -1.000000 0.000000
    outer loop
      vertex -11.760000 11.200000 -6.790000
      vertex -11.100000 11.200000 -6.130000
      vertex -11.760000 11.200000 -6.130000
    endloop
  endfacet
  facet normal 0.000000 1.000000 0.000000
    outer loop
      vertex -11.760000 6.000000 -6.130000
      vertex -11.100000 6.000000 -6.130000
      vertex -11.100000 6.000000 -6.790000
    endloop
  endfacet
  facet normal 0.000000 1.000000 0.000000
    outer loop
      vertex -11.760000 6.000000 -6.130000
      vertex -11.100000 6.000000 -6.790000
      vertex -11.760000 6.000000 -6.790000
    endloop
  endfacet
  facet normal 0.000000 0.000000 -1.000000
    outer loop
      vertex -11.760000 11.200000 -6.130000
      vertex -11.100000 11.200000 -6.130000
      vertex -11.100000 6.000000 -6.130000
    endloop
  endfacet
  facet normal 0.000000 0.000000 -1.000000
    outer loop
      vertex -11.760000 11.200000 -6.130000
      vertex -11.100000 6.000000 -6.130000
      vertex -11.760000 6.000000 -6.130000
    endloop
  endfacet
  facet normal 0.000000 0.000000 1.000000
    outer loop
      vertex -11.100000 6.000000 -6.790000
      vertex -11.100000 11.200000 -6.790000
      vertex -11.760000 11.200000 -6.790000
    endloop
  endfacet
  facet normal 0.000000 0.000000 1.000000
    outer loop
      vertex -11.100000 6.000000 -6.790000
      vertex -11.760000 11.200000 -6.790000
      vertex -11.760000 6.000000 -6.790000
    endloop
  endfacet
  facet normal -1.000000 0.000000 0.000000
    outer loop
      vertex -11.100000 6.000000 -6.130000
      vertex -11.100000 11.200000 -6.130000
      vertex -11.100000 11.200000 -6.790000
    endloop
  endfacet
  facet normal -1.000000 0.000000 0.000000
    outer loop
      vertex -11.100000 6.000000 -6.130000
      vertex -11.100000 11.200000 -6.790000
      vertex -11.100000 6.000000 -6.790000
    endloop
  endfacet
  facet normal 1.000000 0.000000 0.000000
    outer loop
      vertex -11.760000 6.000000 -6.790000
      vertex -11.760000 11.200000 -6.790000
      vertex -11.760000 11.200000 -6.130000
    endloop
  endfacet
  facet normal 1.000000 0.000000 0.000000
    outer loop
      vertex -11.760000 6.000000 -6.790000
      vertex -11.760000 11.200000 -6.130000
      vertex -11.760000 6.000000 -6.130000
    endloop
  endfacet
  facet normal 0.000000 -1.000000 0.000000
    outer loop
      vertex -9.990000 7.225000 -7.560000
      vertex -7.790000 7.225000 -7.560000
      vertex -7.790000 7.225000 -5.360000
    endloop
  endfacet
  facet normal 0.000000 -1.000000 0.000000
    outer loop
      vertex -9.990000 7.225000 -7.560000
      vertex -7.790000 7.225000 -5.360000
      vertex -9.990000 7.225000 -5.360000
    endloop
  endfacet
  facet normal 0.000000 1.000000 0.000000
    outer loop
      vertex -9.990000 5.675000 -5.360000
      vertex -7.790000 5.675000 -5.360000
      vertex -7.790000 5.675000 -7.560000
    endloop
  endfacet
  facet normal 0.000000 1.000000 0.000000
    outer loop
      vertex -9.990000 5.675000 -5.360000
      vertex -7.790000 5.675000 -7.560000
      vertex -9.990000 5.675000 -7.560000
    endloop
  endfacet
  facet normal 0.000000 0.000000 -1.000000
    outer loop
      vertex -9.990000 7.225000 -5.360000
      vertex -7.790000 7.225000 -5.360000
      vertex -7.790000 5.675000 -5.360000
    endloop
  endfacet
  facet normal 0.000000 0.000000 -1.000000
    outer loop
      vertex -9.990000 7.225000 -5.360000
      vertex -7.790000 5.675000 -5.360000
      vertex -9.990000 5.675000 -5.360000
    endloop
  endfacet
  facet normal 0.000000 0.000000 1.000000
    outer loop
      vertex -7.790000 5.675000 -7.560000
      vertex -7.790000 7.225000 -7.560000
      vertex -9.990000 7.225000 -7.560000
    endloop
  endfacet
  facet normal 0.000000 0.000000 1.000000
    outer loop
      vertex -7.790000 5.675000 -7.560000
      vertex -9.990000 7.225000 -7.560000
      vertex -9.990000 5.675000 -7.560000
    endloop
  endfacet
  facet normal -1.000000 0.000000 0.000000
    outer loop
      vertex -7.790000 5.675000 -5.360000
      vertex -7.790000 7.225000 -5.360000
      vertex -7.790000 7.225000 -7.560000
    endloop
  endfacet
  facet normal -1.000000 0.000000 0.000000
    outer loop
      vertex -7.790000 5.675000 -5.360000
      vertex -7.790000 7.225000 -7.560000
      vertex -7.790000 5.675000 -7.560000
    endloop
  endfacet
  facet normal 1.000000 0.000000 0.000000
    outer loop
      vertex -9.990000 5.675000 -7.560000
      vertex -9.990000 7.225000 -7.560000
      vertex -9.990000 7.225000 -5.360000
    endloop
  endfacet
  facet normal 1.000000 0.000000 0.000000
    outer loop
      vertex -9.990000 5.675000 -7.560000
      vertex -9.990000 7.225000 -5.360000
      vertex -9.990000 5.675000 -5.360000
    endloop
  endfacet
  facet normal 0.000000 -1.000000 0.000000
    outer loop
      vertex -9.220000 11.200000 -6.790000
      vertex -8.560000 11.200000 -6.790000
      vertex -8.560000 11.200000 -6.130000
    endloop
  endfacet
  facet normal 0.000000 -1.000000 0.000000
    outer loop
      vertex -9.220000 11.200000 -6.790000
      vertex -8.560000 11.200000 -6.130000
      vertex -9.220000 11.200000 -6.130000
    endloop
  endfacet
  facet normal 0.000000 1.000000 0.000000
    outer loop
      vertex -9.220000 6.000000 -6.130000
      vertex -8.560000 6.000000 -6.130000
      vertex -8.560000 6.000000 -6.790000
    endloop
  endfacet
  facet normal 0.000000 1.000000 0.000000
    outer loop
      vertex -9.220000 6.000000 -6.130000
      vertex -8.560000 6.000000 -6.790000
      vertex -9.220000 6.000000 -6.790000
    endloop
  endfacet
  facet normal 0.000000 0.000000 -1.000000
    outer loop
      vertex -9.220000 11.200000 -6.130000
      vertex -8.560000 11.200000 -6.130000
      vertex -8.560000 6.000000 -6.130000
    endloop
  endfacet
  facet normal 0.000000 0.000000 -1.000000
    outer loop
      vertex -9.220000 11.200000 -6.130000
      vertex -8.560000 6.000000 -6.130000
      vertex -9.220000 6.000000 -6.130000
    endloop
  endfacet
  facet normal 0.000000 0.000000 1.000000
    outer loop
      vertex -8.560000 6.000000 -6.790000
      vertex -8.560000 11.200000 -6.790000
      vertex -9.220000 11.200000 -6.790000
    endloop
  endfacet
  facet normal 0.000000 0.000000 1.000000
    outer loop
      vertex -8.560000 6.000000 -6.790000
      vertex -9.220000 11.200000 -6.790000
      vertex -9.220000 6.000000 -6.790000
    endloop
  endfacet
  facet normal -1.000000 0.000000 0.000000
    outer loop
      vertex -8.560000 6.000000 -6.130000
      vertex -8.560000 11.200000 -6.130000
      vertex -8.560000 11.200000 -6.790000
    endloop
  endfacet
  facet normal -1.000000 0.000000 0.000000
    outer loop
      vertex -8.560000 6.000000 -6.130000
      vertex -8.560000 11.200000 -6.790000
      vertex -8.560000 6.000000 -6.790000
    endloop
  endfacet
  facet normal 1.000000 0.000000 0.000000
    outer loop
      vertex -9.220000 6.000000 -6.790000
      vertex -9.220000 11.200000 -6.790000
      vertex -9.220000 11.200000 -6.130000
    endloop
  endfacet
  facet normal 1.000000 0.000000 0.000000
    outer loop
      vertex -9.220000 6.000000 -6.790000
      vertex -9.220000 11.200000 -6.130000
      vertex -9.220000 6.000000 -6.130000
    endloop
  endfacet
  facet normal 0.000000 -1.000000 0.000000
    outer loop
      vertex -7.450000 7.225000 -7.560000
      vertex -5.250000 7.225000 -7.560000
      vertex -5.250000 7.225000 -5.360000
    endloop
  endfacet
  facet normal 0.000000 -1.000000 0.000000
    outer loop
      vertex -7.450000 7.225000 -7.560000
      vertex -5.250000 7.225000 -5.360000
      vertex -7.450000 7.225000 -5.360000
    endloop
  endfacet
  facet normal 0.000000 1.000000 0.000000
    outer loop
      vertex -7.450000 5.675000 -5.360000
      vertex -5.250000 5.675000 -5.360000
      vertex -5.250000 5.675000 -7.560000
    endloop
  endfacet
  facet normal 0.000000 1.000000 0.000000
    outer loop
      vertex -7.450000 5.675000 -5.360000
      vertex -5.250000 5.675000 -7.560000
      vertex -7.450000 5.675000 -7.560000
    endloop
  endfacet
  facet normal 0.000000 0.000000 -1.000000
    outer loop
      vertex -7.450000 7.225000 -5.360000
      vertex -5.250000 7.225000 -5.360000
      vertex -5.250000 5.675000 -5.360000
    endloop
  endfacet
  facet normal 0.000000 0.000000 -1.000000
    outer loop
      vertex -7.450000 7.225000 -5.360000
      vertex -5.250000 5.675000 -5.360000
      vertex -7.450000 5.675000 -5.360000
    endloop
  endfacet
  facet normal 0.000000 0.000000 1.000000
    outer loop
      vertex -5.250000 5.675000 -7.560000
      vertex -5.250000 7.225000 -7.560000
      vertex -7.450000 7.225000 -7.560000
    endloop
  endfacet
  facet normal 0.000000 0.000000 1.000000
    outer loop
      vertex -5.250000 5.675000 -7.560000
      vertex -7.450000 7.225000 -7.560000
      vertex -7.450000 5.675000 -7.560000
    endloop
  endfacet
  facet normal -1.000000 0.000000 0.000000
    outer loop
      vertex -5.250000 5.675000 -5.360000
      vertex -5.250000 7.225000 -5.360000
      vertex -5.250000 7.225000 -7.560000
    endloop
  endfacet
  facet normal -1.000000 0.000000 0.000000
    outer loop
      vertex -5.250000 5.675000 -5.360000
      vertex -5.250000 7.225000 -7.560000
      vertex -5.250000 5.675000 -7.560000
    endloop
  endfacet
  facet normal 1.000000 0.000000 0.000000
    outer loop
      vertex -7.450000 5.675000 -7.560000
      vertex -7.450000 7.225000 -7.560000
      vertex -7.450000 7.225000 -5.360000
    endloop
  endfacet
  facet normal 1.000000 0.000000 0.000000
    outer loop
      vertex -7.450000 5.675000 -7.560000
      vertex -7.450000 7.225000 -5.360000
      vertex -7.450000 5.675000 -5.360000
    endloop
  endfacet
  facet normal 0.000000 -1.000000 0.000000
    outer loop
      vertex -6.680000 11.200000 -6.790000
      vertex -6.020000 11.200000 -6.790000
      vertex -6.020000 11.200000 -6.130000
    endloop
  endfacet
  facet normal 0.000000 -1.000000 0.000000
    outer loop
      vertex -6.680000 11.200000 -6.790000
      vertex -6.020000 11.200000 -6.130000
      vertex -6.680000 11.200000 -6.130000
    endloop
  endfacet
  facet normal 0.000000 1.000000 0.000000
    outer loop
      vertex -6.680000 6.000000 -6.130000
      vertex -6.020000 6.000000 -6.130000
      vertex -6.020000 6.000000 -6.790000
    endloop
  endfacet
  facet normal 0.000000 1.000000 0.000000
    outer loop
      vertex -6.680000 6.000000 -6.130000
      vertex -6.020000 6.000000 -6.790000
      vertex -6.680000 6.000000 -6.790000
    endloop
  endfacet
  facet normal 0.000000 0.000000 -1.000000
    outer loop
      vertex -6.680000 11.200000 -6.130000
      vertex -6.020000 11.200000 -6.130000
      vertex -6.020000 6.000000 -6.130000
    endloop
  endfacet
  facet normal 0.000000 0.000000 -1.000000
    outer loop
      vertex -6.680000 11.200000 -6.130000
      vertex -6.020000 6.000000 -6.130000
      vertex -6.680000 6.000000 -6.130000
    endloop
  endfacet
  facet normal 0.000000 0.000000 1.000000
    outer loop
      vertex -6.020000 6.000000 -6.790000
      vertex -6.020000 11.200000 -6.790000
      vertex -6.680000 11.200000 -6.790000
    endloop
  endfacet
  facet normal 0.000000 0.000000 1.000000
    outer loop
      vertex -6.020000 6.000000 -6.790000
      vertex -6.680000 11.200000 -6.790000
      vertex -6.680000 6.000000 -6.790000
    endloop
  endfacet
  facet normal -1.000000 0.000000 0.000000
    outer loop
      vertex -6.020000 6.000000 -6.130000
      vertex -6.020000 11.200000 -6.130000
      vertex -6.020000 11.200000 -6.790000
    endloop
  endfacet
  facet normal -1.000000 0.000000 0.000000
    outer loop
      vertex -6.020000 6.000000 -6.130000
      vertex -6.020000 11.200000 -6.790000
      vertex -6.020000 6.000000 -6.790000
    endloop
  endfacet
  facet normal 1.000000 0.000000 0.000000
    outer loop
      vertex -6.680000 6.000000 -6.790000
      vertex -6.680000 11.200000 -6.790000
      vertex -6.680000 11.200000 -6.130000
    endloop
  endfacet
  facet normal 1.000000 0.000000 0.000000
    outer loop
      vertex -6.680000 6.000000 -6.790000
      vertex -6.680000 11.200000 -6.130000
      vertex -6.680000 6.000000 -6.130000
    endloop
  endfacet
  facet normal 0.000000 -1.000000 0.000000
    outer loop
      vertex -4.910000 7.225000 -7.560000
      vertex -2.710000 7.225000 -7.560000
      vertex -2.710000 7.225000 -5.360000
    endloop
  endfacet
  facet normal 0.000000 -1.000000 0.000000
    outer loop
      vertex -4.910000 7.225000 -7.560000
      vertex -2.710000 7.225000 -5.360000
      vertex -4.910000 7.225000 -5.360000
    endloop
  endfacet
  facet normal 0.000000 1.000000 0.000000
    outer loop
      vertex -4.910000 5.675000 -5.360000
      vertex -2.710000 5.675000 -5.360000
      vertex -2.710000 5.675000 -7.560000
    endloop
  endfacet
  facet normal 0.000000 1.000000 0.000000
    outer loop
      vertex -4.910000 5.675000 -5.360000
      vertex -2.710000 5.675000 -7.560000
      vertex -4.910000 5.675000 -7.560000
    endloop
  endfacet
  facet normal 0.000000 0.000000 -1.000000
    outer loop
      vertex -4.910000 7.225000 -5.360000
      vertex -2.710000 7.225000 -5.360000
      vertex -2.710000 5.675000 -5.360000
    endloop
  endfacet
  facet normal 0.000000 0.000000 -1.000000
    outer loop
      vertex -4.910000 7.225000 -5.360000
      vertex -2.710000 5.675000 -5.360000
      vertex -4.910000 5.675000 -5.360000
    endloop
  endfacet
  facet normal 0.000000 0.000000 1.000000
    outer loop
      vertex -2.710000 5.675000 -7.560000
      vertex -2.710000 7.225000 -7.560000
      vertex -4.910000 7.225000 -7.560000
    endloop
  endfacet
  facet normal 0.000000 0.000000 1.000000
    outer loop
      vertex -2.710000 5.675000 -7.560000
      vertex -4.910000 7.225000 -7.560000
      vertex -4.910000 5.675000 -7.560000
    endloop
  endfacet
  facet normal -1.000000 0.000000 0.000000
    outer loop
      vertex -2.710000 5.675000 -5.360000
      vertex -2.710000 7.225000 -5.360000
      vertex -2.710000 7.225000 -7.560000
    endloop
  endfacet
  facet normal -1.000000 0.000000 0.000000
    outer loop
      vertex -2.710000 5.675000 -5.360000
      vertex -2.710000 7.225000 -7.560000
      vertex -2.710000 5.675000 -7.560000
    endloop
  endfacet
  facet normal 1.000000 0.000000 0.000000
    outer loop
      vertex -4.910000 5.675000 -7.560000
      vertex -4.910000 7.225000 -7.560000
      vertex -4.910000 7.225000 -5.360000
    endloop
  endfacet
  facet normal 1.000000 0.000000 0.000000
    outer loop
      vertex -4.910000 5.675000 -7.560000
      vertex -4.910000 7.225000 -5.360000
      vertex -4.910000 5.675000 -5.360000
    endloop
  endfacet
  facet normal 0.000000 -1.000000 0.000000
    outer loop
      vertex -4.140000 11.200000 -6.790000
      vertex -3.480000 11.200000 -6.790000
      vertex -3.480000 11.200000 -6.130000
    endloop
  endfacet
  facet normal 0.000000 -1.000000 0.000000
    outer loop
      vertex -4.140000 11.200000 -6.790000
      vertex -3.480000 11.200000 -6.130000
      vertex -4.140000 11.200000 -6.130000
    endloop
  endfacet
  facet normal 0.000000 1.000000 0.000000
    outer loop
      vertex -4.140000 6.000000 -6.130000
      vertex -3.480000 6.000000 -6.130000
      vertex -3.480000 6.000000 -6.790000
    endloop
  endfacet
  facet normal 0.000000 1.000000 0.000000
    outer loop
      vertex -4.140000 6.000000 -6.130000
      vertex -3.480000 6.000000 -6.790000
      vertex -4.140000 6.000000 -6.790000
    endloop
  endfacet
  facet normal 0.000000 0.000000 -1.000000
    outer loop
      vertex -4.140000 11.200000 -6.130000
      vertex -3.480000 11.200000 -6.130000
      vertex -3.480000 6.000000 -6.130000
    endloop
  endfacet
  facet normal 0.000000 0.000000 -1.000000
    outer loop
      vertex -4.140000 11.200000 -6.130000
      vertex -3.480000 6.000000 -6.130000
      vertex -4.140000 6.000000 -6.130000
    endloop
  endfacet
  facet normal 0.000000 0.000000 1.000000
    outer loop
      vertex -3.480000 6.000000 -6.790000
      vertex -3.480000 11.200000 -6.790000
      vertex -4.140000 11.200000 -6.790000
    endloop
  endfacet
  facet normal 0.000000 0.000000 1.000000
    outer loop
      vertex -3.480000 6.000000 -6.790000
      vertex -4.140000 11.200000 -6.790000
      vertex -4.140000 6.000000 -6.790000
    endloop
  endfacet
  facet normal -1.000000 0.000000 0.000000
    outer loop
      vertex -3.480000 6.000000 -6.130000
      vertex -3.480000 11.200000 -6.130000
      vertex -3.480000 11.200000 -6.790000
    endloop
  endfacet
  facet normal -1.000000 0.000000 0.000000
    outer loop
      vertex -3.480000 6.000000 -6.130000
      vertex -3.480000 11.200000 -6.790000
      vertex -3.480000 6.000000 -6.790000
    endloop
  endfacet
  facet normal 1.000000 0.000000 0.000000
    outer loop
      vertex -4.140000 6.000000 -6.790000
      vertex -4.140000 11.200000 -6.790000
      vertex -4.140000 11.200000 -6.130000
    endloop
  endfacet
  facet normal 1.000000 0.000000 0.000000
    outer loop
      vertex -4.140000 6.000000 -6.790000
      vertex -4.140000 11.200000 -6.130000
      vertex -4.140000 6.000000 -6.130000
    endloop
  endfacet
  facet normal 0.000000 -1.000000 0.000000
    outer loop
      vertex -2.370000 7.225000 -7.560000
      vertex -0.170000 7.225000 -7.560000
      vertex -0.170000 7.225000 -5.360000
    endloop
  endfacet
  facet normal 0.000000 -1.000000 0.000000
    outer loop
      vertex -2.370000 7.225000 -7.560000
      vertex -0.170000 7.225000 -5.360000
      vertex -2.370000 7.225000 -5.360000
    endloop
  endfacet
  facet normal 0.000000 1.000000 0.000000
    outer loop
      vertex -2.370000 5.675000 -5.360000
      vertex -0.170000 5.675000 -5.360000
      vertex -0.170000 5.675000 -7.560000
    endloop
  endfacet
  facet normal 0.000000 1.000000 0.000000
    outer loop
      vertex -2.370000 5.675000 -5.360000
      vertex -0.170000 5.675000 -7.560000
      vertex -2.370000 5.675000 -7.560000
    endloop
  endfacet
  facet normal 0.000000 0.000000 -1.000000
    outer loop
      vertex -2.370000 7.225000 -5.360000
      vertex -0.170000 7.225000 -5.360000
      vertex -0.170000 5.675000 -5.360000
    endloop
  endfacet
  facet normal 0.000000 0.000000 -1.000000
    outer loop
      vertex -2.370000 7.225000 -5.360000
      vertex -0.170000 5.675000 -5.360000
      vertex -2.370000 5.675000 -5.360000
    endloop
  endfacet
  facet normal 0.000000 0.000000 1.000000
    outer loop
      vertex -0.170000 5.675000 -7.560000
      vertex -0.170000 7.225000 -7.560000
      vertex -2.370000 7.225000 -7.560000
    endloop
  endfacet
  facet normal 0.000000 0.000000 1.000000
    outer loop
      vertex -0.170000 5.675000 -7.560000
      vertex -2.370000 7.225000 -7.560000
      vertex -2.370000 5.675000 -7.560000
    endloop
  endfacet
  facet normal -1.000000 0.000000 0.000000
    outer loop
      vertex -0.170000 5.675000 -5.360000
      vertex -0.170000 7.225000 -5.360000
      vertex -0.170000 7.225000 -7.560000
    endloop
  endfacet
  facet normal -1.000000 0.000000 0.000000
    outer loop
      vertex -0.170000 5.675000 -5.360000
      vertex -0.170000 7.225000 -7.560000
      vertex -0.170000 5.675000 -7.560000
    endloop
  endfacet
  facet normal 1.000000 0.000000 0.000000
    outer loop
      vertex -2.370000 5.675000 -7.560000
      vertex -2.370000 7.225000 -7.560000
      vertex -2.370000 7.225000 -5.360000
    endloop
  endfacet
  facet normal 1.000000 0.000000 0.000000
    outer loop
      vertex -2.370000 5.675000 -7.560000
      vertex -2.370000 7.225000 -5.360000
      vertex -2.370000 5.675000 -5.360000
    endloop
  endfacet
  facet normal 0.000000 -1.000000 0.000000
    outer loop
      vertex -1.600000 11.200000 -6.790000
      vertex -0.940000 11.200000 -6.790000
      vertex -0.940000 11.200000 -6.130000
    endloop
  endfacet
  facet normal 0.000000 -1.000000 0.000000
    outer loop
      vertex -1.600000 11.200000 -6.790000
      vertex -0.940000 11.200000 -6.130000
      vertex -1.600000 11.200000 -6.130000
    endloop
  endfacet
  facet normal 0.000000 1.000000 0.000000
    outer loop
      vertex -1.600000 6.000000 -6.130000
      vertex -0.940000 6.000000 -6.130000
      vertex -0.940000 6.000000 -6.790000
    endloop
  endfacet
  facet normal 0.000000 1.000000 0.000000
    outer loop
      vertex -1.600000 6.000000 -6.130000
      vertex -0.940000 6.000000 -6.790000
      vertex -1.600000 6.000000 -6.790000
    endloop
  endfacet
  facet normal 0.000000 0.000000 -1.000000
    outer loop
      vertex -1.600000 11.200000 -6.130000
      vertex -0.940000 11.200000 -6.130000
      vertex -0.940000 6.000000 -6.130000
    endloop
  endfacet
  facet normal 0.000000 0.000000 -1.000000
    outer loop
      vertex -1.600000 11.200000 -6.130000
      vertex -0.940000 6.000000 -6.130000
      vertex -1.600000 6.000000 -6.130000
    endloop
  endfacet
  facet normal 0.000000 0.000000 1.000000
    outer loop
      vertex -0.940000 6.000000 -6.790000
      vertex -0.940000 11.200000 -6.790000
      vertex -1.600000 11.200000 -6.790000
    endloop
  endfacet
  facet normal 0.000000 0.000000 1.000000
    outer loop
      vertex -0.940000 6.000000 -6.790000
      vertex -1.600000 11.200000 -6.790000
      vertex -1.600000 6.000000 -6.790000
    endloop
  endfacet
  facet normal -1.000000 0.000000 0.000000
    outer loop
      vertex -0.940000 6.000000 -6.130000
      vertex -0.940000 11.200000 -6.130000
      vertex -0.940000 11.200000 -6.790000
    endloop
  endfacet
  facet normal -1.000000 0.000000 0.000000
    outer loop
      vertex -0.940000 6.000000 -6.130000
      vertex -0.940000 11.200000 -6.790000
      vertex -0.940000 6.000000 -6.790000
    endloop
  endfacet
  facet normal 1.000000 0.000000 0.000000
    outer loop
      vertex -1.600000 6.000000 -6.790000
      vertex -1.600000 11.200000 -6.790000
      vertex -1.600000 11.200000 -6.130000
    endloop
  endfacet
  facet normal 1.000000 0.000000 0.000000
    outer loop
      vertex -1.600000 6.000000 -6.790000
      vertex -1.600000 11.200000 -6.130000
      vertex -1.600000 6.000000 -6.130000
    endloop
  endfacet
  facet normal 0.000000 -1.000000 0.000000
    outer loop
      vertex 0.170000 7.225000 -7.560000
      vertex 2.370000 7.225000 -7.560000
      vertex 2.370000 7.225000 -5.360000
    endloop
  endfacet
  facet normal 0.000000 -1.000000 0.000000
    outer loop
      vertex 0.170000 7.225000 -7.560000
      vertex 2.370000 7.225000 -5.360000
      vertex 0.170000 7.225000 -5.360000
    endloop
  endfacet
  facet normal 0.000000 1.000000 0.000000
    outer loop
      vertex 0.170000 5.675000 -5.360000
      vertex 2.370000 5.675000 -5.360000
      vertex 2.370000 5.675000 -7.560000
    endloop
  endfacet
  facet normal 0.000000 1.000000 0.000000
    outer loop
      vertex 0.170000 5.675000 -5.360000
      vertex 2.370000 5.675000 -7.560000
      vertex 0.170000 5.675000 -7.560000
    endloop
  endfacet
  facet normal 0.000000 0.000000 -1.000000
    outer loop
      vertex 0.170000 7.225000 -5.360000
      vertex 2.370000 7.225000 -5.360000
      vertex 2.370000 5.675000 -5.360000
    endloop
  endfacet
  facet normal 0.000000 0.000000 -1.000000
    outer loop
      vertex 0.170000 7.225000 -5.360000
      vertex 2.370000 5.675000 -5.360000
      vertex 0.170000 5.675000 -5.360000
    endloop
  endfacet
  facet normal 0.000000 0.000000 1.000000
    outer loop
      vertex 2.370000 5.675000 -7.560000
      vertex 2.370000 7.225000 -7.560000
      vertex 0.170000 7.225000 -7.560000
    endloop
  endfacet
  facet normal 0.000000 0.000000 1.000000
    outer loop
      vertex 2.370000 5.675000 -7.560000
      vertex 0.170000 7.225000 -7.560000
      vertex 0.170000 5.675000 -7.560000
    endloop
  endfacet
  facet normal -1.000000 0.000000 0.000000
    outer loop
      vertex 2.370000 5.675000 -5.360000
      vertex 2.370000 7.225000 -5.360000
      vertex 2.370000 7.225000 -7.560000
    endloop
  endfacet
  facet normal -1.000000 0.000000 0.000000
    outer loop
      vertex 2.370000 5.675000 -5.360000
      vertex 2.370000 7.225000 -7.560000
      vertex 2.370000 5.675000 -7.560000
    endloop
  endfacet
  facet normal 1.000000 0.000000 0.000000
    outer loop
      vertex 0.170000 5.675000 -7.560000
      vertex 0.170000 7.225000 -7.560000
      vertex 0.170000 7.225000 -5.360000
    endloop
  endfacet
  facet normal 1.000000 0.000000 0.000000
    outer loop
      vertex 0.170000 5.675000 -7.560000
      vertex 0.170000 7.225000 -5.360000
      vertex 0.170000 5.675000 -5.360000
    endloop
  endfacet
  facet normal 0.000000 -1.000000 0.000000
    outer loop
      vertex 0.940000 11.200000 -6.790000
      vertex 1.600000 11.200000 -6.790000
      vertex 1.600000 11.200000 -6.130000
    endloop
  endfacet
  facet normal 0.000000 -1.000000 0.000000
    outer loop
      vertex 0.940000 11.200000 -6.790000
      vertex 1.600000 11.200000 -6.130000
      vertex 0.940000 11.200000 -6.130000
    endloop
  endfacet
  facet normal 0.000000 1.000000 0.000000
    outer loop
      vertex 0.940000 6.000000 -6.130000
      vertex 1.600000 6.000000 -6.130000
      vertex 1.600000 6.000000 -6.790000
    endloop
  endfacet
  facet normal 0.000000 1.000000 0.000000
    outer loop
      vertex 0.940000 6.000000 -6.130000
      vertex 1.600000 6.000000 -6.790000
      vertex 0.940000 6.000000 -6.790000
    endloop
  endfacet
  facet normal 0.000000 0.000000 -1.000000
    outer loop
      vertex 0.940000 11.200000 -6.130000
      vertex 1.600000 11.200000 -6.130000
      vertex 1.600000 6.000000 -6.130000
    endloop
  endfacet
  facet normal 0.000000 0.000000 -1.000000
    outer loop
      vertex 0.940000 11.200000 -6.130000
      vertex 1.600000 6.000000 -6.130000
      vertex 0.940000 6.000000 -6.130000
    endloop
  endfacet
  facet normal 0.000000 0.000000 1.000000
    outer loop
      vertex 1.600000 6.000000 -6.790000
      vertex 1.600000 11.200000 -6.790000
      vertex 0.940000 11.200000 -6.790000
    endloop
  endfacet
  facet normal 0.000000 0.000000 1.000000
    outer loop
      vertex 1.600000 6.000000 -6.790000
      vertex 0.940000 11.200000 -6.790000
      vertex 0.940000 6.000000 -6.790000
    endloop
  endfacet
  facet normal -1.000000 0.000000 0.000000
    outer loop
      vertex 1.600000 6.000000 -6.130000
      vertex 1.600000 11.200000 -6.130000
      vertex 1.600000 11.200000 -6.790000
    endloop
  endfacet
  facet normal -1.000000 0.000000 0.000000
    outer loop
      vertex 1.600000 6.000000 -6.130000
      vertex 1.600000 11.200000 -6.790000
      vertex 1.600000 6.000000 -6.790000
    endloop
  endfacet
  facet normal 1.000000 0.000000 0.000000
    outer loop
      vertex 0.940000 6.000000 -6.790000
      vertex 0.940000 11.200000 -6.790000
      vertex 0.940000 11.200000 -6.130000
    endloop
  endfacet
  facet normal 1.000000 0.000000 0.000000
    outer loop
      vertex 0.940000 6.000000 -6.790000
      vertex 0.940000 11.200000 -6.130000
      vertex 0.940000 6.000000 -6.130000
    endloop
  endfacet
  facet normal 0.000000 -1.000000 0.000000
    outer loop
      vertex 2.710000 7.225000 -7.560000
      vertex 4.910000 7.225000 -7.560000
      vertex 4.910000 7.225000 -5.360000
    endloop
  endfacet
  facet normal 0.000000 -1.000000 0.000000
    outer loop
      vertex 2.710000 7.225000 -7.560000
      vertex 4.910000 7.225000 -5.360000
      vertex 2.710000 7.225000 -5.360000
    endloop
  endfacet
  facet normal 0.000000 1.000000 0.000000
    outer loop
      vertex 2.710000 5.675000 -5.360000
      vertex 4.910000 5.675000 -5.360000
      vertex 4.910000 5.675000 -7.560000
    endloop
  endfacet
  facet normal 0.000000 1.000000 0.000000
    outer loop
      vertex 2.710000 5.675000 -5.360000
      vertex 4.910000 5.675000 -7.560000
      vertex 2.710000 5.675000 -7.560000
    endloop
  endfacet
  facet normal 0.000000 0.000000 -1.000000
    outer loop
      vertex 2.710000 7.225000 -5.360000
      vertex 4.910000 7.225000 -5.360000
      vertex 4.910000 5.675000 -5.360000
    endloop
  endfacet
  facet normal 0.000000 0.000000 -1.000000
    outer loop
      vertex 2.710000 7.225000 -5.360000
      vertex 4.910000 5.675000 -5.360000
      vertex 2.710000 5.675000 -5.360000
    endloop
  endfacet
  facet normal 0.000000 0.000000 1.000000
    outer loop
      vertex 4.910000 5.675000 -7.560000
      vertex 4.910000 7.225000 -7.560000
      vertex 2.710000 7.225000 -7.560000
    endloop
  endfacet
  facet normal 0.000000 0.000000 1.000000
    outer loop
      vertex 4.910000 5.675000 -7.560000
      vertex 2.710000 7.225000 -7.560000
      vertex 2.710000 5.675000 -7.560000
    endloop
  endfacet
  facet normal -1.000000 0.000000 0.000000
    outer loop
      vertex 4.910000 5.675000 -5.360000
      vertex 4.910000 7.225000 -5.360000
      vertex 4.910000 7.225000 -7.560000
    endloop
  endfacet
  facet normal -1.000000 0.000000 0.000000
    outer loop
      vertex 4.910000 5.675000 -5.360000
      vertex 4.910000 7.225000 -7.560000
      vertex 4.910000 5.675000 -7.560000
    endloop
  endfacet
  facet normal 1.000000 0.000000 0.000000
    outer loop
      vertex 2.710000 5.675000 -7.560000
      vertex 2.710000 7.225000 -7.560000
      vertex 2.710000 7.225000 -5.360000
    endloop
  endfacet
  facet normal 1.000000 0.000000 0.000000
    outer loop
      vertex 2.710000 5.675000 -7.560000
      vertex 2.710000 7.225000 -5.360000
      vertex 2.710000 5.675000 -5.360000
    endloop
  endfacet
  facet normal 0.000000 -1.000000 0.000000
    outer loop
      vertex 3.480000 11.200000 -6.790000
      vertex 4.140000 11.200000 -6.790000
      vertex 4.140000 11.200000 -6.130000
    endloop
  endfacet
  facet normal 0.000000 -1.000000 0.000000
    outer loop
      vertex 3.480000 11.200000 -6.790000
      vertex 4.140000 11.200000 -6.130000
      vertex 3.480000 11.200000 -6.130000
    endloop
  endfacet
  facet normal 0.000000 1.000000 0.000000
    outer loop
      vertex 3.480000 6.000000 -6.130000
      vertex 4.140000 6.000000 -6.130000
      vertex 4.140000 6.000000 -6.790000
    endloop
  endfacet
  facet normal 0.000000 1.000000 0.000000
    outer loop
      vertex 3.480000 6.000000 -6.130000
      vertex 4.140000 6.000000 -6.790000
      vertex 3.480000 6.000000 -6.790000
    endloop
  endfacet
  facet normal 0.000000 0.000000 -1.000000
    outer loop
      vertex 3.480000 11.200000 -6.130000
      vertex 4.140000 11.200000 -6.130000
      vertex 4.140000 6.000000 -6.130000
    endloop
  endfacet
  facet normal 0.000000 0.000000 -1.000000
    outer loop
      vertex 3.480000 11.200000 -6.130000
      vertex 4.140000 6.000000 -6.130000
      vertex 3.480000 6.000000 -6.130000
    endloop
  endfacet
  facet normal 0.000000 0.000000 1.000000
    outer loop
      vertex 4.140000 6.000000 -6.790000
      vertex 4.140000 11.200000 -6.790000
      vertex 3.480000 11.200000 -6.790000
    endloop
  endfacet
  facet normal 0.000000 0.000000 1.000000
    outer loop
      vertex 4.140000 6.000000 -6.790000
      vertex 3.480000 11.200000 -6.790000
      vertex 3.480000 6.000000 -6.790000
    endloop
  endfacet
  facet normal -1.000000 0.000000 0.000000
    outer loop
      vertex 4.140000 6.000000 -6.130000
      vertex 4.140000 11.200000 -6.130000
      vertex 4.140000 11.200000 -6.790000
    endloop
  endfacet
  facet normal -1.000000 0.000000 0.000000
    outer loop
      vertex 4.140000 6.000000 -6.130000
      vertex 4.140000 11.200000 -6.790000
      vertex 4.140000 6.000000 -6.790000
    endloop
  endfacet
  facet normal 1.000000 0.000000 0.000000
    outer loop
      vertex 3.480000 6.000000 -6.790000
      vertex 3.480000 11.200000 -6.790000
      vertex 3.480000 11.200000 -6.130000
    endloop
  endfacet
  facet normal 1.000000 0.000000 0.000000
    outer loop
      vertex 3.480000 6.000000 -6.790000
      vertex 3.480000 11.200000 -6.130000
      vertex 3.480000 6.000000 -6.130000
    endloop
  endfacet
  facet normal 0.000000 -1.000000 0.000000
    outer loop
      vertex 5.250000 7.225000 -7.560000
      vertex 7.450000 7.225000 -7.560000
      vertex 7.450000 7.225000 -5.360000
    endloop
  endfacet
  facet normal 0.000000 -1.000000 0.000000
    outer loop
      vertex 5.250000 7.225000 -7.560000
      vertex 7.450000 7.225000 -5.360000
      vertex 5.250000 7.225000 -5.360000
    endloop
  endfacet
  facet normal 0.000000 1.000000 0.000000
    outer loop
      vertex 5.250000 5.675000 -5.360000
      vertex 7.450000 5.675000 -5.360000
      vertex 7.450000 5.675000 -7.560000
    endloop
  endfacet
  facet normal 0.000000 1.000000 0.000000
    outer loop
      vertex 5.250000 5.675000 -5.360000
      vertex 7.450000 5.675000 -7.560000
      vertex 5.250000 5.675000 -7.560000
    endloop
  endfacet
  facet normal 0.000000 0.000000 -1.000000
    outer loop
      vertex 5.250000 7.225000 -5.360000
      vertex 7.450000 7.225000 -5.360000
      vertex 7.450000 5.675000 -5.360000
    endloop
  endfacet
  facet normal 0.000000 0.000000 -1.000000
    outer loop
      vertex 5.250000 7.225000 -5.360000
      vertex 7.450000 5.675000 -5.360000
      vertex 5.250000 5.675000 -5.360000
    endloop
  endfacet
  facet normal 0.000000 0.000000 1.000000
    outer loop
      vertex 7.450000 5.675000 -7.560000
      vertex 7.450000 7.225000 -7.560000
      vertex 5.250000 7.225000 -7.560000
    endloop
  endfacet
  facet normal 0.000000 0.000000 1.000000
    outer loop
      vertex 7.450000 5.675000 -7.560000
      vertex 5.250000 7.225000 -7.560000
      vertex 5.250000 5.675000 -7.560000
    endloop
  endfacet
  facet normal -1.000000 0.000000 0.000000
    outer loop
      vertex 7.450000 5.675000 -5.360000
      vertex 7.450000 7.225000 -5.360000
      vertex 7.450000 7.225000 -7.560000
    endloop
  endfacet
  facet normal -1.000000 0.000000 0.000000
    outer loop
      vertex 7.450000 5.675000 -5.360000
      vertex 7.450000 7.225000 -7.560000
      vertex 7.450000 5.675000 -7.560000
    endloop
  endfacet
  facet normal 1.000000 0.000000 0.000000
    outer loop
      vertex 5.250000 5.675000 -7.560000
      vertex 5.250000 7.225000 -7.560000
      vertex 5.250000 7.225000 -5.360000
    endloop
  endfacet
  facet normal 1.000000 0.000000 0.000000
    outer loop
      vertex 5.250000 5.675000 -7.560000
      vertex 5.250000 7.225000 -5.360000
      vertex 5.250000 5.675000 -5.360000
    endloop
  endfacet
  facet normal 0.000000 -1.000000 0.000000
    outer loop
      vertex 6.020000 11.200000 -6.790000
      vertex 6.680000 11.200000 -6.790000
      vertex 6.680000 11.200000 -6.130000
    endloop
  endfacet
  facet normal 0.000000 -1.000000 0.000000
    outer loop
      vertex 6.020000 11.200000 -6.790000
      vertex 6.680000 11.200000 -6.130000
      vertex 6.020000 11.200000 -6.130000
    endloop
  endfacet
  facet normal 0.000000 1.000000 0.000000
    outer loop
      vertex 6.020000 6.000000 -6.130000
      vertex 6.680000 6.000000 -6.130000
      vertex 6.680000 6.000000 -6.790000
    endloop
  endfacet
  facet normal 0.000000 1.000000 0.000000
    outer loop
      vertex 6.020000 6.000000 -6.130000
      vertex 6.680000 6.000000 -6.790000
      vertex 6.020000 6.000000 -6.790000
    endloop
  endfacet
  facet normal 0.000000 0.000000 -1.000000
    outer loop
      vertex 6.020000 11.200000 -6.130000
      vertex 6.680000 11.200000 -6.130000
      vertex 6.680000 6.000000 -6.130000
    endloop
  endfacet
  facet normal 0.000000 0.000000 -1.000000
    outer loop
      vertex 6.020000 11.200000 -6.130000
      vertex 6.680000 6.000000 -6.130000
      vertex 6.020000 6.000000 -6.130000
    endloop
  endfacet
  facet normal 0.000000 0.000000 1.000000
    outer loop
      vertex 6.680000 6.000000 -6.790000
      vertex 6.680000 11.200000 -6.790000
      vertex 6.020000 11.200000 -6.790000
    endloop
  endfacet
  facet normal 0.000000 0.000000 1.000000
    outer loop
      vertex 6.680000 6.000000 -6.790000
      vertex 6.020000 11.200000 -6.790000
      vertex 6.020000 6.000000 -6.790000
    endloop
  endfacet
  facet normal -1.000000 0.000000 0.000000
    outer loop
      vertex 6.680000 6.000000 -6.130000
      vertex 6.680000 11.200000 -6.130000
      vertex 6.680000 11.200000 -6.790000
    endloop
  endfacet
  facet normal -1.000000 0.000000 0.000000
    outer loop
      vertex 6.680000 6.000000 -6.130000
      vertex 6.680000 11.200000 -6.790000
      vertex 6.680000 6.000000 -6.790000
    endloop
  endfacet
  facet normal 1.000000 0.000000 0.000000
    outer loop
      vertex 6.020000 6.000000 -6.790000
      vertex 6.020000 11.200000 -6.790000
      vertex 6.020000 11.200000 -6.130000
    endloop
  endfacet
  facet normal 1.000000 0.000000 0.000000
    outer loop
      vertex 6.020000 6.000000 -6.790000
      vertex 6.020000 11.200000 -6.130000
      vertex 6.020000 6.000000 -6.130000
    endloop
  endfacet
  facet normal 0.000000 -1.000000 0.000000
    outer loop
      vertex 7.790000 7.225000 -7.560000
      vertex 9.990000 7.225000 -7.560000
      vertex 9.990000 7.225000 -5.360000
    endloop
  endfacet
  facet normal 0.000000 -1.000000 0.000000
    outer loop
      vertex 7.790000 7.225000 -7.560000
      vertex 9.990000 7.225000 -5.360000
      vertex 7.790000 7.225000 -5.360000
    endloop
  endfacet
  facet normal 0.000000 1.000000 0.000000
    outer loop
      vertex 7.790000 5.675000 -5.360000
      vertex 9.990000 5.675000 -5.360000
      vertex 9.990000 5.675000 -7.560000
    endloop
  endfacet
  facet normal 0.000000 1.000000 0.000000
    outer loop
      vertex 7.790000 5.675000 -5.360000
      vertex 9.990000 5.675000 -7.560000
      vertex 7.790000 5.675000 -7.560000
    endloop
  endfacet
  facet normal 0.000000 0.000000 -1.000000
    outer loop
      vertex 7.790000 7.225000 -5.360000
      vertex 9.990000 7.225000 -5.360000
      vertex 9.990000 5.675000 -5.360000
    endloop
  endfacet
  facet normal 0.000000 0.000000 -1.000000
    outer loop
      vertex 7.790000 7.225000 -5.360000
      vertex 9.990000 5.675000 -5.360000
      vertex 7.790000 5.675000 -5.360000
    endloop
  endfacet
  facet normal 0.000000 0.000000 1.000000
    outer loop
      vertex 9.990000 5.675000 -7.560000
      vertex 9.990000 7.225000 -7.560000
      vertex 7.790000 7.225000 -7.560000
    endloop
  endfacet
  facet normal 0.000000 0.000000 1.000000
    outer loop
      vertex 9.990000 5.675000 -7.560000
      vertex 7.790000 7.225000 -7.560000
      vertex 7.790000 5.675000 -7.560000
    endloop
  endfacet
  facet normal -1.000000 0.000000 0.000000
    outer loop
      vertex 9.990000 5.675000 -5.360000
      vertex 9.990000 7.225000 -5.360000
      vertex 9.990000 7.225000 -7.560000
    endloop
  endfacet
  facet normal -1.000000 0.000000 0.000000
    outer loop
      vertex 9.990000 5.675000 -5.360000
      vertex 9.990000 7.225000 -7.560000
      vertex 9.990000 5.675000 -7.560000
    endloop
  endfacet
  facet normal 1.000000 0.000000 0.000000
    outer loop
      vertex 7.790000 5.675000 -7.560000
      vertex 7.790000 7.225000 -7.560000
      vertex 7.790000 7.225000 -5.360000
    endloop
  endfacet
  facet normal 1.000000 0.000000 0.000000
    outer loop
      vertex 7.790000 5.675000 -7.560000
      vertex 7.790000 7.225000 -5.360000
      vertex 7.790000 5.675000 -5.360000
    endloop
  endfacet
  facet normal 0.000000 -1.000000 0.000000
    outer loop
      vertex 8.560000 11.200000 -6.790000
      vertex 9.220000 11.200000 -6.790000
      vertex 9.220000 11.200000 -6.130000
    endloop
  endfacet
  facet normal 0.000000 -1.000000 0.000000
    outer loop
      vertex 8.560000 11.200000 -6.790000
      vertex 9.220000 11.200000 -6.130000
      vertex 8.560000 11.200000 -6.130000
    endloop
  endfacet
  facet normal 0.000000 1.000000 0.000000
    outer loop
      vertex 8.560000 6.000000 -6.130000
      vertex 9.220000 6.000000 -6.130000
      vertex 9.220000 6.000000 -6.790000
    endloop
  endfacet
  facet normal 0.000000 1.000000 0.000000
    outer loop
      vertex 8.560000 6.000000 -6.130000
      vertex 9.220000 6.000000 -6.790000
      vertex 8.560000 6.000000 -6.790000
    endloop
  endfacet
  facet normal 0.000000 0.000000 -1.000000
    outer loop
      vertex 8.560000 11.200000 -6.130000
      vertex 9.220000 11.200000 -6.130000
      vertex 9.220000 6.000000 -6.130000
    endloop
  endfacet
  facet normal 0.000000 0.000000 -1.000000
    outer loop
      vertex 8.560000 11.200000 -6.130000
      vertex 9.220000 6.000000 -6.130000
      vertex 8.560000 6.000000 -6.130000
    endloop
  endfacet
  facet normal 0.000000 0.000000 1.000000
    outer loop
      vertex 9.220000 6.000000 -6.790000
      vertex 9.220000 11.200000 -6.790000
      vertex 8.560000 11.200000 -6.790000
    endloop
  endfacet
  facet normal 0.000000 0.000000 1.000000
    outer loop
      vertex 9.220000 6.000000 -6.790000
      vertex 8.560000 11.200000 -6.790000
      vertex 8.560000 6.000000 -6.790000
    endloop
  endfacet
  facet normal -1.000000 0.000000 0.000000
    outer loop
      vertex 9.220000 6.000000 -6.130000
      vertex 9.220000 11.200000 -6.130000
      vertex 9.220000 11.200000 -6.790000
    endloop
  endfacet
  facet normal -1.000000 0.000000 0.000000
    outer loop
      vertex 9.220000 6.000000 -6.130000
      vertex 9.220000 11.200000 -6.790000
      vertex 9.220000 6.000000 -6.790000
    endloop
  endfacet
  facet normal 1.000000 0.000000 0.000000
    outer loop
      vertex 8.560000 6.000000 -6.790000
      vertex 8.560000 11.200000 -6.790000
      vertex 8.560000 11.200000 -6.130000
    endloop
  endfacet
  facet normal 1.000000 0.000000 0.000000
    outer loop
      vertex 8.560000 6.000000 -6.790000
      vertex 8.560000 11.200000 -6.130000
      vertex 8.560000 6.000000 -6.130000
    endloop
  endfacet
  facet normal 0.000000 -1.000000 0.000000
    outer loop
      vertex 10.330000 7.225000 -7.560000
      vertex 12.530000 7.225000 -7.560000
      vertex 12.530000 7.225000 -5.360000
    endloop
  endfacet
  facet normal 0.000000 -1.000000 0.000000
    outer loop
      vertex 10.330000 7.225000 -7.560000
      vertex 12.530000 7.225000 -5.360000
      vertex 10.330000 7.225000 -5.360000
    endloop
  endfacet
  facet normal 0.000000 1.000000 0.000000
    outer loop
      vertex 10.330000 5.675000 -5.360000
      vertex 12.530000 5.675000 -5.360000
      vertex 12.530000 5.675000 -7.560000
    endloop
  endfacet
  facet normal 0.000000 1.000000 0.000000
    outer loop
      vertex 10.330000 5.675000 -5.360000
      vertex 12.530000 5.675000 -7.560000
      vertex 10.330000 5.675000 -7.560000
    endloop
  endfacet
  facet normal 0.000000 0.000000 -1.000000
    outer loop
      vertex 10.330000 7.225000 -5.360000
      vertex 12.530000 7.225000 -5.360000
      vertex 12.530000 5.675000 -5.360000
    endloop
  endfacet
  facet normal 0.000000 0.000000 -1.000000
    outer loop
      vertex 10.330000 7.225000 -5.360000
      vertex 12.530000 5.675000 -5.360000
      vertex 10.330000 5.675000 -5.360000
    endloop
  endfacet
  facet normal 0.000000 0.000000 1.000000
    outer loop
      vertex 12.530000 5.675000 -7.560000
      vertex 12.530000 7.225000 -7.560000
      vertex 10.330000 7.225000 -7.560000
    endloop
  endfacet
  facet normal 0.000000 0.000000 1.000000
    outer loop
      vertex 12.530000 5.675000 -7.560000
      vertex 10.330000 7.225000 -7.560000
      vertex 10.330000 5.675000 -7.560000
    endloop
  endfacet
  facet normal -1.000000 0.000000 0.000000
    outer loop
      vertex 12.530000 5.675000 -5.360000
      vertex 12.530000 7.225000 -5.360000
      vertex 12.530000 7.225000 -7.560000
    endloop
  endfacet
  facet normal -1.000000 0.000000 0.000000
    outer loop
      vertex 12.530000 5.675000 -5.360000
      vertex 12.530000 7.225000 -7.560000
      vertex 12.530000 5.675000 -7.560000
    endloop
  endfacet
  facet normal 1.000000 0.000000 0.000000
    outer loop
      vertex 10.330000 5.675000 -7.560000
      vertex 10.330000 7.225000 -7.560000
      vertex 10.330000 7.225000 -5.360000
    endloop
  endfacet
  facet normal 1.000000 0.000000 0.000000
    outer loop
      vertex 10.330000 5.675000 -7.560000
      vertex 10.330000 7.225000 -5.360000
      vertex 10.330000 5.675000 -5.360000
    endloop
  endfacet
  facet normal 0.000000 -1.000000 0.000000
    outer loop
      vertex 11.100000 11.200000 -6.790000
      vertex 11.760000 11.200000 -6.790000
      vertex 11.760000 11.200000 -6.130000
    endloop
  endfacet
  facet normal 0.000000 -1.000000 0.000000
    outer loop
      vertex 11.100000 11.200000 -6.790000
      vertex 11.760000 11.200000 -6.130000
      vertex 11.100000 11.200000 -6.130000
    endloop
  endfacet
  facet normal 0.000000 1.000000 0.000000
    outer loop
      vertex 11.100000 6.000000 -6.130000
      vertex 11.760000 6.000000 -6.130000
      vertex 11.760000 6.000000 -6.790000
    endloop
  endfacet
  facet normal 0.000000 1.000000 0.000000
    outer loop
      vertex 11.100000 6.000000 -6.130000
      vertex 11.760000 6.000000 -6.790000
      vertex 11.100000 6.000000 -6.790000
    endloop
  endfacet
  facet normal 0.000000 0.000000 -1.000000
    outer loop
      vertex 11.100000 11.200000 -6.130000
      vertex 11.760000 11.200000 -6.130000
      vertex 11.760000 6.000000 -6.130000
    endloop
  endfacet
  facet normal 0.000000 0.000000 -1.000000
    outer loop
      vertex 11.100000 11.200000 -6.130000
      vertex 11.760000 6.000000 -6.130000
      vertex 11.100000 6.000000 -6.130000
    endloop
  endfacet
  facet normal 0.000000 0.000000 1.000000
    outer loop
      vertex 11.760000 6.000000 -6.790000
      vertex 11.760000 11.200000 -6.790000
      vertex 11.100000 11.200000 -6.790000
    endloop
  endfacet
  facet normal 0.000000 0.000000 1.000000
    outer loop
      vertex 11.760000 6.000000 -6.790000
      vertex 11.100000 11.200000 -6.790000
      vertex 11.100000 6.000000 -6.790000
    endloop
  endfacet
  facet normal -1.000000 0.000000 0.000000
    outer loop
      vertex 11.760000 6.000000 -6.130000
      vertex 11.760000 11.200000 -6.130000
      vertex 11.760000 11.200000 -6.790000
    endloop
  endfacet
  facet normal -1.000000 0.000000 0.000000
    outer loop
      vertex 11.760000 6.000000 -6.130000
      vertex 11.760000 11.200000 -6.790000
      vertex 11.760000 6.000000 -6.790000
    endloop
  endfacet
  facet normal 1.000000 0.000000 0.000000
    outer loop
      vertex 11.100000 6.000000 -6.790000
      vertex 11.100000 11.200000 -6.790000
      vertex 11.100000 11.200000 -6.130000
    endloop
  endfacet
  facet normal 1.000000 0.000000 0.000000
    outer loop
      vertex 11.100000 6.000000 -6.790000
      vertex 11.100000 11.200000 -6.130000
      vertex 11.100000 6.000000 -6.130000
    endloop
  endfacet
  facet normal 0.000000 -1.000000 0.000000
    outer loop
      vertex 12.870000 7.225000 -7.560000
      vertex 15.070000 7.225000 -7.560000
      vertex 15.070000 7.225000 -5.360000
    endloop
  endfacet
  facet normal 0.000000 -1.000000 0.000000
    outer loop
      vertex 12.870000 7.225000 -7.560000
      vertex 15.070000 7.225000 -5.360000
      vertex 12.870000 7.225000 -5.360000
    endloop
  endfacet
  facet normal 0.000000 1.000000 0.000000
    outer loop
      vertex 12.870000 5.675000 -5.360000
      vertex 15.070000 5.675000 -5.360000
      vertex 15.070000 5.675000 -7.560000
    endloop
  endfacet
  facet normal 0.000000 1.000000 0.000000
    outer loop
      vertex 12.870000 5.675000 -5.360000
      vertex 15.070000 5.675000 -7.560000
      vertex 12.870000 5.675000 -7.560000
    endloop
  endfacet
  facet normal 0.000000 0.000000 -1.000000
    outer loop
      vertex 12.870000 7.225000 -5.360000
      vertex 15.070000 7.225000 -5.360000
      vertex 15.070000 5.675000 -5.360000
    endloop
  endfacet
  facet normal 0.000000 0.000000 -1.000000
    outer loop
      vertex 12.870000 7.225000 -5.360000
      vertex 15.070000 5.675000 -5.360000
      vertex 12.870000 5.675000 -5.360000
    endloop
  endfacet
  facet normal 0.000000 0.000000 1.000000
    outer loop
      vertex 15.070000 5.675000 -7.560000
      vertex 15.070000 7.225000 -7.560000
      vertex 12.870000 7.225000 -7.560000
    endloop
  endfacet
  facet normal 0.000000 0.000000 1.000000
    outer loop
      vertex 15.070000 5.675000 -7.560000
      vertex 12.870000 7.225000 -7.560000
      vertex 12.870000 5.675000 -7.560000
    endloop
  endfacet
  facet normal -1.000000 0.000000 0.000000
    outer loop
      vertex 15.070000 5.675000 -5.360000
      vertex 15.070000 7.225000 -5.360000
      vertex 15.070000 7.225000 -7.560000
    endloop
  endfacet
  facet normal -1.000000 0.000000 0.000000
    outer loop
      vertex 15.070000 5.675000 -5.360000
      vertex 15.070000 7.225000 -7.560000
      vertex 15.070000 5.675000 -7.560000
    endloop
  endfacet
  facet normal 1.000000 0.000000 0.000000
    outer loop
      vertex 12.870000 5.675000 -7.560000
      vertex 12.870000 7.225000 -7.560000
      vertex 12.870000 7.225000 -5.360000
    endloop
  endfacet
  facet normal 1.000000 0.000000 0.000000
    outer loop
      vertex 12.870000 5.675000 -7.560000
      vertex 12.870000 7.225000 -5.360000
      vertex 12.870000 5.675000 -5.360000
    endloop
  endfacet
  facet normal 0.000000 -1.000000 0.000000
    outer loop
      vertex 13.640000 11.200000 -6.790000
      vertex 14.300000 11.200000 -6.790000
      vertex 14.300000 11.200000 -6.130000
    endloop
  endfacet
  facet normal 0.000000 -1.000000 0.000000
    outer loop
      vertex 13.640000 11.200000 -6.790000
      vertex 14.300000 11.200000 -6.130000
      vertex 13.640000 11.200000 -6.130000
    endloop
  endfacet
  facet normal 0.000000 1.000000 0.000000
    outer loop
      vertex 13.640000 6.000000 -6.130000
      vertex 14.300000 6.000000 -6.130000
      vertex 14.300000 6.000000 -6.790000
    endloop
  endfacet
  facet normal 0.000000 1.000000 0.000000
    outer loop
      vertex 13.640000 6.000000 -6.130000
      vertex 14.300000 6.000000 -6.790000
      vertex 13.640000 6.000000 -6.790000
    endloop
  endfacet
  facet normal 0.000000 0.000000 -1.000000
    outer loop
      vertex 13.640000 11.200000 -6.130000
      vertex 14.300000 11.200000 -6.130000
      vertex 14.300000 6.000000 -6.130000
    endloop
  endfacet
  facet normal 0.000000 0.000000 -1.000000
    outer loop
      vertex 13.640000 11.200000 -6.130000
      vertex 14.300000 6.000000 -6.130000
      vertex 13.640000 6.000000 -6.130000
    endloop
  endfacet
  facet normal 0.000000 0.000000 1.000000
    outer loop
      vertex 14.300000 6.000000 -6.790000
      vertex 14.300000 11.200000 -6.790000
      vertex 13.640000 11.200000 -6.790000
    endloop
  endfacet
  facet normal 0.000000 0.000000 1.000000
    outer loop
      vertex 14.300000 6.000000 -6.790000
      vertex 13.640000 11.200000 -6.790000
      vertex 13.640000 6.000000 -6.790000
    endloop
  endfacet
  facet normal -1.000000 0.000000 0.000000
    outer loop
      vertex 14.300000 6.000000 -6.130000
      vertex 14.300000 11.200000 -6.130000
      vertex 14.300000 11.200000 -6.790000
    endloop
  endfacet
  facet normal -1.000000 0.000000 0.000000
    outer loop
      vertex 14.300000 6.000000 -6.130000
      vertex 14.300000 11.200000 -6.790000
      vertex 14.300000 6.000000 -6.790000
    endloop
  endfacet
  facet normal 1.000000 0.000000 0.000000
    outer loop
      vertex 13.640000 6.000000 -6.790000
      vertex 13.640000 11.200000 -6.790000
      vertex 13.640000 11.200000 -6.130000
    endloop
  endfacet
  facet normal 1.000000 0.000000 0.000000
    outer loop
      vertex 13.640000 6.000000 -6.790000
      vertex 13.640000 11.200000 -6.130000
      vertex 13.640000 6.000000 -6.130000
    endloop
  endfacet
  facet normal 0.000000 -1.000000 0.000000
    outer loop
      vertex 15.410000 7.225000 -7.560000
      vertex 17.610000 7.225000 -7.560000
      vertex 17.610000 7.225000 -5.360000
    endloop
  endfacet
  facet normal 0.000000 -1.000000 0.000000
    outer loop
      vertex 15.410000 7.225000 -7.560000
      vertex 17.610000 7.225000 -5.360000
      vertex 15.410000 7.225000 -5.360000
    endloop
  endfacet
  facet normal 0.000000 1.000000 0.000000
    outer loop
      vertex 15.410000 5.675000 -5.360000
      vertex 17.610000 5.675000 -5.360000
      vertex 17.610000 5.675000 -7.560000
    endloop
  endfacet
  facet normal 0.000000 1.000000 0.000000
    outer loop
      vertex 15.410000 5.675000 -5.360000
      vertex 17.610000 5.675000 -7.560000
      vertex 15.410000 5.675000 -7.560000
    endloop
  endfacet
  facet normal 0.000000 0.000000 -1.000000
    outer loop
      vertex 15.410000 7.225000 -5.360000
      vertex 17.610000 7.225000 -5.360000
      vertex 17.610000 5.675000 -5.360000
    endloop
  endfacet
  facet normal 0.000000 0.000000 -1.000000
    outer loop
      vertex 15.410000 7.225000 -5.360000
      vertex 17.610000 5.675000 -5.360000
      vertex 15.410000 5.675000 -5.360000
    endloop
  endfacet
  facet normal 0.000000 0.000000 1.000000
    outer loop
      vertex 17.610000 5.675000 -7.560000
      vertex 17.610000 7.225000 -7.560000
      vertex 15.410000 7.225000 -7.560000
    endloop
  endfacet
  facet normal 0.000000 0.000000 1.000000
    outer loop
      vertex 17.610000 5.675000 -7.560000
      vertex 15.410000 7.225000 -7.560000
      vertex 15.410000 5.675000 -7.560000
    endloop
  endfacet
  facet normal -1.000000 0.000000 0.000000
    outer loop
      vertex 17.610000 5.675000 -5.360000
      vertex 17.610000 7.225000 -5.360000
      vertex 17.610000 7.225000 -7.560000
    endloop
  endfacet
  facet normal -1.000000 0.000000 0.000000
    outer loop
      vertex 17.610000 5.675000 -5.360000
      vertex 17.610000 7.225000 -7.560000
      vertex 17.610000 5.675000 -7.560000
    endloop
  endfacet
  facet normal 1.000000 0.000000 0.000000
    outer loop
      vertex 15.410000 5.675000 -7.560000
      vertex 15.410000 7.225000 -7.560000
      vertex 15.410000 7.225000 -5.360000
    endloop
  endfacet
  facet normal 1.000000 0.000000 0.000000
    outer loop
      vertex 15.410000 5.675000 -7.560000
      vertex 15.410000 7.225000 -5.360000
      vertex 15.410000 5.675000 -5.360000
    endloop
  endfacet
  facet normal 0.000000 -1.000000 0.000000
    outer loop
      vertex 16.180000 11.200000 -6.790000
      vertex 16.840000 11.200000 -6.790000
      vertex 16.840000 11.200000 -6.130000
    endloop
  endfacet
  facet normal 0.000000 -1.000000 0.000000
    outer loop
      vertex 16.180000 11.200000 -6.790000
      vertex 16.840000 11.200000 -6.130000
      vertex 16.180000 11.200000 -6.130000
    endloop
  endfacet
  facet normal 0.000000 1.000000 0.000000
    outer loop
      vertex 16.180000 6.000000 -6.130000
      vertex 16.840000 6.000000 -6.130000
      vertex 16.840000 6.000000 -6.790000
    endloop
  endfacet
  facet normal 0.000000 1.000000 0.000000
    outer loop
      vertex 16.180000 6.000000 -6.130000
      vertex 16.840000 6.000000 -6.790000
      vertex 16.180000 6.000000 -6.790000
    endloop
  endfacet
  facet normal 0.000000 0.000000 -1.000000
    outer loop
      vertex 16.180000 11.200000 -6.130000
      vertex 16.840000 11.200000 -6.130000
      vertex 16.840000 6.000000 -6.130000
    endloop
  endfacet
  facet normal 0.000000 0.000000 -1.000000
    outer loop
      vertex 16.180000 11.200000 -6.130000
      vertex 16.840000 6.000000 -6.130000
      vertex 16.180000 6.000000 -6.130000
    endloop
  endfacet
  facet normal 0.000000 0.000000 1.000000
    outer loop
      vertex 16.840000 6.000000 -6.790000
      vertex 16.840000 11.200000 -6.790000
      vertex 16.180000 11.200000 -6.790000
    endloop
  endfacet
  facet normal 0.000000 0.000000 1.000000
    outer loop
      vertex 16.840000 6.000000 -6.790000
      vertex 16.180000 11.200000 -6.790000
      vertex 16.180000 6.000000 -6.790000
    endloop
  endfacet
  facet normal -1.000000 0.000000 0.000000
    outer loop
      vertex 16.840000 6.000000 -6.130000
      vertex 16.840000 11.200000 -6.130000
      vertex 16.840000 11.200000 -6.790000
    endloop
  endfacet
  facet normal -1.000000 0.000000 0.000000
    outer loop
      vertex 16.840000 6.000000 -6.130000
      vertex 16.840000 11.200000 -6.790000
      vertex 16.840000 6.000000 -6.790000
    endloop
  endfacet
  facet normal 1.000000 0.000000 0.000000
    outer loop
      vertex 16.180000 6.000000 -6.790000
      vertex 16.180000 11.200000 -6.790000
      vertex 16.180000 11.200000 -6.130000
    endloop
  endfacet
  facet normal 1.000000 0.000000 0.000000
    outer loop
      vertex 16.180000 6.000000 -6.790000
      vertex 16.180000 11.200000 -6.130000
      vertex 16.180000 6.000000 -6.130000
    endloop
  endfacet
  facet normal 0.000000 -1.000000 0.000000
    outer loop
      vertex 17.950000 7.225000 -7.560000
      vertex 20.150000 7.225000 -7.560000
      vertex 20.150000 7.225000 -5.360000
    endloop
  endfacet
  facet normal 0.000000 -1.000000 0.000000
    outer loop
      vertex 17.950000 7.225000 -7.560000
      vertex 20.150000 7.225000 -5.360000
      vertex 17.950000 7.225000 -5.360000
    endloop
  endfacet
  facet normal 0.000000 1.000000 0.000000
    outer loop
      vertex 17.950000 5.675000 -5.360000
      vertex 20.150000 5.675000 -5.360000
      vertex 20.150000 5.675000 -7.560000
    endloop
  endfacet
  facet normal 0.000000 1.000000 0.000000
    outer loop
      vertex 17.950000 5.675000 -5.360000
      vertex 20.150000 5.675000 -7.560000
      vertex 17.950000 5.675000 -7.560000
    endloop
  endfacet
  facet normal 0.000000 0.000000 -1.000000
    outer loop
      vertex 17.950000 7.225000 -5.360000
      vertex 20.150000 7.225000 -5.360000
      vertex 20.150000 5.675000 -5.360000
    endloop
  endfacet
  facet normal 0.000000 0.000000 -1.000000
    outer loop
      vertex 17.950000 7.225000 -5.360000
      vertex 20.150000 5.675000 -5.360000
      vertex 17.950000 5.675000 -5.360000
    endloop
  endfacet
  facet normal 0.000000 0.000000 1.000000
    outer loop
      vertex 20.150000 5.675000 -7.560000
      vertex 20.150000 7.225000 -7.560000
      vertex 17.950000 7.225000 -7.560000
    endloop
  endfacet
  facet normal 0.000000 0.000000 1.000000
    outer loop
      vertex 20.150000 5.675000 -7.560000
      vertex 17.950000 7.225000 -7.560000
      vertex 17.950000 5.675000 -7.560000
    endloop
  endfacet
  facet normal -1.000000 0.000000 0.000000
    outer loop
      vertex 20.150000 5.675000 -5.360000
      vertex 20.150000 7.225000 -5.360000
      vertex 20.150000 7.225000 -7.560000
    endloop
  endfacet
  facet normal -1.000000 0.000000 0.000000
    outer loop
      vertex 20.150000 5.675000 -5.360000
      vertex 20.150000 7.225000 -7.560000
      vertex 20.150000 5.675000 -7.560000
    endloop
  endfacet
  facet normal 1.000000 0.000000 0.000000
    outer loop
      vertex 17.950000 5.675000 -7.560000
      vertex 17.950000 7.225000 -7.560000
      vertex 17.950000 7.225000 -5.360000
    endloop
  endfacet
  facet normal 1.000000 0.000000 0.000000
    outer loop
      vertex 17.950000 5.675000 -7.560000
      vertex 17.950000 7.225000 -5.360000
      vertex 17.950000 5.675000 -5.360000
    endloop
  endfacet
  facet normal 0.000000 -1.000000 0.000000
    outer loop
      vertex 18.720000 11.200000 -6.790000
      vertex 19.380000 11.200000 -6.790000
      vertex 19.380000 11.200000 -6.130000
    endloop
  endfacet
  facet normal 0.000000 -1.000000 0.000000
    outer loop
      vertex 18.720000 11.200000 -6.790000
      vertex 19.380000 11.200000 -6.130000
      vertex 18.720000 11.200000 -6.130000
    endloop
  endfacet
  facet normal 0.000000 1.000000 0.000000
    outer loop
      vertex 18.720000 6.000000 -6.130000
      vertex 19.380000 6.000000 -6.130000
      vertex 19.380000 6.000000 -6.790000
    endloop
  endfacet
  facet normal 0.000000 1.000000 0.000000
    outer loop
      vertex 18.720000 6.000000 -6.130000
      vertex 19.380000 6.000000 -6.790000
      vertex 18.720000 6.000000 -6.790000
    endloop
  endfacet
  facet normal 0.000000 0.000000 -1.000000
    outer loop
      vertex 18.720000 11.200000 -6.130000
      vertex 19.380000 11.200000 -6.130000
      vertex 19.380000 6.000000 -6.130000
    endloop
  endfacet
  facet normal 0.000000 0.000000 -1.000000
    outer loop
      vertex 18.720000 11.200000 -6.130000
      vertex 19.380000 6.000000 -6.130000
      vertex 18.720000 6.000000 -6.130000
    endloop
  endfacet
  facet normal 0.000000 0.000000 1.000000
    outer loop
      vertex 19.380000 6.000000 -6.790000
      vertex 19.380000 11.200000 -6.790000
      vertex 18.720000 11.200000 -6.790000
    endloop
  endfacet
  facet normal 0.000000 0.000000 1.000000
    outer loop
      vertex 19.380000 6.000000 -6.790000
      vertex 18.720000 11.200000 -6.790000
      vertex 18.720000 6.000000 -6.790000
    endloop
  endfacet
  facet normal -1.000000 0.000000 0.000000
    outer loop
      vertex 19.380000 6.000000 -6.130000
      vertex 19.380000 11.200000 -6.130000
      vertex 19.380000 11.200000 -6.790000
    endloop
  endfacet
  facet normal -1.000000 0.000000 0.000000
    outer loop
      vertex 19.380000 6.000000 -6.130000
      vertex 19.380000 11.200000 -6.790000
      vertex 19.380000 6.000000 -6.790000
    endloop
  endfacet
  facet normal 1.000000 0.000000 0.000000
    outer loop
      vertex 18.720000 6.000000 -6.790000
      vertex 18.720000 11.200000 -6.790000
      vertex 18.720000 11.200000 -6.130000
    endloop
  endfacet
  facet normal 1.000000 0.000000 0.000000
    outer loop
      vertex 18.720000 6.000000 -6.790000
      vertex 18.720000 11.200000 -6.130000
      vertex 18.720000 6.000000 -6.130000
    endloop
  endfacet
  facet normal 0.000000 -1.000000 0.000000
    outer loop
      vertex -13.800000 7.225000 -5.020000
      vertex -11.600000 7.225000 -5.020000
      vertex -11.600000 7.225000 -2.820000
    endloop
  endfacet
  facet normal 0.000000 -1.000000 0.000000
    outer loop
      vertex -13.800000 7.225000 -5.020000
      vertex -11.600000 7.225000 -2.820000
      vertex -13.800000 7.225000 -2.820000
    endloop
  endfacet
  facet normal 0.000000 1.000000 0.000000
    outer loop
      vertex -13.800000 5.675000 -2.820000
      vertex -11.600000 5.675000 -2.820000
      vertex -11.600000 5.675000 -5.020000
    endloop
  endfacet
  facet normal 0.000000 1.000000 0.000000
    outer loop
      vertex -13.800000 5.675000 -2.820000
      vertex -11.600000 5.675000 -5.020000
      vertex -13.800000 5.675000 -5.020000
    endloop
  endfacet
  facet normal 0.000000 0.000000 -1.000000
    outer loop
      vertex -13.800000 7.225000 -2.820000
      vertex -11.600000 7.225000 -2.820000
      vertex -11.600000 5.675000 -2.820000
    endloop
  endfacet
  facet normal 0.000000 0.000000 -1.000000
    outer loop
      vertex -13.800000 7.225000 -2.820000
      vertex -11.600000 5.675000 -2.820000
      vertex -13.800000 5.675000 -2.820000
    endloop
  endfacet
  facet normal 0.000000 0.000000 1.000000
    outer loop
      vertex -11.600000 5.675000 -5.020000
      vertex -11.600000 7.225000 -5.020000
      vertex -13.800000 7.225000 -5.020000
    endloop
  endfacet
  facet normal 0.000000 0.000000 1.000000
    outer loop
      vertex -11.600000 5.675000 -5.020000
      vertex -13.800000 7.225000 -5.020000
      vertex -13.800000 5.675000 -5.020000
    endloop
  endfacet
  facet normal -1.000000 0.000000 0.000000
    outer loop
      vertex -11.600000 5.675000 -2.820000
      vertex -11.600000 7.225000 -2.820000
      vertex -11.600000 7.225000 -5.020000
    endloop
  endfacet
  facet normal -1.000000 0.000000 0.000000
    outer loop
      vertex -11.600000 5.675000 -2.820000
      vertex -11.600000 7.225000 -5.020000
      vertex -11.600000 5.675000 -5.020000
    endloop
  endfacet
  facet normal 1.000000 0.000000 0.000000
    outer loop
      vertex -13.800000 5.675000 -5.020000
      vertex -13.800000 7.225000 -5.020000
      vertex -13.800000 7.225000 -2.820000
    endloop
  endfacet
  facet normal 1.000000 0.000000 0.000000
    outer loop
      vertex -13.800000 5.675000 -5.020000
      vertex -13.800000 7.225000 -2.820000
      vertex -13.800000 5.675000 -2.820000
    endloop
  endfacet
  facet normal 0.000000 -1.000000 0.000000
    outer loop
      vertex -13.030000 11.200000 -4.250000
      vertex -12.370000 11.200000 -4.250000
      vertex -12.370000 11.200000 -3.590000
    endloop
  endfacet
  facet normal 0.000000 -1.000000 0.000000
    outer loop
      vertex -13.030000 11.200000 -4.250000
      vertex -12.370000 11.200000 -3.590000
      vertex -13.030000 11.200000 -3.590000
    endloop
  endfacet
  facet normal 0.000000 1.000000 0.000000
    outer loop
      vertex -13.030000 6.000000 -3.590000
      vertex -12.370000 6.000000 -3.590000
      vertex -12.370000 6.000000 -4.250000
    endloop
  endfacet
  facet normal 0.000000 1.000000 0.000000
    outer loop
      vertex -13.030000 6.000000 -3.590000
      vertex -12.370000 6.000000 -4.250000
      vertex -13.030000 6.000000 -4.250000
    endloop
  endfacet
  facet normal 0.000000 0.000000 -1.000000
    outer loop
      vertex -13.030000 11.200000 -3.590000
      vertex -12.370000 11.200000 -3.590000
      vertex -12.370000 6.000000 -3.590000
    endloop
  endfacet
  facet normal 0.000000 0.000000 -1.000000
    outer loop
      vertex -13.030000 11.200000 -3.590000
      vertex -12.370000 6.000000 -3.590000
      vertex -13.030000 6.000000 -3.590000
    endloop
  endfacet
  facet normal 0.000000 0.000000 1.000000
    outer loop
      vertex -12.370000 6.000000 -4.250000
      vertex -12.370000 11.200000 -4.250000
      vertex -13.030000 11.200000 -4.250000
    endloop
  endfacet
  facet normal 0.000000 0.000000 1.000000
    outer loop
      vertex -12.370000 6.000000 -4.250000
      vertex -13.030000 11.200000 -4.250000
      vertex -13.030000 6.000000 -4.250000
    endloop
  endfacet
  facet normal -1.000000 0.000000 0.000000
    outer loop
      vertex -12.370000 6.000000 -3.590000
      vertex -12.370000 11.200000 -3.590000
      vertex -12.370000 11.200000 -4.250000
    endloop
  endfacet
  facet normal -1.000000 0.000000 0.000000
    outer loop
      vertex -12.370000 6.000000 -3.590000
      vertex -12.370000 11.200000 -4.250000
      vertex -12.370000 6.000000 -4.250000
    endloop
  endfacet
  facet normal 1.000000 0.000000 0.000000
    outer loop
      vertex -13.030000 6.000000 -4.250000
      vertex -13.030000 11.200000 -4.250000
      vertex -13.030000 11.200000 -3.590000
    endloop
  endfacet
  facet normal 1.000000 0.000000 0.000000
    outer loop
      vertex -13.030000 6.000000 -4.250000
      vertex -13.030000 11.200000 -3.590000
      vertex -13.030000 6.000000 -3.590000
    endloop
  endfacet
  facet normal 0.000000 -1.000000 0.000000
    outer loop
      vertex -11.260000 7.225000 -5.020000
      vertex -9.060000 7.225000 -5.020000
      vertex -9.060000 7.225000 -2.820000
    endloop
  endfacet
  facet normal 0.000000 -1.000000 0.000000
    outer loop
      vertex -11.260000 7.225000 -5.020000
      vertex -9.060000 7.225000 -2.820000
      vertex -11.260000 7.225000 -2.820000
    endloop
  endfacet
  facet normal 0.000000 1.000000 0.000000
    outer loop
      vertex -11.260000 5.675000 -2.820000
      vertex -9.060000 5.675000 -2.820000
      vertex -9.060000 5.675000 -5.020000
    endloop
  endfacet
  facet normal 0.000000 1.000000 0.000000
    outer loop
      vertex -11.260000 5.675000 -2.820000
      vertex -9.060000 5.675000 -5.020000
      vertex -11.260000 5.675000 -5.020000
    endloop
  endfacet
  facet normal 0.000000 0.000000 -1.000000
    outer loop
      vertex -11.260000 7.225000 -2.820000
      vertex -9.060000 7.225000 -2.820000
      vertex -9.060000 5.675000 -2.820000
    endloop
  endfacet
  facet normal 0.000000 0.000000 -1.000000
    outer loop
      vertex -11.260000 7.225000 -2.820000
      vertex -9.060000 5.675000 -2.820000
      vertex -11.260000 5.675000 -2.820000
    endloop
  endfacet
  facet normal 0.000000 0.000000 1.000000
    outer loop
      vertex -9.060000 5.675000 -5.020000
      vertex -9.060000 7.225000 -5.020000
      vertex -11.260000 7.225000 -5.020000
    endloop
  endfacet
  facet normal 0.000000 0.000000 1.000000
    outer loop
      vertex -9.060000 5.675000 -5.020000
      vertex -11.260000 7.225000 -5.020000
      vertex -11.260000 5.675000 -5.020000
    endloop
  endfacet
  facet normal -1.000000 0.000000 0.000000
    outer loop
      vertex -9.060000 5.675000 -2.820000
      vertex -9.060000 7.225000 -2.820000
      vertex -9.060000 7.225000 -5.020000
    endloop
  endfacet
  facet normal -1.000000 0.000000 0.000000
    outer loop
      vertex -9.060000 5.675000 -2.820000
      vertex -9.060000 7.225000 -5.020000
      vertex -9.060000 5.675000 -5.020000
    endloop
  endfacet
  facet normal 1.000000 0.000000 0.000000
    outer loop
      vertex -11.260000 5.675000 -5.020000
      vertex -11.260000 7.225000 -5.020000
      vertex -11.260000 7.225000 -2.820000
    endloop
  endfacet
  facet normal 1.000000 0.000000 0.000000
    outer loop
      vertex -11.260000 5.675000 -5.020000
      vertex -11.260000 7.225000 -2.820000
      vertex -11.260000 5.675000 -2.820000
    endloop
  endfacet
  facet normal 0.000000 -1.000000 0.000000
    outer loop
      vertex -10.490000 11.200000 -4.250000
      vertex -9.830000 11.200000 -4.250000
      vertex -9.830000 11.200000 -3.590000
    endloop
  endfacet
  facet normal 0.000000 -1.000000 0.000000
    outer loop
      vertex -10.490000 11.200000 -4.250000
      vertex -9.830000 11.200000 -3.590000
      vertex -10.490000 11.200000 -3.590000
    endloop
  endfacet
  facet normal 0.000000 1.000000 0.000000
    outer loop
      vertex -10.490000 6.000000 -3.590000
      vertex -9.830000 6.000000 -3.590000
      vertex -9.830000 6.000000 -4.250000
    endloop
  endfacet
  facet normal 0.000000 1.000000 0.000000
    outer loop
      vertex -10.490000 6.000000 -3.590000
      vertex -9.830000 6.000000 -4.250000
      vertex -10.490000 6.000000 -4.250000
    endloop
  endfacet
  facet normal 0.000000 0.000000 -1.000000
    outer loop
      vertex -10.490000 11.200000 -3.590000
      vertex -9.830000 11.200000 -3.590000
      vertex -9.830000 6.000000 -3.590000
    endloop
  endfacet
  facet normal 0.000000 0.000000 -1.000000
    outer loop
      vertex -10.490000 11.200000 -3.590000
      vertex -9.830000 6.000000 -3.590000
      vertex -10.490000 6.000000 -3.590000
    endloop
  endfacet
  facet normal 0.000000 0.000000 1.000000
    outer loop
      vertex -9.830000 6.000000 -4.250000
      vertex -9.830000 11.200000 -4.250000
      vertex -10.490000 11.200000 -4.250000
    endloop
  endfacet
  facet normal 0.000000 0.000000 1.000000
    outer loop
      vertex -9.830000 6.000000 -4.250000
      vertex -10.490000 11.200000 -4.250000
      vertex -10.490000 6.000000 -4.250000
    endloop
  endfacet
  facet normal -1.000000 0.000000 0.000000
    outer loop
      vertex -9.830000 6.000000 -3.590000
      vertex -9.830000 11.200000 -3.590000
      vertex -9.830000 11.200000 -4.250000
    endloop
  endfacet
  facet normal -1.000000 0.000000 0.000000
    outer loop
      vertex -9.830000 6.000000 -3.590000
      vertex -9.830000 11.200000 -4.250000
      vertex -9.830000 6.000000 -4.250000
    endloop
  endfacet
  facet normal 1.000000 0.000000 0.000000
    outer loop
      vertex -10.490000 6.000000 -4.250000
      vertex -10.490000 11.200000 -4.250000
      vertex -10.490000 11.200000 -3.590000
    endloop
  endfacet
  facet normal 1.000000 0.000000 0.000000
    outer loop
      vertex -10.490000 6.000000 -4.250000
      vertex -10.490000 11.200000 -3.590000
      vertex -10.490000 6.000000 -3.590000
    endloop
  endfacet
  facet normal 0.000000 -1.000000 0.000000
    outer loop
      vertex -8.720000 7.225000 -5.020000
      vertex -6.520000 7.225000 -5.020000
      vertex -6.520000 7.225000 -2.820000
    endloop
  endfacet
  facet normal 0.000000 -1.000000 0.000000
    outer loop
      vertex -8.720000 7.225000 -5.020000
      vertex -6.520000 7.225000 -2.820000
      vertex -8.720000 7.225000 -2.820000
    endloop
  endfacet
  facet normal 0.000000 1.000000 0.000000
    outer loop
      vertex -8.720000 5.675000 -2.820000
      vertex -6.520000 5.675000 -2.820000
      vertex -6.520000 5.675000 -5.020000
    endloop
  endfacet
  facet normal 0.000000 1.000000 0.000000
    outer loop
      vertex -8.720000 5.675000 -2.820000
      vertex -6.520000 5.675000 -5.020000
      vertex -8.720000 5.675000 -5.020000
    endloop
  endfacet
  facet normal 0.000000 0.000000 -1.000000
    outer loop
      vertex -8.720000 7.225000 -2.820000
      vertex -6.520000 7.225000 -2.820000
      vertex -6.520000 5.675000 -2.820000
    endloop
  endfacet
  facet normal 0.000000 0.000000 -1.000000
    outer loop
      vertex -8.720000 7.225000 -2.820000
      vertex -6.520000 5.675000 -2.820000
      vertex -8.720000 5.675000 -2.820000
    endloop
  endfacet
  facet normal 0.000000 0.000000 1.000000
    outer loop
      vertex -6.520000 5.675000 -5.020000
      vertex -6.520000 7.225000 -5.020000
      vertex -8.720000 7.225000 -5.020000
    endloop
  endfacet
  facet normal 0.000000 0.000000 1.000000
    outer loop
      vertex -6.520000 5.675000 -5.020000
      vertex -8.720000 7.225000 -5.020000
      vertex -8.720000 5.675000 -5.020000
    endloop
  endfacet
  facet normal -1.000000 0.000000 0.000000
    outer loop
      vertex -6.520000 5.675000 -2.820000
      vertex -6.520000 7.225000 -2.820000
      vertex -6.520000 7.225000 -5.020000
    endloop
  endfacet
  facet normal -1.000000 0.000000 0.000000
    outer loop
      vertex -6.520000 5.675000 -2.820000
      vertex -6.520000 7.225000 -5.020000
      vertex -6.520000 5.675000 -5.020000
    endloop
  endfacet
  facet normal 1.000000 0.000000 0.000000
    outer loop
      vertex -8.720000 5.675000 -5.020000
      vertex -8.720000 7.225000 -5.020000
      vertex -8.720000 7.225000 -2.820000
    endloop
  endfacet
  facet normal 1.000000 0.000000 0.000000
    outer loop
      vertex -8.720000 5.675000 -5.020000
      vertex -8.720000 7.225000 -2.820000
      vertex -8.720000 5.675000 -2.820000
    endloop
  endfacet
  facet normal 0.000000 -1.000000 0.000000
    outer loop
      vertex -7.950000 11.200000 -4.250000
      vertex -7.290000 11.200000 -4.250000
      vertex -7.290000 11.200000 -3.590000
    endloop
  endfacet
  facet normal 0.000000 -1.000000 0.000000
    outer loop
      vertex -7.950000 11.200000 -4.250000
      vertex -7.290000 11.200000 -3.590000
      vertex -7.950000 11.200000 -3.590000
    endloop
  endfacet
  facet normal 0.000000 1.000000 0.000000
    outer loop
      vertex -7.950000 6.000000 -3.590000
      vertex -7.290000 6.000000 -3.590000
      vertex -7.290000 6.000000 -4.250000
    endloop
  endfacet
  facet normal 0.000000 1.000000 0.000000
    outer loop
      vertex -7.950000 6.000000 -3.590000
      vertex -7.290000 6.000000 -4.250000
      vertex -7.950000 6.000000 -4.250000
    endloop
  endfacet
  facet normal 0.000000 0.000000 -1.000000
    outer loop
      vertex -7.950000 11.200000 -3.590000
      vertex -7.290000 11.200000 -3.590000
      vertex -7.290000 6.000000 -3.590000
    endloop
  endfacet
  facet normal 0.000000 0.000000 -1.000000
    outer loop
      vertex -7.950000 11.200000 -3.590000
      vertex -7.290000 6.000000 -3.590000
      vertex -7.950000 6.000000 -3.590000
    endloop
  endfacet
  facet normal 0.000000 0.000000 1.000000
    outer loop
      vertex -7.290000 6.000000 -4.250000
      vertex -7.290000 11.200000 -4.250000
      vertex -7.950000 11.200000 -4.250000
    endloop
  endfacet
  facet normal 0.000000 0.000000 1.000000
    outer loop
      vertex -7.290000 6.000000 -4.250000
      vertex -7.950000 11.200000 -4.250000
      vertex -7.950000 6.000000 -4.250000
    endloop
  endfacet
  facet normal -1.000000 0.000000 0.000000
    outer loop
      vertex -7.290000 6.000000 -3.590000
      vertex -7.290000 11.200000 -3.590000
      vertex -7.290000 11.200000 -4.250000
    endloop
  endfacet
  facet normal -1.000000 0.000000 0.000000
    outer loop
      vertex -7.290000 6.000000 -3.590000
      vertex -7.290000 11.200000 -4.250000
      vertex -7.290000 6.000000 -4.250000
    endloop
  endfacet
  facet normal 1.000000 0.000000 0.000000
    outer loop
      vertex -7.950000 6.000000 -4.250000
      vertex -7.950000 11.200000 -4.250000
      vertex -7.950000 11.200000 -3.590000
    endloop
  endfacet
  facet normal 1.000000 0.000000 0.000000
    outer loop
      vertex -7.950000 6.000000 -4.250000
      vertex -7.950000 11.200000 -3.590000
      vertex -7.950000 6.000000 -3.590000
    endloop
  endfacet
  facet normal 0.000000 -1.000000 0.000000
    outer loop
      vertex -6.180000 7.225000 -5.020000
      vertex -3.980000 7.225000 -5.020000
      vertex -3.980000 7.225000 -2.820000
    endloop
  endfacet
  facet normal 0.000000 -1.000000 0.000000
    outer loop
      vertex -6.180000 7.225000 -5.020000
      vertex -3.980000 7.225000 -2.820000
      vertex -6.180000 7.225000 -2.820000
    endloop
  endfacet
  facet normal 0.000000 1.000000 0.000000
    outer loop
      vertex -6.180000 5.675000 -2.820000
      vertex -3.980000 5.675000 -2.820000
      vertex -3.980000 5.675000 -5.020000
    endloop
  endfacet
  facet normal 0.000000 1.000000 0.000000
    outer loop
      vertex -6.180000 5.675000 -2.820000
      vertex -3.980000 5.675000 -5.020000
      vertex -6.180000 5.675000 -5.020000
    endloop
  endfacet
  facet normal 0.000000 0.000000 -1.000000
    outer loop
      vertex -6.180000 7.225000 -2.820000
      vertex -3.980000 7.225000 -2.820000
      vertex -3.980000 5.675000 -2.820000
    endloop
  endfacet
  facet normal 0.000000 0.000000 -1.000000
    outer loop
      vertex -6.180000 7.225000 -2.820000
      vertex -3.980000 5.675000 -2.820000
      vertex -6.180000 5.675000 -2.820000
    endloop
  endfacet
  facet normal 0.000000 0.000000 1.000000
    outer loop
      vertex -3.980000 5.675000 -5.020000
      vertex -3.980000 7.225000 -5.020000
      vertex -6.180000 7.225000 -5.020000
    endloop
  endfacet
  facet normal 0.000000 0.000000 1.000000
    outer loop
      vertex -3.980000 5.675000 -5.020000
      vertex -6.180000 7.225000 -5.020000
      vertex -6.180000 5.675000 -5.020000
    endloop
  endfacet
  facet normal -1.000000 0.000000 0.000000
    outer loop
      vertex -3.980000 5.675000 -2.820000
      vertex -3.980000 7.225000 -2.820000
      vertex -3.980000 7.225000 -5.020000
    endloop
  endfacet
  facet normal -1.000000 0.000000 0.000000
    outer loop
      vertex -3.980000 5.675000 -2.820000
      vertex -3.980000 7.225000 -5.020000
      vertex -3.980000 5.675000 -5.020000
    endloop
  endfacet
  facet normal 1.000000 0.000000 0.000000
    outer loop
      vertex -6.180000 5.675000 -5.020000
      vertex -6.180000 7.225000 -5.020000
      vertex -6.180000 7.225000 -2.820000
    endloop
  endfacet
  facet normal 1.000000 0.000000 0.000000
    outer loop
      vertex -6.180000 5.675000 -5.020000
      vertex -6.180000 7.225000 -2.820000
      vertex -6.180000 5.675000 -2.820000
    endloop
  endfacet
  facet normal 0.000000 -1.000000 0.000000
    outer loop
      vertex -5.410000 11.200000 -4.250000
      vertex -4.750000 11.200000 -4.250000
      vertex -4.750000 11.200000 -3.590000
    endloop
  endfacet
  facet normal 0.000000 -1.000000 0.000000
    outer loop
      vertex -5.410000 11.200000 -4.250000
      vertex -4.750000 11.200000 -3.590000
      vertex -5.410000 11.200000 -3.590000
    endloop
  endfacet
  facet normal 0.000000 1.000000 0.000000
    outer loop
      vertex -5.410000 6.000000 -3.590000
      vertex -4.750000 6.000000 -3.590000
      vertex -4.750000 6.000000 -4.250000
    endloop
  endfacet
  facet normal 0.000000 1.000000 0.000000
    outer loop
      vertex -5.410000 6.000000 -3.590000
      vertex -4.750000 6.000000 -4.250000
      vertex -5.410000 6.000000 -4.250000
    endloop
  endfacet
  facet normal 0.000000 0.000000 -1.000000
    outer loop
      vertex -5.410000 11.200000 -3.590000
      vertex -4.750000 11.200000 -3.590000
      vertex -4.750000 6.000000 -3.590000
    endloop
  endfacet
  facet normal 0.000000 0.000000 -1.000000
    outer loop
      vertex -5.410000 11.200000 -3.590000
      vertex -4.750000 6.000000 -3.590000
      vertex -5.410000 6.000000 -3.590000
    endloop
  endfacet
  facet normal 0.000000 0.000000 1.000000
    outer loop
      vertex -4.750000 6.000000 -4.250000
      vertex -4.750000 11.200000 -4.250000
      vertex -5.410000 11.200000 -4.250000
    endloop
  endfacet
  facet normal 0.000000 0.000000 1.000000
    outer loop
      vertex -4.750000 6.000000 -4.250000
      vertex -5.410000 11.200000 -4.250000
      vertex -5.410000 6.000000 -4.250000
    endloop
  endfacet
  facet normal -1.000000 0.000000 0.000000
    outer loop
      vertex -4.750000 6.000000 -3.590000
      vertex -4.750000 11.200000 -3.590000
      vertex -4.750000 11.200000 -4.250000
    endloop
  endfacet
  facet normal -1.000000 0.000000 0.000000
    outer loop
      vertex -4.750000 6.000000 -3.590000
      vertex -4.750000 11.200000 -4.250000
      vertex -4.750000 6.000000 -4.250000
    endloop
  endfacet
  facet normal 1.000000 0.000000 0.000000
    outer loop
      vertex -5.410000 6.000000 -4.250000
      vertex -5.410000 11.200000 -4.250000
      vertex -5.410000 11.200000 -3.590000
    endloop
  endfacet
  facet normal 1.000000 0.000000 0.000000
    outer loop
      vertex -5.410000 6.000000 -4.250000
      vertex -5.410000 11.200000 -3.590000
      vertex -5.410000 6.000000 -3.590000
    endloop
  endfacet
  facet normal 0.000000 -1.000000 0.000000
    outer loop
      vertex -3.640000 7.225000 -5.020000
      vertex -1.440000 7.225000 -5.020000
      vertex -1.440000 7.225000 -2.820000
    endloop
  endfacet
  facet normal 0.000000 -1.000000 0.000000
    outer loop
      vertex -3.640000 7.225000 -5.020000
      vertex -1.440000 7.225000 -2.820000
      vertex -3.640000 7.225000 -2.820000
    endloop
  endfacet
  facet normal 0.000000 1.000000 0.000000
    outer loop
      vertex -3.640000 5.675000 -2.820000
      vertex -1.440000 5.675000 -2.820000
      vertex -1.440000 5.675000 -5.020000
    endloop
  endfacet
  facet normal 0.000000 1.000000 0.000000
    outer loop
      vertex -3.640000 5.675000 -2.820000
      vertex -1.440000 5.675000 -5.020000
      vertex -3.640000 5.675000 -5.020000
    endloop
  endfacet
  facet normal 0.000000 0.000000 -1.000000
    outer loop
      vertex -3.640000 7.225000 -2.820000
      vertex -1.440000 7.225000 -2.820000
      vertex -1.440000 5.675000 -2.820000
    endloop
  endfacet
  facet normal 0.000000 0.000000 -1.000000
    outer loop
      vertex -3.640000 7.225000 -2.820000
      vertex -1.440000 5.675000 -2.820000
      vertex -3.640000 5.675000 -2.820000
    endloop
  endfacet
  facet normal 0.000000 0.000000 1.000000
    outer loop
      vertex -1.440000 5.675000 -5.020000
      vertex -1.440000 7.225000 -5.020000
      vertex -3.640000 7.225000 -5.020000
    endloop
  endfacet
  facet normal 0.000000 0.000000 1.000000
    outer loop
      vertex -1.440000 5.675000 -5.020000
      vertex -3.640000 7.225000 -5.020000
      vertex -3.640000 5.675000 -5.020000
    endloop
  endfacet
  facet normal -1.000000 0.000000 0.000000
    outer loop
      vertex -1.440000 5.675000 -2.820000
      vertex -1.440000 7.225000 -2.820000
      vertex -1.440000 7.225000 -5.020000
    endloop
  endfacet
  facet normal -1.000000 0.000000 0.000000
    outer loop
      vertex -1.440000 5.675000 -2.820000
      vertex -1.440000 7.225000 -5.020000
      vertex -1.440000 5.675000 -5.020000
    endloop
  endfacet
  facet normal 1.000000 0.000000 0.000000
    outer loop
      vertex -3.640000 5.675000 -5.020000
      vertex -3.640000 7.225000 -5.020000
      vertex -3.640000 7.225000 -2.820000
    endloop
  endfacet
  facet normal 1.000000 0.000000 0.000000
    outer loop
      vertex -3.640000 5.675000 -5.020000
      vertex -3.640000 7.225000 -2.820000
      vertex -3.640000 5.675000 -2.820000
    endloop
  endfacet
  facet normal 0.000000 -1.000000 0.000000
    outer loop
      vertex -2.870000 11.200000 -4.250000
      vertex -2.210000 11.200000 -4.250000
      vertex -2.210000 11.200000 -3.590000
    endloop
  endfacet
  facet normal 0.000000 -1.000000 0.000000
    outer loop
      vertex -2.870000 11.200000 -4.250000
      vertex -2.210000 11.200000 -3.590000
      vertex -2.870000 11.200000 -3.590000
    endloop
  endfacet
  facet normal 0.000000 1.000000 0.000000
    outer loop
      vertex -2.870000 6.000000 -3.590000
      vertex -2.210000 6.000000 -3.590000
      vertex -2.210000 6.000000 -4.250000
    endloop
  endfacet
  facet normal 0.000000 1.000000 0.000000
    outer loop
      vertex -2.870000 6.000000 -3.590000
      vertex -2.210000 6.000000 -4.250000
      vertex -2.870000 6.000000 -4.250000
    endloop
  endfacet
  facet normal 0.000000 0.000000 -1.000000
    outer loop
      vertex -2.870000 11.200000 -3.590000
      vertex -2.210000 11.200000 -3.590000
      vertex -2.210000 6.000000 -3.590000
    endloop
  endfacet
  facet normal 0.000000 0.000000 -1.000000
    outer loop
      vertex -2.870000 11.200000 -3.590000
      vertex -2.210000 6.000000 -3.590000
      vertex -2.870000 6.000000 -3.590000
    endloop
  endfacet
  facet normal 0.000000 0.000000 1.000000
    outer loop
      vertex -2.210000 6.000000 -4.250000
      vertex -2.210000 11.200000 -4.250000
      vertex -2.870000 11.200000 -4.250000
    endloop
  endfacet
  facet normal 0.000000 0.000000 1.000000
    outer loop
      vertex -2.210000 6.000000 -4.250000
      vertex -2.870000 11.200000 -4.250000
      vertex -2.870000 6.000000 -4.250000
    endloop
  endfacet
  facet normal -1.000000 0.000000 0.000000
    outer loop
      vertex -2.210000 6.000000 -3.590000
      vertex -2.210000 11.200000 -3.590000
      vertex -2.210000 11.200000 -4.250000
    endloop
  endfacet
  facet normal -1.000000 0.000000 0.000000
    outer loop
      vertex -2.210000 6.000000 -3.590000
      vertex -2.210000 11.200000 -4.250000
      vertex -2.210000 6.000000 -4.250000
    endloop
  endfacet
  facet normal 1.000000 0.000000 0.000000
    outer loop
      vertex -2.870000 6.000000 -4.250000
      vertex -2.870000 11.200000 -4.250000
      vertex -2.870000 11.200000 -3.590000
    endloop
  endfacet
  facet normal 1.000000 0.000000 0.000000
    outer loop
      vertex -2.870000 6.000000 -4.250000
      vertex -2.870000 11.200000 -3.590000
      vertex -2.870000 6.000000 -3.590000
    endloop
  endfacet
  facet normal 0.000000 -1.000000 0.000000
    outer loop
      vertex -1.100000 7.225000 -5.020000
      vertex 1.100000 7.225000 -5.020000
      vertex 1.100000 7.225000 -2.820000
    endloop
  endfacet
  facet normal 0.000000 -1.000000 0.000000
    outer loop
      vertex -1.100000 7.225000 -5.020000
      vertex 1.100000 7.225000 -2.820000
      vertex -1.100000 7.225000 -2.820000
    endloop
  endfacet
  facet normal 0.000000 1.000000 0.000000
    outer loop
      vertex -1.100000 5.675000 -2.820000
      vertex 1.100000 5.675000 -2.820000
      vertex 1.100000 5.675000 -5.020000
    endloop
  endfacet
  facet normal 0.000000 1.000000 0.000000
    outer loop
      vertex -1.100000 5.675000 -2.820000
      vertex 1.100000 5.675000 -5.020000
      vertex -1.100000 5.675000 -5.020000
    endloop
  endfacet
  facet normal 0.000000 0.000000 -1.000000
    outer loop
      vertex -1.100000 7.225000 -2.820000
      vertex 1.100000 7.225000 -2.820000
      vertex 1.100000 5.675000 -2.820000
    endloop
  endfacet
  facet normal 0.000000 0.000000 -1.000000
    outer loop
      vertex -1.100000 7.225000 -2.820000
      vertex 1.100000 5.675000 -2.820000
      vertex -1.100000 5.675000 -2.820000
    endloop
  endfacet
  facet normal 0.000000 0.000000 1.000000
    outer loop
      vertex 1.100000 5.675000 -5.020000
      vertex 1.100000 7.225000 -5.020000
      vertex -1.100000 7.225000 -5.020000
    endloop
  endfacet
  facet normal 0.000000 0.000000 1.000000
    outer loop
      vertex 1.100000 5.675000 -5.020000
      vertex -1.100000 7.225000 -5.020000
      vertex -1.100000 5.675000 -5.020000
    endloop
  endfacet
  facet normal -1.000000 0.000000 0.000000
    outer loop
      vertex 1.100000 5.675000 -2.820000
      vertex 1.100000 7.225000 -2.820000
      vertex 1.100000 7.225000 -5.020000
    endloop
  endfacet
  facet normal -1.000000 0.000000 0.000000
    outer loop
      vertex 1.100000 5.675000 -2.820000
      vertex 1.100000 7.225000 -5.020000
      vertex 1.100000 5.675000 -5.020000
    endloop
  endfacet
  facet normal 1.000000 0.000000 0.000000
    outer loop
      vertex -1.100000 5.675000 -5.020000
      vertex -1.100000 7.225000 -5.020000
      vertex -1.100000 7.225000 -2.820000
    endloop
  endfacet
  facet normal 1.000000 0.000000 0.000000
    outer loop
      vertex -1.100000 5.675000 -5.020000
      vertex -1.100000 7.225000 -2.820000
      vertex -1.100000 5.675000 -2.820000
    endloop
  endfacet
  facet normal 0.000000 -1.000000 0.000000
    outer loop
      vertex -0.330000 11.200000 -4.250000
      vertex 0.330000 11.200000 -4.250000
      vertex 0.330000 11.200000 -3.590000
    endloop
  endfacet
  facet normal 0.000000 -1.000000 0.000000
    outer loop
      vertex -0.330000 11.200000 -4.250000
      vertex 0.330000 11.200000 -3.590000
      vertex -0.330000 11.200000 -3.590000
    endloop
  endfacet
  facet normal 0.000000 1.000000 0.000000
    outer loop
      vertex -0.330000 6.000000 -3.590000
      vertex 0.330000 6.000000 -3.590000
      vertex 0.330000 6.000000 -4.250000
    endloop
  endfacet
  facet normal 0.000000 1.000000 0.000000
    outer loop
      vertex -0.330000 6.000000 -3.590000
      vertex 0.330000 6.000000 -4.250000
      vertex -0.330000 6.000000 -4.250000
    endloop
  endfacet
  facet normal 0.000000 0.000000 -1.000000
    outer loop
      vertex -0.330000 11.200000 -3.590000
      vertex 0.330000 11.200000 -3.590000
      vertex 0.330000 6.000000 -3.590000
    endloop
  endfacet
  facet normal 0.000000 0.000000 -1.000000
    outer loop
      vertex -0.330000 11.200000 -3.590000
      vertex 0.330000 6.000000 -3.590000
      vertex -0.330000 6.000000 -3.590000
    endloop
  endfacet
  facet normal 0.000000 0.000000 1.000000
    outer loop
      vertex 0.330000 6.000000 -4.250000
      vertex 0.330000 11.200000 -4.250000
      vertex -0.330000 11.200000 -4.250000
    endloop
  endfacet
  facet normal 0.000000 0.000000 1.000000
    outer loop
      vertex 0.330000 6.000000 -4.250000
      vertex -0.330000 11.200000 -4.250000
      vertex -0.330000 6.000000 -4.250000
    endloop
  endfacet
  facet normal -1.000000 0.000000 0.000000
    outer loop
      vertex 0.330000 6.000000 -3.590000
      vertex 0.330000 11.200000 -3.590000
      vertex 0.330000 11.200000 -4.250000
    endloop
  endfacet
  facet normal -1.000000 0.000000 0.000000
    outer loop
      vertex 0.330000 6.000000 -3.590000
      vertex 0.330000 11.200000 -4.250000
      vertex 0.330000 6.000000 -4.250000
    endloop
  endfacet
  facet normal 1.000000 0.000000 0.000000
    outer loop
      vertex -0.330000 6.000000 -4.250000
      vertex -0.330000 11.200000 -4.250000
      vertex -0.330000 11.200000 -3.590000
    endloop
  endfacet
  facet normal 1.000000 0.000000 0.000000
    outer loop
      vertex -0.330000 6.000000 -4.250000
      vertex -0.330000 11.200000 -3.590000
      vertex -0.330000 6.000000 -3.590000
    endloop
  endfacet
  facet normal 0.000000 -1.000000 0.000000
    outer loop
      vertex 1.440000 7.225000 -5.020000
      vertex 3.640000 7.225000 -5.020000
      vertex 3.640000 7.225000 -2.820000
    endloop
  endfacet
  facet normal 0.000000 -1.000000 0.000000
    outer loop
      vertex 1.440000 7.225000 -5.020000
      vertex 3.640000 7.225000 -2.820000
      vertex 1.440000 7.225000 -2.820000
    endloop
  endfacet
  facet normal 0.000000 1.000000 0.000000
    outer loop
      vertex 1.440000 5.675000 -2.820000
      vertex 3.640000 5.675000 -2.820000
      vertex 3.640000 5.675000 -5.020000
    endloop
  endfacet
  facet normal 0.000000 1.000000 0.000000
    outer loop
      vertex 1.440000 5.675000 -2.820000
      vertex 3.640000 5.675000 -5.020000
      vertex 1.440000 5.675000 -5.020000
    endloop
  endfacet
  facet normal 0.000000 0.000000 -1.000000
    outer loop
      vertex 1.440000 7.225000 -2.820000
      vertex 3.640000 7.225000 -2.820000
      vertex 3.640000 5.675000 -2.820000
    endloop
  endfacet
  facet normal 0.000000 0.000000 -1.000000
    outer loop
      vertex 1.440000 7.225000 -2.820000
      vertex 3.640000 5.675000 -2.820000
      vertex 1.440000 5.675000 -2.820000
    endloop
  endfacet
  facet normal 0.000000 0.000000 1.000000
    outer loop
      vertex 3.640000 5.675000 -5.020000
      vertex 3.640000 7.225000 -5.020000
      vertex 1.440000 7.225000 -5.020000
    endloop
  endfacet
  facet normal 0.000000 0.000000 1.000000
    outer loop
      vertex 3.640000 5.675000 -5.020000
      vertex 1.440000 7.225000 -5.020000
      vertex 1.440000 5.675000 -5.020000
    endloop
  endfacet
  facet normal -1.000000 0.000000 0.000000
    outer loop
      vertex 3.640000 5.675000 -2.820000
      vertex 3.640000 7.225000 -2.820000
      vertex 3.640000 7.225000 -5.020000
    endloop
  endfacet
  facet normal -1.000000 0.000000 0.000000
    outer loop
      vertex 3.640000 5.675000 -2.820000
      vertex 3.640000 7.225000 -5.020000
      vertex 3.640000 5.675000 -5.020000
    endloop
  endfacet
  facet normal 1.000000 0.000000 0.000000
    outer loop
      vertex 1.440000 5.675000 -5.020000
      vertex 1.440000 7.225000 -5.020000
      vertex 1.440000 7.225000 -2.820000
    endloop
  endfacet
  facet normal 1.000000 0.000000 0.000000
    outer loop
      vertex 1.440000 5.675000 -5.020000
      vertex 1.440000 7.225000 -2.820000
      vertex 1.440000 5.675000 -2.820000
    endloop
  endfacet
  facet normal 0.000000 -1.000000 0.000000
    outer loop
      vertex 2.210000 11.200000 -4.250000
      vertex 2.870000 11.200000 -4.250000
      vertex 2.870000 11.200000 -3.590000
    endloop
  endfacet
  facet normal 0.000000 -1.000000 0.000000
    outer loop
      vertex 2.210000 11.200000 -4.250000
      vertex 2.870000 11.200000 -3.590000
      vertex 2.210000 11.200000 -3.590000
    endloop
  endfacet
  facet normal 0.000000 1.000000 0.000000
    outer loop
      vertex 2.210000 6.000000 -3.590000
      vertex 2.870000 6.000000 -3.590000
      vertex 2.870000 6.000000 -4.250000
    endloop
  endfacet
  facet normal 0.000000 1.000000 0.000000
    outer loop
      vertex 2.210000 6.000000 -3.590000
      vertex 2.870000 6.000000 -4.250000
      vertex 2.210000 6.000000 -4.250000
    endloop
  endfacet
  facet normal 0.000000 0.000000 -1.000000
    outer loop
      vertex 2.210000 11.200000 -3.590000
      vertex 2.870000 11.200000 -3.590000
      vertex 2.870000 6.000000 -3.590000
    endloop
  endfacet
  facet normal 0.000000 0.000000 -1.000000
    outer loop
      vertex 2.210000 11.200000 -3.590000
      vertex 2.870000 6.000000 -3.590000
      vertex 2.210000 6.000000 -3.590000
    endloop
  endfacet
  facet normal 0.000000 0.000000 1.000000
    outer loop
      vertex 2.870000 6.000000 -4.250000
      vertex 2.870000 11.200000 -4.250000
      vertex 2.210000 11.200000 -4.250000
    endloop
  endfacet
  facet normal 0.000000 0.000000 1.000000
    outer loop
      vertex 2.870000 6.000000 -4.250000
      vertex 2.210000 11.200000 -4.250000
      vertex 2.210000 6.000000 -4.250000
    endloop
  endfacet
  facet normal -1.000000 0.000000 0.000000
    outer loop
      vertex 2.870000 6.000000 -3.590000
      vertex 2.870000 11.200000 -3.590000
      vertex 2.870000 11.200000 -4.250000
    endloop
  endfacet
  facet normal -1.000000 0.000000 0.000000
    outer loop
      vertex 2.870000 6.000000 -3.590000
      vertex 2.870000 11.200000 -4.250000
      vertex 2.870000 6.000000 -4.250000
    endloop
  endfacet
  facet normal 1.000000 0.000000 0.000000
    outer loop
      vertex 2.210000 6.000000 -4.250000
      vertex 2.210000 11.200000 -4.250000
      vertex 2.210000 11.200000 -3.590000
    endloop
  endfacet
  facet normal 1.000000 0.000000 0.000000
    outer loop
      vertex 2.210000 6.000000 -4.250000
      vertex 2.210000 11.200000 -3.590000
      vertex 2.210000 6.000000 -3.590000
    endloop
  endfacet
  facet normal 0.000000 -1.000000 0.000000
    outer loop
      vertex 3.980000 7.225000 -5.020000
      vertex 6.180000 7.225000 -5.020000
      vertex 6.180000 7.225000 -2.820000
    endloop
  endfacet
  facet normal 0.000000 -1.000000 0.000000
    outer loop
      vertex 3.980000 7.225000 -5.020000
      vertex 6.180000 7.225000 -2.820000
      vertex 3.980000 7.225000 -2.820000
    endloop
  endfacet
  facet normal 0.000000 1.000000 0.000000
    outer loop
      vertex 3.980000 5.675000 -2.820000
      vertex 6.180000 5.675000 -2.820000
      vertex 6.180000 5.675000 -5.020000
    endloop
  endfacet
  facet normal 0.000000 1.000000 0.000000
    outer loop
      vertex 3.980000 5.675000 -2.820000
      vertex 6.180000 5.675000 -5.020000
      vertex 3.980000 5.675000 -5.020000
    endloop
  endfacet
  facet normal 0.000000 0.000000 -1.000000
    outer loop
      vertex 3.980000 7.225000 -2.820000
      vertex 6.180000 7.225000 -2.820000
      vertex 6.180000 5.675000 -2.820000
    endloop
  endfacet
  facet normal 0.000000 0.000000 -1.000000
    outer loop
      vertex 3.980000 7.225000 -2.820000
      vertex 6.180000 5.675000 -2.820000
      vertex 3.980000 5.675000 -2.820000
    endloop
  endfacet
  facet normal 0.000000 0.000000 1.000000
    outer loop
      vertex 6.180000 5.675000 -5.020000
      vertex 6.180000 7.225000 -5.020000
      vertex 3.980000 7.225000 -5.020000
    endloop
  endfacet
  facet normal 0.000000 0.000000 1.000000
    outer loop
      vertex 6.180000 5.675000 -5.020000
      vertex 3.980000 7.225000 -5.020000
      vertex 3.980000 5.675000 -5.020000
    endloop
  endfacet
  facet normal -1.000000 0.000000 0.000000
    outer loop
      vertex 6.180000 5.675000 -2.820000
      vertex 6.180000 7.225000 -2.820000
      vertex 6.180000 7.225000 -5.020000
    endloop
  endfacet
  facet normal -1.000000 0.000000 0.000000
    outer loop
      vertex 6.180000 5.675000 -2.820000
      vertex 6.180000 7.225000 -5.020000
      vertex 6.180000 5.675000 -5.020000
    endloop
  endfacet
  facet normal 1.000000 0.000000 0.000000
    outer loop
      vertex 3.980000 5.675000 -5.020000
      vertex 3.980000 7.225000 -5.020000
      vertex 3.980000 7.225000 -2.820000
    endloop
  endfacet
  facet normal 1.000000 0.000000 0.000000
    outer loop
      vertex 3.980000 5.675000 -5.020000
      vertex 3.980000 7.225000 -2.820000
      vertex 3.980000 5.675000 -2.820000
    endloop
  endfacet
  facet normal 0.000000 -1.000000 0.000000
    outer loop
      vertex 4.750000 11.200000 -4.250000
      vertex 5.410000 11.200000 -4.250000
      vertex 5.410000 11.200000 -3.590000
    endloop
  endfacet
  facet normal 0.000000 -1.000000 0.000000
    outer loop
      vertex 4.750000 11.200000 -4.250000
      vertex 5.410000 11.200000 -3.590000
      vertex 4.750000 11.200000 -3.590000
    endloop
  endfacet
  facet normal 0.000000 1.000000 0.000000
    outer loop
      vertex 4.750000 6.000000 -3.590000
      vertex 5.410000 6.000000 -3.590000
      vertex 5.410000 6.000000 -4.250000
    endloop
  endfacet
  facet normal 0.000000 1.000000 0.000000
    outer loop
      vertex 4.750000 6.000000 -3.590000
      vertex 5.410000 6.000000 -4.250000
      vertex 4.750000 6.000000 -4.250000
    endloop
  endfacet
  facet normal 0.000000 0.000000 -1.000000
    outer loop
      vertex 4.750000 11.200000 -3.590000
      vertex 5.410000 11.200000 -3.590000
      vertex 5.410000 6.000000 -3.590000
    endloop
  endfacet
  facet normal 0.000000 0.000000 -1.000000
    outer loop
      vertex 4.750000 11.200000 -3.590000
      vertex 5.410000 6.000000 -3.590000
      vertex 4.750000 6.000000 -3.590000
    endloop
  endfacet
  facet normal 0.000000 0.000000 1.000000
    outer loop
      vertex 5.410000 6.000000 -4.250000
      vertex 5.410000 11.200000 -4.250000
      vertex 4.750000 11.200000 -4.250000
    endloop
  endfacet
  facet normal 0.000000 0.000000 1.000000
    outer loop
      vertex 5.410000 6.000000 -4.250000
      vertex 4.750000 11.200000 -4.250000
      vertex 4.750000 6.000000 -4.250000
    endloop
  endfacet
  facet normal -1.000000 0.000000 0.000000
    outer loop
      vertex 5.410000 6.000000 -3.590000
      vertex 5.410000 11.200000 -3.590000
      vertex 5.410000 11.200000 -4.250000
    endloop
  endfacet
  facet normal -1.000000 0.000000 0.000000
    outer loop
      vertex 5.410000 6.000000 -3.590000
      vertex 5.410000 11.200000 -4.250000
      vertex 5.410000 6.000000 -4.250000
    endloop
  endfacet
  facet normal 1.000000 0.000000 0.000000
    outer loop
      vertex 4.750000 6.000000 -4.250000
      vertex 4.750000 11.200000 -4.250000
      vertex 4.750000 11.200000 -3.590000
    endloop
  endfacet
  facet normal 1.000000 0.000000 0.000000
    outer loop
      vertex 4.750000 6.000000 -4.250000
      vertex 4.750000 11.200000 -3.590000
      vertex 4.750000 6.000000 -3.590000
    endloop
  endfacet
  facet normal 0.000000 -1.000000 0.000000
    outer loop
      vertex 6.520000 7.225000 -5.020000
      vertex 8.720000 7.225000 -5.020000
      vertex 8.720000 7.225000 -2.820000
    endloop
  endfacet
  facet normal 0.000000 -1.000000 0.000000
    outer loop
      vertex 6.520000 7.225000 -5.020000
      vertex 8.720000 7.225000 -2.820000
      vertex 6.520000 7.225000 -2.820000
    endloop
  endfacet
  facet normal 0.000000 1.000000 0.000000
    outer loop
      vertex 6.520000 5.675000 -2.820000
      vertex 8.720000 5.675000 -2.820000
      vertex 8.720000 5.675000 -5.020000
    endloop
  endfacet
  facet normal 0.000000 1.000000 0.000000
    outer loop
      vertex 6.520000 5.675000 -2.820000
      vertex 8.720000 5.675000 -5.020000
      vertex 6.520000 5.675000 -5.020000
    endloop
  endfacet
  facet normal 0.000000 0.000000 -1.000000
    outer loop
      vertex 6.520000 7.225000 -2.820000
      vertex 8.720000 7.225000 -2.820000
      vertex 8.720000 5.675000 -2.820000
    endloop
  endfacet
  facet normal 0.000000 0.000000 -1.000000
    outer loop
      vertex 6.520000 7.225000 -2.820000
      vertex 8.720000 5.675000 -2.820000
      vertex 6.520000 5.675000 -2.820000
    endloop
  endfacet
  facet normal 0.000000 0.000000 1.000000
    outer loop
      vertex 8.720000 5.675000 -5.020000
      vertex 8.720000 7.225000 -5.020000
      vertex 6.520000 7.225000 -5.020000
    endloop
  endfacet
  facet normal 0.000000 0.000000 1.000000
    outer loop
      vertex 8.720000 5.675000 -5.020000
      vertex 6.520000 7.225000 -5.020000
      vertex 6.520000 5.675000 -5.020000
    endloop
  endfacet
  facet normal -1.000000 0.000000 0.000000
    outer loop
      vertex 8.720000 5.675000 -2.820000
      vertex 8.720000 7.225000 -2.820000
      vertex 8.720000 7.225000 -5.020000
    endloop
  endfacet
  facet normal -1.000000 0.000000 0.000000
    outer loop
      vertex 8.720000 5.675000 -2.820000
      vertex 8.720000 7.225000 -5.020000
      vertex 8.720000 5.675000 -5.020000
    endloop
  endfacet
  facet normal 1.000000 0.000000 0.000000
    outer loop
      vertex 6.520000 5.675000 -5.020000
      vertex 6.520000 7.225000 -5.020000
      vertex 6.520000 7.225000 -2.820000
    endloop
  endfacet
  facet normal 1.000000 0.000000 0.000000
    outer loop
      vertex 6.520000 5.675000 -5.020000
      vertex 6.520000 7.225000 -2.820000
      vertex 6.520000 5.675000 -2.820000
    endloop
  endfacet
  facet normal 0.000000 -1.000000 0.000000
    outer loop
      vertex 7.290000 11.200000 -4.250000
      vertex 7.950000 11.200000 -4.250000
      vertex 7.950000 11.200000 -3.590000
    endloop
  endfacet
  facet normal 0.000000 -1.000000 0.000000
    outer loop
      vertex 7.290000 11.200000 -4.250000
      vertex 7.950000 11.200000 -3.590000
      vertex 7.290000 11.200000 -3.590000
    endloop
  endfacet
  facet normal 0.000000 1.000000 0.000000
    outer loop
      vertex 7.290000 6.000000 -3.590000
      vertex 7.950000 6.000000 -3.590000
      vertex 7.950000 6.000000 -4.250000
    endloop
  endfacet
  facet normal 0.000000 1.000000 0.000000
    outer loop
      vertex 7.290000 6.000000 -3.590000
      vertex 7.950000 6.000000 -4.250000
      vertex 7.290000 6.000000 -4.250000
    endloop
  endfacet
  facet normal 0.000000 0.000000 -1.000000
    outer loop
      vertex 7.290000 11.200000 -3.590000
      vertex 7.950000 11.200000 -3.590000
      vertex 7.950000 6.000000 -3.590000
    endloop
  endfacet
  facet normal 0.000000 0.000000 -1.000000
    outer loop
      vertex 7.290000 11.200000 -3.590000
      vertex 7.950000 6.000000 -3.590000
      vertex 7.290000 6.000000 -3.590000
    endloop
  endfacet
  facet normal 0.000000 0.000000 1.000000
    outer loop
      vertex 7.950000 6.000000 -4.250000
      vertex 7.950000 11.200000 -4.250000
      vertex 7.290000 11.200000 -4.250000
    endloop
  endfacet
  facet normal 0.000000 0.000000 1.000000
    outer loop
      vertex 7.950000 6.000000 -4.250000
      vertex 7.290000 11.200000 -4.250000
      vertex 7.290000 6.000000 -4.250000
    endloop
  endfacet
  facet normal -1.000000 0.000000 0.000000
    outer loop
      vertex 7.950000 6.000000 -3.590000
      vertex 7.950000 11.200000 -3.590000
      vertex 7.950000 11.200000 -4.250000
    endloop
  endfacet
  facet normal -1.000000 0.000000 0.000000
    outer loop
      vertex 7.950000 6.000000 -3.590000
      vertex 7.950000 11.200000 -4.250000
      vertex 7.950000 6.000000 -4.250000
    endloop
  endfacet
  facet normal 1.000000 0.000000 0.000000
    outer loop
      vertex 7.290000 6.000000 -4.250000
      vertex 7.290000 11.200000 -4.250000
      vertex 7.290000 11.200000 -3.590000
    endloop
  endfacet
  facet normal 1.000000 0.000000 0.000000
    outer loop
      vertex 7.290000 6.000000 -4.250000
      vertex 7.290000 11.200000 -3.590000
      vertex 7.290000 6.000000 -3.590000
    endloop
  endfacet
  facet normal 0.000000 -1.000000 0.000000
    outer loop
      vertex 9.060000 7.225000 -5.020000
      vertex 11.260000 7.225000 -5.020000
      vertex 11.260000 7.225000 -2.820000
    endloop
  endfacet
  facet normal 0.000000 -1.000000 0.000000
    outer loop
      vertex 9.060000 7.225000 -5.020000
      vertex 11.260000 7.225000 -2.820000
      vertex 9.060000 7.225000 -2.820000
    endloop
  endfacet
  facet normal 0.000000 1.000000 0.000000
    outer loop
      vertex 9.060000 5.675000 -2.820000
      vertex 11.260000 5.675000 -2.820000
      vertex 11.260000 5.675000 -5.020000
    endloop
  endfacet
  facet normal 0.000000 1.000000 0.000000
    outer loop
      vertex 9.060000 5.675000 -2.820000
      vertex 11.260000 5.675000 -5.020000
      vertex 9.060000 5.675000 -5.020000
    endloop
  endfacet
  facet normal 0.000000 0.000000 -1.000000
    outer loop
      vertex 9.060000 7.225000 -2.820000
      vertex 11.260000 7.225000 -2.820000
      vertex 11.260000 5.675000 -2.820000
    endloop
  endfacet
  facet normal 0.000000 0.000000 -1.000000
    outer loop
      vertex 9.060000 7.225000 -2.820000
      vertex 11.260000 5.675000 -2.820000
      vertex 9.060000 5.675000 -2.820000
    endloop
  endfacet
  facet normal 0.000000 0.000000 1.000000
    outer loop
      vertex 11.260000 5.675000 -5.020000
      vertex 11.260000 7.225000 -5.020000
      vertex 9.060000 7.225000 -5.020000
    endloop
  endfacet
  facet normal 0.000000 0.000000 1.000000
    outer loop
      vertex 11.260000 5.675000 -5.020000
      vertex 9.060000 7.225000 -5.020000
      vertex 9.060000 5.675000 -5.020000
    endloop
  endfacet
  facet normal -1.000000 0.000000 0.000000
    outer loop
      vertex 11.260000 5.675000 -2.820000
      vertex 11.260000 7.225000 -2.820000
      vertex 11.260000 7.225000 -5.020000
    endloop
  endfacet
  facet normal -1.000000 0.000000 0.000000
    outer loop
      vertex 11.260000 5.675000 -2.820000
      vertex 11.260000 7.225000 -5.020000
      vertex 11.260000 5.675000 -5.020000
    endloop
  endfacet
  facet normal 1.000000 0.000000 0.000000
    outer loop
      vertex 9.060000 5.675000 -5.020000
      vertex 9.060000 7.225000 -5.020000
      vertex 9.060000 7.225000 -2.820000
    endloop
  endfacet
  facet normal 1.000000 0.000000 0.000000
    outer loop
      vertex 9.060000 5.675000 -5.020000
      vertex 9.060000 7.225000 -2.820000
      vertex 9.060000 5.675000 -2.820000
    endloop
  endfacet
  facet normal 0.000000 -1.000000 0.000000
    outer loop
      vertex 9.830000 11.200000 -4.250000
      vertex 10.490000 11.200000 -4.250000
      vertex 10.490000 11.200000 -3.590000
    endloop
  endfacet
  facet normal 0.000000 -1.000000 0.000000
    outer loop
      vertex 9.830000 11.200000 -4.250000
      vertex 10.490000 11.200000 -3.590000
      vertex 9.830000 11.200000 -3.590000
    endloop
  endfacet
  facet normal 0.000000 1.000000 0.000000
    outer loop
      vertex 9.830000 6.000000 -3.590000
      vertex 10.490000 6.000000 -3.590000
      vertex 10.490000 6.000000 -4.250000
    endloop
  endfacet
  facet normal 0.000000 1.000000 0.000000
    outer loop
      vertex 9.830000 6.000000 -3.590000
      vertex 10.490000 6.000000 -4.250000
      vertex 9.830000 6.000000 -4.250000
    endloop
  endfacet
  facet normal 0.000000 0.000000 -1.000000
    outer loop
      vertex 9.830000 11.200000 -3.590000
      vertex 10.490000 11.200000 -3.590000
      vertex 10.490000 6.000000 -3.590000
    endloop
  endfacet
  facet normal 0.000000 0.000000 -1.000000
    outer loop
      vertex 9.830000 11.200000 -3.590000
      vertex 10.490000 6.000000 -3.590000
      vertex 9.830000 6.000000 -3.590000
    endloop
  endfacet
  facet normal 0.000000 0.000000 1.000000
    outer loop
      vertex 10.490000 6.000000 -4.250000
      vertex 10.490000 11.200000 -4.250000
      vertex 9.830000 11.200000 -4.250000
    endloop
  endfacet
  facet normal 0.000000 0.000000 1.000000
    outer loop
      vertex 10.490000 6.000000 -4.250000
      vertex 9.830000 11.200000 -4.250000
      vertex 9.830000 6.000000 -4.250000
    endloop
  endfacet
  facet normal -1.000000 0.000000 0.000000
    outer loop
      vertex 10.490000 6.000000 -3.590000
      vertex 10.490000 11.200000 -3.590000
      vertex 10.490000 11.200000 -4.250000
    endloop
  endfacet
  facet normal -1.000000 0.000000 0.000000
    outer loop
      vertex 10.490000 6.000000 -3.590000
      vertex 10.490000 11.200000 -4.250000
      vertex 10.490000 6.000000 -4.250000
    endloop
  endfacet
  facet normal 1.000000 0.000000 0.000000
    outer loop
      vertex 9.830000 6.000000 -4.250000
      vertex 9.830000 11.200000 -4.250000
      vertex 9.830000 11.200000 -3.590000
    endloop
  endfacet
  facet normal 1.000000 0.000000 0.000000
    outer loop
      vertex 9.830000 6.000000 -4.250000
      vertex 9.830000 11.200000 -3.590000
      vertex 9.830000 6.000000 -3.590000
    endloop
  endfacet
  facet normal 0.000000 -1.000000 0.000000
    outer loop
      vertex 11.600000 7.225000 -5.020000
      vertex 13.800000 7.225000 -5.020000
      vertex 13.800000 7.225000 -2.820000
    endloop
  endfacet
  facet normal 0.000000 -1.000000 0.000000
    outer loop
      vertex 11.600000 7.225000 -5.020000
      vertex 13.800000 7.225000 -2.820000
      vertex 11.600000 7.225000 -2.820000
    endloop
  endfacet
  facet normal 0.000000 1.000000 0.000000
    outer loop
      vertex 11.600000 5.675000 -2.820000
      vertex 13.800000 5.675000 -2.820000
      vertex 13.800000 5.675000 -5.020000
    endloop
  endfacet
  facet normal 0.000000 1.000000 0.000000
    outer loop
      vertex 11.600000 5.675000 -2.820000
      vertex 13.800000 5.675000 -5.020000
      vertex 11.600000 5.675000 -5.020000
    endloop
  endfacet
  facet normal 0.000000 0.000000 -1.000000
    outer loop
      vertex 11.600000 7.225000 -2.820000
      vertex 13.800000 7.225000 -2.820000
      vertex 13.800000 5.675000 -2.820000
    endloop
  endfacet
  facet normal 0.000000 0.000000 -1.000000
    outer loop
      vertex 11.600000 7.225000 -2.820000
      vertex 13.800000 5.675000 -2.820000
      vertex 11.600000 5.675000 -2.820000
    endloop
  endfacet
  facet normal 0.000000 0.000000 1.000000
    outer loop
      vertex 13.800000 5.675000 -5.020000
      vertex 13.800000 7.225000 -5.020000
      vertex 11.600000 7.225000 -5.020000
    endloop
  endfacet
  facet normal 0.000000 0.000000 1.000000
    outer loop
      vertex 13.800000 5.675000 -5.020000
      vertex 11.600000 7.225000 -5.020000
      vertex 11.600000 5.675000 -5.020000
    endloop
  endfacet
  facet normal -1.000000 0.000000 0.000000
    outer loop
      vertex 13.800000 5.675000 -2.820000
      vertex 13.800000 7.225000 -2.820000
      vertex 13.800000 7.225000 -5.020000
    endloop
  endfacet
  facet normal -1.000000 0.000000 0.000000
    outer loop
      vertex 13.800000 5.675000 -2.820000
      vertex 13.800000 7.225000 -5.020000
      vertex 13.800000 5.675000 -5.020000
    endloop
  endfacet
  facet normal 1.000000 0.000000 0.000000
    outer loop
      vertex 11.600000 5.675000 -5.020000
      vertex 11.600000 7.225000 -5.020000
      vertex 11.600000 7.225000 -2.820000
    endloop
  endfacet
  facet normal 1.000000 0.000000 0.000000
    outer loop
      vertex 11.600000 5.675000 -5.020000
      vertex 11.600000 7.225000 -2.820000
      vertex 11.600000 5.675000 -2.820000
    endloop
  endfacet
  facet normal 0.000000 -1.000000 0.000000
    outer loop
      vertex 12.370000 11.200000 -4.250000
      vertex 13.030000 11.200000 -4.250000
      vertex 13.030000 11.200000 -3.590000
    endloop
  endfacet
  facet normal 0.000000 -1.000000 0.000000
    outer loop
      vertex 12.370000 11.200000 -4.250000
      vertex 13.030000 11.200000 -3.590000
      vertex 12.370000 11.200000 -3.590000
    endloop
  endfacet
  facet normal 0.000000 1.000000 0.000000
    outer loop
      vertex 12.370000 6.000000 -3.590000
      vertex 13.030000 6.000000 -3.590000
      vertex 13.030000 6.000000 -4.250000
    endloop
  endfacet
  facet normal 0.000000 1.000000 0.000000
    outer loop
      vertex 12.370000 6.000000 -3.590000
      vertex 13.030000 6.000000 -4.250000
      vertex 12.370000 6.000000 -4.250000
    endloop
  endfacet
  facet normal 0.000000 0.000000 -1.000000
    outer loop
      vertex 12.370000 11.200000 -3.590000
      vertex 13.030000 11.200000 -3.590000
      vertex 13.030000 6.000000 -3.590000
    endloop
  endfacet
  facet normal 0.000000 0.000000 -1.000000
    outer loop
      vertex 12.370000 11.200000 -3.590000
      vertex 13.030000 6.000000 -3.590000
      vertex 12.370000 6.000000 -3.590000
    endloop
  endfacet
  facet normal 0.000000 0.000000 1.000000
    outer loop
      vertex 13.030000 6.000000 -4.250000
      vertex 13.030000 11.200000 -4.250000
      vertex 12.370000 11.200000 -4.250000
    endloop
  endfacet
  facet normal 0.000000 0.000000 1.000000
    outer loop
      vertex 13.030000 6.000000 -4.250000
      vertex 12.370000 11.200000 -4.250000
      vertex 12.370000 6.000000 -4.250000
    endloop
  endfacet
  facet normal -1.000000 0.000000 0.000000
    outer loop
      vertex 13.030000 6.000000 -3.590000
      vertex 13.030000 11.200000 -3.590000
      vertex 13.030000 11.200000 -4.250000
    endloop
  endfacet
  facet normal -1.000000 0.000000 0.000000
    outer loop
      vertex 13.030000 6.000000 -3.590000
      vertex 13.030000 11.200000 -4.250000
      vertex 13.030000 6.000000 -4.250000
    endloop
  endfacet
  facet normal 1.000000 0.000000 0.000000
    outer loop
      vertex 12.370000 6.000000 -4.250000
      vertex 12.370000 11.200000 -4.250000
      vertex 12.370000 11.200000 -3.590000
    endloop
  endfacet
  facet normal 1.000000 0.000000 0.000000
    outer loop
      vertex 12.370000 6.000000 -4.250000
      vertex 12.370000 11.200000 -3.590000
      vertex 12.370000 6.000000 -3.590000
    endloop
  endfacet
  facet normal 0.000000 -1.000000 0.000000
    outer loop
      vertex -4.250000 3.500000 -4.250000
      vertex 4.250000 3.500000 -4.250000
      vertex 4.250000 3.500000 4.250000
    endloop
  endfacet
  facet normal 0.000000 -1.000000 0.000000
    outer loop
      vertex -4.250000 3.500000 -4.250000
      vertex 4.250000 3.500000 4.250000
      vertex -4.250000 3.500000 4.250000
    endloop
  endfacet
  facet normal 0.000000 1.000000 0.000000
    outer loop
      vertex -4.250000 2.100000 4.250000
      vertex 4.250000 2.100000 4.250000
      vertex 4.250000 2.100000 -4.250000
    endloop
  endfacet
  facet normal 0.000000 1.000000 0.000000
    outer loop
      vertex -4.250000 2.100000 4.250000
      vertex 4.250000 2.100000 -4.250000
      vertex -4.250000 2.100000 -4.250000
    endloop
  endfacet
  facet normal 0.000000 0.000000 -1.000000
    outer loop
      vertex -4.250000 3.500000 4.250000
      vertex 4.250000 3.500000 4.250000
      vertex 4.250000 2.100000 4.250000
    endloop
  endfacet
  facet normal 0.000000 0.000000 -1.000000
    outer loop
      vertex -4.250000 3.500000 4.250000
      vertex 4.250000 2.100000 4.250000
      vertex -4.250000 2.100000 4.250000
    endloop
  endfacet
  facet normal 0.000000 0.000000 1.000000
    outer loop
      vertex 4.250000 2.100000 -4.250000
      vertex 4.250000 3.500000 -4.250000
      vertex -4.250000 3.500000 -4.250000
    endloop
  endfacet
  facet normal 0.000000 0.000000 1.000000
    outer loop
      vertex 4.250000 2.100000 -4.250000
      vertex -4.250000 3.500000 -4.250000
      vertex -4.250000 2.100000 -4.250000
    endloop
  endfacet
  facet normal -1.000000 0.000000 0.000000
    outer loop
      vertex 4.250000 2.100000 4.250000
      vertex 4.250000 3.500000 4.250000
      vertex 4.250000 3.500000 -4.250000
    endloop
  endfacet
  facet normal -1.000000 0.000000 0.000000
    outer loop
      vertex 4.250000 2.100000 4.250000
      vertex 4.250000 3.500000 -4.250000
      vertex 4.250000 2.100000 -4.250000
    endloop
  endfacet
  facet normal 1.000000 0.000000 0.000000
    outer loop
      vertex -4.250000 2.100000 -4.250000
      vertex -4.250000 3.500000 -4.250000
      vertex -4.250000 3.500000 4.250000
    endloop
  endfacet
  facet normal 1.000000 0.000000 0.000000
    outer loop
      vertex -4.250000 2.100000 -4.250000
      vertex -4.250000 3.500000 4.250000
      vertex -4.250000 2.100000 4.250000
    endloop
  endfacet
  facet normal 0.000000 -1.000000 0.000000
    outer loop
      vertex -3.800000 5.150000 -19.800000
      vertex 3.800000 5.150000 -19.800000
      vertex 3.800000 5.150000 -14.200000
    endloop
  endfacet
  facet normal 0.000000 -1.000000 0.000000
    outer loop
      vertex -3.800000 5.150000 -19.800000
      vertex 3.800000 5.150000 -14.200000
      vertex -3.800000 5.150000 -14.200000
    endloop
  endfacet
  facet normal 0.000000 1.000000 0.000000
    outer loop
      vertex -3.800000 2.050000 -14.200000
      vertex 3.800000 2.050000 -14.200000
      vertex 3.800000 2.050000 -19.800000
    endloop
  endfacet
  facet normal 0.000000 1.000000 0.000000
    outer loop
      vertex -3.800000 2.050000 -14.200000
      vertex 3.800000 2.050000 -19.800000
      vertex -3.800000 2.050000 -19.800000
    endloop
  endfacet
  facet normal 0.000000 0.000000 -1.000000
    outer loop
      vertex -3.800000 5.150000 -14.200000
      vertex 3.800000 5.150000 -14.200000
      vertex 3.800000 2.050000 -14.200000
    endloop
  endfacet
  facet normal 0.000000 0.000000 -1.000000
    outer loop
      vertex -3.800000 5.150000 -14.200000
      vertex 3.800000 2.050000 -14.200000
      vertex -3.800000 2.050000 -14.200000
    endloop
  endfacet
  facet normal 0.000000 0.000000 1.000000
    outer loop
      vertex 3.800000 2.050000 -19.800000
      vertex 3.800000 5.150000 -19.800000
      vertex -3.800000 5.150000 -19.800000
    endloop
  endfacet
  facet normal 0.000000 0.000000 1.000000
    outer loop
      vertex 3.800000 2.050000 -19.800000
      vertex -3.800000 5.150000 -19.800000
      vertex -3.800000 2.050000 -19.800000
    endloop
  endfacet
  facet normal -1.000000 0.000000 0.000000
    outer loop
      vertex 3.800000 2.050000 -14.200000
      vertex 3.800000 5.150000 -14.200000
      vertex 3.800000 5.150000 -19.800000
    endloop
  endfacet
  facet normal -1.000000 0.000000 0.000000
    outer loop
      vertex 3.800000 2.050000 -14.200000
      vertex 3.800000 5.150000 -19.800000
      vertex 3.800000 2.050000 -19.800000
    endloop
  endfacet
  facet normal 1.000000 0.000000 0.000000
    outer loop
      vertex -3.800000 2.050000 -19.800000
      vertex -3.800000 5.150000 -19.800000
      vertex -3.800000 5.150000 -14.200000
    endloop
  endfacet
  facet normal 1.000000 0.000000 0.000000
    outer loop
      vertex -3.800000 2.050000 -19.800000
      vertex -3.800000 5.150000 -14.200000
      vertex -3.800000 2.050000 -14.200000
    endloop
  endfacet
  facet normal 0.000000 -1.000000 0.000000
    outer loop
      vertex 5.500000 3.700000 -4.600000
      vertex 10.500000 3.700000 -4.600000
      vertex 10.500000 3.700000 -1.400000
    endloop
  endfacet
  facet normal 0.000000 -1.000000 0.000000
    outer loop
      vertex 5.500000 3.700000 -4.600000
      vertex 10.500000 3.700000 -1.400000
      vertex 5.500000 3.700000 -1.400000
    endloop
  endfacet
  facet normal 0.000000 1.000000 0.000000
    outer loop
      vertex 5.500000 1.900000 -1.400000
      vertex 10.500000 1.900000 -1.400000
      vertex 10.500000 1.900000 -4.600000
    endloop
  endfacet
  facet normal 0.000000 1.000000 0.000000
    outer loop
      vertex 5.500000 1.900000 -1.400000
      vertex 10.500000 1.900000 -4.600000
      vertex 5.500000 1.900000 -4.600000
    endloop
  endfacet
  facet normal 0.000000 0.000000 -1.000000
    outer loop
      vertex 5.500000 3.700000 -1.400000
      vertex 10.500000 3.700000 -1.400000
      vertex 10.500000 1.900000 -1.400000
    endloop
  endfacet
  facet normal 0.000000 0.000000 -1.000000
    outer loop
      vertex 5.500000 3.700000 -1.400000
      vertex 10.500000 1.900000 -1.400000
      vertex 5.500000 1.900000 -1.400000
    endloop
  endfacet
  facet normal 0.000000 0.000000 1.000000
    outer loop
      vertex 10.500000 1.900000 -4.600000
      vertex 10.500000 3.700000 -4.600000
      vertex 5.500000 3.700000 -4.600000
    endloop
  endfacet
  facet normal 0.000000 0.000000 1.000000
    outer loop
      vertex 10.500000 1.900000 -4.600000
      vertex 5.500000 3.700000 -4.600000
      vertex 5.500000 1.900000 -4.600000
    endloop
  endfacet
  facet normal -1.000000 0.000000 0.000000
    outer loop
      vertex 10.500000 1.900000 -1.400000
      vertex 10.500000 3.700000 -1.400000
      vertex 10.500000 3.700000 -4.600000
    endloop
  endfacet
  facet normal -1.000000 0.000000 0.000000
    outer loop
      vertex 10.500000 1.900000 -1.400000
      vertex 10.500000 3.700000 -4.600000
      vertex 10.500000 1.900000 -4.600000
    endloop
  endfacet
  facet normal 1.000000 0.000000 0.000000
    outer loop
      vertex 5.500000 1.900000 -4.600000
      vertex 5.500000 3.700000 -4.600000
      vertex 5.500000 3.700000 -1.400000
    endloop
  endfacet
  facet normal 1.000000 0.000000 0.000000
    outer loop
      vertex 5.500000 1.900000 -4.600000
      vertex 5.500000 3.700000 -1.400000
      vertex 5.500000 1.900000 -1.400000
    endloop
  endfacet
  facet normal 0.000000 -1.000000 0.000000
    outer loop
      vertex -8.500000 3.459500 -8.000000
      vertex -7.842000 3.459500 -8.000000
      vertex -7.858497 3.459500 -7.853581
    endloop
  endfacet
  facet normal 0.000000 1.000000 0.000000
    outer loop
      vertex -8.500000 2.805000 -8.000000
      vertex -7.858497 2.805000 -7.853581
      vertex -7.842000 2.805000 -8.000000
    endloop
  endfacet
  facet normal -0.993712 0.000000 -0.111964
    outer loop
      vertex -7.842000 2.805000 -8.000000
      vertex -7.858497 2.805000 -7.853581
      vertex -7.858497 3.459500 -7.853581
    endloop
  endfacet
  facet normal -0.993712 0.000000 -0.111964
    outer loop
      vertex -7.842000 2.805000 -8.000000
      vertex -7.858497 3.459500 -7.853581
      vertex -7.842000 3.459500 -8.000000
    endloop
  endfacet
  facet normal 0.000000 -1.000000 0.000000
    outer loop
      vertex -8.500000 3.459500 -8.000000
      vertex -7.858497 3.459500 -7.853581
      vertex -7.907162 3.459500 -7.714504
    endloop
  endfacet
  facet normal 0.000000 1.000000 0.000000
    outer loop
      vertex -8.500000 2.805000 -8.000000
      vertex -7.907162 2.805000 -7.714504
      vertex -7.858497 2.805000 -7.853581
    endloop
  endfacet
  facet normal -0.943883 0.000000 -0.330279
    outer loop
      vertex -7.858497 2.805000 -7.853581
      vertex -7.907162 2.805000 -7.714504
      vertex -7.907162 3.459500 -7.714504
    endloop
  endfacet
  facet normal -0.943883 0.000000 -0.330279
    outer loop
      vertex -7.858497 2.805000 -7.853581
      vertex -7.907162 3.459500 -7.714504
      vertex -7.858497 3.459500 -7.853581
    endloop
  endfacet
  facet normal 0.000000 -1.000000 0.000000
    outer loop
      vertex -8.500000 3.459500 -8.000000
      vertex -7.907162 3.459500 -7.714504
      vertex -7.985555 3.459500 -7.589744
    endloop
  endfacet
  facet normal 0.000000 1.000000 0.000000
    outer loop
      vertex -8.500000 2.805000 -8.000000
      vertex -7.985555 2.805000 -7.589744
      vertex -7.907162 2.805000 -7.714504
    endloop
  endfacet
  facet normal -0.846724 0.000000 -0.532032
    outer loop
      vertex -7.907162 2.805000 -7.714504
      vertex -7.985555 2.805000 -7.589744
      vertex -7.985555 3.459500 -7.589744
    endloop
  endfacet
  facet normal -0.846724 0.000000 -0.532032
    outer loop
      vertex -7.907162 2.805000 -7.714504
      vertex -7.985555 3.459500 -7.589744
      vertex -7.907162 3.459500 -7.714504
    endloop
  endfacet
  facet normal 0.000000 -1.000000 0.000000
    outer loop
      vertex -8.500000 3.459500 -8.000000
      vertex -7.985555 3.459500 -7.589744
      vertex -8.089744 3.459500 -7.485555
    endloop
  endfacet
  facet normal 0.000000 1.000000 0.000000
    outer loop
      vertex -8.500000 2.805000 -8.000000
      vertex -8.089744 2.805000 -7.485555
      vertex -7.985555 2.805000 -7.589744
    endloop
  endfacet
  facet normal -0.707107 0.000000 -0.707107
    outer loop
      vertex -7.985555 2.805000 -7.589744
      vertex -8.089744 2.805000 -7.485555
      vertex -8.089744 3.459500 -7.485555
    endloop
  endfacet
  facet normal -0.707107 0.000000 -0.707107
    outer loop
      vertex -7.985555 2.805000 -7.589744
      vertex -8.089744 3.459500 -7.485555
      vertex -7.985555 3.459500 -7.589744
    endloop
  endfacet
  facet normal 0.000000 -1.000000 0.000000
    outer loop
      vertex -8.500000 3.459500 -8.000000
      vertex -8.089744 3.459500 -7.485555
      vertex -8.214504 3.459500 -7.407162
    endloop
  endfacet
  facet normal 0.000000 1.000000 0.000000
    outer loop
      vertex -8.500000 2.805000 -8.000000
      vertex -8.214504 2.805000 -7.407162
      vertex -8.089744 2.805000 -7.485555
    endloop
  endfacet
  facet normal -0.532032 0.000000 -0.846724
    outer loop
      vertex -8.089744 2.805000 -7.485555
      vertex -8.214504 2.805000 -7.407162
      vertex -8.214504 3.459500 -7.407162
    endloop
  endfacet
  facet normal -0.532032 0.000000 -0.846724
    outer loop
      vertex -8.089744 2.805000 -7.485555
      vertex -8.214504 3.459500 -7.407162
      vertex -8.089744 3.459500 -7.485555
    endloop
  endfacet
  facet normal 0.000000 -1.000000 0.000000
    outer loop
      vertex -8.500000 3.459500 -8.000000
      vertex -8.214504 3.459500 -7.407162
      vertex -8.353581 3.459500 -7.358497
    endloop
  endfacet
  facet normal 0.000000 1.000000 0.000000
    outer loop
      vertex -8.500000 2.805000 -8.000000
      vertex -8.353581 2.805000 -7.358497
      vertex -8.214504 2.805000 -7.407162
    endloop
  endfacet
  facet normal -0.330279 0.000000 -0.943883
    outer loop
      vertex -8.214504 2.805000 -7.407162
      vertex -8.353581 2.805000 -7.358497
      vertex -8.353581 3.459500 -7.358497
    endloop
  endfacet
  facet normal -0.330279 0.000000 -0.943883
    outer loop
      vertex -8.214504 2.805000 -7.407162
      vertex -8.353581 3.459500 -7.358497
      vertex -8.214504 3.459500 -7.407162
    endloop
  endfacet
  facet normal 0.000000 -1.000000 0.000000
    outer loop
      vertex -8.500000 3.459500 -8.000000
      vertex -8.353581 3.459500 -7.358497
      vertex -8.500000 3.459500 -7.342000
    endloop
  endfacet
  facet normal 0.000000 1.000000 0.000000
    outer loop
      vertex -8.500000 2.805000 -8.000000
      vertex -8.500000 2.805000 -7.342000
      vertex -8.353581 2.805000 -7.358497
    endloop
  endfacet
  facet normal -0.111964 0.000000 -0.993712
    outer loop
      vertex -8.353581 2.805000 -7.358497
      vertex -8.500000 2.805000 -7.342000
      vertex -8.500000 3.459500 -7.342000
    endloop
  endfacet
  facet normal -0.111964 0.000000 -0.993712
    outer loop
      vertex -8.353581 2.805000 -7.358497
      vertex -8.500000 3.459500 -7.342000
      vertex -8.353581 3.459500 -7.358497
    endloop
  endfacet
  facet normal 0.000000 -1.000000 0.000000
    outer loop
      vertex -8.500000 3.459500 -8.000000
      vertex -8.500000 3.459500 -7.342000
      vertex -8.646419 3.459500 -7.358497
    endloop
  endfacet
  facet normal 0.000000 1.000000 0.000000
    outer loop
      vertex -8.500000 2.805000 -8.000000
      vertex -8.646419 2.805000 -7.358497
      vertex -8.500000 2.805000 -7.342000
    endloop
  endfacet
  facet normal 0.111964 0.000000 -0.993712
    outer loop
      vertex -8.500000 2.805000 -7.342000
      vertex -8.646419 2.805000 -7.358497
      vertex -8.646419 3.459500 -7.358497
    endloop
  endfacet
  facet normal 0.111964 0.000000 -0.993712
    outer loop
      vertex -8.500000 2.805000 -7.342000
      vertex -8.646419 3.459500 -7.358497
      vertex -8.500000 3.459500 -7.342000
    endloop
  endfacet
  facet normal 0.000000 -1.000000 0.000000
    outer loop
      vertex -8.500000 3.459500 -8.000000
      vertex -8.646419 3.459500 -7.358497
      vertex -8.785496 3.459500 -7.407162
    endloop
  endfacet
  facet normal 0.000000 1.000000 0.000000
    outer loop
      vertex -8.500000 2.805000 -8.000000
      vertex -8.785496 2.805000 -7.407162
      vertex -8.646419 2.805000 -7.358497
    endloop
  endfacet
  facet normal 0.330279 0.000000 -0.943883
    outer loop
      vertex -8.646419 2.805000 -7.358497
      vertex -8.785496 2.805000 -7.407162
      vertex -8.785496 3.459500 -7.407162
    endloop
  endfacet
  facet normal 0.330279 0.000000 -0.943883
    outer loop
      vertex -8.646419 2.805000 -7.358497
      vertex -8.785496 3.459500 -7.407162
      vertex -8.646419 3.459500 -7.358497
    endloop
  endfacet
  facet normal 0.000000 -1.000000 0.000000
    outer loop
      vertex -8.500000 3.459500 -8.000000
      vertex -8.785496 3.459500 -7.407162
      vertex -8.910256 3.459500 -7.485555
    endloop
  endfacet
  facet normal 0.000000 1.000000 0.000000
    outer loop
      vertex -8.500000 2.805000 -8.000000
      vertex -8.910256 2.805000 -7.485555
      vertex -8.785496 2.805000 -7.407162
    endloop
  endfacet
  facet normal 0.532032 0.000000 -0.846724
    outer loop
      vertex -8.785496 2.805000 -7.407162
      vertex -8.910256 2.805000 -7.485555
      vertex -8.910256 3.459500 -7.485555
    endloop
  endfacet
  facet normal 0.532032 0.000000 -0.846724
    outer loop
      vertex -8.785496 2.805000 -7.407162
      vertex -8.910256 3.459500 -7.485555
      vertex -8.785496 3.459500 -7.407162
    endloop
  endfacet
  facet normal 0.000000 -1.000000 0.000000
    outer loop
      vertex -8.500000 3.459500 -8.000000
      vertex -8.910256 3.459500 -7.485555
      vertex -9.014445 3.459500 -7.589744
    endloop
  endfacet
  facet normal 0.000000 1.000000 0.000000
    outer loop
      vertex -8.500000 2.805000 -8.000000
      vertex -9.014445 2.805000 -7.589744
      vertex -8.910256 2.805000 -7.485555
    endloop
  endfacet
  facet normal 0.707107 0.000000 -0.707107
    outer loop
      vertex -8.910256 2.805000 -7.485555
      vertex -9.014445 2.805000 -7.589744
      vertex -9.014445 3.459500 -7.589744
    endloop
  endfacet
  facet normal 0.707107 0.000000 -0.707107
    outer loop
      vertex -8.910256 2.805000 -7.485555
      vertex -9.014445 3.459500 -7.589744
      vertex -8.910256 3.459500 -7.485555
    endloop
  endfacet
  facet normal 0.000000 -1.000000 0.000000
    outer loop
      vertex -8.500000 3.459500 -8.000000
      vertex -9.014445 3.459500 -7.589744
      vertex -9.092838 3.459500 -7.714504
    endloop
  endfacet
  facet normal 0.000000 1.000000 0.000000
    outer loop
      vertex -8.500000 2.805000 -8.000000
      vertex -9.092838 2.805000 -7.714504
      vertex -9.014445 2.805000 -7.589744
    endloop
  endfacet
  facet normal 0.846724 0.000000 -0.532032
    outer loop
      vertex -9.014445 2.805000 -7.589744
      vertex -9.092838 2.805000 -7.714504
      vertex -9.092838 3.459500 -7.714504
    endloop
  endfacet
  facet normal 0.846724 0.000000 -0.532032
    outer loop
      vertex -9.014445 2.805000 -7.589744
      vertex -9.092838 3.459500 -7.714504
      vertex -9.014445 3.459500 -7.589744
    endloop
  endfacet
  facet normal 0.000000 -1.000000 0.000000
    outer loop
      vertex -8.500000 3.459500 -8.000000
      vertex -9.092838 3.459500 -7.714504
      vertex -9.141503 3.459500 -7.853581
    endloop
  endfacet
  facet normal 0.000000 1.000000 0.000000
    outer loop
      vertex -8.500000 2.805000 -8.000000
      vertex -9.141503 2.805000 -7.853581
      vertex -9.092838 2.805000 -7.714504
    endloop
  endfacet
  facet normal 0.943883 0.000000 -0.330279
    outer loop
      vertex -9.092838 2.805000 -7.714504
      vertex -9.141503 2.805000 -7.853581
      vertex -9.141503 3.459500 -7.853581
    endloop
  endfacet
  facet normal 0.943883 0.000000 -0.330279
    outer loop
      vertex -9.092838 2.805000 -7.714504
      vertex -9.141503 3.459500 -7.853581
      vertex -9.092838 3.459500 -7.714504
    endloop
  endfacet
  facet normal 0.000000 -1.000000 0.000000
    outer loop
      vertex -8.500000 3.459500 -8.000000
      vertex -9.141503 3.459500 -7.853581
      vertex -9.158000 3.459500 -8.000000
    endloop
  endfacet
  facet normal 0.000000 1.000000 0.000000
    outer loop
      vertex -8.500000 2.805000 -8.000000
      vertex -9.158000 2.805000 -8.000000
      vertex -9.141503 2.805000 -7.853581
    endloop
  endfacet
  facet normal 0.993712 0.000000 -0.111964
    outer loop
      vertex -9.141503 2.805000 -7.853581
      vertex -9.158000 2.805000 -8.000000
      vertex -9.158000 3.459500 -8.000000
    endloop
  endfacet
  facet normal 0.993712 0.000000 -0.111964
    outer loop
      vertex -9.141503 2.805000 -7.853581
      vertex -9.158000 3.459500 -8.000000
      vertex -9.141503 3.459500 -7.853581
    endloop
  endfacet
  facet normal 0.000000 -1.000000 0.000000
    outer loop
      vertex -8.500000 3.459500 -8.000000
      vertex -9.158000 3.459500 -8.000000
      vertex -9.141503 3.459500 -8.146419
    endloop
  endfacet
  facet normal 0.000000 1.000000 0.000000
    outer loop
      vertex -8.500000 2.805000 -8.000000
      vertex -9.141503 2.805000 -8.146419
      vertex -9.158000 2.805000 -8.000000
    endloop
  endfacet
  facet normal 0.993712 0.000000 0.111964
    outer loop
      vertex -9.158000 2.805000 -8.000000
      vertex -9.141503 2.805000 -8.146419
      vertex -9.141503 3.459500 -8.146419
    endloop
  endfacet
  facet normal 0.993712 0.000000 0.111964
    outer loop
      vertex -9.158000 2.805000 -8.000000
      vertex -9.141503 3.459500 -8.146419
      vertex -9.158000 3.459500 -8.000000
    endloop
  endfacet
  facet normal 0.000000 -1.000000 0.000000
    outer loop
      vertex -8.500000 3.459500 -8.000000
      vertex -9.141503 3.459500 -8.146419
      vertex -9.092838 3.459500 -8.285496
    endloop
  endfacet
  facet normal 0.000000 1.000000 0.000000
    outer loop
      vertex -8.500000 2.805000 -8.000000
      vertex -9.092838 2.805000 -8.285496
      vertex -9.141503 2.805000 -8.146419
    endloop
  endfacet
  facet normal 0.943883 0.000000 0.330279
    outer loop
      vertex -9.141503 2.805000 -8.146419
      vertex -9.092838 2.805000 -8.285496
      vertex -9.092838 3.459500 -8.285496
    endloop
  endfacet
  facet normal 0.943883 0.000000 0.330279
    outer loop
      vertex -9.141503 2.805000 -8.146419
      vertex -9.092838 3.459500 -8.285496
      vertex -9.141503 3.459500 -8.146419
    endloop
  endfacet
  facet normal 0.000000 -1.000000 0.000000
    outer loop
      vertex -8.500000 3.459500 -8.000000
      vertex -9.092838 3.459500 -8.285496
      vertex -9.014445 3.459500 -8.410256
    endloop
  endfacet
  facet normal 0.000000 1.000000 0.000000
    outer loop
      vertex -8.500000 2.805000 -8.000000
      vertex -9.014445 2.805000 -8.410256
      vertex -9.092838 2.805000 -8.285496
    endloop
  endfacet
  facet normal 0.846724 0.000000 0.532032
    outer loop
      vertex -9.092838 2.805000 -8.285496
      vertex -9.014445 2.805000 -8.410256
      vertex -9.014445 3.459500 -8.410256
    endloop
  endfacet
  facet normal 0.846724 0.000000 0.532032
    outer loop
      vertex -9.092838 2.805000 -8.285496
      vertex -9.014445 3.459500 -8.410256
      vertex -9.092838 3.459500 -8.285496
    endloop
  endfacet
  facet normal 0.000000 -1.000000 0.000000
    outer loop
      vertex -8.500000 3.459500 -8.000000
      vertex -9.014445 3.459500 -8.410256
      vertex -8.910256 3.459500 -8.514445
    endloop
  endfacet
  facet normal 0.000000 1.000000 0.000000
    outer loop
      vertex -8.500000 2.805000 -8.000000
      vertex -8.910256 2.805000 -8.514445
      vertex -9.014445 2.805000 -8.410256
    endloop
  endfacet
  facet normal 0.707107 0.000000 0.707107
    outer loop
      vertex -9.014445 2.805000 -8.410256
      vertex -8.910256 2.805000 -8.514445
      vertex -8.910256 3.459500 -8.514445
    endloop
  endfacet
  facet normal 0.707107 0.000000 0.707107
    outer loop
      vertex -9.014445 2.805000 -8.410256
      vertex -8.910256 3.459500 -8.514445
      vertex -9.014445 3.459500 -8.410256
    endloop
  endfacet
  facet normal 0.000000 -1.000000 0.000000
    outer loop
      vertex -8.500000 3.459500 -8.000000
      vertex -8.910256 3.459500 -8.514445
      vertex -8.785496 3.459500 -8.592838
    endloop
  endfacet
  facet normal 0.000000 1.000000 0.000000
    outer loop
      vertex -8.500000 2.805000 -8.000000
      vertex -8.785496 2.805000 -8.592838
      vertex -8.910256 2.805000 -8.514445
    endloop
  endfacet
  facet normal 0.532032 0.000000 0.846724
    outer loop
      vertex -8.910256 2.805000 -8.514445
      vertex -8.785496 2.805000 -8.592838
      vertex -8.785496 3.459500 -8.592838
    endloop
  endfacet
  facet normal 0.532032 0.000000 0.846724
    outer loop
      vertex -8.910256 2.805000 -8.514445
      vertex -8.785496 3.459500 -8.592838
      vertex -8.910256 3.459500 -8.514445
    endloop
  endfacet
  facet normal 0.000000 -1.000000 0.000000
    outer loop
      vertex -8.500000 3.459500 -8.000000
      vertex -8.785496 3.459500 -8.592838
      vertex -8.646419 3.459500 -8.641503
    endloop
  endfacet
  facet normal 0.000000 1.000000 0.000000
    outer loop
      vertex -8.500000 2.805000 -8.000000
      vertex -8.646419 2.805000 -8.641503
      vertex -8.785496 2.805000 -8.592838
    endloop
  endfacet
  facet normal 0.330279 0.000000 0.943883
    outer loop
      vertex -8.785496 2.805000 -8.592838
      vertex -8.646419 2.805000 -8.641503
      vertex -8.646419 3.459500 -8.641503
    endloop
  endfacet
  facet normal 0.330279 0.000000 0.943883
    outer loop
      vertex -8.785496 2.805000 -8.592838
      vertex -8.646419 3.459500 -8.641503
      vertex -8.785496 3.459500 -8.592838
    endloop
  endfacet
  facet normal 0.000000 -1.000000 0.000000
    outer loop
      vertex -8.500000 3.459500 -8.000000
      vertex -8.646419 3.459500 -8.641503
      vertex -8.500000 3.459500 -8.658000
    endloop
  endfacet
  facet normal 0.000000 1.000000 0.000000
    outer loop
      vertex -8.500000 2.805000 -8.000000
      vertex -8.500000 2.805000 -8.658000
      vertex -8.646419 2.805000 -8.641503
    endloop
  endfacet
  facet normal 0.111964 0.000000 0.993712
    outer loop
      vertex -8.646419 2.805000 -8.641503
      vertex -8.500000 2.805000 -8.658000
      vertex -8.500000 3.459500 -8.658000
    endloop
  endfacet
  facet normal 0.111964 0.000000 0.993712
    outer loop
      vertex -8.646419 2.805000 -8.641503
      vertex -8.500000 3.459500 -8.658000
      vertex -8.646419 3.459500 -8.641503
    endloop
  endfacet
  facet normal 0.000000 -1.000000 0.000000
    outer loop
      vertex -8.500000 3.459500 -8.000000
      vertex -8.500000 3.459500 -8.658000
      vertex -8.353581 3.459500 -8.641503
    endloop
  endfacet
  facet normal 0.000000 1.000000 0.000000
    outer loop
      vertex -8.500000 2.805000 -8.000000
      vertex -8.353581 2.805000 -8.641503
      vertex -8.500000 2.805000 -8.658000
    endloop
  endfacet
  facet normal -0.111964 0.000000 0.993712
    outer loop
      vertex -8.500000 2.805000 -8.658000
      vertex -8.353581 2.805000 -8.641503
      vertex -8.353581 3.459500 -8.641503
    endloop
  endfacet
  facet normal -0.111964 0.000000 0.993712
    outer loop
      vertex -8.500000 2.805000 -8.658000
      vertex -8.353581 3.459500 -8.641503
      vertex -8.500000 3.459500 -8.658000
    endloop
  endfacet
  facet normal 0.000000 -1.000000 0.000000
    outer loop
      vertex -8.500000 3.459500 -8.000000
      vertex -8.353581 3.459500 -8.641503
      vertex -8.214504 3.459500 -8.592838
    endloop
  endfacet
  facet normal 0.000000 1.000000 0.000000
    outer loop
      vertex -8.500000 2.805000 -8.000000
      vertex -8.214504 2.805000 -8.592838
      vertex -8.353581 2.805000 -8.641503
    endloop
  endfacet
  facet normal -0.330279 0.000000 0.943883
    outer loop
      vertex -8.353581 2.805000 -8.641503
      vertex -8.214504 2.805000 -8.592838
      vertex -8.214504 3.459500 -8.592838
    endloop
  endfacet
  facet normal -0.330279 0.000000 0.943883
    outer loop
      vertex -8.353581 2.805000 -8.641503
      vertex -8.214504 3.459500 -8.592838
      vertex -8.353581 3.459500 -8.641503
    endloop
  endfacet
  facet normal 0.000000 -1.000000 0.000000
    outer loop
      vertex -8.500000 3.459500 -8.000000
      vertex -8.214504 3.459500 -8.592838
      vertex -8.089744 3.459500 -8.514445
    endloop
  endfacet
  facet normal 0.000000 1.000000 0.000000
    outer loop
      vertex -8.500000 2.805000 -8.000000
      vertex -8.089744 2.805000 -8.514445
      vertex -8.214504 2.805000 -8.592838
    endloop
  endfacet
  facet normal -0.532032 0.000000 0.846724
    outer loop
      vertex -8.214504 2.805000 -8.592838
      vertex -8.089744 2.805000 -8.514445
      vertex -8.089744 3.459500 -8.514445
    endloop
  endfacet
  facet normal -0.532032 0.000000 0.846724
    outer loop
      vertex -8.214504 2.805000 -8.592838
      vertex -8.089744 3.459500 -8.514445
      vertex -8.214504 3.459500 -8.592838
    endloop
  endfacet
  facet normal 0.000000 -1.000000 0.000000
    outer loop
      vertex -8.500000 3.459500 -8.000000
      vertex -8.089744 3.459500 -8.514445
      vertex -7.985555 3.459500 -8.410256
    endloop
  endfacet
  facet normal 0.000000 1.000000 0.000000
    outer loop
      vertex -8.500000 2.805000 -8.000000
      vertex -7.985555 2.805000 -8.410256
      vertex -8.089744 2.805000 -8.514445
    endloop
  endfacet
  facet normal -0.707107 0.000000 0.707107
    outer loop
      vertex -8.089744 2.805000 -8.514445
      vertex -7.985555 2.805000 -8.410256
      vertex -7.985555 3.459500 -8.410256
    endloop
  endfacet
  facet normal -0.707107 0.000000 0.707107
    outer loop
      vertex -8.089744 2.805000 -8.514445
      vertex -7.985555 3.459500 -8.410256
      vertex -8.089744 3.459500 -8.514445
    endloop
  endfacet
  facet normal 0.000000 -1.000000 0.000000
    outer loop
      vertex -8.500000 3.459500 -8.000000
      vertex -7.985555 3.459500 -8.410256
      vertex -7.907162 3.459500 -8.285496
    endloop
  endfacet
  facet normal 0.000000 1.000000 0.000000
    outer loop
      vertex -8.500000 2.805000 -8.000000
      vertex -7.907162 2.805000 -8.285496
      vertex -7.985555 2.805000 -8.410256
    endloop
  endfacet
  facet normal -0.846724 0.000000 0.532032
    outer loop
      vertex -7.985555 2.805000 -8.410256
      vertex -7.907162 2.805000 -8.285496
      vertex -7.907162 3.459500 -8.285496
    endloop
  endfacet
  facet normal -0.846724 0.000000 0.532032
    outer loop
      vertex -7.985555 2.805000 -8.410256
      vertex -7.907162 3.459500 -8.285496
      vertex -7.985555 3.459500 -8.410256
    endloop
  endfacet
  facet normal 0.000000 -1.000000 0.000000
    outer loop
      vertex -8.500000 3.459500 -8.000000
      vertex -7.907162 3.459500 -8.285496
      vertex -7.858497 3.459500 -8.146419
    endloop
  endfacet
  facet normal 0.000000 1.000000 0.000000
    outer loop
      vertex -8.500000 2.805000 -8.000000
      vertex -7.858497 2.805000 -8.146419
      vertex -7.907162 2.805000 -8.285496
    endloop
  endfacet
  facet normal -0.943883 0.000000 0.330279
    outer loop
      vertex -7.907162 2.805000 -8.285496
      vertex -7.858497 2.805000 -8.146419
      vertex -7.858497 3.459500 -8.146419
    endloop
  endfacet
  facet normal -0.943883 0.000000 0.330279
    outer loop
      vertex -7.907162 2.805000 -8.285496
      vertex -7.858497 3.459500 -8.146419
      vertex -7.907162 3.459500 -8.285496
    endloop
  endfacet
  facet normal 0.000000 -1.000000 0.000000
    outer loop
      vertex -8.500000 3.459500 -8.000000
      vertex -7.858497 3.459500 -8.146419
      vertex -7.842000 3.459500 -8.000000
    endloop
  endfacet
  facet normal 0.000000 1.000000 0.000000
    outer loop
      vertex -8.500000 2.805000 -8.000000
      vertex -7.842000 2.805000 -8.000000
      vertex -7.858497 2.805000 -8.146419
    endloop
  endfacet
  facet normal -0.993712 0.000000 0.111964
    outer loop
      vertex -7.858497 2.805000 -8.146419
      vertex -7.842000 2.805000 -8.000000
      vertex -7.842000 3.459500 -8.000000
    endloop
  endfacet
  facet normal -0.993712 0.000000 0.111964
    outer loop
      vertex -7.858497 2.805000 -8.146419
      vertex -7.842000 3.459500 -8.000000
      vertex -7.858497 3.459500 -8.146419
    endloop
  endfacet
  facet normal -0.098011 -0.995124 -0.011043
    outer loop
      vertex -8.500000 3.995000 -8.000000
      vertex -8.395529 3.984711 -8.000000
      vertex -8.398148 3.984711 -7.976753
    endloop
  endfacet
  facet normal -0.093096 -0.995124 -0.032576
    outer loop
      vertex -8.500000 3.995000 -8.000000
      vertex -8.398148 3.984711 -7.976753
      vertex -8.405875 3.984711 -7.954672
    endloop
  endfacet
  facet normal -0.083514 -0.995124 -0.052475
    outer loop
      vertex -8.500000 3.995000 -8.000000
      vertex -8.405875 3.984711 -7.954672
      vertex -8.418321 3.984711 -7.934863
    endloop
  endfacet
  facet normal -0.069743 -0.995124 -0.069743
    outer loop
      vertex -8.500000 3.995000 -8.000000
      vertex -8.418321 3.984711 -7.934863
      vertex -8.434863 3.984711 -7.918321
    endloop
  endfacet
  facet normal -0.052475 -0.995124 -0.083514
    outer loop
      vertex -8.500000 3.995000 -8.000000
      vertex -8.434863 3.984711 -7.918321
      vertex -8.454672 3.984711 -7.905875
    endloop
  endfacet
  facet normal -0.032576 -0.995124 -0.093096
    outer loop
      vertex -8.500000 3.995000 -8.000000
      vertex -8.454672 3.984711 -7.905875
      vertex -8.476753 3.984711 -7.898148
    endloop
  endfacet
  facet normal -0.011043 -0.995124 -0.098011
    outer loop
      vertex -8.500000 3.995000 -8.000000
      vertex -8.476753 3.984711 -7.898148
      vertex -8.500000 3.984711 -7.895529
    endloop
  endfacet
  facet normal 0.011043 -0.995124 -0.098011
    outer loop
      vertex -8.500000 3.995000 -8.000000
      vertex -8.500000 3.984711 -7.895529
      vertex -8.523247 3.984711 -7.898148
    endloop
  endfacet
  facet normal 0.032576 -0.995124 -0.093096
    outer loop
      vertex -8.500000 3.995000 -8.000000
      vertex -8.523247 3.984711 -7.898148
      vertex -8.545328 3.984711 -7.905875
    endloop
  endfacet
  facet normal 0.052475 -0.995124 -0.083514
    outer loop
      vertex -8.500000 3.995000 -8.000000
      vertex -8.545328 3.984711 -7.905875
      vertex -8.565137 3.984711 -7.918321
    endloop
  endfacet
  facet normal 0.069743 -0.995124 -0.069743
    outer loop
      vertex -8.500000 3.995000 -8.000000
      vertex -8.565137 3.984711 -7.918321
      vertex -8.581679 3.984711 -7.934863
    endloop
  endfacet
  facet normal 0.083514 -0.995124 -0.052475
    outer loop
      vertex -8.500000 3.995000 -8.000000
      vertex -8.581679 3.984711 -7.934863
      vertex -8.594125 3.984711 -7.954672
    endloop
  endfacet
  facet normal 0.093096 -0.995124 -0.032576
    outer loop
      vertex -8.500000 3.995000 -8.000000
      vertex -8.594125 3.984711 -7.954672
      vertex -8.601852 3.984711 -7.976753
    endloop
  endfacet
  facet normal 0.098011 -0.995124 -0.011043
    outer loop
      vertex -8.500000 3.995000 -8.000000
      vertex -8.601852 3.984711 -7.976753
      vertex -8.604471 3.984711 -8.000000
    endloop
  endfacet
  facet normal 0.098011 -0.995124 0.011043
    outer loop
      vertex -8.500000 3.995000 -8.000000
      vertex -8.604471 3.984711 -8.000000
      vertex -8.601852 3.984711 -8.023247
    endloop
  endfacet
  facet normal 0.093096 -0.995124 0.032576
    outer loop
      vertex -8.500000 3.995000 -8.000000
      vertex -8.601852 3.984711 -8.023247
      vertex -8.594125 3.984711 -8.045328
    endloop
  endfacet
  facet normal 0.083514 -0.995124 0.052475
    outer loop
      vertex -8.500000 3.995000 -8.000000
      vertex -8.594125 3.984711 -8.045328
      vertex -8.581679 3.984711 -8.065137
    endloop
  endfacet
  facet normal 0.069743 -0.995124 0.069743
    outer loop
      vertex -8.500000 3.995000 -8.000000
      vertex -8.581679 3.984711 -8.065137
      vertex -8.565137 3.984711 -8.081679
    endloop
  endfacet
  facet normal 0.052475 -0.995124 0.083514
    outer loop
      vertex -8.500000 3.995000 -8.000000
      vertex -8.565137 3.984711 -8.081679
      vertex -8.545328 3.984711 -8.094125
    endloop
  endfacet
  facet normal 0.032576 -0.995124 0.093096
    outer loop
      vertex -8.500000 3.995000 -8.000000
      vertex -8.545328 3.984711 -8.094125
      vertex -8.523247 3.984711 -8.101852
    endloop
  endfacet
  facet normal 0.011043 -0.995124 0.098011
    outer loop
      vertex -8.500000 3.995000 -8.000000
      vertex -8.523247 3.984711 -8.101852
      vertex -8.500000 3.984711 -8.104471
    endloop
  endfacet
  facet normal -0.011043 -0.995124 0.098011
    outer loop
      vertex -8.500000 3.995000 -8.000000
      vertex -8.500000 3.984711 -8.104471
      vertex -8.476753 3.984711 -8.101852
    endloop
  endfacet
  facet normal -0.032576 -0.995124 0.093096
    outer loop
      vertex -8.500000 3.995000 -8.000000
      vertex -8.476753 3.984711 -8.101852
      vertex -8.454672 3.984711 -8.094125
    endloop
  endfacet
  facet normal -0.052475 -0.995124 0.083514
    outer loop
      vertex -8.500000 3.995000 -8.000000
      vertex -8.454672 3.984711 -8.094125
      vertex -8.434863 3.984711 -8.081679
    endloop
  endfacet
  facet normal -0.069743 -0.995124 0.069743
    outer loop
      vertex -8.500000 3.995000 -8.000000
      vertex -8.434863 3.984711 -8.081679
      vertex -8.418321 3.984711 -8.065137
    endloop
  endfacet
  facet normal -0.083514 -0.995124 0.052475
    outer loop
      vertex -8.500000 3.995000 -8.000000
      vertex -8.418321 3.984711 -8.065137
      vertex -8.405875 3.984711 -8.045328
    endloop
  endfacet
  facet normal -0.093096 -0.995124 0.032576
    outer loop
      vertex -8.500000 3.995000 -8.000000
      vertex -8.405875 3.984711 -8.045328
      vertex -8.398148 3.984711 -8.023247
    endloop
  endfacet
  facet normal -0.098011 -0.995124 0.011043
    outer loop
      vertex -8.500000 3.995000 -8.000000
      vertex -8.398148 3.984711 -8.023247
      vertex -8.395529 3.984711 -8.000000
    endloop
  endfacet
  facet normal -0.290130 -0.956429 -0.032690
    outer loop
      vertex -8.395529 3.984711 -8.000000
      vertex -8.295073 3.954237 -8.000000
      vertex -8.300211 3.954237 -7.954399
    endloop
  endfacet
  facet normal -0.290130 -0.956429 -0.032690
    outer loop
      vertex -8.395529 3.984711 -8.000000
      vertex -8.300211 3.954237 -7.954399
      vertex -8.398148 3.984711 -7.976753
    endloop
  endfacet
  facet normal -0.275581 -0.956429 -0.096430
    outer loop
      vertex -8.398148 3.984711 -7.976753
      vertex -8.300211 3.954237 -7.954399
      vertex -8.315367 3.954237 -7.911086
    endloop
  endfacet
  facet normal -0.275581 -0.956429 -0.096430
    outer loop
      vertex -8.398148 3.984711 -7.976753
      vertex -8.315367 3.954237 -7.911086
      vertex -8.405875 3.984711 -7.954672
    endloop
  endfacet
  facet normal -0.247214 -0.956429 -0.155335
    outer loop
      vertex -8.405875 3.984711 -7.954672
      vertex -8.315367 3.954237 -7.911086
      vertex -8.339782 3.954237 -7.872230
    endloop
  endfacet
  facet normal -0.247214 -0.956429 -0.155335
    outer loop
      vertex -8.405875 3.984711 -7.954672
      vertex -8.339782 3.954237 -7.872230
      vertex -8.418321 3.984711 -7.934863
    endloop
  endfacet
  facet normal -0.206451 -0.956429 -0.206451
    outer loop
      vertex -8.418321 3.984711 -7.934863
      vertex -8.339782 3.954237 -7.872230
      vertex -8.372230 3.954237 -7.839782
    endloop
  endfacet
  facet normal -0.206451 -0.956429 -0.206451
    outer loop
      vertex -8.418321 3.984711 -7.934863
      vertex -8.372230 3.954237 -7.839782
      vertex -8.434863 3.984711 -7.918321
    endloop
  endfacet
  facet normal -0.155335 -0.956429 -0.247214
    outer loop
      vertex -8.434863 3.984711 -7.918321
      vertex -8.372230 3.954237 -7.839782
      vertex -8.411086 3.954237 -7.815367
    endloop
  endfacet
  facet normal -0.155335 -0.956429 -0.247214
    outer loop
      vertex -8.434863 3.984711 -7.918321
      vertex -8.411086 3.954237 -7.815367
      vertex -8.454672 3.984711 -7.905875
    endloop
  endfacet
  facet normal -0.096430 -0.956429 -0.275581
    outer loop
      vertex -8.454672 3.984711 -7.905875
      vertex -8.411086 3.954237 -7.815367
      vertex -8.454399 3.954237 -7.800211
    endloop
  endfacet
  facet normal -0.096430 -0.956429 -0.275581
    outer loop
      vertex -8.454672 3.984711 -7.905875
      vertex -8.454399 3.954237 -7.800211
      vertex -8.476753 3.984711 -7.898148
    endloop
  endfacet
  facet normal -0.032690 -0.956429 -0.290130
    outer loop
      vertex -8.476753 3.984711 -7.898148
      vertex -8.454399 3.954237 -7.800211
      vertex -8.500000 3.954237 -7.795073
    endloop
  endfacet
  facet normal -0.032690 -0.956429 -0.290130
    outer loop
      vertex -8.476753 3.984711 -7.898148
      vertex -8.500000 3.954237 -7.795073
      vertex -8.500000 3.984711 -7.895529
    endloop
  endfacet
  facet normal 0.032690 -0.956429 -0.290130
    outer loop
      vertex -8.500000 3.984711 -7.895529
      vertex -8.500000 3.954237 -7.795073
      vertex -8.545601 3.954237 -7.800211
    endloop
  endfacet
  facet normal 0.032690 -0.956429 -0.290130
    outer loop
      vertex -8.500000 3.984711 -7.895529
      vertex -8.545601 3.954237 -7.800211
      vertex -8.523247 3.984711 -7.898148
    endloop
  endfacet
  facet normal 0.096430 -0.956429 -0.275581
    outer loop
      vertex -8.523247 3.984711 -7.898148
      vertex -8.545601 3.954237 -7.800211
      vertex -8.588914 3.954237 -7.815367
    endloop
  endfacet
  facet normal 0.096430 -0.956429 -0.275581
    outer loop
      vertex -8.523247 3.984711 -7.898148
      vertex -8.588914 3.954237 -7.815367
      vertex -8.545328 3.984711 -7.905875
    endloop
  endfacet
  facet normal 0.155335 -0.956429 -0.247214
    outer loop
      vertex -8.545328 3.984711 -7.905875
      vertex -8.588914 3.954237 -7.815367
      vertex -8.627770 3.954237 -7.839782
    endloop
  endfacet
  facet normal 0.155335 -0.956429 -0.247214
    outer loop
      vertex -8.545328 3.984711 -7.905875
      vertex -8.627770 3.954237 -7.839782
      vertex -8.565137 3.984711 -7.918321
    endloop
  endfacet
  facet normal 0.206451 -0.956429 -0.206451
    outer loop
      vertex -8.565137 3.984711 -7.918321
      vertex -8.627770 3.954237 -7.839782
      vertex -8.660218 3.954237 -7.872230
    endloop
  endfacet
  facet normal 0.206451 -0.956429 -0.206451
    outer loop
      vertex -8.565137 3.984711 -7.918321
      vertex -8.660218 3.954237 -7.872230
      vertex -8.581679 3.984711 -7.934863
    endloop
  endfacet
  facet normal 0.247214 -0.956429 -0.155335
    outer loop
      vertex -8.581679 3.984711 -7.934863
      vertex -8.660218 3.954237 -7.872230
      vertex -8.684633 3.954237 -7.911086
    endloop
  endfacet
  facet normal 0.247214 -0.956429 -0.155335
    outer loop
      vertex -8.581679 3.984711 -7.934863
      vertex -8.684633 3.954237 -7.911086
      vertex -8.594125 3.984711 -7.954672
    endloop
  endfacet
  facet normal 0.275581 -0.956429 -0.096430
    outer loop
      vertex -8.594125 3.984711 -7.954672
      vertex -8.684633 3.954237 -7.911086
      vertex -8.699789 3.954237 -7.954399
    endloop
  endfacet
  facet normal 0.275581 -0.956429 -0.096430
    outer loop
      vertex -8.594125 3.984711 -7.954672
      vertex -8.699789 3.954237 -7.954399
      vertex -8.601852 3.984711 -7.976753
    endloop
  endfacet
  facet normal 0.290130 -0.956429 -0.032690
    outer loop
      vertex -8.601852 3.984711 -7.976753
      vertex -8.699789 3.954237 -7.954399
      vertex -8.704927 3.954237 -8.000000
    endloop
  endfacet
  facet normal 0.290130 -0.956429 -0.032690
    outer loop
      vertex -8.601852 3.984711 -7.976753
      vertex -8.704927 3.954237 -8.000000
      vertex -8.604471 3.984711 -8.000000
    endloop
  endfacet
  facet normal 0.290130 -0.956429 0.032690
    outer loop
      vertex -8.604471 3.984711 -8.000000
      vertex -8.704927 3.954237 -8.000000
      vertex -8.699789 3.954237 -8.045601
    endloop
  endfacet
  facet normal 0.290130 -0.956429 0.032690
    outer loop
      vertex -8.604471 3.984711 -8.000000
      vertex -8.699789 3.954237 -8.045601
      vertex -8.601852 3.984711 -8.023247
    endloop
  endfacet
  facet normal 0.275581 -0.956429 0.096430
    outer loop
      vertex -8.601852 3.984711 -8.023247
      vertex -8.699789 3.954237 -8.045601
      vertex -8.684633 3.954237 -8.088914
    endloop
  endfacet
  facet normal 0.275581 -0.956429 0.096430
    outer loop
      vertex -8.601852 3.984711 -8.023247
      vertex -8.684633 3.954237 -8.088914
      vertex -8.594125 3.984711 -8.045328
    endloop
  endfacet
  facet normal 0.247214 -0.956429 0.155335
    outer loop
      vertex -8.594125 3.984711 -8.045328
      vertex -8.684633 3.954237 -8.088914
      vertex -8.660218 3.954237 -8.127770
    endloop
  endfacet
  facet normal 0.247214 -0.956429 0.155335
    outer loop
      vertex -8.594125 3.984711 -8.045328
      vertex -8.660218 3.954237 -8.127770
      vertex -8.581679 3.984711 -8.065137
    endloop
  endfacet
  facet normal 0.206451 -0.956429 0.206451
    outer loop
      vertex -8.581679 3.984711 -8.065137
      vertex -8.660218 3.954237 -8.127770
      vertex -8.627770 3.954237 -8.160218
    endloop
  endfacet
  facet normal 0.206451 -0.956429 0.206451
    outer loop
      vertex -8.581679 3.984711 -8.065137
      vertex -8.627770 3.954237 -8.160218
      vertex -8.565137 3.984711 -8.081679
    endloop
  endfacet
  facet normal 0.155335 -0.956429 0.247214
    outer loop
      vertex -8.565137 3.984711 -8.081679
      vertex -8.627770 3.954237 -8.160218
      vertex -8.588914 3.954237 -8.184633
    endloop
  endfacet
  facet normal 0.155335 -0.956429 0.247214
    outer loop
      vertex -8.565137 3.984711 -8.081679
      vertex -8.588914 3.954237 -8.184633
      vertex -8.545328 3.984711 -8.094125
    endloop
  endfacet
  facet normal 0.096430 -0.956429 0.275581
    outer loop
      vertex -8.545328 3.984711 -8.094125
      vertex -8.588914 3.954237 -8.184633
      vertex -8.545601 3.954237 -8.199789
    endloop
  endfacet
  facet normal 0.096430 -0.956429 0.275581
    outer loop
      vertex -8.545328 3.984711 -8.094125
      vertex -8.545601 3.954237 -8.199789
      vertex -8.523247 3.984711 -8.101852
    endloop
  endfacet
  facet normal 0.032690 -0.956429 0.290130
    outer loop
      vertex -8.523247 3.984711 -8.101852
      vertex -8.545601 3.954237 -8.199789
      vertex -8.500000 3.954237 -8.204927
    endloop
  endfacet
  facet normal 0.032690 -0.956429 0.290130
    outer loop
      vertex -8.523247 3.984711 -8.101852
      vertex -8.500000 3.954237 -8.204927
      vertex -8.500000 3.984711 -8.104471
    endloop
  endfacet
  facet normal -0.032690 -0.956429 0.290130
    outer loop
      vertex -8.500000 3.984711 -8.104471
      vertex -8.500000 3.954237 -8.204927
      vertex -8.454399 3.954237 -8.199789
    endloop
  endfacet
  facet normal -0.032690 -0.956429 0.290130
    outer loop
      vertex -8.500000 3.984711 -8.104471
      vertex -8.454399 3.954237 -8.199789
      vertex -8.476753 3.984711 -8.101852
    endloop
  endfacet
  facet normal -0.096430 -0.956429 0.275581
    outer loop
      vertex -8.476753 3.984711 -8.101852
      vertex -8.454399 3.954237 -8.199789
      vertex -8.411086 3.954237 -8.184633
    endloop
  endfacet
  facet normal -0.096430 -0.956429 0.275581
    outer loop
      vertex -8.476753 3.984711 -8.101852
      vertex -8.411086 3.954237 -8.184633
      vertex -8.454672 3.984711 -8.094125
    endloop
  endfacet
  facet normal -0.155335 -0.956429 0.247214
    outer loop
      vertex -8.454672 3.984711 -8.094125
      vertex -8.411086 3.954237 -8.184633
      vertex -8.372230 3.954237 -8.160218
    endloop
  endfacet
  facet normal -0.155335 -0.956429 0.247214
    outer loop
      vertex -8.454672 3.984711 -8.094125
      vertex -8.372230 3.954237 -8.160218
      vertex -8.434863 3.984711 -8.081679
    endloop
  endfacet
  facet normal -0.206451 -0.956429 0.206451
    outer loop
      vertex -8.434863 3.984711 -8.081679
      vertex -8.372230 3.954237 -8.160218
      vertex -8.339782 3.954237 -8.127770
    endloop
  endfacet
  facet normal -0.206451 -0.956429 0.206451
    outer loop
      vertex -8.434863 3.984711 -8.081679
      vertex -8.339782 3.954237 -8.127770
      vertex -8.418321 3.984711 -8.065137
    endloop
  endfacet
  facet normal -0.247214 -0.956429 0.155335
    outer loop
      vertex -8.418321 3.984711 -8.065137
      vertex -8.339782 3.954237 -8.127770
      vertex -8.315367 3.954237 -8.088914
    endloop
  endfacet
  facet normal -0.247214 -0.956429 0.155335
    outer loop
      vertex -8.418321 3.984711 -8.065137
      vertex -8.315367 3.954237 -8.088914
      vertex -8.405875 3.984711 -8.045328
    endloop
  endfacet
  facet normal -0.275581 -0.956429 0.096430
    outer loop
      vertex -8.405875 3.984711 -8.045328
      vertex -8.315367 3.954237 -8.088914
      vertex -8.300211 3.954237 -8.045601
    endloop
  endfacet
  facet normal -0.275581 -0.956429 0.096430
    outer loop
      vertex -8.405875 3.984711 -8.045328
      vertex -8.300211 3.954237 -8.045601
      vertex -8.398148 3.984711 -8.023247
    endloop
  endfacet
  facet normal -0.290130 -0.956429 0.032690
    outer loop
      vertex -8.398148 3.984711 -8.023247
      vertex -8.300211 3.954237 -8.045601
      vertex -8.295073 3.954237 -8.000000
    endloop
  endfacet
  facet normal -0.290130 -0.956429 0.032690
    outer loop
      vertex -8.398148 3.984711 -8.023247
      vertex -8.295073 3.954237 -8.000000
      vertex -8.395529 3.984711 -8.000000
    endloop
  endfacet
  facet normal -0.470733 -0.880680 -0.053039
    outer loop
      vertex -8.295073 3.954237 -8.000000
      vertex -8.202492 3.904752 -8.000000
      vertex -8.209951 3.904752 -7.933798
    endloop
  endfacet
  facet normal -0.470733 -0.880680 -0.053039
    outer loop
      vertex -8.295073 3.954237 -8.000000
      vertex -8.209951 3.904752 -7.933798
      vertex -8.300211 3.954237 -7.954399
    endloop
  endfacet
  facet normal -0.447129 -0.880680 -0.156457
    outer loop
      vertex -8.300211 3.954237 -7.954399
      vertex -8.209951 3.904752 -7.933798
      vertex -8.231955 3.904752 -7.870916
    endloop
  endfacet
  facet normal -0.447129 -0.880680 -0.156457
    outer loop
      vertex -8.300211 3.954237 -7.954399
      vertex -8.231955 3.904752 -7.870916
      vertex -8.315367 3.954237 -7.911086
    endloop
  endfacet
  facet normal -0.401103 -0.880680 -0.252030
    outer loop
      vertex -8.315367 3.954237 -7.911086
      vertex -8.231955 3.904752 -7.870916
      vertex -8.267399 3.904752 -7.814507
    endloop
  endfacet
  facet normal -0.401103 -0.880680 -0.252030
    outer loop
      vertex -8.315367 3.954237 -7.911086
      vertex -8.267399 3.904752 -7.814507
      vertex -8.339782 3.954237 -7.872230
    endloop
  endfacet
  facet normal -0.334965 -0.880680 -0.334965
    outer loop
      vertex -8.339782 3.954237 -7.872230
      vertex -8.267399 3.904752 -7.814507
      vertex -8.314507 3.904752 -7.767399
    endloop
  endfacet
  facet normal -0.334965 -0.880680 -0.334965
    outer loop
      vertex -8.339782 3.954237 -7.872230
      vertex -8.314507 3.904752 -7.767399
      vertex -8.372230 3.954237 -7.839782
    endloop
  endfacet
  facet normal -0.252030 -0.880680 -0.401103
    outer loop
      vertex -8.372230 3.954237 -7.839782
      vertex -8.314507 3.904752 -7.767399
      vertex -8.370916 3.904752 -7.731955
    endloop
  endfacet
  facet normal -0.252030 -0.880680 -0.401103
    outer loop
      vertex -8.372230 3.954237 -7.839782
      vertex -8.370916 3.904752 -7.731955
      vertex -8.411086 3.954237 -7.815367
    endloop
  endfacet
  facet normal -0.156457 -0.880680 -0.447129
    outer loop
      vertex -8.411086 3.954237 -7.815367
      vertex -8.370916 3.904752 -7.731955
      vertex -8.433798 3.904752 -7.709951
    endloop
  endfacet
  facet normal -0.156457 -0.880680 -0.447129
    outer loop
      vertex -8.411086 3.954237 -7.815367
      vertex -8.433798 3.904752 -7.709951
      vertex -8.454399 3.954237 -7.800211
    endloop
  endfacet
  facet normal -0.053039 -0.880680 -0.470733
    outer loop
      vertex -8.454399 3.954237 -7.800211
      vertex -8.433798 3.904752 -7.709951
      vertex -8.500000 3.904752 -7.702492
    endloop
  endfacet
  facet normal -0.053039 -0.880680 -0.470733
    outer loop
      vertex -8.454399 3.954237 -7.800211
      vertex -8.500000 3.904752 -7.702492
      vertex -8.500000 3.954237 -7.795073
    endloop
  endfacet
  facet normal 0.053039 -0.880680 -0.470733
    outer loop
      vertex -8.500000 3.954237 -7.795073
      vertex -8.500000 3.904752 -7.702492
      vertex -8.566202 3.904752 -7.709951
    endloop
  endfacet
  facet normal 0.053039 -0.880680 -0.470733
    outer loop
      vertex -8.500000 3.954237 -7.795073
      vertex -8.566202 3.904752 -7.709951
      vertex -8.545601 3.954237 -7.800211
    endloop
  endfacet
  facet normal 0.156457 -0.880680 -0.447129
    outer loop
      vertex -8.545601 3.954237 -7.800211
      vertex -8.566202 3.904752 -7.709951
      vertex -8.629084 3.904752 -7.731955
    endloop
  endfacet
  facet normal 0.156457 -0.880680 -0.447129
    outer loop
      vertex -8.545601 3.954237 -7.800211
      vertex -8.629084 3.904752 -7.731955
      vertex -8.588914 3.954237 -7.815367
    endloop
  endfacet
  facet normal 0.252030 -0.880680 -0.401103
    outer loop
      vertex -8.588914 3.954237 -7.815367
      vertex -8.629084 3.904752 -7.731955
      vertex -8.685493 3.904752 -7.767399
    endloop
  endfacet
  facet normal 0.252030 -0.880680 -0.401103
    outer loop
      vertex -8.588914 3.954237 -7.815367
      vertex -8.685493 3.904752 -7.767399
      vertex -8.627770 3.954237 -7.839782
    endloop
  endfacet
  facet normal 0.334965 -0.880680 -0.334965
    outer loop
      vertex -8.627770 3.954237 -7.839782
      vertex -8.685493 3.904752 -7.767399
      vertex -8.732601 3.904752 -7.814507
    endloop
  endfacet
  facet normal 0.334965 -0.880680 -0.334965
    outer loop
      vertex -8.627770 3.954237 -7.839782
      vertex -8.732601 3.904752 -7.814507
      vertex -8.660218 3.954237 -7.872230
    endloop
  endfacet
  facet normal 0.401103 -0.880680 -0.252030
    outer loop
      vertex -8.660218 3.954237 -7.872230
      vertex -8.732601 3.904752 -7.814507
      vertex -8.768045 3.904752 -7.870916
    endloop
  endfacet
  facet normal 0.401103 -0.880680 -0.252030
    outer loop
      vertex -8.660218 3.954237 -7.872230
      vertex -8.768045 3.904752 -7.870916
      vertex -8.684633 3.954237 -7.911086
    endloop
  endfacet
  facet normal 0.447129 -0.880680 -0.156457
    outer loop
      vertex -8.684633 3.954237 -7.911086
      vertex -8.768045 3.904752 -7.870916
      vertex -8.790049 3.904752 -7.933798
    endloop
  endfacet
  facet normal 0.447129 -0.880680 -0.156457
    outer loop
      vertex -8.684633 3.954237 -7.911086
      vertex -8.790049 3.904752 -7.933798
      vertex -8.699789 3.954237 -7.954399
    endloop
  endfacet
  facet normal 0.470733 -0.880680 -0.053039
    outer loop
      vertex -8.699789 3.954237 -7.954399
      vertex -8.790049 3.904752 -7.933798
      vertex -8.797508 3.904752 -8.000000
    endloop
  endfacet
  facet normal 0.470733 -0.880680 -0.053039
    outer loop
      vertex -8.699789 3.954237 -7.954399
      vertex -8.797508 3.904752 -8.000000
      vertex -8.704927 3.954237 -8.000000
    endloop
  endfacet
  facet normal 0.470733 -0.880680 0.053039
    outer loop
      vertex -8.704927 3.954237 -8.000000
      vertex -8.797508 3.904752 -8.000000
      vertex -8.790049 3.904752 -8.066202
    endloop
  endfacet
  facet normal 0.470733 -0.880680 0.053039
    outer loop
      vertex -8.704927 3.954237 -8.000000
      vertex -8.790049 3.904752 -8.066202
      vertex -8.699789 3.954237 -8.045601
    endloop
  endfacet
  facet normal 0.447129 -0.880680 0.156457
    outer loop
      vertex -8.699789 3.954237 -8.045601
      vertex -8.790049 3.904752 -8.066202
      vertex -8.768045 3.904752 -8.129084
    endloop
  endfacet
  facet normal 0.447129 -0.880680 0.156457
    outer loop
      vertex -8.699789 3.954237 -8.045601
      vertex -8.768045 3.904752 -8.129084
      vertex -8.684633 3.954237 -8.088914
    endloop
  endfacet
  facet normal 0.401103 -0.880680 0.252030
    outer loop
      vertex -8.684633 3.954237 -8.088914
      vertex -8.768045 3.904752 -8.129084
      vertex -8.732601 3.904752 -8.185493
    endloop
  endfacet
  facet normal 0.401103 -0.880680 0.252030
    outer loop
      vertex -8.684633 3.954237 -8.088914
      vertex -8.732601 3.904752 -8.185493
      vertex -8.660218 3.954237 -8.127770
    endloop
  endfacet
  facet normal 0.334965 -0.880680 0.334965
    outer loop
      vertex -8.660218 3.954237 -8.127770
      vertex -8.732601 3.904752 -8.185493
      vertex -8.685493 3.904752 -8.232601
    endloop
  endfacet
  facet normal 0.334965 -0.880680 0.334965
    outer loop
      vertex -8.660218 3.954237 -8.127770
      vertex -8.685493 3.904752 -8.232601
      vertex -8.627770 3.954237 -8.160218
    endloop
  endfacet
  facet normal 0.252030 -0.880680 0.401103
    outer loop
      vertex -8.627770 3.954237 -8.160218
      vertex -8.685493 3.904752 -8.232601
      vertex -8.629084 3.904752 -8.268045
    endloop
  endfacet
  facet normal 0.252030 -0.880680 0.401103
    outer loop
      vertex -8.627770 3.954237 -8.160218
      vertex -8.629084 3.904752 -8.268045
      vertex -8.588914 3.954237 -8.184633
    endloop
  endfacet
  facet normal 0.156457 -0.880680 0.447129
    outer loop
      vertex -8.588914 3.954237 -8.184633
      vertex -8.629084 3.904752 -8.268045
      vertex -8.566202 3.904752 -8.290049
    endloop
  endfacet
  facet normal 0.156457 -0.880680 0.447129
    outer loop
      vertex -8.588914 3.954237 -8.184633
      vertex -8.566202 3.904752 -8.290049
      vertex -8.545601 3.954237 -8.199789
    endloop
  endfacet
  facet normal 0.053039 -0.880680 0.470733
    outer loop
      vertex -8.545601 3.954237 -8.199789
      vertex -8.566202 3.904752 -8.290049
      vertex -8.500000 3.904752 -8.297508
    endloop
  endfacet
  facet normal 0.053039 -0.880680 0.470733
    outer loop
      vertex -8.545601 3.954237 -8.199789
      vertex -8.500000 3.904752 -8.297508
      vertex -8.500000 3.954237 -8.204927
    endloop
  endfacet
  facet normal -0.053039 -0.880680 0.470733
    outer loop
      vertex -8.500000 3.954237 -8.204927
      vertex -8.500000 3.904752 -8.297508
      vertex -8.433798 3.904752 -8.290049
    endloop
  endfacet
  facet normal -0.053039 -0.880680 0.470733
    outer loop
      vertex -8.500000 3.954237 -8.204927
      vertex -8.433798 3.904752 -8.290049
      vertex -8.454399 3.954237 -8.199789
    endloop
  endfacet
  facet normal -0.156457 -0.880680 0.447129
    outer loop
      vertex -8.454399 3.954237 -8.199789
      vertex -8.433798 3.904752 -8.290049
      vertex -8.370916 3.904752 -8.268045
    endloop
  endfacet
  facet normal -0.156457 -0.880680 0.447129
    outer loop
      vertex -8.454399 3.954237 -8.199789
      vertex -8.370916 3.904752 -8.268045
      vertex -8.411086 3.954237 -8.184633
    endloop
  endfacet
  facet normal -0.252030 -0.880680 0.401103
    outer loop
      vertex -8.411086 3.954237 -8.184633
      vertex -8.370916 3.904752 -8.268045
      vertex -8.314507 3.904752 -8.232601
    endloop
  endfacet
  facet normal -0.252030 -0.880680 0.401103
    outer loop
      vertex -8.411086 3.954237 -8.184633
      vertex -8.314507 3.904752 -8.232601
      vertex -8.372230 3.954237 -8.160218
    endloop
  endfacet
  facet normal -0.334965 -0.880680 0.334965
    outer loop
      vertex -8.372230 3.954237 -8.160218
      vertex -8.314507 3.904752 -8.232601
      vertex -8.267399 3.904752 -8.185493
    endloop
  endfacet
  facet normal -0.334965 -0.880680 0.334965
    outer loop
      vertex -8.372230 3.954237 -8.160218
      vertex -8.267399 3.904752 -8.185493
      vertex -8.339782 3.954237 -8.127770
    endloop
  endfacet
  facet normal -0.401103 -0.880680 0.252030
    outer loop
      vertex -8.339782 3.954237 -8.127770
      vertex -8.267399 3.904752 -8.185493
      vertex -8.231955 3.904752 -8.129084
    endloop
  endfacet
  facet normal -0.401103 -0.880680 0.252030
    outer loop
      vertex -8.339782 3.954237 -8.127770
      vertex -8.231955 3.904752 -8.129084
      vertex -8.315367 3.954237 -8.088914
    endloop
  endfacet
  facet normal -0.447129 -0.880680 0.156457
    outer loop
      vertex -8.315367 3.954237 -8.088914
      vertex -8.231955 3.904752 -8.129084
      vertex -8.209951 3.904752 -8.066202
    endloop
  endfacet
  facet normal -0.447129 -0.880680 0.156457
    outer loop
      vertex -8.315367 3.954237 -8.088914
      vertex -8.209951 3.904752 -8.066202
      vertex -8.300211 3.954237 -8.045601
    endloop
  endfacet
  facet normal -0.470733 -0.880680 0.053039
    outer loop
      vertex -8.300211 3.954237 -8.045601
      vertex -8.209951 3.904752 -8.066202
      vertex -8.202492 3.904752 -8.000000
    endloop
  endfacet
  facet normal -0.470733 -0.880680 0.053039
    outer loop
      vertex -8.300211 3.954237 -8.045601
      vertex -8.202492 3.904752 -8.000000
      vertex -8.295073 3.954237 -8.000000
    endloop
  endfacet
  facet normal -0.632779 -0.771043 -0.071297
    outer loop
      vertex -8.202492 3.904752 -8.000000
      vertex -8.121344 3.838156 -8.000000
      vertex -8.130838 3.838156 -7.915741
    endloop
  endfacet
  facet normal -0.632779 -0.771043 -0.071297
    outer loop
      vertex -8.202492 3.904752 -8.000000
      vertex -8.130838 3.838156 -7.915741
      vertex -8.209951 3.904752 -7.933798
    endloop
  endfacet
  facet normal -0.601049 -0.771043 -0.210316
    outer loop
      vertex -8.209951 3.904752 -7.933798
      vertex -8.130838 3.838156 -7.915741
      vertex -8.158843 3.838156 -7.835707
    endloop
  endfacet
  facet normal -0.601049 -0.771043 -0.210316
    outer loop
      vertex -8.209951 3.904752 -7.933798
      vertex -8.158843 3.838156 -7.835707
      vertex -8.231955 3.904752 -7.870916
    endloop
  endfacet
  facet normal -0.539179 -0.771043 -0.338789
    outer loop
      vertex -8.231955 3.904752 -7.870916
      vertex -8.158843 3.838156 -7.835707
      vertex -8.203955 3.838156 -7.763912
    endloop
  endfacet
  facet normal -0.539179 -0.771043 -0.338789
    outer loop
      vertex -8.231955 3.904752 -7.870916
      vertex -8.203955 3.838156 -7.763912
      vertex -8.267399 3.904752 -7.814507
    endloop
  endfacet
  facet normal -0.450273 -0.771043 -0.450273
    outer loop
      vertex -8.267399 3.904752 -7.814507
      vertex -8.203955 3.838156 -7.763912
      vertex -8.263912 3.838156 -7.703955
    endloop
  endfacet
  facet normal -0.450273 -0.771043 -0.450273
    outer loop
      vertex -8.267399 3.904752 -7.814507
      vertex -8.263912 3.838156 -7.703955
      vertex -8.314507 3.904752 -7.767399
    endloop
  endfacet
  facet normal -0.338789 -0.771043 -0.539179
    outer loop
      vertex -8.314507 3.904752 -7.767399
      vertex -8.263912 3.838156 -7.703955
      vertex -8.335707 3.838156 -7.658843
    endloop
  endfacet
  facet normal -0.338789 -0.771043 -0.539179
    outer loop
      vertex -8.314507 3.904752 -7.767399
      vertex -8.335707 3.838156 -7.658843
      vertex -8.370916 3.904752 -7.731955
    endloop
  endfacet
  facet normal -0.210316 -0.771043 -0.601049
    outer loop
      vertex -8.370916 3.904752 -7.731955
      vertex -8.335707 3.838156 -7.658843
      vertex -8.415741 3.838156 -7.630838
    endloop
  endfacet
  facet normal -0.210316 -0.771043 -0.601049
    outer loop
      vertex -8.370916 3.904752 -7.731955
      vertex -8.415741 3.838156 -7.630838
      vertex -8.433798 3.904752 -7.709951
    endloop
  endfacet
  facet normal -0.071297 -0.771043 -0.632779
    outer loop
      vertex -8.433798 3.904752 -7.709951
      vertex -8.415741 3.838156 -7.630838
      vertex -8.500000 3.838156 -7.621344
    endloop
  endfacet
  facet normal -0.071297 -0.771043 -0.632779
    outer loop
      vertex -8.433798 3.904752 -7.709951
      vertex -8.500000 3.838156 -7.621344
      vertex -8.500000 3.904752 -7.702492
    endloop
  endfacet
  facet normal 0.071297 -0.771043 -0.632779
    outer loop
      vertex -8.500000 3.904752 -7.702492
      vertex -8.500000 3.838156 -7.621344
      vertex -8.584259 3.838156 -7.630838
    endloop
  endfacet
  facet normal 0.071297 -0.771043 -0.632779
    outer loop
      vertex -8.500000 3.904752 -7.702492
      vertex -8.584259 3.838156 -7.630838
      vertex -8.566202 3.904752 -7.709951
    endloop
  endfacet
  facet normal 0.210316 -0.771043 -0.601049
    outer loop
      vertex -8.566202 3.904752 -7.709951
      vertex -8.584259 3.838156 -7.630838
      vertex -8.664293 3.838156 -7.658843
    endloop
  endfacet
  facet normal 0.210316 -0.771043 -0.601049
    outer loop
      vertex -8.566202 3.904752 -7.709951
      vertex -8.664293 3.838156 -7.658843
      vertex -8.629084 3.904752 -7.731955
    endloop
  endfacet
  facet normal 0.338789 -0.771043 -0.539179
    outer loop
      vertex -8.629084 3.904752 -7.731955
      vertex -8.664293 3.838156 -7.658843
      vertex -8.736088 3.838156 -7.703955
    endloop
  endfacet
  facet normal 0.338789 -0.771043 -0.539179
    outer loop
      vertex -8.629084 3.904752 -7.731955
      vertex -8.736088 3.838156 -7.703955
      vertex -8.685493 3.904752 -7.767399
    endloop
  endfacet
  facet normal 0.450273 -0.771043 -0.450273
    outer loop
      vertex -8.685493 3.904752 -7.767399
      vertex -8.736088 3.838156 -7.703955
      vertex -8.796045 3.838156 -7.763912
    endloop
  endfacet
  facet normal 0.450273 -0.771043 -0.450273
    outer loop
      vertex -8.685493 3.904752 -7.767399
      vertex -8.796045 3.838156 -7.763912
      vertex -8.732601 3.904752 -7.814507
    endloop
  endfacet
  facet normal 0.539179 -0.771043 -0.338789
    outer loop
      vertex -8.732601 3.904752 -7.814507
      vertex -8.796045 3.838156 -7.763912
      vertex -8.841157 3.838156 -7.835707
    endloop
  endfacet
  facet normal 0.539179 -0.771043 -0.338789
    outer loop
      vertex -8.732601 3.904752 -7.814507
      vertex -8.841157 3.838156 -7.835707
      vertex -8.768045 3.904752 -7.870916
    endloop
  endfacet
  facet normal 0.601049 -0.771043 -0.210316
    outer loop
      vertex -8.768045 3.904752 -7.870916
      vertex -8.841157 3.838156 -7.835707
      vertex -8.869162 3.838156 -7.915741
    endloop
  endfacet
  facet normal 0.601049 -0.771043 -0.210316
    outer loop
      vertex -8.768045 3.904752 -7.870916
      vertex -8.869162 3.838156 -7.915741
      vertex -8.790049 3.904752 -7.933798
    endloop
  endfacet
  facet normal 0.632779 -0.771043 -0.071297
    outer loop
      vertex -8.790049 3.904752 -7.933798
      vertex -8.869162 3.838156 -7.915741
      vertex -8.878656 3.838156 -8.000000
    endloop
  endfacet
  facet normal 0.632779 -0.771043 -0.071297
    outer loop
      vertex -8.790049 3.904752 -7.933798
      vertex -8.878656 3.838156 -8.000000
      vertex -8.797508 3.904752 -8.000000
    endloop
  endfacet
  facet normal 0.632779 -0.771043 0.071297
    outer loop
      vertex -8.797508 3.904752 -8.000000
      vertex -8.878656 3.838156 -8.000000
      vertex -8.869162 3.838156 -8.084259
    endloop
  endfacet
  facet normal 0.632779 -0.771043 0.071297
    outer loop
      vertex -8.797508 3.904752 -8.000000
      vertex -8.869162 3.838156 -8.084259
      vertex -8.790049 3.904752 -8.066202
    endloop
  endfacet
  facet normal 0.601049 -0.771043 0.210316
    outer loop
      vertex -8.790049 3.904752 -8.066202
      vertex -8.869162 3.838156 -8.084259
      vertex -8.841157 3.838156 -8.164293
    endloop
  endfacet
  facet normal 0.601049 -0.771043 0.210316
    outer loop
      vertex -8.790049 3.904752 -8.066202
      vertex -8.841157 3.838156 -8.164293
      vertex -8.768045 3.904752 -8.129084
    endloop
  endfacet
  facet normal 0.539179 -0.771043 0.338789
    outer loop
      vertex -8.768045 3.904752 -8.129084
      vertex -8.841157 3.838156 -8.164293
      vertex -8.796045 3.838156 -8.236088
    endloop
  endfacet
  facet normal 0.539179 -0.771043 0.338789
    outer loop
      vertex -8.768045 3.904752 -8.129084
      vertex -8.796045 3.838156 -8.236088
      vertex -8.732601 3.904752 -8.185493
    endloop
  endfacet
  facet normal 0.450273 -0.771043 0.450273
    outer loop
      vertex -8.732601 3.904752 -8.185493
      vertex -8.796045 3.838156 -8.236088
      vertex -8.736088 3.838156 -8.296045
    endloop
  endfacet
  facet normal 0.450273 -0.771043 0.450273
    outer loop
      vertex -8.732601 3.904752 -8.185493
      vertex -8.736088 3.838156 -8.296045
      vertex -8.685493 3.904752 -8.232601
    endloop
  endfacet
  facet normal 0.338789 -0.771043 0.539179
    outer loop
      vertex -8.685493 3.904752 -8.232601
      vertex -8.736088 3.838156 -8.296045
      vertex -8.664293 3.838156 -8.341157
    endloop
  endfacet
  facet normal 0.338789 -0.771043 0.539179
    outer loop
      vertex -8.685493 3.904752 -8.232601
      vertex -8.664293 3.838156 -8.341157
      vertex -8.629084 3.904752 -8.268045
    endloop
  endfacet
  facet normal 0.210316 -0.771043 0.601049
    outer loop
      vertex -8.629084 3.904752 -8.268045
      vertex -8.664293 3.838156 -8.341157
      vertex -8.584259 3.838156 -8.369162
    endloop
  endfacet
  facet normal 0.210316 -0.771043 0.601049
    outer loop
      vertex -8.629084 3.904752 -8.268045
      vertex -8.584259 3.838156 -8.369162
      vertex -8.566202 3.904752 -8.290049
    endloop
  endfacet
  facet normal 0.071297 -0.771043 0.632779
    outer loop
      vertex -8.566202 3.904752 -8.290049
      vertex -8.584259 3.838156 -8.369162
      vertex -8.500000 3.838156 -8.378656
    endloop
  endfacet
  facet normal 0.071297 -0.771043 0.632779
    outer loop
      vertex -8.566202 3.904752 -8.290049
      vertex -8.500000 3.838156 -8.378656
      vertex -8.500000 3.904752 -8.297508
    endloop
  endfacet
  facet normal -0.071297 -0.771043 0.632779
    outer loop
      vertex -8.500000 3.904752 -8.297508
      vertex -8.500000 3.838156 -8.378656
      vertex -8.415741 3.838156 -8.369162
    endloop
  endfacet
  facet normal -0.071297 -0.771043 0.632779
    outer loop
      vertex -8.500000 3.904752 -8.297508
      vertex -8.415741 3.838156 -8.369162
      vertex -8.433798 3.904752 -8.290049
    endloop
  endfacet
  facet normal -0.210316 -0.771043 0.601049
    outer loop
      vertex -8.433798 3.904752 -8.290049
      vertex -8.415741 3.838156 -8.369162
      vertex -8.335707 3.838156 -8.341157
    endloop
  endfacet
  facet normal -0.210316 -0.771043 0.601049
    outer loop
      vertex -8.433798 3.904752 -8.290049
      vertex -8.335707 3.838156 -8.341157
      vertex -8.370916 3.904752 -8.268045
    endloop
  endfacet
  facet normal -0.338789 -0.771043 0.539179
    outer loop
      vertex -8.370916 3.904752 -8.268045
      vertex -8.335707 3.838156 -8.341157
      vertex -8.263912 3.838156 -8.296045
    endloop
  endfacet
  facet normal -0.338789 -0.771043 0.539179
    outer loop
      vertex -8.370916 3.904752 -8.268045
      vertex -8.263912 3.838156 -8.296045
      vertex -8.314507 3.904752 -8.232601
    endloop
  endfacet
  facet normal -0.450273 -0.771043 0.450273
    outer loop
      vertex -8.314507 3.904752 -8.232601
      vertex -8.263912 3.838156 -8.296045
      vertex -8.203955 3.838156 -8.236088
    endloop
  endfacet
  facet normal -0.450273 -0.771043 0.450273
    outer loop
      vertex -8.314507 3.904752 -8.232601
      vertex -8.203955 3.838156 -8.236088
      vertex -8.267399 3.904752 -8.185493
    endloop
  endfacet
  facet normal -0.539179 -0.771043 0.338789
    outer loop
      vertex -8.267399 3.904752 -8.185493
      vertex -8.203955 3.838156 -8.236088
      vertex -8.158843 3.838156 -8.164293
    endloop
  endfacet
  facet normal -0.539179 -0.771043 0.338789
    outer loop
      vertex -8.267399 3.904752 -8.185493
      vertex -8.158843 3.838156 -8.164293
      vertex -8.231955 3.904752 -8.129084
    endloop
  endfacet
  facet normal -0.601049 -0.771043 0.210316
    outer loop
      vertex -8.231955 3.904752 -8.129084
      vertex -8.158843 3.838156 -8.164293
      vertex -8.130838 3.838156 -8.084259
    endloop
  endfacet
  facet normal -0.601049 -0.771043 0.210316
    outer loop
      vertex -8.231955 3.904752 -8.129084
      vertex -8.130838 3.838156 -8.084259
      vertex -8.209951 3.904752 -8.066202
    endloop
  endfacet
  facet normal -0.632779 -0.771043 0.071297
    outer loop
      vertex -8.209951 3.904752 -8.066202
      vertex -8.130838 3.838156 -8.084259
      vertex -8.121344 3.838156 -8.000000
    endloop
  endfacet
  facet normal -0.632779 -0.771043 0.071297
    outer loop
      vertex -8.209951 3.904752 -8.066202
      vertex -8.121344 3.838156 -8.000000
      vertex -8.202492 3.904752 -8.000000
    endloop
  endfacet
  facet normal -0.770095 -0.632001 -0.086769
    outer loop
      vertex -8.121344 3.838156 -8.000000
      vertex -8.054748 3.757008 -8.000000
      vertex -8.065911 3.757008 -7.900922
    endloop
  endfacet
  facet normal -0.770095 -0.632001 -0.086769
    outer loop
      vertex -8.121344 3.838156 -8.000000
      vertex -8.065911 3.757008 -7.900922
      vertex -8.130838 3.838156 -7.915741
    endloop
  endfacet
  facet normal -0.731479 -0.632001 -0.255956
    outer loop
      vertex -8.130838 3.838156 -7.915741
      vertex -8.065911 3.757008 -7.900922
      vertex -8.098842 3.757008 -7.806812
    endloop
  endfacet
  facet normal -0.731479 -0.632001 -0.255956
    outer loop
      vertex -8.130838 3.838156 -7.915741
      vertex -8.098842 3.757008 -7.806812
      vertex -8.158843 3.838156 -7.835707
    endloop
  endfacet
  facet normal -0.656184 -0.632001 -0.412308
    outer loop
      vertex -8.158843 3.838156 -7.835707
      vertex -8.098842 3.757008 -7.806812
      vertex -8.151888 3.757008 -7.722390
    endloop
  endfacet
  facet normal -0.656184 -0.632001 -0.412308
    outer loop
      vertex -8.158843 3.838156 -7.835707
      vertex -8.151888 3.757008 -7.722390
      vertex -8.203955 3.838156 -7.763912
    endloop
  endfacet
  facet normal -0.547985 -0.632001 -0.547985
    outer loop
      vertex -8.203955 3.838156 -7.763912
      vertex -8.151888 3.757008 -7.722390
      vertex -8.222390 3.757008 -7.651888
    endloop
  endfacet
  facet normal -0.547985 -0.632001 -0.547985
    outer loop
      vertex -8.203955 3.838156 -7.763912
      vertex -8.222390 3.757008 -7.651888
      vertex -8.263912 3.838156 -7.703955
    endloop
  endfacet
  facet normal -0.412308 -0.632001 -0.656184
    outer loop
      vertex -8.263912 3.838156 -7.703955
      vertex -8.222390 3.757008 -7.651888
      vertex -8.306812 3.757008 -7.598842
    endloop
  endfacet
  facet normal -0.412308 -0.632001 -0.656184
    outer loop
      vertex -8.263912 3.838156 -7.703955
      vertex -8.306812 3.757008 -7.598842
      vertex -8.335707 3.838156 -7.658843
    endloop
  endfacet
  facet normal -0.255956 -0.632001 -0.731479
    outer loop
      vertex -8.335707 3.838156 -7.658843
      vertex -8.306812 3.757008 -7.598842
      vertex -8.400922 3.757008 -7.565911
    endloop
  endfacet
  facet normal -0.255956 -0.632001 -0.731479
    outer loop
      vertex -8.335707 3.838156 -7.658843
      vertex -8.400922 3.757008 -7.565911
      vertex -8.415741 3.838156 -7.630838
    endloop
  endfacet
  facet normal -0.086769 -0.632001 -0.770095
    outer loop
      vertex -8.415741 3.838156 -7.630838
      vertex -8.400922 3.757008 -7.565911
      vertex -8.500000 3.757008 -7.554748
    endloop
  endfacet
  facet normal -0.086769 -0.632001 -0.770095
    outer loop
      vertex -8.415741 3.838156 -7.630838
      vertex -8.500000 3.757008 -7.554748
      vertex -8.500000 3.838156 -7.621344
    endloop
  endfacet
  facet normal 0.086769 -0.632001 -0.770095
    outer loop
      vertex -8.500000 3.838156 -7.621344
      vertex -8.500000 3.757008 -7.554748
      vertex -8.599078 3.757008 -7.565911
    endloop
  endfacet
  facet normal 0.086769 -0.632001 -0.770095
    outer loop
      vertex -8.500000 3.838156 -7.621344
      vertex -8.599078 3.757008 -7.565911
      vertex -8.584259 3.838156 -7.630838
    endloop
  endfacet
  facet normal 0.255956 -0.632001 -0.731479
    outer loop
      vertex -8.584259 3.838156 -7.630838
      vertex -8.599078 3.757008 -7.565911
      vertex -8.693188 3.757008 -7.598842
    endloop
  endfacet
  facet normal 0.255956 -0.632001 -0.731479
    outer loop
      vertex -8.584259 3.838156 -7.630838
      vertex -8.693188 3.757008 -7.598842
      vertex -8.664293 3.838156 -7.658843
    endloop
  endfacet
  facet normal 0.412308 -0.632001 -0.656184
    outer loop
      vertex -8.664293 3.838156 -7.658843
      vertex -8.693188 3.757008 -7.598842
      vertex -8.777610 3.757008 -7.651888
    endloop
  endfacet
  facet normal 0.412308 -0.632001 -0.656184
    outer loop
      vertex -8.664293 3.838156 -7.658843
      vertex -8.777610 3.757008 -7.651888
      vertex -8.736088 3.838156 -7.703955
    endloop
  endfacet
  facet normal 0.547985 -0.632001 -0.547985
    outer loop
      vertex -8.736088 3.838156 -7.703955
      vertex -8.777610 3.757008 -7.651888
      vertex -8.848112 3.757008 -7.722390
    endloop
  endfacet
  facet normal 0.547985 -0.632001 -0.547985
    outer loop
      vertex -8.736088 3.838156 -7.703955
      vertex -8.848112 3.757008 -7.722390
      vertex -8.796045 3.838156 -7.763912
    endloop
  endfacet
  facet normal 0.656184 -0.632001 -0.412308
    outer loop
      vertex -8.796045 3.838156 -7.763912
      vertex -8.848112 3.757008 -7.722390
      vertex -8.901158 3.757008 -7.806812
    endloop
  endfacet
  facet normal 0.656184 -0.632001 -0.412308
    outer loop
      vertex -8.796045 3.838156 -7.763912
      vertex -8.901158 3.757008 -7.806812
      vertex -8.841157 3.838156 -7.835707
    endloop
  endfacet
  facet normal 0.731479 -0.632001 -0.255956
    outer loop
      vertex -8.841157 3.838156 -7.835707
      vertex -8.901158 3.757008 -7.806812
      vertex -8.934089 3.757008 -7.900922
    endloop
  endfacet
  facet normal 0.731479 -0.632001 -0.255956
    outer loop
      vertex -8.841157 3.838156 -7.835707
      vertex -8.934089 3.757008 -7.900922
      vertex -8.869162 3.838156 -7.915741
    endloop
  endfacet
  facet normal 0.770095 -0.632001 -0.086769
    outer loop
      vertex -8.869162 3.838156 -7.915741
      vertex -8.934089 3.757008 -7.900922
      vertex -8.945252 3.757008 -8.000000
    endloop
  endfacet
  facet normal 0.770095 -0.632001 -0.086769
    outer loop
      vertex -8.869162 3.838156 -7.915741
      vertex -8.945252 3.757008 -8.000000
      vertex -8.878656 3.838156 -8.000000
    endloop
  endfacet
  facet normal 0.770095 -0.632001 0.086769
    outer loop
      vertex -8.878656 3.838156 -8.000000
      vertex -8.945252 3.757008 -8.000000
      vertex -8.934089 3.757008 -8.099078
    endloop
  endfacet
  facet normal 0.770095 -0.632001 0.086769
    outer loop
      vertex -8.878656 3.838156 -8.000000
      vertex -8.934089 3.757008 -8.099078
      vertex -8.869162 3.838156 -8.084259
    endloop
  endfacet
  facet normal 0.731479 -0.632001 0.255956
    outer loop
      vertex -8.869162 3.838156 -8.084259
      vertex -8.934089 3.757008 -8.099078
      vertex -8.901158 3.757008 -8.193188
    endloop
  endfacet
  facet normal 0.731479 -0.632001 0.255956
    outer loop
      vertex -8.869162 3.838156 -8.084259
      vertex -8.901158 3.757008 -8.193188
      vertex -8.841157 3.838156 -8.164293
    endloop
  endfacet
  facet normal 0.656184 -0.632001 0.412308
    outer loop
      vertex -8.841157 3.838156 -8.164293
      vertex -8.901158 3.757008 -8.193188
      vertex -8.848112 3.757008 -8.277610
    endloop
  endfacet
  facet normal 0.656184 -0.632001 0.412308
    outer loop
      vertex -8.841157 3.838156 -8.164293
      vertex -8.848112 3.757008 -8.277610
      vertex -8.796045 3.838156 -8.236088
    endloop
  endfacet
  facet normal 0.547985 -0.632001 0.547985
    outer loop
      vertex -8.796045 3.838156 -8.236088
      vertex -8.848112 3.757008 -8.277610
      vertex -8.777610 3.757008 -8.348112
    endloop
  endfacet
  facet normal 0.547985 -0.632001 0.547985
    outer loop
      vertex -8.796045 3.838156 -8.236088
      vertex -8.777610 3.757008 -8.348112
      vertex -8.736088 3.838156 -8.296045
    endloop
  endfacet
  facet normal 0.412308 -0.632001 0.656184
    outer loop
      vertex -8.736088 3.838156 -8.296045
      vertex -8.777610 3.757008 -8.348112
      vertex -8.693188 3.757008 -8.401158
    endloop
  endfacet
  facet normal 0.412308 -0.632001 0.656184
    outer loop
      vertex -8.736088 3.838156 -8.296045
      vertex -8.693188 3.757008 -8.401158
      vertex -8.664293 3.838156 -8.341157
    endloop
  endfacet
  facet normal 0.255956 -0.632001 0.731479
    outer loop
      vertex -8.664293 3.838156 -8.341157
      vertex -8.693188 3.757008 -8.401158
      vertex -8.599078 3.757008 -8.434089
    endloop
  endfacet
  facet normal 0.255956 -0.632001 0.731479
    outer loop
      vertex -8.664293 3.838156 -8.341157
      vertex -8.599078 3.757008 -8.434089
      vertex -8.584259 3.838156 -8.369162
    endloop
  endfacet
  facet normal 0.086769 -0.632001 0.770095
    outer loop
      vertex -8.584259 3.838156 -8.369162
      vertex -8.599078 3.757008 -8.434089
      vertex -8.500000 3.757008 -8.445252
    endloop
  endfacet
  facet normal 0.086769 -0.632001 0.770095
    outer loop
      vertex -8.584259 3.838156 -8.369162
      vertex -8.500000 3.757008 -8.445252
      vertex -8.500000 3.838156 -8.378656
    endloop
  endfacet
  facet normal -0.086769 -0.632001 0.770095
    outer loop
      vertex -8.500000 3.838156 -8.378656
      vertex -8.500000 3.757008 -8.445252
      vertex -8.400922 3.757008 -8.434089
    endloop
  endfacet
  facet normal -0.086769 -0.632001 0.770095
    outer loop
      vertex -8.500000 3.838156 -8.378656
      vertex -8.400922 3.757008 -8.434089
      vertex -8.415741 3.838156 -8.369162
    endloop
  endfacet
  facet normal -0.255956 -0.632001 0.731479
    outer loop
      vertex -8.415741 3.838156 -8.369162
      vertex -8.400922 3.757008 -8.434089
      vertex -8.306812 3.757008 -8.401158
    endloop
  endfacet
  facet normal -0.255956 -0.632001 0.731479
    outer loop
      vertex -8.415741 3.838156 -8.369162
      vertex -8.306812 3.757008 -8.401158
      vertex -8.335707 3.838156 -8.341157
    endloop
  endfacet
  facet normal -0.412308 -0.632001 0.656184
    outer loop
      vertex -8.335707 3.838156 -8.341157
      vertex -8.306812 3.757008 -8.401158
      vertex -8.222390 3.757008 -8.348112
    endloop
  endfacet
  facet normal -0.412308 -0.632001 0.656184
    outer loop
      vertex -8.335707 3.838156 -8.341157
      vertex -8.222390 3.757008 -8.348112
      vertex -8.263912 3.838156 -8.296045
    endloop
  endfacet
  facet normal -0.547985 -0.632001 0.547985
    outer loop
      vertex -8.263912 3.838156 -8.296045
      vertex -8.222390 3.757008 -8.348112
      vertex -8.151888 3.757008 -8.277610
    endloop
  endfacet
  facet normal -0.547985 -0.632001 0.547985
    outer loop
      vertex -8.263912 3.838156 -8.296045
      vertex -8.151888 3.757008 -8.277610
      vertex -8.203955 3.838156 -8.236088
    endloop
  endfacet
  facet normal -0.656184 -0.632001 0.412308
    outer loop
      vertex -8.203955 3.838156 -8.236088
      vertex -8.151888 3.757008 -8.277610
      vertex -8.098842 3.757008 -8.193188
    endloop
  endfacet
  facet normal -0.656184 -0.632001 0.412308
    outer loop
      vertex -8.203955 3.838156 -8.236088
      vertex -8.098842 3.757008 -8.193188
      vertex -8.158843 3.838156 -8.164293
    endloop
  endfacet
  facet normal -0.731479 -0.632001 0.255956
    outer loop
      vertex -8.158843 3.838156 -8.164293
      vertex -8.098842 3.757008 -8.193188
      vertex -8.065911 3.757008 -8.099078
    endloop
  endfacet
  facet normal -0.731479 -0.632001 0.255956
    outer loop
      vertex -8.158843 3.838156 -8.164293
      vertex -8.065911 3.757008 -8.099078
      vertex -8.130838 3.838156 -8.084259
    endloop
  endfacet
  facet normal -0.770095 -0.632001 0.086769
    outer loop
      vertex -8.130838 3.838156 -8.084259
      vertex -8.065911 3.757008 -8.099078
      vertex -8.054748 3.757008 -8.000000
    endloop
  endfacet
  facet normal -0.770095 -0.632001 0.086769
    outer loop
      vertex -8.130838 3.838156 -8.084259
      vertex -8.054748 3.757008 -8.000000
      vertex -8.121344 3.838156 -8.000000
    endloop
  endfacet
  facet normal -0.877599 -0.469087 -0.098882
    outer loop
      vertex -8.054748 3.757008 -8.000000
      vertex -8.005263 3.664427 -8.000000
      vertex -8.017667 3.664427 -7.889911
    endloop
  endfacet
  facet normal -0.877599 -0.469087 -0.098882
    outer loop
      vertex -8.054748 3.757008 -8.000000
      vertex -8.017667 3.664427 -7.889911
      vertex -8.065911 3.757008 -7.900922
    endloop
  endfacet
  facet normal -0.833593 -0.469087 -0.291687
    outer loop
      vertex -8.065911 3.757008 -7.900922
      vertex -8.017667 3.664427 -7.889911
      vertex -8.054257 3.664427 -7.785341
    endloop
  endfacet
  facet normal -0.833593 -0.469087 -0.291687
    outer loop
      vertex -8.065911 3.757008 -7.900922
      vertex -8.054257 3.664427 -7.785341
      vertex -8.098842 3.757008 -7.806812
    endloop
  endfacet
  facet normal -0.747786 -0.469087 -0.469865
    outer loop
      vertex -8.098842 3.757008 -7.806812
      vertex -8.054257 3.664427 -7.785341
      vertex -8.113199 3.664427 -7.691536
    endloop
  endfacet
  facet normal -0.747786 -0.469087 -0.469865
    outer loop
      vertex -8.098842 3.757008 -7.806812
      vertex -8.113199 3.664427 -7.691536
      vertex -8.151888 3.757008 -7.722390
    endloop
  endfacet
  facet normal -0.624483 -0.469087 -0.624483
    outer loop
      vertex -8.151888 3.757008 -7.722390
      vertex -8.113199 3.664427 -7.691536
      vertex -8.191536 3.664427 -7.613199
    endloop
  endfacet
  facet normal -0.624483 -0.469087 -0.624483
    outer loop
      vertex -8.151888 3.757008 -7.722390
      vertex -8.191536 3.664427 -7.613199
      vertex -8.222390 3.757008 -7.651888
    endloop
  endfacet
  facet normal -0.469865 -0.469087 -0.747786
    outer loop
      vertex -8.222390 3.757008 -7.651888
      vertex -8.191536 3.664427 -7.613199
      vertex -8.285341 3.664427 -7.554257
    endloop
  endfacet
  facet normal -0.469865 -0.469087 -0.747786
    outer loop
      vertex -8.222390 3.757008 -7.651888
      vertex -8.285341 3.664427 -7.554257
      vertex -8.306812 3.757008 -7.598842
    endloop
  endfacet
  facet normal -0.291687 -0.469087 -0.833593
    outer loop
      vertex -8.306812 3.757008 -7.598842
      vertex -8.285341 3.664427 -7.554257
      vertex -8.389911 3.664427 -7.517667
    endloop
  endfacet
  facet normal -0.291687 -0.469087 -0.833593
    outer loop
      vertex -8.306812 3.757008 -7.598842
      vertex -8.389911 3.664427 -7.517667
      vertex -8.400922 3.757008 -7.565911
    endloop
  endfacet
  facet normal -0.098882 -0.469087 -0.877599
    outer loop
      vertex -8.400922 3.757008 -7.565911
      vertex -8.389911 3.664427 -7.517667
      vertex -8.500000 3.664427 -7.505263
    endloop
  endfacet
  facet normal -0.098882 -0.469087 -0.877599
    outer loop
      vertex -8.400922 3.757008 -7.565911
      vertex -8.500000 3.664427 -7.505263
      vertex -8.500000 3.757008 -7.554748
    endloop
  endfacet
  facet normal 0.098882 -0.469087 -0.877599
    outer loop
      vertex -8.500000 3.757008 -7.554748
      vertex -8.500000 3.664427 -7.505263
      vertex -8.610089 3.664427 -7.517667
    endloop
  endfacet
  facet normal 0.098882 -0.469087 -0.877599
    outer loop
      vertex -8.500000 3.757008 -7.554748
      vertex -8.610089 3.664427 -7.517667
      vertex -8.599078 3.757008 -7.565911
    endloop
  endfacet
  facet normal 0.291687 -0.469087 -0.833593
    outer loop
      vertex -8.599078 3.757008 -7.565911
      vertex -8.610089 3.664427 -7.517667
      vertex -8.714659 3.664427 -7.554257
    endloop
  endfacet
  facet normal 0.291687 -0.469087 -0.833593
    outer loop
      vertex -8.599078 3.757008 -7.565911
      vertex -8.714659 3.664427 -7.554257
      vertex -8.693188 3.757008 -7.598842
    endloop
  endfacet
  facet normal 0.469865 -0.469087 -0.747786
    outer loop
      vertex -8.693188 3.757008 -7.598842
      vertex -8.714659 3.664427 -7.554257
      vertex -8.808464 3.664427 -7.613199
    endloop
  endfacet
  facet normal 0.469865 -0.469087 -0.747786
    outer loop
      vertex -8.693188 3.757008 -7.598842
      vertex -8.808464 3.664427 -7.613199
      vertex -8.777610 3.757008 -7.651888
    endloop
  endfacet
  facet normal 0.624483 -0.469087 -0.624483
    outer loop
      vertex -8.777610 3.757008 -7.651888
      vertex -8.808464 3.664427 -7.613199
      vertex -8.886801 3.664427 -7.691536
    endloop
  endfacet
  facet normal 0.624483 -0.469087 -0.624483
    outer loop
      vertex -8.777610 3.757008 -7.651888
      vertex -8.886801 3.664427 -7.691536
      vertex -8.848112 3.757008 -7.722390
    endloop
  endfacet
  facet normal 0.747786 -0.469087 -0.469865
    outer loop
      vertex -8.848112 3.757008 -7.722390
      vertex -8.886801 3.664427 -7.691536
      vertex -8.945743 3.664427 -7.785341
    endloop
  endfacet
  facet normal 0.747786 -0.469087 -0.469865
    outer loop
      vertex -8.848112 3.757008 -7.722390
      vertex -8.945743 3.664427 -7.785341
      vertex -8.901158 3.757008 -7.806812
    endloop
  endfacet
  facet normal 0.833593 -0.469087 -0.291687
    outer loop
      vertex -8.901158 3.757008 -7.806812
      vertex -8.945743 3.664427 -7.785341
      vertex -8.982333 3.664427 -7.889911
    endloop
  endfacet
  facet normal 0.833593 -0.469087 -0.291687
    outer loop
      vertex -8.901158 3.757008 -7.806812
      vertex -8.982333 3.664427 -7.889911
      vertex -8.934089 3.757008 -7.900922
    endloop
  endfacet
  facet normal 0.877599 -0.469087 -0.098882
    outer loop
      vertex -8.934089 3.757008 -7.900922
      vertex -8.982333 3.664427 -7.889911
      vertex -8.994737 3.664427 -8.000000
    endloop
  endfacet
  facet normal 0.877599 -0.469087 -0.098882
    outer loop
      vertex -8.934089 3.757008 -7.900922
      vertex -8.994737 3.664427 -8.000000
      vertex -8.945252 3.757008 -8.000000
    endloop
  endfacet
  facet normal 0.877599 -0.469087 0.098882
    outer loop
      vertex -8.945252 3.757008 -8.000000
      vertex -8.994737 3.664427 -8.000000
      vertex -8.982333 3.664427 -8.110089
    endloop
  endfacet
  facet normal 0.877599 -0.469087 0.098882
    outer loop
      vertex -8.945252 3.757008 -8.000000
      vertex -8.982333 3.664427 -8.110089
      vertex -8.934089 3.757008 -8.099078
    endloop
  endfacet
  facet normal 0.833593 -0.469087 0.291687
    outer loop
      vertex -8.934089 3.757008 -8.099078
      vertex -8.982333 3.664427 -8.110089
      vertex -8.945743 3.664427 -8.214659
    endloop
  endfacet
  facet normal 0.833593 -0.469087 0.291687
    outer loop
      vertex -8.934089 3.757008 -8.099078
      vertex -8.945743 3.664427 -8.214659
      vertex -8.901158 3.757008 -8.193188
    endloop
  endfacet
  facet normal 0.747786 -0.469087 0.469865
    outer loop
      vertex -8.901158 3.757008 -8.193188
      vertex -8.945743 3.664427 -8.214659
      vertex -8.886801 3.664427 -8.308464
    endloop
  endfacet
  facet normal 0.747786 -0.469087 0.469865
    outer loop
      vertex -8.901158 3.757008 -8.193188
      vertex -8.886801 3.664427 -8.308464
      vertex -8.848112 3.757008 -8.277610
    endloop
  endfacet
  facet normal 0.624483 -0.469087 0.624483
    outer loop
      vertex -8.848112 3.757008 -8.277610
      vertex -8.886801 3.664427 -8.308464
      vertex -8.808464 3.664427 -8.386801
    endloop
  endfacet
  facet normal 0.624483 -0.469087 0.624483
    outer loop
      vertex -8.848112 3.757008 -8.277610
      vertex -8.808464 3.664427 -8.386801
      vertex -8.777610 3.757008 -8.348112
    endloop
  endfacet
  facet normal 0.469865 -0.469087 0.747786
    outer loop
      vertex -8.777610 3.757008 -8.348112
      vertex -8.808464 3.664427 -8.386801
      vertex -8.714659 3.664427 -8.445743
    endloop
  endfacet
  facet normal 0.469865 -0.469087 0.747786
    outer loop
      vertex -8.777610 3.757008 -8.348112
      vertex -8.714659 3.664427 -8.445743
      vertex -8.693188 3.757008 -8.401158
    endloop
  endfacet
  facet normal 0.291687 -0.469087 0.833593
    outer loop
      vertex -8.693188 3.757008 -8.401158
      vertex -8.714659 3.664427 -8.445743
      vertex -8.610089 3.664427 -8.482333
    endloop
  endfacet
  facet normal 0.291687 -0.469087 0.833593
    outer loop
      vertex -8.693188 3.757008 -8.401158
      vertex -8.610089 3.664427 -8.482333
      vertex -8.599078 3.757008 -8.434089
    endloop
  endfacet
  facet normal 0.098882 -0.469087 0.877599
    outer loop
      vertex -8.599078 3.757008 -8.434089
      vertex -8.610089 3.664427 -8.482333
      vertex -8.500000 3.664427 -8.494737
    endloop
  endfacet
  facet normal 0.098882 -0.469087 0.877599
    outer loop
      vertex -8.599078 3.757008 -8.434089
      vertex -8.500000 3.664427 -8.494737
      vertex -8.500000 3.757008 -8.445252
    endloop
  endfacet
  facet normal -0.098882 -0.469087 0.877599
    outer loop
      vertex -8.500000 3.757008 -8.445252
      vertex -8.500000 3.664427 -8.494737
      vertex -8.389911 3.664427 -8.482333
    endloop
  endfacet
  facet normal -0.098882 -0.469087 0.877599
    outer loop
      vertex -8.500000 3.757008 -8.445252
      vertex -8.389911 3.664427 -8.482333
      vertex -8.400922 3.757008 -8.434089
    endloop
  endfacet
  facet normal -0.291687 -0.469087 0.833593
    outer loop
      vertex -8.400922 3.757008 -8.434089
      vertex -8.389911 3.664427 -8.482333
      vertex -8.285341 3.664427 -8.445743
    endloop
  endfacet
  facet normal -0.291687 -0.469087 0.833593
    outer loop
      vertex -8.400922 3.757008 -8.434089
      vertex -8.285341 3.664427 -8.445743
      vertex -8.306812 3.757008 -8.401158
    endloop
  endfacet
  facet normal -0.469865 -0.469087 0.747786
    outer loop
      vertex -8.306812 3.757008 -8.401158
      vertex -8.285341 3.664427 -8.445743
      vertex -8.191536 3.664427 -8.386801
    endloop
  endfacet
  facet normal -0.469865 -0.469087 0.747786
    outer loop
      vertex -8.306812 3.757008 -8.401158
      vertex -8.191536 3.664427 -8.386801
      vertex -8.222390 3.757008 -8.348112
    endloop
  endfacet
  facet normal -0.624483 -0.469087 0.624483
    outer loop
      vertex -8.222390 3.757008 -8.348112
      vertex -8.191536 3.664427 -8.386801
      vertex -8.113199 3.664427 -8.308464
    endloop
  endfacet
  facet normal -0.624483 -0.469087 0.624483
    outer loop
      vertex -8.222390 3.757008 -8.348112
      vertex -8.113199 3.664427 -8.308464
      vertex -8.151888 3.757008 -8.277610
    endloop
  endfacet
  facet normal -0.747786 -0.469087 0.469865
    outer loop
      vertex -8.151888 3.757008 -8.277610
      vertex -8.113199 3.664427 -8.308464
      vertex -8.054257 3.664427 -8.214659
    endloop
  endfacet
  facet normal -0.747786 -0.469087 0.469865
    outer loop
      vertex -8.151888 3.757008 -8.277610
      vertex -8.054257 3.664427 -8.214659
      vertex -8.098842 3.757008 -8.193188
    endloop
  endfacet
  facet normal -0.833593 -0.469087 0.291687
    outer loop
      vertex -8.098842 3.757008 -8.193188
      vertex -8.054257 3.664427 -8.214659
      vertex -8.017667 3.664427 -8.110089
    endloop
  endfacet
  facet normal -0.833593 -0.469087 0.291687
    outer loop
      vertex -8.098842 3.757008 -8.193188
      vertex -8.017667 3.664427 -8.110089
      vertex -8.065911 3.757008 -8.099078
    endloop
  endfacet
  facet normal -0.877599 -0.469087 0.098882
    outer loop
      vertex -8.065911 3.757008 -8.099078
      vertex -8.017667 3.664427 -8.110089
      vertex -8.005263 3.664427 -8.000000
    endloop
  endfacet
  facet normal -0.877599 -0.469087 0.098882
    outer loop
      vertex -8.065911 3.757008 -8.099078
      vertex -8.005263 3.664427 -8.000000
      vertex -8.054748 3.757008 -8.000000
    endloop
  endfacet
  facet normal -0.951426 -0.288612 -0.107200
    outer loop
      vertex -8.005263 3.664427 -8.000000
      vertex -7.974789 3.563971 -8.000000
      vertex -7.987958 3.563971 -7.883130
    endloop
  endfacet
  facet normal -0.951426 -0.288612 -0.107200
    outer loop
      vertex -8.005263 3.664427 -8.000000
      vertex -7.987958 3.563971 -7.883130
      vertex -8.017667 3.664427 -7.889911
    endloop
  endfacet
  facet normal -0.903717 -0.288612 -0.316224
    outer loop
      vertex -8.017667 3.664427 -7.889911
      vertex -7.987958 3.563971 -7.883130
      vertex -8.026802 3.563971 -7.772120
    endloop
  endfacet
  facet normal -0.903717 -0.288612 -0.316224
    outer loop
      vertex -8.017667 3.664427 -7.889911
      vertex -8.026802 3.563971 -7.772120
      vertex -8.054257 3.664427 -7.785341
    endloop
  endfacet
  facet normal -0.810693 -0.288612 -0.509392
    outer loop
      vertex -8.054257 3.664427 -7.785341
      vertex -8.026802 3.563971 -7.772120
      vertex -8.089374 3.563971 -7.672537
    endloop
  endfacet
  facet normal -0.810693 -0.288612 -0.509392
    outer loop
      vertex -8.054257 3.664427 -7.785341
      vertex -8.089374 3.563971 -7.672537
      vertex -8.113199 3.664427 -7.691536
    endloop
  endfacet
  facet normal -0.677017 -0.288612 -0.677017
    outer loop
      vertex -8.113199 3.664427 -7.691536
      vertex -8.089374 3.563971 -7.672537
      vertex -8.172537 3.563971 -7.589374
    endloop
  endfacet
  facet normal -0.677017 -0.288612 -0.677017
    outer loop
      vertex -8.113199 3.664427 -7.691536
      vertex -8.172537 3.563971 -7.589374
      vertex -8.191536 3.664427 -7.613199
    endloop
  endfacet
  facet normal -0.509392 -0.288612 -0.810693
    outer loop
      vertex -8.191536 3.664427 -7.613199
      vertex -8.172537 3.563971 -7.589374
      vertex -8.272120 3.563971 -7.526802
    endloop
  endfacet
  facet normal -0.509392 -0.288612 -0.810693
    outer loop
      vertex -8.191536 3.664427 -7.613199
      vertex -8.272120 3.563971 -7.526802
      vertex -8.285341 3.664427 -7.554257
    endloop
  endfacet
  facet normal -0.316224 -0.288612 -0.903717
    outer loop
      vertex -8.285341 3.664427 -7.554257
      vertex -8.272120 3.563971 -7.526802
      vertex -8.383130 3.563971 -7.487958
    endloop
  endfacet
  facet normal -0.316224 -0.288612 -0.903717
    outer loop
      vertex -8.285341 3.664427 -7.554257
      vertex -8.383130 3.563971 -7.487958
      vertex -8.389911 3.664427 -7.517667
    endloop
  endfacet
  facet normal -0.107200 -0.288612 -0.951426
    outer loop
      vertex -8.389911 3.664427 -7.517667
      vertex -8.383130 3.563971 -7.487958
      vertex -8.500000 3.563971 -7.474789
    endloop
  endfacet
  facet normal -0.107200 -0.288612 -0.951426
    outer loop
      vertex -8.389911 3.664427 -7.517667
      vertex -8.500000 3.563971 -7.474789
      vertex -8.500000 3.664427 -7.505263
    endloop
  endfacet
  facet normal 0.107200 -0.288612 -0.951426
    outer loop
      vertex -8.500000 3.664427 -7.505263
      vertex -8.500000 3.563971 -7.474789
      vertex -8.616870 3.563971 -7.487958
    endloop
  endfacet
  facet normal 0.107200 -0.288612 -0.951426
    outer loop
      vertex -8.500000 3.664427 -7.505263
      vertex -8.616870 3.563971 -7.487958
      vertex -8.610089 3.664427 -7.517667
    endloop
  endfacet
  facet normal 0.316224 -0.288612 -0.903717
    outer loop
      vertex -8.610089 3.664427 -7.517667
      vertex -8.616870 3.563971 -7.487958
      vertex -8.727880 3.563971 -7.526802
    endloop
  endfacet
  facet normal 0.316224 -0.288612 -0.903717
    outer loop
      vertex -8.610089 3.664427 -7.517667
      vertex -8.727880 3.563971 -7.526802
      vertex -8.714659 3.664427 -7.554257
    endloop
  endfacet
  facet normal 0.509392 -0.288612 -0.810693
    outer loop
      vertex -8.714659 3.664427 -7.554257
      vertex -8.727880 3.563971 -7.526802
      vertex -8.827463 3.563971 -7.589374
    endloop
  endfacet
  facet normal 0.509392 -0.288612 -0.810693
    outer loop
      vertex -8.714659 3.664427 -7.554257
      vertex -8.827463 3.563971 -7.589374
      vertex -8.808464 3.664427 -7.613199
    endloop
  endfacet
  facet normal 0.677017 -0.288612 -0.677017
    outer loop
      vertex -8.808464 3.664427 -7.613199
      vertex -8.827463 3.563971 -7.589374
      vertex -8.910626 3.563971 -7.672537
    endloop
  endfacet
  facet normal 0.677017 -0.288612 -0.677017
    outer loop
      vertex -8.808464 3.664427 -7.613199
      vertex -8.910626 3.563971 -7.672537
      vertex -8.886801 3.664427 -7.691536
    endloop
  endfacet
  facet normal 0.810693 -0.288612 -0.509392
    outer loop
      vertex -8.886801 3.664427 -7.691536
      vertex -8.910626 3.563971 -7.672537
      vertex -8.973198 3.563971 -7.772120
    endloop
  endfacet
  facet normal 0.810693 -0.288612 -0.509392
    outer loop
      vertex -8.886801 3.664427 -7.691536
      vertex -8.973198 3.563971 -7.772120
      vertex -8.945743 3.664427 -7.785341
    endloop
  endfacet
  facet normal 0.903717 -0.288612 -0.316224
    outer loop
      vertex -8.945743 3.664427 -7.785341
      vertex -8.973198 3.563971 -7.772120
      vertex -9.012042 3.563971 -7.883130
    endloop
  endfacet
  facet normal 0.903717 -0.288612 -0.316224
    outer loop
      vertex -8.945743 3.664427 -7.785341
      vertex -9.012042 3.563971 -7.883130
      vertex -8.982333 3.664427 -7.889911
    endloop
  endfacet
  facet normal 0.951426 -0.288612 -0.107200
    outer loop
      vertex -8.982333 3.664427 -7.889911
      vertex -9.012042 3.563971 -7.883130
      vertex -9.025211 3.563971 -8.000000
    endloop
  endfacet
  facet normal 0.951426 -0.288612 -0.107200
    outer loop
      vertex -8.982333 3.664427 -7.889911
      vertex -9.025211 3.563971 -8.000000
      vertex -8.994737 3.664427 -8.000000
    endloop
  endfacet
  facet normal 0.951426 -0.288612 0.107200
    outer loop
      vertex -8.994737 3.664427 -8.000000
      vertex -9.025211 3.563971 -8.000000
      vertex -9.012042 3.563971 -8.116870
    endloop
  endfacet
  facet normal 0.951426 -0.288612 0.107200
    outer loop
      vertex -8.994737 3.664427 -8.000000
      vertex -9.012042 3.563971 -8.116870
      vertex -8.982333 3.664427 -8.110089
    endloop
  endfacet
  facet normal 0.903717 -0.288612 0.316224
    outer loop
      vertex -8.982333 3.664427 -8.110089
      vertex -9.012042 3.563971 -8.116870
      vertex -8.973198 3.563971 -8.227880
    endloop
  endfacet
  facet normal 0.903717 -0.288612 0.316224
    outer loop
      vertex -8.982333 3.664427 -8.110089
      vertex -8.973198 3.563971 -8.227880
      vertex -8.945743 3.664427 -8.214659
    endloop
  endfacet
  facet normal 0.810693 -0.288612 0.509392
    outer loop
      vertex -8.945743 3.664427 -8.214659
      vertex -8.973198 3.563971 -8.227880
      vertex -8.910626 3.563971 -8.327463
    endloop
  endfacet
  facet normal 0.810693 -0.288612 0.509392
    outer loop
      vertex -8.945743 3.664427 -8.214659
      vertex -8.910626 3.563971 -8.327463
      vertex -8.886801 3.664427 -8.308464
    endloop
  endfacet
  facet normal 0.677017 -0.288612 0.677017
    outer loop
      vertex -8.886801 3.664427 -8.308464
      vertex -8.910626 3.563971 -8.327463
      vertex -8.827463 3.563971 -8.410626
    endloop
  endfacet
  facet normal 0.677017 -0.288612 0.677017
    outer loop
      vertex -8.886801 3.664427 -8.308464
      vertex -8.827463 3.563971 -8.410626
      vertex -8.808464 3.664427 -8.386801
    endloop
  endfacet
  facet normal 0.509392 -0.288612 0.810693
    outer loop
      vertex -8.808464 3.664427 -8.386801
      vertex -8.827463 3.563971 -8.410626
      vertex -8.727880 3.563971 -8.473198
    endloop
  endfacet
  facet normal 0.509392 -0.288612 0.810693
    outer loop
      vertex -8.808464 3.664427 -8.386801
      vertex -8.727880 3.563971 -8.473198
      vertex -8.714659 3.664427 -8.445743
    endloop
  endfacet
  facet normal 0.316224 -0.288612 0.903717
    outer loop
      vertex -8.714659 3.664427 -8.445743
      vertex -8.727880 3.563971 -8.473198
      vertex -8.616870 3.563971 -8.512042
    endloop
  endfacet
  facet normal 0.316224 -0.288612 0.903717
    outer loop
      vertex -8.714659 3.664427 -8.445743
      vertex -8.616870 3.563971 -8.512042
      vertex -8.610089 3.664427 -8.482333
    endloop
  endfacet
  facet normal 0.107200 -0.288612 0.951426
    outer loop
      vertex -8.610089 3.664427 -8.482333
      vertex -8.616870 3.563971 -8.512042
      vertex -8.500000 3.563971 -8.525211
    endloop
  endfacet
  facet normal 0.107200 -0.288612 0.951426
    outer loop
      vertex -8.610089 3.664427 -8.482333
      vertex -8.500000 3.563971 -8.525211
      vertex -8.500000 3.664427 -8.494737
    endloop
  endfacet
  facet normal -0.107200 -0.288612 0.951426
    outer loop
      vertex -8.500000 3.664427 -8.494737
      vertex -8.500000 3.563971 -8.525211
      vertex -8.383130 3.563971 -8.512042
    endloop
  endfacet
  facet normal -0.107200 -0.288612 0.951426
    outer loop
      vertex -8.500000 3.664427 -8.494737
      vertex -8.383130 3.563971 -8.512042
      vertex -8.389911 3.664427 -8.482333
    endloop
  endfacet
  facet normal -0.316224 -0.288612 0.903717
    outer loop
      vertex -8.389911 3.664427 -8.482333
      vertex -8.383130 3.563971 -8.512042
      vertex -8.272120 3.563971 -8.473198
    endloop
  endfacet
  facet normal -0.316224 -0.288612 0.903717
    outer loop
      vertex -8.389911 3.664427 -8.482333
      vertex -8.272120 3.563971 -8.473198
      vertex -8.285341 3.664427 -8.445743
    endloop
  endfacet
  facet normal -0.509392 -0.288612 0.810693
    outer loop
      vertex -8.285341 3.664427 -8.445743
      vertex -8.272120 3.563971 -8.473198
      vertex -8.172537 3.563971 -8.410626
    endloop
  endfacet
  facet normal -0.509392 -0.288612 0.810693
    outer loop
      vertex -8.285341 3.664427 -8.445743
      vertex -8.172537 3.563971 -8.410626
      vertex -8.191536 3.664427 -8.386801
    endloop
  endfacet
  facet normal -0.677017 -0.288612 0.677017
    outer loop
      vertex -8.191536 3.664427 -8.386801
      vertex -8.172537 3.563971 -8.410626
      vertex -8.089374 3.563971 -8.327463
    endloop
  endfacet
  facet normal -0.677017 -0.288612 0.677017
    outer loop
      vertex -8.191536 3.664427 -8.386801
      vertex -8.089374 3.563971 -8.327463
      vertex -8.113199 3.664427 -8.308464
    endloop
  endfacet
  facet normal -0.810693 -0.288612 0.509392
    outer loop
      vertex -8.113199 3.664427 -8.308464
      vertex -8.089374 3.563971 -8.327463
      vertex -8.026802 3.563971 -8.227880
    endloop
  endfacet
  facet normal -0.810693 -0.288612 0.509392
    outer loop
      vertex -8.113199 3.664427 -8.308464
      vertex -8.026802 3.563971 -8.227880
      vertex -8.054257 3.664427 -8.214659
    endloop
  endfacet
  facet normal -0.903717 -0.288612 0.316224
    outer loop
      vertex -8.054257 3.664427 -8.214659
      vertex -8.026802 3.563971 -8.227880
      vertex -7.987958 3.563971 -8.116870
    endloop
  endfacet
  facet normal -0.903717 -0.288612 0.316224
    outer loop
      vertex -8.054257 3.664427 -8.214659
      vertex -7.987958 3.563971 -8.116870
      vertex -8.017667 3.664427 -8.110089
    endloop
  endfacet
  facet normal -0.951426 -0.288612 0.107200
    outer loop
      vertex -8.017667 3.664427 -8.110089
      vertex -7.987958 3.563971 -8.116870
      vertex -7.974789 3.563971 -8.000000
    endloop
  endfacet
  facet normal -0.951426 -0.288612 0.107200
    outer loop
      vertex -8.017667 3.664427 -8.110089
      vertex -7.974789 3.563971 -8.000000
      vertex -8.005263 3.664427 -8.000000
    endloop
  endfacet
  facet normal -0.988987 -0.097407 -0.111432
    outer loop
      vertex -7.974789 3.563971 -8.000000
      vertex -7.964500 3.459500 -8.000000
      vertex -7.977926 3.459500 -7.880840
    endloop
  endfacet
  facet normal -0.988987 -0.097407 -0.111432
    outer loop
      vertex -7.974789 3.563971 -8.000000
      vertex -7.977926 3.459500 -7.880840
      vertex -7.987958 3.563971 -7.883130
    endloop
  endfacet
  facet normal -0.939395 -0.097407 -0.328708
    outer loop
      vertex -7.987958 3.563971 -7.883130
      vertex -7.977926 3.459500 -7.880840
      vertex -8.017531 3.459500 -7.767655
    endloop
  endfacet
  facet normal -0.939395 -0.097407 -0.328708
    outer loop
      vertex -7.987958 3.563971 -7.883130
      vertex -8.017531 3.459500 -7.767655
      vertex -8.026802 3.563971 -7.772120
    endloop
  endfacet
  facet normal -0.842698 -0.097407 -0.529502
    outer loop
      vertex -8.026802 3.563971 -7.772120
      vertex -8.017531 3.459500 -7.767655
      vertex -8.081329 3.459500 -7.666121
    endloop
  endfacet
  facet normal -0.842698 -0.097407 -0.529502
    outer loop
      vertex -8.026802 3.563971 -7.772120
      vertex -8.081329 3.459500 -7.666121
      vertex -8.089374 3.563971 -7.672537
    endloop
  endfacet
  facet normal -0.703744 -0.097407 -0.703744
    outer loop
      vertex -8.089374 3.563971 -7.672537
      vertex -8.081329 3.459500 -7.666121
      vertex -8.166121 3.459500 -7.581329
    endloop
  endfacet
  facet normal -0.703744 -0.097407 -0.703744
    outer loop
      vertex -8.089374 3.563971 -7.672537
      vertex -8.166121 3.459500 -7.581329
      vertex -8.172537 3.563971 -7.589374
    endloop
  endfacet
  facet normal -0.529502 -0.097407 -0.842698
    outer loop
      vertex -8.172537 3.563971 -7.589374
      vertex -8.166121 3.459500 -7.581329
      vertex -8.267655 3.459500 -7.517531
    endloop
  endfacet
  facet normal -0.529502 -0.097407 -0.842698
    outer loop
      vertex -8.172537 3.563971 -7.589374
      vertex -8.267655 3.459500 -7.517531
      vertex -8.272120 3.563971 -7.526802
    endloop
  endfacet
  facet normal -0.328708 -0.097407 -0.939395
    outer loop
      vertex -8.272120 3.563971 -7.526802
      vertex -8.267655 3.459500 -7.517531
      vertex -8.380840 3.459500 -7.477926
    endloop
  endfacet
  facet normal -0.328708 -0.097407 -0.939395
    outer loop
      vertex -8.272120 3.563971 -7.526802
      vertex -8.380840 3.459500 -7.477926
      vertex -8.383130 3.563971 -7.487958
    endloop
  endfacet
  facet normal -0.111432 -0.097407 -0.988987
    outer loop
      vertex -8.383130 3.563971 -7.487958
      vertex -8.380840 3.459500 -7.477926
      vertex -8.500000 3.459500 -7.464500
    endloop
  endfacet
  facet normal -0.111432 -0.097407 -0.988987
    outer loop
      vertex -8.383130 3.563971 -7.487958
      vertex -8.500000 3.459500 -7.464500
      vertex -8.500000 3.563971 -7.474789
    endloop
  endfacet
  facet normal 0.111432 -0.097407 -0.988987
    outer loop
      vertex -8.500000 3.563971 -7.474789
      vertex -8.500000 3.459500 -7.464500
      vertex -8.619160 3.459500 -7.477926
    endloop
  endfacet
  facet normal 0.111432 -0.097407 -0.988987
    outer loop
      vertex -8.500000 3.563971 -7.474789
      vertex -8.619160 3.459500 -7.477926
      vertex -8.616870 3.563971 -7.487958
    endloop
  endfacet
  facet normal 0.328708 -0.097407 -0.939395
    outer loop
      vertex -8.616870 3.563971 -7.487958
      vertex -8.619160 3.459500 -7.477926
      vertex -8.732345 3.459500 -7.517531
    endloop
  endfacet
  facet normal 0.328708 -0.097407 -0.939395
    outer loop
      vertex -8.616870 3.563971 -7.487958
      vertex -8.732345 3.459500 -7.517531
      vertex -8.727880 3.563971 -7.526802
    endloop
  endfacet
  facet normal 0.529502 -0.097407 -0.842698
    outer loop
      vertex -8.727880 3.563971 -7.526802
      vertex -8.732345 3.459500 -7.517531
      vertex -8.833879 3.459500 -7.581329
    endloop
  endfacet
  facet normal 0.529502 -0.097407 -0.842698
    outer loop
      vertex -8.727880 3.563971 -7.526802
      vertex -8.833879 3.459500 -7.581329
      vertex -8.827463 3.563971 -7.589374
    endloop
  endfacet
  facet normal 0.703744 -0.097407 -0.703744
    outer loop
      vertex -8.827463 3.563971 -7.589374
      vertex -8.833879 3.459500 -7.581329
      vertex -8.918671 3.459500 -7.666121
    endloop
  endfacet
  facet normal 0.703744 -0.097407 -0.703744
    outer loop
      vertex -8.827463 3.563971 -7.589374
      vertex -8.918671 3.459500 -7.666121
      vertex -8.910626 3.563971 -7.672537
    endloop
  endfacet
  facet normal 0.842698 -0.097407 -0.529502
    outer loop
      vertex -8.910626 3.563971 -7.672537
      vertex -8.918671 3.459500 -7.666121
      vertex -8.982469 3.459500 -7.767655
    endloop
  endfacet
  facet normal 0.842698 -0.097407 -0.529502
    outer loop
      vertex -8.910626 3.563971 -7.672537
      vertex -8.982469 3.459500 -7.767655
      vertex -8.973198 3.563971 -7.772120
    endloop
  endfacet
  facet normal 0.939395 -0.097407 -0.328708
    outer loop
      vertex -8.973198 3.563971 -7.772120
      vertex -8.982469 3.459500 -7.767655
      vertex -9.022074 3.459500 -7.880840
    endloop
  endfacet
  facet normal 0.939395 -0.097407 -0.328708
    outer loop
      vertex -8.973198 3.563971 -7.772120
      vertex -9.022074 3.459500 -7.880840
      vertex -9.012042 3.563971 -7.883130
    endloop
  endfacet
  facet normal 0.988987 -0.097407 -0.111432
    outer loop
      vertex -9.012042 3.563971 -7.883130
      vertex -9.022074 3.459500 -7.880840
      vertex -9.035500 3.459500 -8.000000
    endloop
  endfacet
  facet normal 0.988987 -0.097407 -0.111432
    outer loop
      vertex -9.012042 3.563971 -7.883130
      vertex -9.035500 3.459500 -8.000000
      vertex -9.025211 3.563971 -8.000000
    endloop
  endfacet
  facet normal 0.988987 -0.097407 0.111432
    outer loop
      vertex -9.025211 3.563971 -8.000000
      vertex -9.035500 3.459500 -8.000000
      vertex -9.022074 3.459500 -8.119160
    endloop
  endfacet
  facet normal 0.988987 -0.097407 0.111432
    outer loop
      vertex -9.025211 3.563971 -8.000000
      vertex -9.022074 3.459500 -8.119160
      vertex -9.012042 3.563971 -8.116870
    endloop
  endfacet
  facet normal 0.939395 -0.097407 0.328708
    outer loop
      vertex -9.012042 3.563971 -8.116870
      vertex -9.022074 3.459500 -8.119160
      vertex -8.982469 3.459500 -8.232345
    endloop
  endfacet
  facet normal 0.939395 -0.097407 0.328708
    outer loop
      vertex -9.012042 3.563971 -8.116870
      vertex -8.982469 3.459500 -8.232345
      vertex -8.973198 3.563971 -8.227880
    endloop
  endfacet
  facet normal 0.842698 -0.097407 0.529502
    outer loop
      vertex -8.973198 3.563971 -8.227880
      vertex -8.982469 3.459500 -8.232345
      vertex -8.918671 3.459500 -8.333879
    endloop
  endfacet
  facet normal 0.842698 -0.097407 0.529502
    outer loop
      vertex -8.973198 3.563971 -8.227880
      vertex -8.918671 3.459500 -8.333879
      vertex -8.910626 3.563971 -8.327463
    endloop
  endfacet
  facet normal 0.703744 -0.097407 0.703744
    outer loop
      vertex -8.910626 3.563971 -8.327463
      vertex -8.918671 3.459500 -8.333879
      vertex -8.833879 3.459500 -8.418671
    endloop
  endfacet
  facet normal 0.703744 -0.097407 0.703744
    outer loop
      vertex -8.910626 3.563971 -8.327463
      vertex -8.833879 3.459500 -8.418671
      vertex -8.827463 3.563971 -8.410626
    endloop
  endfacet
  facet normal 0.529502 -0.097407 0.842698
    outer loop
      vertex -8.827463 3.563971 -8.410626
      vertex -8.833879 3.459500 -8.418671
      vertex -8.732345 3.459500 -8.482469
    endloop
  endfacet
  facet normal 0.529502 -0.097407 0.842698
    outer loop
      vertex -8.827463 3.563971 -8.410626
      vertex -8.732345 3.459500 -8.482469
      vertex -8.727880 3.563971 -8.473198
    endloop
  endfacet
  facet normal 0.328708 -0.097407 0.939395
    outer loop
      vertex -8.727880 3.563971 -8.473198
      vertex -8.732345 3.459500 -8.482469
      vertex -8.619160 3.459500 -8.522074
    endloop
  endfacet
  facet normal 0.328708 -0.097407 0.939395
    outer loop
      vertex -8.727880 3.563971 -8.473198
      vertex -8.619160 3.459500 -8.522074
      vertex -8.616870 3.563971 -8.512042
    endloop
  endfacet
  facet normal 0.111432 -0.097407 0.988987
    outer loop
      vertex -8.616870 3.563971 -8.512042
      vertex -8.619160 3.459500 -8.522074
      vertex -8.500000 3.459500 -8.535500
    endloop
  endfacet
  facet normal 0.111432 -0.097407 0.988987
    outer loop
      vertex -8.616870 3.563971 -8.512042
      vertex -8.500000 3.459500 -8.535500
      vertex -8.500000 3.563971 -8.525211
    endloop
  endfacet
  facet normal -0.111432 -0.097407 0.988987
    outer loop
      vertex -8.500000 3.563971 -8.525211
      vertex -8.500000 3.459500 -8.535500
      vertex -8.380840 3.459500 -8.522074
    endloop
  endfacet
  facet normal -0.111432 -0.097407 0.988987
    outer loop
      vertex -8.500000 3.563971 -8.525211
      vertex -8.380840 3.459500 -8.522074
      vertex -8.383130 3.563971 -8.512042
    endloop
  endfacet
  facet normal -0.328708 -0.097407 0.939395
    outer loop
      vertex -8.383130 3.563971 -8.512042
      vertex -8.380840 3.459500 -8.522074
      vertex -8.267655 3.459500 -8.482469
    endloop
  endfacet
  facet normal -0.328708 -0.097407 0.939395
    outer loop
      vertex -8.383130 3.563971 -8.512042
      vertex -8.267655 3.459500 -8.482469
      vertex -8.272120 3.563971 -8.473198
    endloop
  endfacet
  facet normal -0.529502 -0.097407 0.842698
    outer loop
      vertex -8.272120 3.563971 -8.473198
      vertex -8.267655 3.459500 -8.482469
      vertex -8.166121 3.459500 -8.418671
    endloop
  endfacet
  facet normal -0.529502 -0.097407 0.842698
    outer loop
      vertex -8.272120 3.563971 -8.473198
      vertex -8.166121 3.459500 -8.418671
      vertex -8.172537 3.563971 -8.410626
    endloop
  endfacet
  facet normal -0.703744 -0.097407 0.703744
    outer loop
      vertex -8.172537 3.563971 -8.410626
      vertex -8.166121 3.459500 -8.418671
      vertex -8.081329 3.459500 -8.333879
    endloop
  endfacet
  facet normal -0.703744 -0.097407 0.703744
    outer loop
      vertex -8.172537 3.563971 -8.410626
      vertex -8.081329 3.459500 -8.333879
      vertex -8.089374 3.563971 -8.327463
    endloop
  endfacet
  facet normal -0.842698 -0.097407 0.529502
    outer loop
      vertex -8.089374 3.563971 -8.327463
      vertex -8.081329 3.459500 -8.333879
      vertex -8.017531 3.459500 -8.232345
    endloop
  endfacet
  facet normal -0.842698 -0.097407 0.529502
    outer loop
      vertex -8.089374 3.563971 -8.327463
      vertex -8.017531 3.459500 -8.232345
      vertex -8.026802 3.563971 -8.227880
    endloop
  endfacet
  facet normal -0.939395 -0.097407 0.328708
    outer loop
      vertex -8.026802 3.563971 -8.227880
      vertex -8.017531 3.459500 -8.232345
      vertex -7.977926 3.459500 -8.119160
    endloop
  endfacet
  facet normal -0.939395 -0.097407 0.328708
    outer loop
      vertex -8.026802 3.563971 -8.227880
      vertex -7.977926 3.459500 -8.119160
      vertex -7.987958 3.563971 -8.116870
    endloop
  endfacet
  facet normal -0.988987 -0.097407 0.111432
    outer loop
      vertex -7.987958 3.563971 -8.116870
      vertex -7.977926 3.459500 -8.119160
      vertex -7.964500 3.459500 -8.000000
    endloop
  endfacet
  facet normal -0.988987 -0.097407 0.111432
    outer loop
      vertex -7.987958 3.563971 -8.116870
      vertex -7.964500 3.459500 -8.000000
      vertex -7.974789 3.563971 -8.000000
    endloop
  endfacet
endsolid arduino_nano