solid led_bar_graph_10
  facet normal 0.000000 -1.000000 0.000000
    outer loop
      vertex -13.500000 1.600000 -13.500000
      vertex 13.500000 1.600000 -13.500000
      vertex 13.500000 1.600000 13.500000
    endloop
  endfacet
  facet normal 0.000000 -1.000000 0.000000
    outer loop
      vertex -13.500000 1.600000 -13.500000
      vertex 13.500000 1.600000 13.500000
      vertex -13.500000 1.600000 13.500000
    endloop
  endfacet
  facet normal 0.000000 1.000000 0.000000
    outer loop
      vertex -13.500000 0.000000 13.500000
      vertex 13.500000 0.000000 13.500000
      vertex 13.500000 0.000000 -13.500000
    endloop
  endfacet
  facet normal 0.000000 1.000000 0.000000
    outer loop
      vertex -13.500000 0.000000 13.500000
      vertex 13.500000 0.000000 -13.500000
      vertex -13.500000 0.000000 -13.500000
    endloop
  endfacet
  facet normal 0.000000 0.000000 -1.000000
    outer loop
      vertex -13.500000 1.600000 13.500000
      vertex 13.500000 1.600000 13.500000
      vertex 13.500000 0.000000 13.500000
    endloop
  endfacet
  facet normal 0.000000 0.000000 -1.000000
    outer loop
      vertex -13.500000 1.600000 13.500000
      vertex 13.500000 0.000000 13.500000
      vertex -13.500000 0.000000 13.500000
    endloop
  endfacet
  facet normal 0.000000 0.000000 1.000000
    outer loop
      vertex 13.500000 0.000000 -13.500000
      vertex 13.500000 1.600000 -13.500000
      vertex -13.500000 1.600000 -13.500000
    endloop
  endfacet
  facet normal 0.000000 0.000000 1.000000
    outer loop
      vertex 13.500000 0.000000 -13.500000
      vertex -13.500000 1.600000 -13.500000
      vertex -13.500000 0.000000 -13.500000
    endloop
  endfacet
  facet normal -1.000000 0.000000 0.000000
    outer loop
      vertex 13.500000 0.000000 13.500000
      vertex 13.500000 1.600000 13.500000
      vertex 13.500000 1.600000 -13.500000
    endloop
  endfacet
  facet normal -1.000000 0.000000 0.000000
    outer loop
      vertex 13.500000 0.000000 13.500000
      vertex 13.500000 1.600000 -13.500000
      vertex 13.500000 0.000000 -13.500000
    endloop
  endfacet
  facet normal 1.000000 0.000000 0.000000
    outer loop
      vertex -13.500000 0.000000 -13.500000
      vertex -13.500000 1.600000 -13.500000
      vertex -13.500000 1.600000 13.500000
    endloop
  endfacet
  facet normal 1.000000 0.000000 0.000000
    outer loop
      vertex -13.500000 0.000000 -13.500000
      vertex -13.500000 1.600000 13.500000
      vertex -13.500000 0.000000 13.500000
    endloop
  endfacet
  facet normal 0.000000 -1.000000 0.000000
    outer loop
      vertex -11.260000 7.225000 -12.060000
      vertex -9.060000 7.225000 -12.060000
      vertex -9.060000 7.225000 -9.860000
    endloop
  endfacet
  facet normal 0.000000 -1.000000 0.000000
    outer loop
      vertex -11.260000 7.225000 -12.060000
      vertex -9.060000 7.225000 -9.860000
      vertex -11.260000 7.225000 -9.860000
    endloop
  endfacet
  facet normal 0.000000 1.000000 0.000000
    outer loop
      vertex -11.260000 5.675000 -9.860000
      vertex -9.060000 5.675000 -9.860000
      vertex -9.060000 5.675000 -12.060000
    endloop
  endfacet
  facet normal 0.000000 1.000000 0.000000
    outer loop
      vertex -11.260000 5.675000 -9.860000
      vertex -9.060000 5.675000 -12.060000
      vertex -11.260000 5.675000 -12.060000
    endloop
  endfacet
  facet normal 0.000000 0.000000 -1.000000
    outer loop
      vertex -11.260000 7.225000 -9.860000
      vertex -9.060000 7.225000 -9.860000
      vertex -9.060000 5.675000 -9.860000
    endloop
  endfacet
  facet normal 0.000000 0.000000 -1.000000
    outer loop
      vertex -11.260000 7.225000 -9.860000
      vertex -9.060000 5.675000 -9.860000
      vertex -11.260000 5.675000 -9.860000
    endloop
  endfacet
  facet normal 0.000000 0.000000 1.000000
    outer loop
      vertex -9.060000 5.675000 -12.060000
      vertex -9.060000 7.225000 -12.060000
      vertex -11.260000 7.225000 -12.060000
    endloop
  endfacet
  facet normal 0.000000 0.000000 1.000000
    outer loop
      vertex -9.060000 5.675000 -12.060000
      vertex -11.260000 7.225000 -12.060000
      vertex -11.260000 5.675000 -12.060000
    endloop
  endfacet
  facet normal -1.000000 0.000000 0.000000
    outer loop
      vertex -9.060000 5.675000 -9.860000
      vertex -9.060000 7.225000 -9.860000
      vertex -9.060000 7.225000 -12.060000
    endloop
  endfacet
  facet normal -1.000000 0.000000 0.000000
    outer loop
      vertex -9.060000 5.675000 -9.860000
      vertex -9.060000 7.225000 -12.060000
      vertex -9.060000 5.675000 -12.060000
    endloop
  endfacet
  facet normal 1.000000 0.000000 0.000000
    outer loop
      vertex -11.260000 5.675000 -12.060000
      vertex -11.260000 7.225000 -12.060000
      vertex -11.260000 7.225000 -9.860000
    endloop
  endfacet
  facet normal 1.000000 0.000000 0.000000
    outer loop
      vertex -11.260000 5.675000 -12.060000
      vertex -11.260000 7.225000 -9.860000
      vertex -11.260000 5.675000 -9.860000
    endloop
  endfacet
  facet normal 0.000000 -1.000000 0.000000
    outer loop
      vertex -10.490000 11.200000 -11.290000
      vertex -9.830000 11.200000 -11.290000
      vertex -9.830000 11.200000 -10.630000
    endloop
  endfacet
  facet normal 0.000000 -1.000000 0.000000
    outer loop
      vertex -10.490000 11.200000 -11.290000
      vertex -9.830000 11.200000 -10.630000
      vertex -10.490000 11.200000 -10.630000
    endloop
  endfacet
  facet normal 0.000000 1.000000 0.000000
    outer loop
      vertex -10.490000 6.000000 -10.630000
      vertex -9.830000 6.000000 -10.630000
      vertex -9.830000 6.000000 -11.290000
    endloop
  endfacet
  facet normal 0.000000 1.000000 0.000000
    outer loop
      vertex -10.490000 6.000000 -10.630000
      vertex -9.830000 6.000000 -11.290000
      vertex -10.490000 6.000000 -11.290000
    endloop
  endfacet
  facet normal 0.000000 0.000000 -1.000000
    outer loop
      vertex -10.490000 11.200000 -10.630000
      vertex -9.830000 11.200000 -10.630000
      vertex -9.830000 6.000000 -10.630000
    endloop
  endfacet
  facet normal 0.000000 0.000000 -1.000000
    outer loop
      vertex -10.490000 11.200000 -10.630000
      vertex -9.830000 6.000000 -10.630000
      vertex -10.490000 6.000000 -10.630000
    endloop
  endfacet
  facet normal 0.000000 0.000000 1.000000
    outer loop
      vertex -9.830000 6.000000 -11.290000
      vertex -9.830000 11.200000 -11.290000
      vertex -10.490000 11.200000 -11.290000
    endloop
  endfacet
  facet normal 0.000000 0.000000 1.000000
    outer loop
      vertex -9.830000 6.000000 -11.290000
      vertex -10.490000 11.200000 -11.290000
      vertex -10.490000 6.000000 -11.290000
    endloop
  endfacet
  facet normal -1.000000 0.000000 0.000000
    outer loop
      vertex -9.830000 6.000000 -10.630000
      vertex -9.830000 11.200000 -10.630000
      vertex -9.830000 11.200000 -11.290000
    endloop
  endfacet
  facet normal -1.000000 0.000000 0.000000
    outer loop
      vertex -9.830000 6.000000 -10.630000
      vertex -9.830000 11.200000 -11.290000
      vertex -9.830000 6.000000 -11.290000
    endloop
  endfacet
  facet normal 1.000000 0.000000 0.000000
    outer loop
      vertex -10.490000 6.000000 -11.290000
      vertex -10.490000 11.200000 -11.290000
      vertex -10.490000 11.200000 -10.630000
    endloop
  endfacet
  facet normal 1.000000 0.000000 0.000000
    outer loop
      vertex -10.490000 6.000000 -11.290000
      vertex -10.490000 11.200000 -10.630000
      vertex -10.490000 6.000000 -10.630000
    endloop
  endfacet
  facet normal 0.000000 -1.000000 0.000000
    outer loop
      vertex -8.720000 7.225000 -12.060000
      vertex -6.520000 7.225000 -12.060000
      vertex -6.520000 7.225000 -9.860000
    endloop
  endfacet
  facet normal 0.000000 -1.000000 0.000000
    outer loop
      vertex -8.720000 7.225000 -12.060000
      vertex -6.520000 7.225000 -9.860000
      vertex -8.720000 7.225000 -9.860000
    endloop
  endfacet
  facet normal 0.000000 1.000000 0.000000
    outer loop
      vertex -8.720000 5.675000 -9.860000
      vertex -6.520000 5.675000 -9.860000
      vertex -6.520000 5.675000 -12.060000
    endloop
  endfacet
  facet normal 0.000000 1.000000 0.000000
    outer loop
      vertex -8.720000 5.675000 -9.860000
      vertex -6.520000 5.675000 -12.060000
      vertex -8.720000 5.675000 -12.060000
    endloop
  endfacet
  facet normal 0.000000 0.000000 -1.000000
    outer loop
      vertex -8.720000 7.225000 -9.860000
      vertex -6.520000 7.225000 -9.860000
      vertex -6.520000 5.675000 -9.860000
    endloop
  endfacet
  facet normal 0.000000 0.000000 -1.000000
    outer loop
      vertex -8.720000 7.225000 -9.860000
      vertex -6.520000 5.675000 -9.860000
      vertex -8.720000 5.675000 -9.860000
    endloop
  endfacet
  facet normal 0.000000 0.000000 1.000000
    outer loop
      vertex -6.520000 5.675000 -12.060000
      vertex -6.520000 7.225000 -12.060000
      vertex -8.720000 7.225000 -12.060000
    endloop
  endfacet
  facet normal 0.000000 0.000000 1.000000
    outer loop
      vertex -6.520000 5.675000 -12.060000
      vertex -8.720000 7.225000 -12.060000
      vertex -8.720000 5.675000 -12.060000
    endloop
  endfacet
  facet normal -1.000000 0.000000 0.000000
    outer loop
      vertex -6.520000 5.675000 -9.860000
      vertex -6.520000 7.225000 -9.860000
      vertex -6.520000 7.225000 -12.060000
    endloop
  endfacet
  facet normal -1.000000 0.000000 0.000000
    outer loop
      vertex -6.520000 5.675000 -9.860000
      vertex -6.520000 7.225000 -12.060000
      vertex -6.520000 5.675000 -12.060000
    endloop
  endfacet
  facet normal 1.000000 0.000000 0.000000
    outer loop
      vertex -8.720000 5.675000 -12.060000
      vertex -8.720000 7.225000 -12.060000
      vertex -8.720000 7.225000 -9.860000
    endloop
  endfacet
  facet normal 1.000000 0.000000 0.000000
    outer loop
      vertex -8.720000 5.675000 -12.060000
      vertex -8.720000 7.225000 -9.860000
      vertex -8.720000 5.675000 -9.860000
    endloop
  endfacet
  facet normal 0.000000 -1.000000 0.000000
    outer loop
      vertex -7.950000 11.200000 -11.290000
      vertex -7.290000 11.200000 -11.290000
      vertex -7.290000 11.200000 -10.630000
    endloop
  endfacet
  facet normal 0.000000 -1.000000 0.000000
    outer loop
      vertex -7.950000 11.200000 -11.290000
      vertex -7.290000 11.200000 -10.630000
      vertex -7.950000 11.200000 -10.630000
    endloop
  endfacet
  facet normal 0.000000 1.000000 0.000000
    outer loop
      vertex -7.950000 6.000000 -10.630000
      vertex -7.290000 6.000000 -10.630000
      vertex -7.290000 6.000000 -11.290000
    endloop
  endfacet
  facet normal 0.000000 1.000000 0.000000
    outer loop
      vertex -7.950000 6.000000 -10.630000
      vertex -7.290000 6.000000 -11.290000
      vertex -7.950000 6.000000 -11.290000
    endloop
  endfacet
  facet normal 0.000000 0.000000 -1.000000
    outer loop
      vertex -7.950000 11.200000 -10.630000
      vertex -7.290000 11.200000 -10.630000
      vertex -7.290000 6.000000 -10.630000
    endloop
  endfacet
  facet normal 0.000000 0.000000 -1.000000
    outer loop
      vertex -7.950000 11.200000 -10.630000
      vertex -7.290000 6.000000 -10.630000
      vertex -7.950000 6.000000 -10.630000
    endloop
  endfacet
  facet normal 0.000000 0.000000 1.000000
    outer loop
      vertex -7.290000 6.000000 -11.290000
      vertex -7.290000 11.200000 -11.290000
      vertex -7.950000 11.200000 -11.290000
    endloop
  endfacet
  facet normal 0.000000 0.000000 1.000000
    outer loop
      vertex -7.290000 6.000000 -11.290000
      vertex -7.950000 11.200000 -11.290000
      vertex -7.950000 6.000000 -11.290000
    endloop
  endfacet
  facet normal -1.000000 0.000000 0.000000
    outer loop
      vertex -7.290000 6.000000 -10.630000
      vertex -7.290000 11.200000 -10.630000
      vertex -7.290000 11.200000 -11.290000
    endloop
  endfacet
  facet normal -1.000000 0.000000 0.000000
    outer loop
      vertex -7.290000 6.000000 -10.630000
      vertex -7.290000 11.200000 -11.290000
      vertex -7.290000 6.000000 -11.290000
    endloop
  endfacet
  facet normal 1.000000 0.000000 0.000000
    outer loop
      vertex -7.950000 6.000000 -11.290000
      vertex -7.950000 11.200000 -11.290000
      vertex -7.950000 11.200000 -10.630000
    endloop
  endfacet
  facet normal 1.000000 0.000000 0.000000
    outer loop
      vertex -7.950000 6.000000 -11.290000
      vertex -7.950000 11.200000 -10.630000
      vertex -7.950000 6.000000 -10.630000
    endloop
  endfacet
  facet normal 0.000000 -1.000000 0.000000
    outer loop
      vertex -6.180000 7.225000 -12.060000
      vertex -3.980000 7.225000 -12.060000
      vertex -3.980000 7.225000 -9.860000
    endloop
  endfacet
  facet normal 0.000000 -1.000000 0.000000
    outer loop
      vertex -6.180000 7.225000 -12.060000
      vertex -3.980000 7.225000 -9.860000
      vertex -6.180000 7.225000 -9.860000
    endloop
  endfacet
  facet normal 0.000000 1.000000 0.000000
    outer loop
      vertex -6.180000 5.675000 -9.860000
      vertex -3.980000 5.675000 -9.860000
      vertex -3.980000 5.675000 -12.060000
    endloop
  endfacet
  facet normal 0.000000 1.000000 0.000000
    outer loop
      vertex -6.180000 5.675000 -9.860000
      vertex -3.980000 5.675000 -12.060000
      vertex -6.180000 5.675000 -12.060000
    endloop
  endfacet
  facet normal 0.000000 0.000000 -1.000000
    outer loop
      vertex -6.180000 7.225000 -9.860000
      vertex -3.980000 7.225000 -9.860000
      vertex -3.980000 5.675000 -9.860000
    endloop
  endfacet
  facet normal 0.000000 0.000000 -1.000000
    outer loop
      vertex -6.180000 7.225000 -9.860000
      vertex -3.980000 5.675000 -9.860000
      vertex -6.180000 5.675000 -9.860000
    endloop
  endfacet
  facet normal 0.000000 0.000000 1.000000
    outer loop
      vertex -3.980000 5.675000 -12.060000
      vertex -3.980000 7.225000 -12.060000
      vertex -6.180000 7.225000 -12.060000
    endloop
  endfacet
  facet normal 0.000000 0.000000 1.000000
    outer loop
      vertex -3.980000 5.675000 -12.060000
      vertex -6.180000 7.225000 -12.060000
      vertex -6.180000 5.675000 -12.060000
    endloop
  endfacet
  facet normal -1.000000 0.000000 0.000000
    outer loop
      vertex -3.980000 5.675000 -9.860000
      vertex -3.980000 7.225000 -9.860000
      vertex -3.980000 7.225000 -12.060000
    endloop
  endfacet
  facet normal -1.000000 0.000000 0.000000
    outer loop
      vertex -3.980000 5.675000 -9.860000
      vertex -3.980000 7.225000 -12.060000
      vertex -3.980000 5.675000 -12.060000
    endloop
  endfacet
  facet normal 1.000000 0.000000 0.000000
    outer loop
      vertex -6.180000 5.675000 -12.060000
      vertex -6.180000 7.225000 -12.060000
      vertex -6.180000 7.225000 -9.860000
    endloop
  endfacet
  facet normal 1.000000 0.000000 0.000000
    outer loop
      vertex -6.180000 5.675000 -12.060000
      vertex -6.180000 7.225000 -9.860000
      vertex -6.180000 5.675000 -9.860000
    endloop
  endfacet
  facet normal 0.000000 -1.000000 0.000000
    outer loop
      vertex -5.410000 11.200000 -11.290000
      vertex -4.750000 11.200000 -11.290000
      vertex -4.750000 11.200000 -10.630000
    endloop
  endfacet
  facet normal 0.000000 -1.000000 0.000000
    outer loop
      vertex -5.410000 11.200000 -11.290000
      vertex -4.750000 11.200000 -10.630000
      vertex -5.410000 11.200000 -10.630000
    endloop
  endfacet
  facet normal 0.000000 1.000000 0.000000
    outer loop
      vertex -5.410000 6.000000 -10.630000
      vertex -4.750000 6.000000 -10.630000
      vertex -4.750000 6.000000 -11.290000
    endloop
  endfacet
  facet normal 0.000000 1.000000 0.000000
    outer loop
      vertex -5.410000 6.000000 -10.630000
      vertex -4.750000 6.000000 -11.290000
      vertex -5.410000 6.000000 -11.290000
    endloop
  endfacet
  facet normal 0.000000 0.000000 -1.000000
    outer loop
      vertex -5.410000 11.200000 -10.630000
      vertex -4.750000 11.200000 -10.630000
      vertex -4.750000 6.000000 -10.630000
    endloop
  endfacet
  facet normal 0.000000 0.000000 -1.000000
    outer loop
      vertex -5.410000 11.200000 -10.630000
      vertex -4.750000 6.000000 -10.630000
      vertex -5.410000 6.000000 -10.630000
    endloop
  endfacet
  facet normal 0.000000 0.000000 1.000000
    outer loop
      vertex -4.750000 6.000000 -11.290000
      vertex -4.750000 11.200000 -11.290000
      vertex -5.410000 11.200000 -11.290000
    endloop
  endfacet
  facet normal 0.000000 0.000000 1.000000
    outer loop
      vertex -4.750000 6.000000 -11.290000
      vertex -5.410000 11.200000 -11.290000
      vertex -5.410000 6.000000 -11.290000
    endloop
  endfacet
  facet normal -1.000000 0.000000 0.000000
    outer loop
      vertex -4.750000 6.000000 -10.630000
      vertex -4.750000 11.200000 -10.630000
      vertex -4.750000 11.200000 -11.290000
    endloop
  endfacet
  facet normal -1.000000 0.000000 0.000000
    outer loop
      vertex -4.750000 6.000000 -10.630000
      vertex -4.750000 11.200000 -11.290000
      vertex -4.750000 6.000000 -11.290000
    endloop
  endfacet
  facet normal 1.000000 0.000000 0.000000
    outer loop
      vertex -5.410000 6.000000 -11.290000
      vertex -5.410000 11.200000 -11.290000
      vertex -5.410000 11.200000 -10.630000
    endloop
  endfacet
  facet normal 1.000000 0.000000 0.000000
    outer loop
      vertex -5.410000 6.000000 -11.290000
      vertex -5.410000 11.200000 -10.630000
      vertex -5.410000 6.000000 -10.630000
    endloop
  endfacet
  facet normal 0.000000 -1.000000 0.000000
    outer loop
      vertex -3.640000 7.225000 -12.060000
      vertex -1.440000 7.225000 -12.060000
      vertex -1.440000 7.225000 -9.860000
    endloop
  endfacet
  facet normal 0.000000 -1.000000 0.000000
    outer loop
      vertex -3.640000 7.225000 -12.060000
      vertex -1.440000 7.225000 -9.860000
      vertex -3.640000 7.225000 -9.860000
    endloop
  endfacet
  facet normal 0.000000 1.000000 0.000000
    outer loop
      vertex -3.640000 5.675000 -9.860000
      vertex -1.440000 5.675000 -9.860000
      vertex -1.440000 5.675000 -12.060000
    endloop
  endfacet
  facet normal 0.000000 1.000000 0.000000
    outer loop
      vertex -3.640000 5.675000 -9.860000
      vertex -1.440000 5.675000 -12.060000
      vertex -3.640000 5.675000 -12.060000
    endloop
  endfacet
  facet normal 0.000000 0.000000 -1.000000
    outer loop
      vertex -3.640000 7.225000 -9.860000
      vertex -1.440000 7.225000 -9.860000
      vertex -1.440000 5.675000 -9.860000
    endloop
  endfacet
  facet normal 0.000000 0.000000 -1.000000
    outer loop
      vertex -3.640000 7.225000 -9.860000
      vertex -1.440000 5.675000 -9.860000
      vertex -3.640000 5.675000 -9.860000
    endloop
  endfacet
  facet normal 0.000000 0.000000 1.000000
    outer loop
      vertex -1.440000 5.675000 -12.060000
      vertex -1.440000 7.225000 -12.060000
      vertex -3.640000 7.225000 -12.060000
    endloop
  endfacet
  facet normal 0.000000 0.000000 1.000000
    outer loop
      vertex -1.440000 5.675000 -12.060000
      vertex -3.640000 7.225000 -12.060000
      vertex -3.640000 5.675000 -12.060000
    endloop
  endfacet
  facet normal -1.000000 0.000000 0.000000
    outer loop
      vertex -1.440000 5.675000 -9.860000
      vertex -1.440000 7.225000 -9.860000
      vertex -1.440000 7.225000 -12.060000
    endloop
  endfacet
  facet normal -1.000000 0.000000 0.000000
    outer loop
      vertex -1.440000 5.675000 -9.860000
      vertex -1.440000 7.225000 -12.060000
      vertex -1.440000 5.675000 -12.060000
    endloop
  endfacet
  facet normal 1.000000 0.000000 0.000000
    outer loop
      vertex -3.640000 5.675000 -12.060000
      vertex -3.640000 7.225000 -12.060000
      vertex -3.640000 7.225000 -9.860000
    endloop
  endfacet
  facet normal 1.000000 0.000000 0.000000
    outer loop
      vertex -3.640000 5.675000 -12.060000
      vertex -3.640000 7.225000 -9.860000
      vertex -3.640000 5.675000 -9.860000
    endloop
  endfacet
  facet normal 0.000000 -1.000000 0.000000
    outer loop
      vertex -2.870000 11.200000 -11.290000
      vertex -2.210000 11.200000 -11.290000
      vertex -2.210000 11.200000 -10.630000
    endloop
  endfacet
  facet normal 0.000000 -1.000000 0.000000
    outer loop
      vertex -2.870000 11.200000 -11.290000
      vertex -2.210000 11.200000 -10.630000
      vertex -2.870000 11.200000 -10.630000
    endloop
  endfacet
  facet normal 0.000000 1.000000 0.000000
    outer loop
      vertex -2.870000 6.000000 -10.630000
      vertex -2.210000 6.000000 -10.630000
      vertex -2.210000 6.000000 -11.290000
    endloop
  endfacet
  facet normal 0.000000 1.000000 0.000000
    outer loop
      vertex -2.870000 6.000000 -10.630000
      vertex -2.210000 6.000000 -11.290000
      vertex -2.870000 6.000000 -11.290000
    endloop
  endfacet
  facet normal 0.000000 0.000000 -1.000000
    outer loop
      vertex -2.870000 11.200000 -10.630000
      vertex -2.210000 11.200000 -10.630000
      vertex -2.210000 6.000000 -10.630000
    endloop
  endfacet
  facet normal 0.000000 0.000000 -1.000000
    outer loop
      vertex -2.870000 11.200000 -10.630000
      vertex -2.210000 6.000000 -10.630000
      vertex -2.870000 6.000000 -10.630000
    endloop
  endfacet
  facet normal 0.000000 0.000000 1.000000
    outer loop
      vertex -2.210000 6.000000 -11.290000
      vertex -2.210000 11.200000 -11.290000
      vertex -2.870000 11.200000 -11.290000
    endloop
  endfacet
  facet normal 0.000000 0.000000 1.000000
    outer loop
      vertex -2.210000 6.000000 -11.290000
      vertex -2.870000 11.200000 -11.290000
      vertex -2.870000 6.000000 -11.290000
    endloop
  endfacet
  facet normal -1.000000 0.000000 0.000000
    outer loop
      vertex -2.210000 6.000000 -10.630000
      vertex -2.210000 11.200000 -10.630000
      vertex -2.210000 11.200000 -11.290000
    endloop
  endfacet
  facet normal -1.000000 0.000000 0.000000
    outer loop
      vertex -2.210000 6.000000 -10.630000
      vertex -2.210000 11.200000 -11.290000
      vertex -2.210000 6.000000 -11.290000
    endloop
  endfacet
  facet normal 1.000000 0.000000 0.000000
    outer loop
      vertex -2.870000 6.000000 -11.290000
      vertex -2.870000 11.200000 -11.290000
      vertex -2.870000 11.200000 -10.630000
    endloop
  endfacet
  facet normal 1.000000 0.000000 0.000000
    outer loop
      vertex -2.870000 6.000000 -11.290000
      vertex -2.870000 11.200000 -10.630000
      vertex -2.870000 6.000000 -10.630000
    endloop
  endfacet
  facet normal 0.000000 -1.000000 0.000000
    outer loop
      vertex -1.100000 7.225000 -12.060000
      vertex 1.100000 7.225000 -12.060000
      vertex 1.100000 7.225000 -9.860000
    endloop
  endfacet
  facet normal 0.000000 -1.000000 0.000000
    outer loop
      vertex -1.100000 7.225000 -12.060000
      vertex 1.100000 7.225000 -9.860000
      vertex -1.100000 7.225000 -9.860000
    endloop
  endfacet
  facet normal 0.000000 1.000000 0.000000
    outer loop
      vertex -1.100000 5.675000 -9.860000
      vertex 1.100000 5.675000 -9.860000
      vertex 1.100000 5.675000 -12.060000
    endloop
  endfacet
  facet normal 0.000000 1.000000 0.000000
    outer loop
      vertex -1.100000 5.675000 -9.860000
      vertex 1.100000 5.675000 -12.060000
      vertex -1.100000 5.675000 -12.060000
    endloop
  endfacet
  facet normal 0.000000 0.000000 -1.000000
    outer loop
      vertex -1.100000 7.225000 -9.860000
      vertex 1.100000 7.225000 -9.860000
      vertex 1.100000 5.675000 -9.860000
    endloop
  endfacet
  facet normal 0.000000 0.000000 -1.000000
    outer loop
      vertex -1.100000 7.225000 -9.860000
      vertex 1.100000 5.675000 -9.860000
      vertex -1.100000 5.675000 -9.860000
    endloop
  endfacet
  facet normal 0.000000 0.000000 1.000000
    outer loop
      vertex 1.100000 5.675000 -12.060000
      vertex 1.100000 7.225000 -12.060000
      vertex -1.100000 7.225000 -12.060000
    endloop
  endfacet
  facet normal 0.000000 0.000000 1.000000
    outer loop
      vertex 1.100000 5.675000 -12.060000
      vertex -1.100000 7.225000 -12.060000
      vertex -1.100000 5.675000 -12.060000
    endloop
  endfacet
  facet normal -1.000000 0.000000 0.000000
    outer loop
      vertex 1.100000 5.675000 -9.860000
      vertex 1.100000 7.225000 -9.860000
      vertex 1.100000 7.225000 -12.060000
    endloop
  endfacet
  facet normal -1.000000 0.000000 0.000000
    outer loop
      vertex 1.100000 5.675000 -9.860000
      vertex 1.100000 7.225000 -12.060000
      vertex 1.100000 5.675000 -12.060000
    endloop
  endfacet
  facet normal 1.000000 0.000000 0.000000
    outer loop
      vertex -1.100000 5.675000 -12.060000
      vertex -1.100000 7.225000 -12.060000
      vertex -1.100000 7.225000 -9.860000
    endloop
  endfacet
  facet normal 1.000000 0.000000 0.000000
    outer loop
      vertex -1.100000 5.675000 -12.060000
      vertex -1.100000 7.225000 -9.860000
      vertex -1.100000 5.675000 -9.860000
    endloop
  endfacet
  facet normal 0.000000 -1.000000 0.000000
    outer loop
      vertex -0.330000 11.200000 -11.290000
      vertex 0.330000 11.200000 -11.290000
      vertex 0.330000 11.200000 -10.630000
    endloop
  endfacet
  facet normal 0.000000 -1.000000 0.000000
    outer loop
      vertex -0.330000 11.200000 -11.290000
      vertex 0.330000 11.200000 -10.630000
      vertex -0.330000 11.200000 -10.630000
    endloop
  endfacet
  facet normal 0.000000 1.000000 0.000000
    outer loop
      vertex -0.330000 6.000000 -10.630000
      vertex 0.330000 6.000000 -10.630000
      vertex 0.330000 6.000000 -11.290000
    endloop
  endfacet
  facet normal 0.000000 1.000000 0.000000
    outer loop
      vertex -0.330000 6.000000 -10.630000
      vertex 0.330000 6.000000 -11.290000
      vertex -0.330000 6.000000 -11.290000
    endloop
  endfacet
  facet normal 0.000000 0.000000 -1.000000
    outer loop
      vertex -0.330000 11.200000 -10.630000
      vertex 0.330000 11.200000 -10.630000
      vertex 0.330000 6.000000 -10.630000
    endloop
  endfacet
  facet normal 0.000000 0.000000 -1.000000
    outer loop
      vertex -0.330000 11.200000 -10.630000
      vertex 0.330000 6.000000 -10.630000
      vertex -0.330000 6.000000 -10.630000
    endloop
  endfacet
  facet normal 0.000000 0.000000 1.000000
    outer loop
      vertex 0.330000 6.000000 -11.290000
      vertex 0.330000 11.200000 -11.290000
      vertex -0.330000 11.200000 -11.290000
    endloop
  endfacet
  facet normal 0.000000 0.000000 1.000000
    outer loop
      vertex 0.330000 6.000000 -11.290000
      vertex -0.330000 11.200000 -11.290000
      vertex -0.330000 6.000000 -11.290000
    endloop
  endfacet
  facet normal -1.000000 0.000000 0.000000
    outer loop
      vertex 0.330000 6.000000 -10.630000
      vertex 0.330000 11.200000 -10.630000
      vertex 0.330000 11.200000 -11.290000
    endloop
  endfacet
  facet normal -1.000000 0.000000 0.000000
    outer loop
      vertex 0.330000 6.000000 -10.630000
      vertex 0.330000 11.200000 -11.290000
      vertex 0.330000 6.000000 -11.290000
    endloop
  endfacet
  facet normal 1.000000 0.000000 0.000000
    outer loop
      vertex -0.330000 6.000000 -11.290000
      vertex -0.330000 11.200000 -11.290000
      vertex -0.330000 11.200000 -10.630000
    endloop
  endfacet
  facet normal 1.000000 0.000000 0.000000
    outer loop
      vertex -0.330000 6.000000 -11.290000
      vertex -0.330000 11.200000 -10.630000
      vertex -0.330000 6.000000 -10.630000
    endloop
  endfacet
  facet normal 0.000000 -1.000000 0.000000
    outer loop
      vertex 1.440000 7.225000 -12.060000
      vertex 3.640000 7.225000 -12.060000
      vertex 3.640000 7.225000 -9.860000
    endloop
  endfacet
  facet normal 0.000000 -1.000000 0.000000
    outer loop
      vertex 1.440000 7.225000 -12.060000
      vertex 3.640000 7.225000 -9.860000
      vertex 1.440000 7.225000 -9.860000
    endloop
  endfacet
  facet normal 0.000000 1.000000 0.000000
    outer loop
      vertex 1.440000 5.675000 -9.860000
      vertex 3.640000 5.675000 -9.860000
      vertex 3.640000 5.675000 -12.060000
    endloop
  endfacet
  facet normal 0.000000 1.000000 0.000000
    outer loop
      vertex 1.440000 5.675000 -9.860000
      vertex 3.640000 5.675000 -12.060000
      vertex 1.440000 5.675000 -12.060000
    endloop
  endfacet
  facet normal 0.000000 0.000000 -1.000000
    outer loop
      vertex 1.440000 7.225000 -9.860000
      vertex 3.640000 7.225000 -9.860000
      vertex 3.640000 5.675000 -9.860000
    endloop
  endfacet
  facet normal 0.000000 0.000000 -1.000000
    outer loop
      vertex 1.440000 7.225000 -9.860000
      vertex 3.640000 5.675000 -9.860000
      vertex 1.440000 5.675000 -9.860000
    endloop
  endfacet
  facet normal 0.000000 0.000000 1.000000
    outer loop
      vertex 3.640000 5.675000 -12.060000
      vertex 3.640000 7.225000 -12.060000
      vertex 1.440000 7.225000 -12.060000
    endloop
  endfacet
  facet normal 0.000000 0.000000 1.000000
    outer loop
      vertex 3.640000 5.675000 -12.060000
      vertex 1.440000 7.225000 -12.060000
      vertex 1.440000 5.675000 -12.060000
    endloop
  endfacet
  facet normal -1.000000 0.000000 0.000000
    outer loop
      vertex 3.640000 5.675000 -9.860000
      vertex 3.640000 7.225000 -9.860000
      vertex 3.640000 7.225000 -12.060000
    endloop
  endfacet
  facet normal -1.000000 0.000000 0.000000
    outer loop
      vertex 3.640000 5.675000 -9.860000
      vertex 3.640000 7.225000 -12.060000
      vertex 3.640000 5.675000 -12.060000
    endloop
  endfacet
  facet normal 1.000000 0.000000 0.000000
    outer loop
      vertex 1.440000 5.675000 -12.060000
      vertex 1.440000 7.225000 -12.060000
      vertex 1.440000 7.225000 -9.860000
    endloop
  endfacet
  facet normal 1.000000 0.000000 0.000000
    outer loop
      vertex 1.440000 5.675000 -12.060000
      vertex 1.440000 7.225000 -9.860000
      vertex 1.440000 5.675000 -9.860000
    endloop
  endfacet
  facet normal 0.000000 -1.000000 0.000000
    outer loop
      vertex 2.210000 11.200000 -11.290000
      vertex 2.870000 11.200000 -11.290000
      vertex 2.870000 11.200000 -10.630000
    endloop
  endfacet
  facet normal 0.000000 -1.000000 0.000000
    outer loop
      vertex 2.210000 11.200000 -11.290000
      vertex 2.870000 11.200000 -10.630000
      vertex 2.210000 11.200000 -10.630000
    endloop
  endfacet
  facet normal 0.000000 1.000000 0.000000
    outer loop
      vertex 2.210000 6.000000 -10.630000
      vertex 2.870000 6.000000 -10.630000
      vertex 2.870000 6.000000 -11.290000
    endloop
  endfacet
  facet normal 0.000000 1.000000 0.000000
    outer loop
      vertex 2.210000 6.000000 -10.630000
      vertex 2.870000 6.000000 -11.290000
      vertex 2.210000 6.000000 -11.290000
    endloop
  endfacet
  facet normal 0.000000 0.000000 -1.000000
    outer loop
      vertex 2.210000 11.200000 -10.630000
      vertex 2.870000 11.200000 -10.630000
      vertex 2.870000 6.000000 -10.630000
    endloop
  endfacet
  facet normal 0.000000 0.000000 -1.000000
    outer loop
      vertex 2.210000 11.200000 -10.630000
      vertex 2.870000 6.000000 -10.630000
      vertex 2.210000 6.000000 -10.630000
    endloop
  endfacet
  facet normal 0.000000 0.000000 1.000000
    outer loop
      vertex 2.870000 6.000000 -11.290000
      vertex 2.870000 11.200000 -11.290000
      vertex 2.210000 11.200000 -11.290000
    endloop
  endfacet
  facet normal 0.000000 0.000000 1.000000
    outer loop
      vertex 2.870000 6.000000 -11.290000
      vertex 2.210000 11.200000 -11.290000
      vertex 2.210000 6.000000 -11.290000
    endloop
  endfacet
  facet normal -1.000000 0.000000 0.000000
    outer loop
      vertex 2.870000 6.000000 -10.630000
      vertex 2.870000 11.200000 -10.630000
      vertex 2.870000 11.200000 -11.290000
    endloop
  endfacet
  facet normal -1.000000 0.000000 0.000000
    outer loop
      vertex 2.870000 6.000000 -10.630000
      vertex 2.870000 11.200000 -11.290000
      vertex 2.870000 6.000000 -11.290000
    endloop
  endfacet
  facet normal 1.000000 0.000000 0.000000
    outer loop
      vertex 2.210000 6.000000 -11.290000
      vertex 2.210000 11.200000 -11.290000
      vertex 2.210000 11.200000 -10.630000
    endloop
  endfacet
  facet normal 1.000000 0.000000 0.000000
    outer loop
      vertex 2.210000 6.000000 -11.290000
      vertex 2.210000 11.200000 -10.630000
      vertex 2.210000 6.000000 -10.630000
    endloop
  endfacet
  facet normal 0.000000 -1.000000 0.000000
    outer loop
      vertex 3.980000 7.225000 -12.060000
      vertex 6.180000 7.225000 -12.060000
      vertex 6.180000 7.225000 -9.860000
    endloop
  endfacet
  facet normal 0.000000 -1.000000 0.000000
    outer loop
      vertex 3.980000 7.225000 -12.060000
      vertex 6.180000 7.225000 -9.860000
      vertex 3.980000 7.225000 -9.860000
    endloop
  endfacet
  facet normal 0.000000 1.000000 0.000000
    outer loop
      vertex 3.980000 5.675000 -9.860000
      vertex 6.180000 5.675000 -9.860000
      vertex 6.180000 5.675000 -12.060000
    endloop
  endfacet
  facet normal 0.000000 1.000000 0.000000
    outer loop
      vertex 3.980000 5.675000 -9.860000
      vertex 6.180000 5.675000 -12.060000
      vertex 3.980000 5.675000 -12.060000
    endloop
  endfacet
  facet normal 0.000000 0.000000 -1.000000
    outer loop
      vertex 3.980000 7.225000 -9.860000
      vertex 6.180000 7.225000 -9.860000
      vertex 6.180000 5.675000 -9.860000
    endloop
  endfacet
  facet normal 0.000000 0.000000 -1.000000
    outer loop
      vertex 3.980000 7.225000 -9.860000
      vertex 6.180000 5.675000 -9.860000
      vertex 3.980000 5.675000 -9.860000
    endloop
  endfacet
  facet normal 0.000000 0.000000 1.000000
    outer loop
      vertex 6.180000 5.675000 -12.060000
      vertex 6.180000 7.225000 -12.060000
      vertex 3.980000 7.225000 -12.060000
    endloop
  endfacet
  facet normal 0.000000 0.000000 1.000000
    outer loop
      vertex 6.180000 5.675000 -12.060000
      vertex 3.980000 7.225000 -12.060000
      vertex 3.980000 5.675000 -12.060000
    endloop
  endfacet
  facet normal -1.000000 0.000000 0.000000
    outer loop
      vertex 6.180000 5.675000 -9.860000
      vertex 6.180000 7.225000 -9.860000
      vertex 6.180000 7.225000 -12.060000
    endloop
  endfacet
  facet normal -1.000000 0.000000 0.000000
    outer loop
      vertex 6.180000 5.675000 -9.860000
      vertex 6.180000 7.225000 -12.060000
      vertex 6.180000 5.675000 -12.060000
    endloop
  endfacet
  facet normal 1.000000 0.000000 0.000000
    outer loop
      vertex 3.980000 5.675000 -12.060000
      vertex 3.980000 7.225000 -12.060000
      vertex 3.980000 7.225000 -9.860000
    endloop
  endfacet
  facet normal 1.000000 0.000000 0.000000
    outer loop
      vertex 3.980000 5.675000 -12.060000
      vertex 3.980000 7.225000 -9.860000
      vertex 3.980000 5.675000 -9.860000
    endloop
  endfacet
  facet normal 0.000000 -1.000000 0.000000
    outer loop
      vertex 4.750000 11.200000 -11.290000
      vertex 5.410000 11.200000 -11.290000
      vertex 5.410000 11.200000 -10.630000
    endloop
  endfacet
  facet normal 0.000000 -1.000000 0.000000
    outer loop
      vertex 4.750000 11.200000 -11.290000
      vertex 5.410000 11.200000 -10.630000
      vertex 4.750000 11.200000 -10.630000
    endloop
  endfacet
  facet normal 0.000000 1.000000 0.000000
    outer loop
      vertex 4.750000 6.000000 -10.630000
      vertex 5.410000 6.000000 -10.630000
      vertex 5.410000 6.000000 -11.290000
    endloop
  endfacet
  facet normal 0.000000 1.000000 0.000000
    outer loop
      vertex 4.750000 6.000000 -10.630000
      vertex 5.410000 6.000000 -11.290000
      vertex 4.750000 6.000000 -11.290000
    endloop
  endfacet
  facet normal 0.000000 0.000000 -1.000000
    outer loop
      vertex 4.750000 11.200000 -10.630000
      vertex 5.410000 11.200000 -10.630000
      vertex 5.410000 6.000000 -10.630000
    endloop
  endfacet
  facet normal 0.000000 0.000000 -1.000000
    outer loop
      vertex 4.750000 11.200000 -10.630000
      vertex 5.410000 6.000000 -10.630000
      vertex 4.750000 6.000000 -10.630000
    endloop
  endfacet
  facet normal 0.000000 0.000000 1.000000
    outer loop
      vertex 5.410000 6.000000 -11.290000
      vertex 5.410000 11.200000 -11.290000
      vertex 4.750000 11.200000 -11.290000
    endloop
  endfacet
  facet normal 0.000000 0.000000 1.000000
    outer loop
      vertex 5.410000 6.000000 -11.290000
      vertex 4.750000 11.200000 -11.290000
      vertex 4.750000 6.000000 -11.290000
    endloop
  endfacet
  facet normal -1.000000 0.000000 0.000000
    outer loop
      vertex 5.410000 6.000000 -10.630000
      vertex 5.410000 11.200000 -10.630000
      vertex 5.410000 11.200000 -11.290000
    endloop
  endfacet
  facet normal -1.000000 0.000000 0.000000
    outer loop
      vertex 5.410000 6.000000 -10.630000
      vertex 5.410000 11.200000 -11.290000
      vertex 5.410000 6.000000 -11.290000
    endloop
  endfacet
  facet normal 1.000000 0.000000 0.000000
    outer loop
      vertex 4.750000 6.000000 -11.290000
      vertex 4.750000 11.200000 -11.290000
      vertex 4.750000 11.200000 -10.630000
    endloop
  endfacet
  facet normal 1.000000 0.000000 0.000000
    outer loop
      vertex 4.750000 6.000000 -11.290000
      vertex 4.750000 11.200000 -10.630000
      vertex 4.750000 6.000000 -10.630000
    endloop
  endfacet
  facet normal 0.000000 -1.000000 0.000000
    outer loop
      vertex 6.520000 7.225000 -12.060000
      vertex 8.720000 7.225000 -12.060000
      vertex 8.720000 7.225000 -9.860000
    endloop
  endfacet
  facet normal 0.000000 -1.000000 0.000000
    outer loop
      vertex 6.520000 7.225000 -12.060000
      vertex 8.720000 7.225000 -9.860000
      vertex 6.520000 7.225000 -9.860000
    endloop
  endfacet
  facet normal 0.000000 1.000000 0.000000
    outer loop
      vertex 6.520000 5.675000 -9.860000
      vertex 8.720000 5.675000 -9.860000
      vertex 8.720000 5.675000 -12.060000
    endloop
  endfacet
  facet normal 0.000000 1.000000 0.000000
    outer loop
      vertex 6.520000 5.675000 -9.860000
      vertex 8.720000 5.675000 -12.060000
      vertex 6.520000 5.675000 -12.060000
    endloop
  endfacet
  facet normal 0.000000 0.000000 -1.000000
    outer loop
      vertex 6.520000 7.225000 -9.860000
      vertex 8.720000 7.225000 -9.860000
      vertex 8.720000 5.675000 -9.860000
    endloop
  endfacet
  facet normal 0.000000 0.000000 -1.000000
    outer loop
      vertex 6.520000 7.225000 -9.860000
      vertex 8.720000 5.675000 -9.860000
      vertex 6.520000 5.675000 -9.860000
    endloop
  endfacet
  facet normal 0.000000 0.000000 1.000000
    outer loop
      vertex 8.720000 5.675000 -12.060000
      vertex 8.720000 7.225000 -12.060000
      vertex 6.520000 7.225000 -12.060000
    endloop
  endfacet
  facet normal 0.000000 0.000000 1.000000
    outer loop
      vertex 8.720000 5.675000 -12.060000
      vertex 6.520000 7.225000 -12.060000
      vertex 6.520000 5.675000 -12.060000
    endloop
  endfacet
  facet normal -1.000000 0.000000 0.000000
    outer loop
      vertex 8.720000 5.675000 -9.860000
      vertex 8.720000 7.225000 -9.860000
      vertex 8.720000 7.225000 -12.060000
    endloop
  endfacet
  facet normal -1.000000 0.000000 0.000000
    outer loop
      vertex 8.720000 5.675000 -9.860000
      vertex 8.720000 7.225000 -12.060000
      vertex 8.720000 5.675000 -12.060000
    endloop
  endfacet
  facet normal 1.000000 0.000000 0.000000
    outer loop
      vertex 6.520000 5.675000 -12.060000
      vertex 6.520000 7.225000 -12.060000
      vertex 6.520000 7.225000 -9.860000
    endloop
  endfacet
  facet normal 1.000000 0.000000 0.000000
    outer loop
      vertex 6.520000 5.675000 -12.060000
      vertex 6.520000 7.225000 -9.860000
      vertex 6.520000 5.675000 -9.860000
    endloop
  endfacet
  facet normal 0.000000 -1.000000 0.000000
    outer loop
      vertex 7.290000 11.200000 -11.290000
      vertex 7.950000 11.200000 -11.290000
      vertex 7.950000 11.200000 -10.630000
    endloop
  endfacet
  facet normal 0.000000 -1.000000 0.000000
    outer loop
      vertex 7.290000 11.200000 -11.290000
      vertex 7.950000 11.200000 -10.630000
      vertex 7.290000 11.200000 -10.630000
    endloop
  endfacet
  facet normal 0.000000 1.000000 0.000000
    outer loop
      vertex 7.290000 6.000000 -10.630000
      vertex 7.950000 6.000000 -10.630000
      vertex 7.950000 6.000000 -11.290000
    endloop
  endfacet
  facet normal 0.000000 1.000000 0.000000
    outer loop
      vertex 7.290000 6.000000 -10.630000
      vertex 7.950000 6.000000 -11.290000
      vertex 7.290000 6.000000 -11.290000
    endloop
  endfacet
  facet normal 0.000000 0.000000 -1.000000
    outer loop
      vertex 7.290000 11.200000 -10.630000
      vertex 7.950000 11.200000 -10.630000
      vertex 7.950000 6.000000 -10.630000
    endloop
  endfacet
  facet normal 0.000000 0.000000 -1.000000
    outer loop
      vertex 7.290000 11.200000 -10.630000
      vertex 7.950000 6.000000 -10.630000
      vertex 7.290000 6.000000 -10.630000
    endloop
  endfacet
  facet normal 0.000000 0.000000 1.000000
    outer loop
      vertex 7.950000 6.000000 -11.290000
      vertex 7.950000 11.200000 -11.290000
      vertex 7.290000 11.200000 -11.290000
    endloop
  endfacet
  facet normal 0.000000 0.000000 1.000000
    outer loop
      vertex 7.950000 6.000000 -11.290000
      vertex 7.290000 11.200000 -11.290000
      vertex 7.290000 6.000000 -11.290000
    endloop
  endfacet
  facet normal -1.000000 0.000000 0.000000
    outer loop
      vertex 7.950000 6.000000 -10.630000
      vertex 7.950000 11.200000 -10.630000
      vertex 7.950000 11.200000 -11.290000
    endloop
  endfacet
  facet normal -1.000000 0.000000 0.000000
    outer loop
      vertex 7.950000 6.000000 -10.630000
      vertex 7.950000 11.200000 -11.290000
      vertex 7.950000 6.000000 -11.290000
    endloop
  endfacet
  facet normal 1.000000 0.000000 0.000000
    outer loop
      vertex 7.290000 6.000000 -11.290000
      vertex 7.290000 11.200000 -11.290000
      vertex 7.290000 11.200000 -10.630000
    endloop
  endfacet
  facet normal 1.000000 0.000000 0.000000
    outer loop
      vertex 7.290000 6.000000 -11.290000
      vertex 7.290000 11.200000 -10.630000
      vertex 7.290000 6.000000 -10.630000
    endloop
  endfacet
  facet normal 0.000000 -1.000000 0.000000
    outer loop
      vertex 9.060000 7.225000 -12.060000
      vertex 11.260000 7.225000 -12.060000
      vertex 11.260000 7.225000 -9.860000
    endloop
  endfacet
  facet normal 0.000000 -1.000000 0.000000
    outer loop
      vertex 9.060000 7.225000 -12.060000
      vertex 11.260000 7.225000 -9.860000
      vertex 9.060000 7.225000 -9.860000
    endloop
  endfacet
  facet normal 0.000000 1.000000 0.000000
    outer loop
      vertex 9.060000 5.675000 -9.860000
      vertex 11.260000 5.675000 -9.860000
      vertex 11.260000 5.675000 -12.060000
    endloop
  endfacet
  facet normal 0.000000 1.000000 0.000000
    outer loop
      vertex 9.060000 5.675000 -9.860000
      vertex 11.260000 5.675000 -12.060000
      vertex 9.060000 5.675000 -12.060000
    endloop
  endfacet
  facet normal 0.000000 0.000000 -1.000000
    outer loop
      vertex 9.060000 7.225000 -9.860000
      vertex 11.260000 7.225000 -9.860000
      vertex 11.260000 5.675000 -9.860000
    endloop
  endfacet
  facet normal 0.000000 0.000000 -1.000000
    outer loop
      vertex 9.060000 7.225000 -9.860000
      vertex 11.260000 5.675000 -9.860000
      vertex 9.060000 5.675000 -9.860000
    endloop
  endfacet
  facet normal 0.000000 0.000000 1.000000
    outer loop
      vertex 11.260000 5.675000 -12.060000
      vertex 11.260000 7.225000 -12.060000
      vertex 9.060000 7.225000 -12.060000
    endloop
  endfacet
  facet normal 0.000000 0.000000 1.000000
    outer loop
      vertex 11.260000 5.675000 -12.060000
      vertex 9.060000 7.225000 -12.060000
      vertex 9.060000 5.675000 -12.060000
    endloop
  endfacet
  facet normal -1.000000 0.000000 0.000000
    outer loop
      vertex 11.260000 5.675000 -9.860000
      vertex 11.260000 7.225000 -9.860000
      vertex 11.260000 7.225000 -12.060000
    endloop
  endfacet
  facet normal -1.000000 0.000000 0.000000
    outer loop
      vertex 11.260000 5.675000 -9.860000
      vertex 11.260000 7.225000 -12.060000
      vertex 11.260000 5.675000 -12.060000
    endloop
  endfacet
  facet normal 1.000000 0.000000 0.000000
    outer loop
      vertex 9.060000 5.675000 -12.060000
      vertex 9.060000 7.225000 -12.060000
      vertex 9.060000 7.225000 -9.860000
    endloop
  endfacet
  facet normal 1.000000 0.000000 0.000000
    outer loop
      vertex 9.060000 5.675000 -12.060000
      vertex 9.060000 7.225000 -9.860000
      vertex 9.060000 5.675000 -9.860000
    endloop
  endfacet
  facet normal 0.000000 -1.000000 0.000000
    outer loop
      vertex 9.830000 11.200000 -11.290000
      vertex 10.490000 11.200000 -11.290000
      vertex 10.490000 11.200000 -10.630000
    endloop
  endfacet
  facet normal 0.000000 -1.000000 0.000000
    outer loop
      vertex 9.830000 11.200000 -11.290000
      vertex 10.490000 11.200000 -10.630000
      vertex 9.830000 11.200000 -10.630000
    endloop
  endfacet
  facet normal 0.000000 1.000000 0.000000
    outer loop
      vertex 9.830000 6.000000 -10.630000
      vertex 10.490000 6.000000 -10.630000
      vertex 10.490000 6.000000 -11.290000
    endloop
  endfacet
  facet normal 0.000000 1.000000 0.000000
    outer loop
      vertex 9.830000 6.000000 -10.630000
      vertex 10.490000 6.000000 -11.290000
      vertex 9.830000 6.000000 -11.290000
    endloop
  endfacet
  facet normal 0.000000 0.000000 -1.000000
    outer loop
      vertex 9.830000 11.200000 -10.630000
      vertex 10.490000 11.200000 -10.630000
      vertex 10.490000 6.000000 -10.630000
    endloop
  endfacet
  facet normal 0.000000 0.000000 -1.000000
    outer loop
      vertex 9.830000 11.200000 -10.630000
      vertex 10.490000 6.000000 -10.630000
      vertex 9.830000 6.000000 -10.630000
    endloop
  endfacet
  facet normal 0.000000 0.000000 1.000000
    outer loop
      vertex 10.490000 6.000000 -11.290000
      vertex 10.490000 11.200000 -11.290000
      vertex 9.830000 11.200000 -11.290000
    endloop
  endfacet
  facet normal 0.000000 0.000000 1.000000
    outer loop
      vertex 10.490000 6.000000 -11.290000
      vertex 9.830000 11.200000 -11.290000
      vertex 9.830000 6.000000 -11.290000
    endloop
  endfacet
  facet normal -1.000000 0.000000 0.000000
    outer loop
      vertex 10.490000 6.000000 -10.630000
      vertex 10.490000 11.200000 -10.630000
      vertex 10.490000 11.200000 -11.290000
    endloop
  endfacet
  facet normal -1.000000 0.000000 0.000000
    outer loop
      vertex 10.490000 6.000000 -10.630000
      vertex 10.490000 11.200000 -11.290000
      vertex 10.490000 6.000000 -11.290000
    endloop
  endfacet
  facet normal 1.000000 0.000000 0.000000
    outer loop
      vertex 9.830000 6.000000 -11.290000
      vertex 9.830000 11.200000 -11.290000
      vertex 9.830000 11.200000 -10.630000
    endloop
  endfacet
  facet normal 1.000000 0.000000 0.000000
    outer loop
      vertex 9.830000 6.000000 -11.290000
      vertex 9.830000 11.200000 -10.630000
      vertex 9.830000 6.000000 -10.630000
    endloop
  endfacet
  facet normal 0.000000 -1.000000 0.000000
    outer loop
      vertex -11.260000 7.225000 -9.520000
      vertex -9.060000 7.225000 -9.520000
      vertex -9.060000 7.225000 -7.320000
    endloop
  endfacet
  facet normal 0.000000 -1.000000 0.000000
    outer loop
      vertex -11.260000 7.225000 -9.520000
      vertex -9.060000 7.225000 -7.320000
      vertex -11.260000 7.225000 -7.320000
    endloop
  endfacet
  facet normal 0.000000 1.000000 0.000000
    outer loop
      vertex -11.260000 5.675000 -7.320000
      vertex -9.060000 5.675000 -7.320000
      vertex -9.060000 5.675000 -9.520000
    endloop
  endfacet
  facet normal 0.000000 1.000000 0.000000
    outer loop
      vertex -11.260000 5.675000 -7.320000
      vertex -9.060000 5.675000 -9.520000
      vertex -11.260000 5.675000 -9.520000
    endloop
  endfacet
  facet normal 0.000000 0.000000 -1.000000
    outer loop
      vertex -11.260000 7.225000 -7.320000
      vertex -9.060000 7.225000 -7.320000
      vertex -9.060000 5.675000 -7.320000
    endloop
  endfacet
  facet normal 0.000000 0.000000 -1.000000
    outer loop
      vertex -11.260000 7.225000 -7.320000
      vertex -9.060000 5.675000 -7.320000
      vertex -11.260000 5.675000 -7.320000
    endloop
  endfacet
  facet normal 0.000000 0.000000 1.000000
    outer loop
      vertex -9.060000 5.675000 -9.520000
      vertex -9.060000 7.225000 -9.520000
      vertex -11.260000 7.225000 -9.520000
    endloop
  endfacet
  facet normal 0.000000 0.000000 1.000000
    outer loop
      vertex -9.060000 5.675000 -9.520000
      vertex -11.260000 7.225000 -9.520000
      vertex -11.260000 5.675000 -9.520000
    endloop
  endfacet
  facet normal -1.000000 0.000000 0.000000
    outer loop
      vertex -9.060000 5.675000 -7.320000
      vertex -9.060000 7.225000 -7.320000
      vertex -9.060000 7.225000 -9.520000
    endloop
  endfacet
  facet normal -1.000000 0.000000 0.000000
    outer loop
      vertex -9.060000 5.675000 -7.320000
      vertex -9.060000 7.225000 -9.520000
      vertex -9.060000 5.675000 -9.520000
    endloop
  endfacet
  facet normal 1.000000 0.000000 0.000000
    outer loop
      vertex -11.260000 5.675000 -9.520000
      vertex -11.260000 7.225000 -9.520000
      vertex -11.260000 7.225000 -7.320000
    endloop
  endfacet
  facet normal 1.000000 0.000000 0.000000
    outer loop
      vertex -11.260000 5.675000 -9.520000
      vertex -11.260000 7.225000 -7.320000
      vertex -11.260000 5.675000 -7.320000
    endloop
  endfacet
  facet normal 0.000000 -1.000000 0.000000
    outer loop
      vertex -10.490000 11.200000 -8.750000
      vertex -9.830000 11.200000 -8.750000
      vertex -9.830000 11.200000 -8.090000
    endloop
  endfacet
  facet normal 0.000000 -1.000000 0.000000
    outer loop
      vertex -10.490000 11.200000 -8.750000
      vertex -9.830000 11.200000 -8.090000
      vertex -10.490000 11.200000 -8.090000
    endloop
  endfacet
  facet normal 0.000000 1.000000 0.000000
    outer loop
      vertex -10.490000 6.000000 -8.090000
      vertex -9.830000 6.000000 -8.090000
      vertex -9.830000 6.000000 -8.750000
    endloop
  endfacet
  facet normal 0.000000 1.000000 0.000000
    outer loop
      vertex -10.490000 6.000000 -8.090000
      vertex -9.830000 6.000000 -8.750000
      vertex -10.490000 6.000000 -8.750000
    endloop
  endfacet
  facet normal 0.000000 0.000000 -1.000000
    outer loop
      vertex -10.490000 11.200000 -8.090000
      vertex -9.830000 11.200000 -8.090000
      vertex -9.830000 6.000000 -8.090000
    endloop
  endfacet
  facet normal 0.000000 0.000000 -1.000000
    outer loop
      vertex -10.490000 11.200000 -8.090000
      vertex -9.830000 6.000000 -8.090000
      vertex -10.490000 6.000000 -8.090000
    endloop
  endfacet
  facet normal 0.000000 0.000000 1.000000
    outer loop
      vertex -9.830000 6.000000 -8.750000
      vertex -9.830000 11.200000 -8.750000
      vertex -10.490000 11.200000 -8.750000
    endloop
  endfacet
  facet normal 0.000000 0.000000 1.000000
    outer loop
      vertex -9.830000 6.000000 -8.750000
      vertex -10.490000 11.200000 -8.750000
      vertex -10.490000 6.000000 -8.750000
    endloop
  endfacet
  facet normal -1.000000 0.000000 0.000000
    outer loop
      vertex -9.830000 6.000000 -8.090000
      vertex -9.830000 11.200000 -8.090000
      vertex -9.830000 11.200000 -8.750000
    endloop
  endfacet
  facet normal -1.000000 0.000000 0.000000
    outer loop
      vertex -9.830000 6.000000 -8.090000
      vertex -9.830000 11.200000 -8.750000
      vertex -9.830000 6.000000 -8.750000
    endloop
  endfacet
  facet normal 1.000000 0.000000 0.000000
    outer loop
      vertex -10.490000 6.000000 -8.750000
      vertex -10.490000 11.200000 -8.750000
      vertex -10.490000 11.200000 -8.090000
    endloop
  endfacet
  facet normal 1.000000 0.000000 0.000000
    outer loop
      vertex -10.490000 6.000000 -8.750000
      vertex -10.490000 11.200000 -8.090000
      vertex -10.490000 6.000000 -8.090000
    endloop
  endfacet
  facet normal 0.000000 -1.000000 0.000000
    outer loop
      vertex -8.720000 7.225000 -9.520000
      vertex -6.520000 7.225000 -9.520000
      vertex -6.520000 7.225000 -7.320000
    endloop
  endfacet
  facet normal 0.000000 -1.000000 0.000000
    outer loop
      vertex -8.720000 7.225000 -9.520000
      vertex -6.520000 7.225000 -7.320000
      vertex -8.720000 7.225000 -7.320000
    endloop
  endfacet
  facet normal 0.000000 1.000000 0.000000
    outer loop
      vertex -8.720000 5.675000 -7.320000
      vertex -6.520000 5.675000 -7.320000
      vertex -6.520000 5.675000 -9.520000
    endloop
  endfacet
  facet normal 0.000000 1.000000 0.000000
    outer loop
      vertex -8.720000 5.675000 -7.320000
      vertex -6.520000 5.675000 -9.520000
      vertex -8.720000 5.675000 -9.520000
    endloop
  endfacet
  facet normal 0.000000 0.000000 -1.000000
    outer loop
      vertex -8.720000 7.225000 -7.320000
      vertex -6.520000 7.225000 -7.320000
      vertex -6.520000 5.675000 -7.320000
    endloop
  endfacet
  facet normal 0.000000 0.000000 -1.000000
    outer loop
      vertex -8.720000 7.225000 -7.320000
      vertex -6.520000 5.675000 -7.320000
      vertex -8.720000 5.675000 -7.320000
    endloop
  endfacet
  facet normal 0.000000 0.000000 1.000000
    outer loop
      vertex -6.520000 5.675000 -9.520000
      vertex -6.520000 7.225000 -9.520000
      vertex -8.720000 7.225000 -9.520000
    endloop
  endfacet
  facet normal 0.000000 0.000000 1.000000
    outer loop
      vertex -6.520000 5.675000 -9.520000
      vertex -8.720000 7.225000 -9.520000
      vertex -8.720000 5.675000 -9.520000
    endloop
  endfacet
  facet normal -1.000000 0.000000 0.000000
    outer loop
      vertex -6.520000 5.675000 -7.320000
      vertex -6.520000 7.225000 -7.320000
      vertex -6.520000 7.225000 -9.520000
    endloop
  endfacet
  facet normal -1.000000 0.000000 0.000000
    outer loop
      vertex -6.520000 5.675000 -7.320000
      vertex -6.520000 7.225000 -9.520000
      vertex -6.520000 5.675000 -9.520000
    endloop
  endfacet
  facet normal 1.000000 0.000000 0.000000
    outer loop
      vertex -8.720000 5.675000 -9.520000
      vertex -8.720000 7.225000 -9.520000
      vertex -8.720000 7.225000 -7.320000
    endloop
  endfacet
  facet normal 1.000000 0.000000 0.000000
    outer loop
      vertex -8.720000 5.675000 -9.520000
      vertex -8.720000 7.225000 -7.320000
      vertex -8.720000 5.675000 -7.320000
    endloop
  endfacet
  facet normal 0.000000 -1.000000 0.000000
    outer loop
      vertex -7.950000 11.200000 -8.750000
      vertex -7.290000 11.200000 -8.750000
      vertex -7.290000 11.200000 -8.090000
    endloop
  endfacet
  facet normal 0.000000 -1.000000 0.000000
    outer loop
      vertex -7.950000 11.200000 -8.750000
      vertex -7.290000 11.200000 -8.090000
      vertex -7.950000 11.200000 -8.090000
    endloop
  endfacet
  facet normal 0.000000 1.000000 0.000000
    outer loop
      vertex -7.950000 6.000000 -8.090000
      vertex -7.290000 6.000000 -8.090000
      vertex -7.290000 6.000000 -8.750000
    endloop
  endfacet
  facet normal 0.000000 1.000000 0.000000
    outer loop
      vertex -7.950000 6.000000 -8.090000
      vertex -7.290000 6.000000 -8.750000
      vertex -7.950000 6.000000 -8.750000
    endloop
  endfacet
  facet normal 0.000000 0.000000 -1.000000
    outer loop
      vertex -7.950000 11.200000 -8.090000
      vertex -7.290000 11.200000 -8.090000
      vertex -7.290000 6.000000 -8.090000
    endloop
  endfacet
  facet normal 0.000000 0.000000 -1.000000
    outer loop
      vertex -7.950000 11.200000 -8.090000
      vertex -7.290000 6.000000 -8.090000
      vertex -7.950000 6.000000 -8.090000
    endloop
  endfacet
  facet normal 0.000000 0.000000 1.000000
    outer loop
      vertex -7.290000 6.000000 -8.750000
      vertex -7.290000 11.200000 -8.750000
      vertex -7.950000 11.200000 -8.750000
    endloop
  endfacet
  facet normal 0.000000 0.000000 1.000000
    outer loop
      vertex -7.290000 6.000000 -8.750000
      vertex -7.950000 11.200000 -8.750000
      vertex -7.950000 6.000000 -8.750000
    endloop
  endfacet
  facet normal -1.000000 0.000000 0.000000
    outer loop
      vertex -7.290000 6.000000 -8.090000
      vertex -7.290000 11.200000 -8.090000
      vertex -7.290000 11.200000 -8.750000
    endloop
  endfacet
  facet normal -1.000000 0.000000 0.000000
    outer loop
      vertex -7.290000 6.000000 -8.090000
      vertex -7.290000 11.200000 -8.750000
      vertex -7.290000 6.000000 -8.750000
    endloop
  endfacet
  facet normal 1.000000 0.000000 0.000000
    outer loop
      vertex -7.950000 6.000000 -8.750000
      vertex -7.950000 11.200000 -8.750000
      vertex -7.950000 11.200000 -8.090000
    endloop
  endfacet
  facet normal 1.000000 0.000000 0.000000
    outer loop
      vertex -7.950000 6.000000 -8.750000
      vertex -7.950000 11.200000 -8.090000
      vertex -7.950000 6.000000 -8.090000
    endloop
  endfacet
  facet normal 0.000000 -1.000000 0.000000
    outer loop
      vertex -6.180000 7.225000 -9.520000
      vertex -3.980000 7.225000 -9.520000
      vertex -3.980000 7.225000 -7.320000
    endloop
  endfacet
  facet normal 0.000000 -1.000000 0.000000
    outer loop
      vertex -6.180000 7.225000 -9.520000
      vertex -3.980000 7.225000 -7.320000
      vertex -6.180000 7.225000 -7.320000
    endloop
  endfacet
  facet normal 0.000000 1.000000 0.000000
    outer loop
      vertex -6.180000 5.675000 -7.320000
      vertex -3.980000 5.675000 -7.320000
      vertex -3.980000 5.675000 -9.520000
    endloop
  endfacet
  facet normal 0.000000 1.000000 0.000000
    outer loop
      vertex -6.180000 5.675000 -7.320000
      vertex -3.980000 5.675000 -9.520000
      vertex -6.180000 5.675000 -9.520000
    endloop
  endfacet
  facet normal 0.000000 0.000000 -1.000000
    outer loop
      vertex -6.180000 7.225000 -7.320000
      vertex -3.980000 7.225000 -7.320000
      vertex -3.980000 5.675000 -7.320000
    endloop
  endfacet
  facet normal 0.000000 0.000000 -1.000000
    outer loop
      vertex -6.180000 7.225000 -7.320000
      vertex -3.980000 5.675000 -7.320000
      vertex -6.180000 5.675000 -7.320000
    endloop
  endfacet
  facet normal 0.000000 0.000000 1.000000
    outer loop
      vertex -3.980000 5.675000 -9.520000
      vertex -3.980000 7.225000 -9.520000
      vertex -6.180000 7.225000 -9.520000
    endloop
  endfacet
  facet normal 0.000000 0.000000 1.000000
    outer loop
      vertex -3.980000 5.675000 -9.520000
      vertex -6.180000 7.225000 -9.520000
      vertex -6.180000 5.675000 -9.520000
    endloop
  endfacet
  facet normal -1.000000 0.000000 0.000000
    outer loop
      vertex -3.980000 5.675000 -7.320000
      vertex -3.980000 7.225000 -7.320000
      vertex -3.980000 7.225000 -9.520000
    endloop
  endfacet
  facet normal -1.000000 0.000000 0.000000
    outer loop
      vertex -3.980000 5.675000 -7.320000
      vertex -3.980000 7.225000 -9.520000
      vertex -3.980000 5.675000 -9.520000
    endloop
  endfacet
  facet normal 1.000000 0.000000 0.000000
    outer loop
      vertex -6.180000 5.675000 -9.520000
      vertex -6.180000 7.225000 -9.520000
      vertex -6.180000 7.225000 -7.320000
    endloop
  endfacet
  facet normal 1.000000 0.000000 0.000000
    outer loop
      vertex -6.180000 5.675000 -9.520000
      vertex -6.180000 7.225000 -7.320000
      vertex -6.180000 5.675000 -7.320000
    endloop
  endfacet
  facet normal 0.000000 -1.000000 0.000000
    outer loop
      vertex -5.410000 11.200000 -8.750000
      vertex -4.750000 11.200000 -8.750000
      vertex -4.750000 11.200000 -8.090000
    endloop
  endfacet
  facet normal 0.000000 -1.000000 0.000000
    outer loop
      vertex -5.410000 11.200000 -8.750000
      vertex -4.750000 11.200000 -8.090000
      vertex -5.410000 11.200000 -8.090000
    endloop
  endfacet
  facet normal 0.000000 1.000000 0.000000
    outer loop
      vertex -5.410000 6.000000 -8.090000
      vertex -4.750000 6.000000 -8.090000
      vertex -4.750000 6.000000 -8.750000
    endloop
  endfacet
  facet normal 0.000000 1.000000 0.000000
    outer loop
      vertex -5.410000 6.000000 -8.090000
      vertex -4.750000 6.000000 -8.750000
      vertex -5.410000 6.000000 -8.750000
    endloop
  endfacet
  facet normal 0.000000 0.000000 -1.000000
    outer loop
      vertex -5.410000 11.200000 -8.090000
      vertex -4.750000 11.200000 -8.090000
      vertex -4.750000 6.000000 -8.090000
    endloop
  endfacet
  facet normal 0.000000 0.000000 -1.000000
    outer loop
      vertex -5.410000 11.200000 -8.090000
      vertex -4.750000 6.000000 -8.090000
      vertex -5.410000 6.000000 -8.090000
    endloop
  endfacet
  facet normal 0.000000 0.000000 1.000000
    outer loop
      vertex -4.750000 6.000000 -8.750000
      vertex -4.750000 11.200000 -8.750000
      vertex -5.410000 11.200000 -8.750000
    endloop
  endfacet
  facet normal 0.000000 0.000000 1.000000
    outer loop
      vertex -4.750000 6.000000 -8.750000
      vertex -5.410000 11.200000 -8.750000
      vertex -5.410000 6.000000 -8.750000
    endloop
  endfacet
  facet normal -1.000000 0.000000 0.000000
    outer loop
      vertex -4.750000 6.000000 -8.090000
      vertex -4.750000 11.200000 -8.090000
      vertex -4.750000 11.200000 -8.750000
    endloop
  endfacet
  facet normal -1.000000 0.000000 0.000000
    outer loop
      vertex -4.750000 6.000000 -8.090000
      vertex -4.750000 11.200000 -8.750000
      vertex -4.750000 6.000000 -8.750000
    endloop
  endfacet
  facet normal 1.000000 0.000000 0.000000
    outer loop
      vertex -5.410000 6.000000 -8.750000
      vertex -5.410000 11.200000 -8.750000
      vertex -5.410000 11.200000 -8.090000
    endloop
  endfacet
  facet normal 1.000000 0.000000 0.000000
    outer loop
      vertex -5.410000 6.000000 -8.750000
      vertex -5.410000 11.200000 -8.090000
      vertex -5.410000 6.000000 -8.090000
    endloop
  endfacet
  facet normal 0.000000 -1.000000 0.000000
    outer loop
      vertex -3.640000 7.225000 -9.520000
      vertex -1.440000 7.225000 -9.520000
      vertex -1.440000 7.225000 -7.320000
    endloop
  endfacet
  facet normal 0.000000 -1.000000 0.000000
    outer loop
      vertex -3.640000 7.225000 -9.520000
      vertex -1.440000 7.225000 -7.320000
      vertex -3.640000 7.225000 -7.320000
    endloop
  endfacet
  facet normal 0.000000 1.000000 0.000000
    outer loop
      vertex -3.640000 5.675000 -7.320000
      vertex -1.440000 5.675000 -7.320000
      vertex -1.440000 5.675000 -9.520000
    endloop
  endfacet
  facet normal 0.000000 1.000000 0.000000
    outer loop
      vertex -3.640000 5.675000 -7.320000
      vertex -1.440000 5.675000 -9.520000
      vertex -3.640000 5.675000 -9.520000
    endloop
  endfacet
  facet normal 0.000000 0.000000 -1.000000
    outer loop
      vertex -3.640000 7.225000 -7.320000
      vertex -1.440000 7.225000 -7.320000
      vertex -1.440000 5.675000 -7.320000
    endloop
  endfacet
  facet normal 0.000000 0.000000 -1.000000
    outer loop
      vertex -3.640000 7.225000 -7.320000
      vertex -1.440000 5.675000 -7.320000
      vertex -3.640000 5.675000 -7.320000
    endloop
  endfacet
  facet normal 0.000000 0.000000 1.000000
    outer loop
      vertex -1.440000 5.675000 -9.520000
      vertex -1.440000 7.225000 -9.520000
      vertex -3.640000 7.225000 -9.520000
    endloop
  endfacet
  facet normal 0.000000 0.000000 1.000000
    outer loop
      vertex -1.440000 5.675000 -9.520000
      vertex -3.640000 7.225000 -9.520000
      vertex -3.640000 5.675000 -9.520000
    endloop
  endfacet
  facet normal -1.000000 0.000000 0.000000
    outer loop
      vertex -1.440000 5.675000 -7.320000
      vertex -1.440000 7.225000 -7.320000
      vertex -1.440000 7.225000 -9.520000
    endloop
  endfacet
  facet normal -1.000000 0.000000 0.000000
    outer loop
      vertex -1.440000 5.675000 -7.320000
      vertex -1.440000 7.225000 -9.520000
      vertex -1.440000 5.675000 -9.520000
    endloop
  endfacet
  facet normal 1.000000 0.000000 0.000000
    outer loop
      vertex -3.640000 5.675000 -9.520000
      vertex -3.640000 7.225000 -9.520000
      vertex -3.640000 7.225000 -7.320000
    endloop
  endfacet
  facet normal 1.000000 0.000000 0.000000
    outer loop
      vertex -3.640000 5.675000 -9.520000
      vertex -3.640000 7.225000 -7.320000
      vertex -3.640000 5.675000 -7.320000
    endloop
  endfacet
  facet normal 0.000000 -1.000000 0.000000
    outer loop
      vertex -2.870000 11.200000 -8.750000
      vertex -2.210000 11.200000 -8.750000
      vertex -2.210000 11.200000 -8.090000
    endloop
  endfacet
  facet normal 0.000000 -1.000000 0.000000
    outer loop
      vertex -2.870000 11.200000 -8.750000
      vertex -2.210000 11.200000 -8.090000
      vertex -2.870000 11.200000 -8.090000
    endloop
  endfacet
  facet normal 0.000000 1.000000 0.000000
    outer loop
      vertex -2.870000 6.000000 -8.090000
      vertex -2.210000 6.000000 -8.090000
      vertex -2.210000 6.000000 -8.750000
    endloop
  endfacet
  facet normal 0.000000 1.000000 0.000000
    outer loop
      vertex -2.870000 6.000000 -8.090000
      vertex -2.210000 6.000000 -8.750000
      vertex -2.870000 6.000000 -8.750000
    endloop
  endfacet
  facet normal 0.000000 0.000000 -1.000000
    outer loop
      vertex -2.870000 11.200000 -8.090000
      vertex -2.210000 11.200000 -8.090000
      vertex -2.210000 6.000000 -8.090000
    endloop
  endfacet
  facet normal 0.000000 0.000000 -1.000000
    outer loop
      vertex -2.870000 11.200000 -8.090000
      vertex -2.210000 6.000000 -8.090000
      vertex -2.870000 6.000000 -8.090000
    endloop
  endfacet
  facet normal 0.000000 0.000000 1.000000
    outer loop
      vertex -2.210000 6.000000 -8.750000
      vertex -2.210000 11.200000 -8.750000
      vertex -2.870000 11.200000 -8.750000
    endloop
  endfacet
  facet normal 0.000000 0.000000 1.000000
    outer loop
      vertex -2.210000 6.000000 -8.750000
      vertex -2.870000 11.200000 -8.750000
      vertex -2.870000 6.000000 -8.750000
    endloop
  endfacet
  facet normal -1.000000 0.000000 0.000000
    outer loop
      vertex -2.210000 6.000000 -8.090000
      vertex -2.210000 11.200000 -8.090000
      vertex -2.210000 11.200000 -8.750000
    endloop
  endfacet
  facet normal -1.000000 0.000000 0.000000
    outer loop
      vertex -2.210000 6.000000 -8.090000
      vertex -2.210000 11.200000 -8.750000
      vertex -2.210000 6.000000 -8.750000
    endloop
  endfacet
  facet normal 1.000000 0.000000 0.000000
    outer loop
      vertex -2.870000 6.000000 -8.750000
      vertex -2.870000 11.200000 -8.750000
      vertex -2.870000 11.200000 -8.090000
    endloop
  endfacet
  facet normal 1.000000 0.000000 0.000000
    outer loop
      vertex -2.870000 6.000000 -8.750000
      vertex -2.870000 11.200000 -8.090000
      vertex -2.870000 6.000000 -8.090000
    endloop
  endfacet
  facet normal 0.000000 -1.000000 0.000000
    outer loop
      vertex -1.100000 7.225000 -9.520000
      vertex 1.100000 7.225000 -9.520000
      vertex 1.100000 7.225000 -7.320000
    endloop
  endfacet
  facet normal 0.000000 -1.000000 0.000000
    outer loop
      vertex -1.100000 7.225000 -9.520000
      vertex 1.100000 7.225000 -7.320000
      vertex -1.100000 7.225000 -7.320000
    endloop
  endfacet
  facet normal 0.000000 1.000000 0.000000
    outer loop
      vertex -1.100000 5.675000 -7.320000
      vertex 1.100000 5.675000 -7.320000
      vertex 1.100000 5.675000 -9.520000
    endloop
  endfacet
  facet normal 0.000000 1.000000 0.000000
    outer loop
      vertex -1.100000 5.675000 -7.320000
      vertex 1.100000 5.675000 -9.520000
      vertex -1.100000 5.675000 -9.520000
    endloop
  endfacet
  facet normal 0.000000 0.000000 -1.000000
    outer loop
      vertex -1.100000 7.225000 -7.320000
      vertex 1.100000 7.225000 -7.320000
      vertex 1.100000 5.675000 -7.320000
    endloop
  endfacet
  facet normal 0.000000 0.000000 -1.000000
    outer loop
      vertex -1.100000 7.225000 -7.320000
      vertex 1.100000 5.675000 -7.320000
      vertex -1.100000 5.675000 -7.320000
    endloop
  endfacet
  facet normal 0.000000 0.000000 1.000000
    outer loop
      vertex 1.100000 5.675000 -9.520000
      vertex 1.100000 7.225000 -9.520000
      vertex -1.100000 7.225000 -9.520000
    endloop
  endfacet
  facet normal 0.000000 0.000000 1.000000
    outer loop
      vertex 1.100000 5.675000 -9.520000
      vertex -1.100000 7.225000 -9.520000
      vertex -1.100000 5.675000 -9.520000
    endloop
  endfacet
  facet normal -1.000000 0.000000 0.000000
    outer loop
      vertex 1.100000 5.675000 -7.320000
      vertex 1.100000 7.225000 -7.320000
      vertex 1.100000 7.225000 -9.520000
    endloop
  endfacet
  facet normal -1.000000 0.000000 0.000000
    outer loop
      vertex 1.100000 5.675000 -7.320000
      vertex 1.100000 7.225000 -9.520000
      vertex 1.100000 5.675000 -9.520000
    endloop
  endfacet
  facet normal 1.000000 0.000000 0.000000
    outer loop
      vertex -1.100000 5.675000 -9.520000
      vertex -1.100000 7.225000 -9.520000
      vertex -1.100000 7.225000 -7.320000
    endloop
  endfacet
  facet normal 1.000000 0.000000 0.000000
    outer loop
      vertex -1.100000 5.675000 -9.520000
      vertex -1.100000 7.225000 -7.320000
      vertex -1.100000 5.675000 -7.320000
    endloop
  endfacet
  facet normal 0.000000 -1.000000 0.000000
    outer loop
      vertex -0.330000 11.200000 -8.750000
      vertex 0.330000 11.200000 -8.750000
      vertex 0.330000 11.200000 -8.090000
    endloop
  endfacet
  facet normal 0.000000 -1.000000 0.000000
    outer loop
      vertex -0.330000 11.200000 -8.750000
      vertex 0.330000 11.200000 -8.090000
      vertex -0.330000 11.200000 -8.090000
    endloop
  endfacet
  facet normal 0.000000 1.000000 0.000000
    outer loop
      vertex -0.330000 6.000000 -8.090000
      vertex 0.330000 6.000000 -8.090000
      vertex 0.330000 6.000000 -8.750000
    endloop
  endfacet
  facet normal 0.000000 1.000000 0.000000
    outer loop
      vertex -0.330000 6.000000 -8.090000
      vertex 0.330000 6.000000 -8.750000
      vertex -0.330000 6.000000 -8.750000
    endloop
  endfacet
  facet normal 0.000000 0.000000 -1.000000
    outer loop
      vertex -0.330000 11.200000 -8.090000
      vertex 0.330000 11.200000 -8.090000
      vertex 0.330000 6.000000 -8.090000
    endloop
  endfacet
  facet normal 0.000000 0.000000 -1.000000
    outer loop
      vertex -0.330000 11.200000 -8.090000
      vertex 0.330000 6.000000 -8.090000
      vertex -0.330000 6.000000 -8.090000
    endloop
  endfacet
  facet normal 0.000000 0.000000 1.000000
    outer loop
      vertex 0.330000 6.000000 -8.750000
      vertex 0.330000 11.200000 -8.750000
      vertex -0.330000 11.200000 -8.750000
    endloop
  endfacet
  facet normal 0.000000 0.000000 1.000000
    outer loop
      vertex 0.330000 6.000000 -8.750000
      vertex -0.330000 11.200000 -8.750000
      vertex -0.330000 6.000000 -8.750000
    endloop
  endfacet
  facet normal -1.000000 0.000000 0.000000
    outer loop
      vertex 0.330000 6.000000 -8.090000
      vertex 0.330000 11.200000 -8.090000
      vertex 0.330000 11.200000 -8.750000
    endloop
  endfacet
  facet normal -1.000000 0.000000 0.000000
    outer loop
      vertex 0.330000 6.000000 -8.090000
      vertex 0.330000 11.200000 -8.750000
      vertex 0.330000 6.000000 -8.750000
    endloop
  endfacet
  facet normal 1.000000 0.000000 0.000000
    outer loop
      vertex -0.330000 6.000000 -8.750000
      vertex -0.330000 11.200000 -8.750000
      vertex -0.330000 11.200000 -8.090000
    endloop
  endfacet
  facet normal 1.000000 0.000000 0.000000
    outer loop
      vertex -0.330000 6.000000 -8.750000
      vertex -0.330000 11.200000 -8.090000
      vertex -0.330000 6.000000 -8.090000
    endloop
  endfacet
  facet normal 0.000000 -1.000000 0.000000
    outer loop
      vertex 1.440000 7.225000 -9.520000
      vertex 3.640000 7.225000 -9.520000
      vertex 3.640000 7.225000 -7.320000
    endloop
  endfacet
  facet normal 0.000000 -1.000000 0.000000
    outer loop
      vertex 1.440000 7.225000 -9.520000
      vertex 3.640000 7.225000 -7.320000
      vertex 1.440000 7.225000 -7.320000
    endloop
  endfacet
  facet normal 0.000000 1.000000 0.000000
    outer loop
      vertex 1.440000 5.675000 -7.320000
      vertex 3.640000 5.675000 -7.320000
      vertex 3.640000 5.675000 -9.520000
    endloop
  endfacet
  facet normal 0.000000 1.000000 0.000000
    outer loop
      vertex 1.440000 5.675000 -7.320000
      vertex 3.640000 5.675000 -9.520000
      vertex 1.440000 5.675000 -9.520000
    endloop
  endfacet
  facet normal 0.000000 0.000000 -1.000000
    outer loop
      vertex 1.440000 7.225000 -7.320000
      vertex 3.640000 7.225000 -7.320000
      vertex 3.640000 5.675000 -7.320000
    endloop
  endfacet
  facet normal 0.000000 0.000000 -1.000000
    outer loop
      vertex 1.440000 7.225000 -7.320000
      vertex 3.640000 5.675000 -7.320000
      vertex 1.440000 5.675000 -7.320000
    endloop
  endfacet
  facet normal 0.000000 0.000000 1.000000
    outer loop
      vertex 3.640000 5.675000 -9.520000
      vertex 3.640000 7.225000 -9.520000
      vertex 1.440000 7.225000 -9.520000
    endloop
  endfacet
  facet normal 0.000000 0.000000 1.000000
    outer loop
      vertex 3.640000 5.675000 -9.520000
      vertex 1.440000 7.225000 -9.520000
      vertex 1.440000 5.675000 -9.520000
    endloop
  endfacet
  facet normal -1.000000 0.000000 0.000000
    outer loop
      vertex 3.640000 5.675000 -7.320000
      vertex 3.640000 7.225000 -7.320000
      vertex 3.640000 7.225000 -9.520000
    endloop
  endfacet
  facet normal -1.000000 0.000000 0.000000
    outer loop
      vertex 3.640000 5.675000 -7.320000
      vertex 3.640000 7.225000 -9.520000
      vertex 3.640000 5.675000 -9.520000
    endloop
  endfacet
  facet normal 1.000000 0.000000 0.000000
    outer loop
      vertex 1.440000 5.675000 -9.520000
      vertex 1.440000 7.225000 -9.520000
      vertex 1.440000 7.225000 -7.320000
    endloop
  endfacet
  facet normal 1.000000 0.000000 0.000000
    outer loop
      vertex 1.440000 5.675000 -9.520000
      vertex 1.440000 7.225000 -7.320000
      vertex 1.440000 5.675000 -7.320000
    endloop
  endfacet
  facet normal 0.000000 -1.000000 0.000000
    outer loop
      vertex 2.210000 11.200000 -8.750000
      vertex 2.870000 11.200000 -8.750000
      vertex 2.870000 11.200000 -8.090000
    endloop
  endfacet
  facet normal 0.000000 -1.000000 0.000000
    outer loop
      vertex 2.210000 11.200000 -8.750000
      vertex 2.870000 11.200000 -8.090000
      vertex 2.210000 11.200000 -8.090000
    endloop
  endfacet
  facet normal 0.000000 1.000000 0.000000
    outer loop
      vertex 2.210000 6.000000 -8.090000
      vertex 2.870000 6.000000 -8.090000
      vertex 2.870000 6.000000 -8.750000
    endloop
  endfacet
  facet normal 0.000000 1.000000 0.000000
    outer loop
      vertex 2.210000 6.000000 -8.090000
      vertex 2.870000 6.000000 -8.750000
      vertex 2.210000 6.000000 -8.750000
    endloop
  endfacet
  facet normal 0.000000 0.000000 -1.000000
    outer loop
      vertex 2.210000 11.200000 -8.090000
      vertex 2.870000 11.200000 -8.090000
      vertex 2.870000 6.000000 -8.090000
    endloop
  endfacet
  facet normal 0.000000 0.000000 -1.000000
    outer loop
      vertex 2.210000 11.200000 -8.090000
      vertex 2.870000 6.000000 -8.090000
      vertex 2.210000 6.000000 -8.090000
    endloop
  endfacet
  facet normal 0.000000 0.000000 1.000000
    outer loop
      vertex 2.870000 6.000000 -8.750000
      vertex 2.870000 11.200000 -8.750000
      vertex 2.210000 11.200000 -8.750000
    endloop
  endfacet
  facet normal 0.000000 0.000000 1.000000
    outer loop
      vertex 2.870000 6.000000 -8.750000
      vertex 2.210000 11.200000 -8.750000
      vertex 2.210000 6.000000 -8.750000
    endloop
  endfacet
  facet normal -1.000000 0.000000 0.000000
    outer loop
      vertex 2.870000 6.000000 -8.090000
      vertex 2.870000 11.200000 -8.090000
      vertex 2.870000 11.200000 -8.750000
    endloop
  endfacet
  facet normal -1.000000 0.000000 0.000000
    outer loop
      vertex 2.870000 6.000000 -8.090000
      vertex 2.870000 11.200000 -8.750000
      vertex 2.870000 6.000000 -8.750000
    endloop
  endfacet
  facet normal 1.000000 0.000000 0.000000
    outer loop
      vertex 2.210000 6.000000 -8.750000
      vertex 2.210000 11.200000 -8.750000
      vertex 2.210000 11.200000 -8.090000
    endloop
  endfacet
  facet normal 1.000000 0.000000 0.000000
    outer loop
      vertex 2.210000 6.000000 -8.750000
      vertex 2.210000 11.200000 -8.090000
      vertex 2.210000 6.000000 -8.090000
    endloop
  endfacet
  facet normal 0.000000 -1.000000 0.000000
    outer loop
      vertex 3.980000 7.225000 -9.520000
      vertex 6.180000 7.225000 -9.520000
      vertex 6.180000 7.225000 -7.320000
    endloop
  endfacet
  facet normal 0.000000 -1.000000 0.000000
    outer loop
      vertex 3.980000 7.225000 -9.520000
      vertex 6.180000 7.225000 -7.320000
      vertex 3.980000 7.225000 -7.320000
    endloop
  endfacet
  facet normal 0.000000 1.000000 0.000000
    outer loop
      vertex 3.980000 5.675000 -7.320000
      vertex 6.180000 5.675000 -7.320000
      vertex 6.180000 5.675000 -9.520000
    endloop
  endfacet
  facet normal 0.000000 1.000000 0.000000
    outer loop
      vertex 3.980000 5.675000 -7.320000
      vertex 6.180000 5.675000 -9.520000
      vertex 3.980000 5.675000 -9.520000
    endloop
  endfacet
  facet normal 0.000000 0.000000 -1.000000
    outer loop
      vertex 3.980000 7.225000 -7.320000
      vertex 6.180000 7.225000 -7.320000
      vertex 6.180000 5.675000 -7.320000
    endloop
  endfacet
  facet normal 0.000000 0.000000 -1.000000
    outer loop
      vertex 3.980000 7.225000 -7.320000
      vertex 6.180000 5.675000 -7.320000
      vertex 3.980000 5.675000 -7.320000
    endloop
  endfacet
  facet normal 0.000000 0.000000 1.000000
    outer loop
      vertex 6.180000 5.675000 -9.520000
      vertex 6.180000 7.225000 -9.520000
      vertex 3.980000 7.225000 -9.520000
    endloop
  endfacet
  facet normal 0.000000 0.000000 1.000000
    outer loop
      vertex 6.180000 5.675000 -9.520000
      vertex 3.980000 7.225000 -9.520000
      vertex 3.980000 5.675000 -9.520000
    endloop
  endfacet
  facet normal -1.000000 0.000000 0.000000
    outer loop
      vertex 6.180000 5.675000 -7.320000
      vertex 6.180000 7.225000 -7.320000
      vertex 6.180000 7.225000 -9.520000
    endloop
  endfacet
  facet normal -1.000000 0.000000 0.000000
    outer loop
      vertex 6.180000 5.675000 -7.320000
      vertex 6.180000 7.225000 -9.520000
      vertex 6.180000 5.675000 -9.520000
    endloop
  endfacet
  facet normal 1.000000 0.000000 0.000000
    outer loop
      vertex 3.980000 5.675000 -9.520000
      vertex 3.980000 7.225000 -9.520000
      vertex 3.980000 7.225000 -7.320000
    endloop
  endfacet
  facet normal 1.000000 0.000000 0.000000
    outer loop
      vertex 3.980000 5.675000 -9.520000
      vertex 3.980000 7.225000 -7.320000
      vertex 3.980000 5.675000 -7.320000
    endloop
  endfacet
  facet normal 0.000000 -1.000000 0.000000
    outer loop
      vertex 4.750000 11.200000 -8.750000
      vertex 5.410000 11.200000 -8.750000
      vertex 5.410000 11.200000 -8.090000
    endloop
  endfacet
  facet normal 0.000000 -1.000000 0.000000
    outer loop
      vertex 4.750000 11.200000 -8.750000
      vertex 5.410000 11.200000 -8.090000
      vertex 4.750000 11.200000 -8.090000
    endloop
  endfacet
  facet normal 0.000000 1.000000 0.000000
    outer loop
      vertex 4.750000 6.000000 -8.090000
      vertex 5.410000 6.000000 -8.090000
      vertex 5.410000 6.000000 -8.750000
    endloop
  endfacet
  facet normal 0.000000 1.000000 0.000000
    outer loop
      vertex 4.750000 6.000000 -8.090000
      vertex 5.410000 6.000000 -8.750000
      vertex 4.750000 6.000000 -8.750000
    endloop
  endfacet
  facet normal 0.000000 0.000000 -1.000000
    outer loop
      vertex 4.750000 11.200000 -8.090000
      vertex 5.410000 11.200000 -8.090000
      vertex 5.410000 6.000000 -8.090000
    endloop
  endfacet
  facet normal 0.000000 0.000000 -1.000000
    outer loop
      vertex 4.750000 11.200000 -8.090000
      vertex 5.410000 6.000000 -8.090000
      vertex 4.750000 6.000000 -8.090000
    endloop
  endfacet
  facet normal 0.000000 0.000000 1.000000
    outer loop
      vertex 5.410000 6.000000 -8.750000
      vertex 5.410000 11.200000 -8.750000
      vertex 4.750000 11.200000 -8.750000
    endloop
  endfacet
  facet normal 0.000000 0.000000 1.000000
    outer loop
      vertex 5.410000 6.000000 -8.750000
      vertex 4.750000 11.200000 -8.750000
      vertex 4.750000 6.000000 -8.750000
    endloop
  endfacet
  facet normal -1.000000 0.000000 0.000000
    outer loop
      vertex 5.410000 6.000000 -8.090000
      vertex 5.410000 11.200000 -8.090000
      vertex 5.410000 11.200000 -8.750000
    endloop
  endfacet
  facet normal -1.000000 0.000000 0.000000
    outer loop
      vertex 5.410000 6.000000 -8.090000
      vertex 5.410000 11.200000 -8.750000
      vertex 5.410000 6.000000 -8.750000
    endloop
  endfacet
  facet normal 1.000000 0.000000 0.000000
    outer loop
      vertex 4.750000 6.000000 -8.750000
      vertex 4.750000 11.200000 -8.750000
      vertex 4.750000 11.200000 -8.090000
    endloop
  endfacet
  facet normal 1.000000 0.000000 0.000000
    outer loop
      vertex 4.750000 6.000000 -8.750000
      vertex 4.750000 11.200000 -8.090000
      vertex 4.750000 6.000000 -8.090000
    endloop
  endfacet
  facet normal 0.000000 -1.000000 0.000000
    outer loop
      vertex 6.520000 7.225000 -9.520000
      vertex 8.720000 7.225000 -9.520000
      vertex 8.720000 7.225000 -7.320000
    endloop
  endfacet
  facet normal 0.000000 -1.000000 0.000000
    outer loop
      vertex 6.520000 7.225000 -9.520000
      vertex 8.720000 7.225000 -7.320000
      vertex 6.520000 7.225000 -7.320000
    endloop
  endfacet
  facet normal 0.000000 1.000000 0.000000
    outer loop
      vertex 6.520000 5.675000 -7.320000
      vertex 8.720000 5.675000 -7.320000
      vertex 8.720000 5.675000 -9.520000
    endloop
  endfacet
  facet normal 0.000000 1.000000 0.000000
    outer loop
      vertex 6.520000 5.675000 -7.320000
      vertex 8.720000 5.675000 -9.520000
      vertex 6.520000 5.675000 -9.520000
    endloop
  endfacet
  facet normal 0.000000 0.000000 -1.000000
    outer loop
      vertex 6.520000 7.225000 -7.320000
      vertex 8.720000 7.225000 -7.320000
      vertex 8.720000 5.675000 -7.320000
    endloop
  endfacet
  facet normal 0.000000 0.000000 -1.000000
    outer loop
      vertex 6.520000 7.225000 -7.320000
      vertex 8.720000 5.675000 -7.320000
      vertex 6.520000 5.675000 -7.320000
    endloop
  endfacet
  facet normal 0.000000 0.000000 1.000000
    outer loop
      vertex 8.720000 5.675000 -9.520000
      vertex 8.720000 7.225000 -9.520000
      vertex 6.520000 7.225000 -9.520000
    endloop
  endfacet
  facet normal 0.000000 0.000000 1.000000
    outer loop
      vertex 8.720000 5.675000 -9.520000
      vertex 6.520000 7.225000 -9.520000
      vertex 6.520000 5.675000 -9.520000
    endloop
  endfacet
  facet normal -1.000000 0.000000 0.000000
    outer loop
      vertex 8.720000 5.675000 -7.320000
      vertex 8.720000 7.225000 -7.320000
      vertex 8.720000 7.225000 -9.520000
    endloop
  endfacet
  facet normal -1.000000 0.000000 0.000000
    outer loop
      vertex 8.720000 5.675000 -7.320000
      vertex 8.720000 7.225000 -9.520000
      vertex 8.720000 5.675000 -9.520000
    endloop
  endfacet
  facet normal 1.000000 0.000000 0.000000
    outer loop
      vertex 6.520000 5.675000 -9.520000
      vertex 6.520000 7.225000 -9.520000
      vertex 6.520000 7.225000 -7.320000
    endloop
  endfacet
  facet normal 1.000000 0.000000 0.000000
    outer loop
      vertex 6.520000 5.675000 -9.520000
      vertex 6.520000 7.225000 -7.320000
      vertex 6.520000 5.675000 -7.320000
    endloop
  endfacet
  facet normal 0.000000 -1.000000 0.000000
    outer loop
      vertex 7.290000 11.200000 -8.750000
      vertex 7.950000 11.200000 -8.750000
      vertex 7.950000 11.200000 -8.090000
    endloop
  endfacet
  facet normal 0.000000 -1.000000 0.000000
    outer loop
      vertex 7.290000 11.200000 -8.750000
      vertex 7.950000 11.200000 -8.090000
      vertex 7.290000 11.200000 -8.090000
    endloop
  endfacet
  facet normal 0.000000 1.000000 0.000000
    outer loop
      vertex 7.290000 6.000000 -8.090000
      vertex 7.950000 6.000000 -8.090000
      vertex 7.950000 6.000000 -8.750000
    endloop
  endfacet
  facet normal 0.000000 1.000000 0.000000
    outer loop
      vertex 7.290000 6.000000 -8.090000
      vertex 7.950000 6.000000 -8.750000
      vertex 7.290000 6.000000 -8.750000
    endloop
  endfacet
  facet normal 0.000000 0.000000 -1.000000
    outer loop
      vertex 7.290000 11.200000 -8.090000
      vertex 7.950000 11.200000 -8.090000
      vertex 7.950000 6.000000 -8.090000
    endloop
  endfacet
  facet normal 0.000000 0.000000 -1.000000
    outer loop
      vertex 7.290000 11.200000 -8.090000
      vertex 7.950000 6.000000 -8.090000
      vertex 7.290000 6.000000 -8.090000
    endloop
  endfacet
  facet normal 0.000000 0.000000 1.000000
    outer loop
      vertex 7.950000 6.000000 -8.750000
      vertex 7.950000 11.200000 -8.750000
      vertex 7.290000 11.200000 -8.750000
    endloop
  endfacet
  facet normal 0.000000 0.000000 1.000000
    outer loop
      vertex 7.950000 6.000000 -8.750000
      vertex 7.290000 11.200000 -8.750000
      vertex 7.290000 6.000000 -8.750000
    endloop
  endfacet
  facet normal -1.000000 0.000000 0.000000
    outer loop
      vertex 7.950000 6.000000 -8.090000
      vertex 7.950000 11.200000 -8.090000
      vertex 7.950000 11.200000 -8.750000
    endloop
  endfacet
  facet normal -1.000000 0.000000 0.000000
    outer loop
      vertex 7.950000 6.000000 -8.090000
      vertex 7.950000 11.200000 -8.750000
      vertex 7.950000 6.000000 -8.750000
    endloop
  endfacet
  facet normal 1.000000 0.000000 0.000000
    outer loop
      vertex 7.290000 6.000000 -8.750000
      vertex 7.290000 11.200000 -8.750000
      vertex 7.290000 11.200000 -8.090000
    endloop
  endfacet
  facet normal 1.000000 0.000000 0.000000
    outer loop
      vertex 7.290000 6.000000 -8.750000
      vertex 7.290000 11.200000 -8.090000
      vertex 7.290000 6.000000 -8.090000
    endloop
  endfacet
  facet normal 0.000000 -1.000000 0.000000
    outer loop
      vertex 9.060000 7.225000 -9.520000
      vertex 11.260000 7.225000 -9.520000
      vertex 11.260000 7.225000 -7.320000
    endloop
  endfacet
  facet normal 0.000000 -1.000000 0.000000
    outer loop
      vertex 9.060000 7.225000 -9.520000
      vertex 11.260000 7.225000 -7.320000
      vertex 9.060000 7.225000 -7.320000
    endloop
  endfacet
  facet normal 0.000000 1.000000 0.000000
    outer loop
      vertex 9.060000 5.675000 -7.320000
      vertex 11.260000 5.675000 -7.320000
      vertex 11.260000 5.675000 -9.520000
    endloop
  endfacet
  facet normal 0.000000 1.000000 0.000000
    outer loop
      vertex 9.060000 5.675000 -7.320000
      vertex 11.260000 5.675000 -9.520000
      vertex 9.060000 5.675000 -9.520000
    endloop
  endfacet
  facet normal 0.000000 0.000000 -1.000000
    outer loop
      vertex 9.060000 7.225000 -7.320000
      vertex 11.260000 7.225000 -7.320000
      vertex 11.260000 5.675000 -7.320000
    endloop
  endfacet
  facet normal 0.000000 0.000000 -1.000000
    outer loop
      vertex 9.060000 7.225000 -7.320000
      vertex 11.260000 5.675000 -7.320000
      vertex 9.060000 5.675000 -7.320000
    endloop
  endfacet
  facet normal 0.000000 0.000000 1.000000
    outer loop
      vertex 11.260000 5.675000 -9.520000
      vertex 11.260000 7.225000 -9.520000
      vertex 9.060000 7.225000 -9.520000
    endloop
  endfacet
  facet normal 0.000000 0.000000 1.000000
    outer loop
      vertex 11.260000 5.675000 -9.520000
      vertex 9.060000 7.225000 -9.520000
      vertex 9.060000 5.675000 -9.520000
    endloop
  endfacet
  facet normal -1.000000 0.000000 0.000000
    outer loop
      vertex 11.260000 5.675000 -7.320000
      vertex 11.260000 7.225000 -7.320000
      vertex 11.260000 7.225000 -9.520000
    endloop
  endfacet
  facet normal -1.000000 0.000000 0.000000
    outer loop
      vertex 11.260000 5.675000 -7.320000
      vertex 11.260000 7.225000 -9.520000
      vertex 11.260000 5.675000 -9.520000
    endloop
  endfacet
  facet normal 1.000000 0.000000 0.000000
    outer loop
      vertex 9.060000 5.675000 -9.520000
      vertex 9.060000 7.225000 -9.520000
      vertex 9.060000 7.225000 -7.320000
    endloop
  endfacet
  facet normal 1.000000 0.000000 0.000000
    outer loop
      vertex 9.060000 5.675000 -9.520000
      vertex 9.060000 7.225000 -7.320000
      vertex 9.060000 5.675000 -7.320000
    endloop
  endfacet
  facet normal 0.000000 -1.000000 0.000000
    outer loop
      vertex 9.830000 11.200000 -8.750000
      vertex 10.490000 11.200000 -8.750000
      vertex 10.490000 11.200000 -8.090000
    endloop
  endfacet
  facet normal 0.000000 -1.000000 0.000000
    outer loop
      vertex 9.830000 11.200000 -8.750000
      vertex 10.490000 11.200000 -8.090000
      vertex 9.830000 11.200000 -8.090000
    endloop
  endfacet
  facet normal 0.000000 1.000000 0.000000
    outer loop
      vertex 9.830000 6.000000 -8.090000
      vertex 10.490000 6.000000 -8.090000
      vertex 10.490000 6.000000 -8.750000
    endloop
  endfacet
  facet normal 0.000000 1.000000 0.000000
    outer loop
      vertex 9.830000 6.000000 -8.090000
      vertex 10.490000 6.000000 -8.750000
      vertex 9.830000 6.000000 -8.750000
    endloop
  endfacet
  facet normal 0.000000 0.000000 -1.000000
    outer loop
      vertex 9.830000 11.200000 -8.090000
      vertex 10.490000 11.200000 -8.090000
      vertex 10.490000 6.000000 -8.090000
    endloop
  endfacet
  facet normal 0.000000 0.000000 -1.000000
    outer loop
      vertex 9.830000 11.200000 -8.090000
      vertex 10.490000 6.000000 -8.090000
      vertex 9.830000 6.000000 -8.090000
    endloop
  endfacet
  facet normal 0.000000 0.000000 1.000000
    outer loop
      vertex 10.490000 6.000000 -8.750000
      vertex 10.490000 11.200000 -8.750000
      vertex 9.830000 11.200000 -8.750000
    endloop
  endfacet
  facet normal 0.000000 0.000000 1.000000
    outer loop
      vertex 10.490000 6.000000 -8.750000
      vertex 9.830000 11.200000 -8.750000
      vertex 9.830000 6.000000 -8.750000
    endloop
  endfacet
  facet normal -1.000000 0.000000 0.000000
    outer loop
      vertex 10.490000 6.000000 -8.090000
      vertex 10.490000 11.200000 -8.090000
      vertex 10.490000 11.200000 -8.750000
    endloop
  endfacet
  facet normal -1.000000 0.000000 0.000000
    outer loop
      vertex 10.490000 6.000000 -8.090000
      vertex 10.490000 11.200000 -8.750000
      vertex 10.490000 6.000000 -8.750000
    endloop
  endfacet
  facet normal 1.000000 0.000000 0.000000
    outer loop
      vertex 9.830000 6.000000 -8.750000
      vertex 9.830000 11.200000 -8.750000
      vertex 9.830000 11.200000 -8.090000
    endloop
  endfacet
  facet normal 1.000000 0.000000 0.000000
    outer loop
      vertex 9.830000 6.000000 -8.750000
      vertex 9.830000 11.200000 -8.090000
      vertex 9.830000 6.000000 -8.090000
    endloop
  endfacet
  facet normal 0.000000 -1.000000 0.000000
    outer loop
      vertex -2.370000 7.225000 -6.980000
      vertex -0.170000 7.225000 -6.980000
      vertex -0.170000 7.225000 -4.780000
    endloop
  endfacet
  facet normal 0.000000 -1.000000 0.000000
    outer loop
      vertex -2.370000 7.225000 -6.980000
      vertex -0.170000 7.225000 -4.780000
      vertex -2.370000 7.225000 -4.780000
    endloop
  endfacet
  facet normal 0.000000 1.000000 0.000000
    outer loop
      vertex -2.370000 5.675000 -4.780000
      vertex -0.170000 5.675000 -4.780000
      vertex -0.170000 5.675000 -6.980000
    endloop
  endfacet
  facet normal 0.000000 1.000000 0.000000
    outer loop
      vertex -2.370000 5.675000 -4.780000
      vertex -0.170000 5.675000 -6.980000
      vertex -2.370000 5.675000 -6.980000
    endloop
  endfacet
  facet normal 0.000000 0.000000 -1.000000
    outer loop
      vertex -2.370000 7.225000 -4.780000
      vertex -0.170000 7.225000 -4.780000
      vertex -0.170000 5.675000 -4.780000
    endloop
  endfacet
  facet normal 0.000000 0.000000 -1.000000
    outer loop
      vertex -2.370000 7.225000 -4.780000
      vertex -0.170000 5.675000 -4.780000
      vertex -2.370000 5.675000 -4.780000
    endloop
  endfacet
  facet normal 0.000000 0.000000 1.000000
    outer loop
      vertex -0.170000 5.675000 -6.980000
      vertex -0.170000 7.225000 -6.980000
      vertex -2.370000 7.225000 -6.980000
    endloop
  endfacet
  facet normal 0.000000 0.000000 1.000000
    outer loop
      vertex -0.170000 5.675000 -6.980000
      vertex -2.370000 7.225000 -6.980000
      vertex -2.370000 5.675000 -6.980000
    endloop
  endfacet
  facet normal -1.000000 0.000000 0.000000
    outer loop
      vertex -0.170000 5.675000 -4.780000
      vertex -0.170000 7.225000 -4.780000
      vertex -0.170000 7.225000 -6.980000
    endloop
  endfacet
  facet normal -1.000000 0.000000 0.000000
    outer loop
      vertex -0.170000 5.675000 -4.780000
      vertex -0.170000 7.225000 -6.980000
      vertex -0.170000 5.675000 -6.980000
    endloop
  endfacet
  facet normal 1.000000 0.000000 0.000000
    outer loop
      vertex -2.370000 5.675000 -6.980000
      vertex -2.370000 7.225000 -6.980000
      vertex -2.370000 7.225000 -4.780000
    endloop
  endfacet
  facet normal 1.000000 0.000000 0.000000
    outer loop
      vertex -2.370000 5.675000 -6.980000
      vertex -2.370000 7.225000 -4.780000
      vertex -2.370000 5.675000 -4.780000
    endloop
  endfacet
  facet normal 0.000000 -1.000000 0.000000
    outer loop
      vertex -1.600000 11.200000 -6.210000
      vertex -0.940000 11.200000 -6.210000
      vertex -0.940000 11.200000 -5.550000
    endloop
  endfacet
  facet normal 0.000000 -1.000000 0.000000
    outer loop
      vertex -1.600000 11.200000 -6.210000
      vertex -0.940000 11.200000 -5.550000
      vertex -1.600000 11.200000 -5.550000
    endloop
  endfacet
  facet normal 0.000000 1.000000 0.000000
    outer loop
      vertex -1.600000 6.000000 -5.550000
      vertex -0.940000 6.000000 -5.550000
      vertex -0.940000 6.000000 -6.210000
    endloop
  endfacet
  facet normal 0.000000 1.000000 0.000000
    outer loop
      vertex -1.600000 6.000000 -5.550000
      vertex -0.940000 6.000000 -6.210000
      vertex -1.600000 6.000000 -6.210000
    endloop
  endfacet
  facet normal 0.000000 0.000000 -1.000000
    outer loop
      vertex -1.600000 11.200000 -5.550000
      vertex -0.940000 11.200000 -5.550000
      vertex -0.940000 6.000000 -5.550000
    endloop
  endfacet
  facet normal 0.000000 0.000000 -1.000000
    outer loop
      vertex -1.600000 11.200000 -5.550000
      vertex -0.940000 6.000000 -5.550000
      vertex -1.600000 6.000000 -5.550000
    endloop
  endfacet
  facet normal 0.000000 0.000000 1.000000
    outer loop
      vertex -0.940000 6.000000 -6.210000
      vertex -0.940000 11.200000 -6.210000
      vertex -1.600000 11.200000 -6.210000
    endloop
  endfacet
  facet normal 0.000000 0.000000 1.000000
    outer loop
      vertex -0.940000 6.000000 -6.210000
      vertex -1.600000 11.200000 -6.210000
      vertex -1.600000 6.000000 -6.210000
    endloop
  endfacet
  facet normal -1.000000 0.000000 0.000000
    outer loop
      vertex -0.940000 6.000000 -5.550000
      vertex -0.940000 11.200000 -5.550000
      vertex -0.940000 11.200000 -6.210000
    endloop
  endfacet
  facet normal -1.000000 0.000000 0.000000
    outer loop
      vertex -0.940000 6.000000 -5.550000
      vertex -0.940000 11.200000 -6.210000
      vertex -0.940000 6.000000 -6.210000
    endloop
  endfacet
  facet normal 1.000000 0.000000 0.000000
    outer loop
      vertex -1.600000 6.000000 -6.210000
      vertex -1.600000 11.200000 -6.210000
      vertex -1.600000 11.200000 -5.550000
    endloop
  endfacet
  facet normal 1.000000 0.000000 0.000000
    outer loop
      vertex -1.600000 6.000000 -6.210000
      vertex -1.600000 11.200000 -5.550000
      vertex -1.600000 6.000000 -5.550000
    endloop
  endfacet
  facet normal 0.000000 -1.000000 0.000000
    outer loop
      vertex 0.170000 7.225000 -6.980000
      vertex 2.370000 7.225000 -6.980000
      vertex 2.370000 7.225000 -4.780000
    endloop
  endfacet
  facet normal 0.000000 -1.000000 0.000000
    outer loop
      vertex 0.170000 7.225000 -6.980000
      vertex 2.370000 7.225000 -4.780000
      vertex 0.170000 7.225000 -4.780000
    endloop
  endfacet
  facet normal 0.000000 1.000000 0.000000
    outer loop
      vertex 0.170000 5.675000 -4.780000
      vertex 2.370000 5.675000 -4.780000
      vertex 2.370000 5.675000 -6.980000
    endloop
  endfacet
  facet normal 0.000000 1.000000 0.000000
    outer loop
      vertex 0.170000 5.675000 -4.780000
      vertex 2.370000 5.675000 -6.980000
      vertex 0.170000 5.675000 -6.980000
    endloop
  endfacet
  facet normal 0.000000 0.000000 -1.000000
    outer loop
      vertex 0.170000 7.225000 -4.780000
      vertex 2.370000 7.225000 -4.780000
      vertex 2.370000 5.675000 -4.780000
    endloop
  endfacet
  facet normal 0.000000 0.000000 -1.000000
    outer loop
      vertex 0.170000 7.225000 -4.780000
      vertex 2.370000 5.675000 -4.780000
      vertex 0.170000 5.675000 -4.780000
    endloop
  endfacet
  facet normal 0.000000 0.000000 1.000000
    outer loop
      vertex 2.370000 5.675000 -6.980000
      vertex 2.370000 7.225000 -6.980000
      vertex 0.170000 7.225000 -6.980000
    endloop
  endfacet
  facet normal 0.000000 0.000000 1.000000
    outer loop
      vertex 2.370000 5.675000 -6.980000
      vertex 0.170000 7.225000 -6.980000
      vertex 0.170000 5.675000 -6.980000
    endloop
  endfacet
  facet normal -1.000000 0.000000 0.000000
    outer loop
      vertex 2.370000 5.675000 -4.780000
      vertex 2.370000 7.225000 -4.780000
      vertex 2.370000 7.225000 -6.980000
    endloop
  endfacet
  facet normal -1.000000 0.000000 0.000000
    outer loop
      vertex 2.370000 5.675000 -4.780000
      vertex 2.370000 7.225000 -6.980000
      vertex 2.370000 5.675000 -6.980000
    endloop
  endfacet
  facet normal 1.000000 0.000000 0.000000
    outer loop
      vertex 0.170000 5.675000 -6.980000
      vertex 0.170000 7.225000 -6.980000
      vertex 0.170000 7.225000 -4.780000
    endloop
  endfacet
  facet normal 1.000000 0.000000 0.000000
    outer loop
      vertex 0.170000 5.675000 -6.980000
      vertex 0.170000 7.225000 -4.780000
      vertex 0.170000 5.675000 -4.780000
    endloop
  endfacet
  facet normal 0.000000 -1.000000 0.000000
    outer loop
      vertex 0.940000 11.200000 -6.210000
      vertex 1.600000 11.200000 -6.210000
      vertex 1.600000 11.200000 -5.550000
    endloop
  endfacet
  facet normal 0.000000 -1.000000 0.000000
    outer loop
      vertex 0.940000 11.200000 -6.210000
      vertex 1.600000 11.200000 -5.550000
      vertex 0.940000 11.200000 -5.550000
    endloop
  endfacet
  facet normal 0.000000 1.000000 0.000000
    outer loop
      vertex 0.940000 6.000000 -5.550000
      vertex 1.600000 6.000000 -5.550000
      vertex 1.600000 6.000000 -6.210000
    endloop
  endfacet
  facet normal 0.000000 1.000000 0.000000
    outer loop
      vertex 0.940000 6.000000 -5.550000
      vertex 1.600000 6.000000 -6.210000
      vertex 0.940000 6.000000 -6.210000
    endloop
  endfacet
  facet normal 0.000000 0.000000 -1.000000
    outer loop
      vertex 0.940000 11.200000 -5.550000
      vertex 1.600000 11.200000 -5.550000
      vertex 1.600000 6.000000 -5.550000
    endloop
  endfacet
  facet normal 0.000000 0.000000 -1.000000
    outer loop
      vertex 0.940000 11.200000 -5.550000
      vertex 1.600000 6.000000 -5.550000
      vertex 0.940000 6.000000 -5.550000
    endloop
  endfacet
  facet normal 0.000000 0.000000 1.000000
    outer loop
      vertex 1.600000 6.000000 -6.210000
      vertex 1.600000 11.200000 -6.210000
      vertex 0.940000 11.200000 -6.210000
    endloop
  endfacet
  facet normal 0.000000 0.000000 1.000000
    outer loop
      vertex 1.600000 6.000000 -6.210000
      vertex 0.940000 11.200000 -6.210000
      vertex 0.940000 6.000000 -6.210000
    endloop
  endfacet
  facet normal -1.000000 0.000000 0.000000
    outer loop
      vertex 1.600000 6.000000 -5.550000
      vertex 1.600000 11.200000 -5.550000
      vertex 1.600000 11.200000 -6.210000
    endloop
  endfacet
  facet normal -1.000000 0.000000 0.000000
    outer loop
      vertex 1.600000 6.000000 -5.550000
      vertex 1.600000 11.200000 -6.210000
      vertex 1.600000 6.000000 -6.210000
    endloop
  endfacet
  facet normal 1.000000 0.000000 0.000000
    outer loop
      vertex 0.940000 6.000000 -6.210000
      vertex 0.940000 11.200000 -6.210000
      vertex 0.940000 11.200000 -5.550000
    endloop
  endfacet
  facet normal 1.000000 0.000000 0.000000
    outer loop
      vertex 0.940000 6.000000 -6.210000
      vertex 0.940000 11.200000 -5.550000
      vertex 0.940000 6.000000 -5.550000
    endloop
  endfacet
  facet normal 0.000000 -1.000000 0.000000
    outer loop
      vertex -13.500000 4.050000 -12.210000
      vertex 13.500000 4.050000 -12.210000
      vertex 13.500000 4.050000 -9.710000
    endloop
  endfacet
  facet normal 0.000000 -1.000000 0.000000
    outer loop
      vertex -13.500000 4.050000 -12.210000
      vertex 13.500000 4.050000 -9.710000
      vertex -13.500000 4.050000 -9.710000
    endloop
  endfacet
  facet normal 0.000000 1.000000 0.000000
    outer loop
      vertex -13.500000 1.550000 -9.710000
      vertex 13.500000 1.550000 -9.710000
      vertex 13.500000 1.550000 -12.210000
    endloop
  endfacet
  facet normal 0.000000 1.000000 0.000000
    outer loop
      vertex -13.500000 1.550000 -9.710000
      vertex 13.500000 1.550000 -12.210000
      vertex -13.500000 1.550000 -12.210000
    endloop
  endfacet
  facet normal 0.000000 0.000000 -1.000000
    outer loop
      vertex -13.500000 4.050000 -9.710000
      vertex 13.500000 4.050000 -9.710000
      vertex 13.500000 1.550000 -9.710000
    endloop
  endfacet
  facet normal 0.000000 0.000000 -1.000000
    outer loop
      vertex -13.500000 4.050000 -9.710000
      vertex 13.500000 1.550000 -9.710000
      vertex -13.500000 1.550000 -9.710000
    endloop
  endfacet
  facet normal 0.000000 0.000000 1.000000
    outer loop
      vertex 13.500000 1.550000 -12.210000
      vertex 13.500000 4.050000 -12.210000
      vertex -13.500000 4.050000 -12.210000
    endloop
  endfacet
  facet normal 0.000000 0.000000 1.000000
    outer loop
      vertex 13.500000 1.550000 -12.210000
      vertex -13.500000 4.050000 -12.210000
      vertex -13.500000 1.550000 -12.210000
    endloop
  endfacet
  facet normal -1.000000 0.000000 0.000000
    outer loop
      vertex 13.500000 1.550000 -9.710000
      vertex 13.500000 4.050000 -9.710000
      vertex 13.500000 4.050000 -12.210000
    endloop
  endfacet
  facet normal -1.000000 0.000000 0.000000
    outer loop
      vertex 13.500000 1.550000 -9.710000
      vertex 13.500000 4.050000 -12.210000
      vertex 13.500000 1.550000 -12.210000
    endloop
  endfacet
  facet normal 1.000000 0.000000 0.000000
    outer loop
      vertex -13.500000 1.550000 -12.210000
      vertex -13.500000 4.050000 -12.210000
      vertex -13.500000 4.050000 -9.710000
    endloop
  endfacet
  facet normal 1.000000 0.000000 0.000000
    outer loop
      vertex -13.500000 1.550000 -12.210000
      vertex -13.500000 4.050000 -9.710000
      vertex -13.500000 1.550000 -9.710000
    endloop
  endfacet
  facet normal 0.000000 -1.000000 0.000000
    outer loop
      vertex -11.475000 3.800000 -4.250000
      vertex 11.475000 3.800000 -4.250000
      vertex 11.475000 3.800000 9.250000
    endloop
  endfacet
  facet normal 0.000000 -1.000000 0.000000
    outer loop
      vertex -11.475000 3.800000 -4.250000
      vertex 11.475000 3.800000 9.250000
      vertex -11.475000 3.800000 9.250000
    endloop
  endfacet
  facet normal 0.000000 1.000000 0.000000
    outer loop
      vertex -11.475000 1.800000 9.250000
      vertex 11.475000 1.800000 9.250000
      vertex 11.475000 1.800000 -4.250000
    endloop
  endfacet
  facet normal 0.000000 1.000000 0.000000
    outer loop
      vertex -11.475000 1.800000 9.250000
      vertex 11.475000 1.800000 -4.250000
      vertex -11.475000 1.800000 -4.250000
    endloop
  endfacet
  facet normal 0.000000 0.000000 -1.000000
    outer loop
      vertex -11.475000 3.800000 9.250000
      vertex 11.475000 3.800000 9.250000
      vertex 11.475000 1.800000 9.250000
    endloop
  endfacet
  facet normal 0.000000 0.000000 -1.000000
    outer loop
      vertex -11.475000 3.800000 9.250000
      vertex 11.475000 1.800000 9.250000
      vertex -11.475000 1.800000 9.250000
    endloop
  endfacet
  facet normal 0.000000 0.000000 1.000000
    outer loop
      vertex 11.475000 1.800000 -4.250000
      vertex 11.475000 3.800000 -4.250000
      vertex -11.475000 3.800000 -4.250000
    endloop
  endfacet
  facet normal 0.000000 0.000000 1.000000
    outer loop
      vertex 11.475000 1.800000 -4.250000
      vertex -11.475000 3.800000 -4.250000
      vertex -11.475000 1.800000 -4.250000
    endloop
  endfacet
  facet normal -1.000000 0.000000 0.000000
    outer loop
      vertex 11.475000 1.800000 9.250000
      vertex 11.475000 3.800000 9.250000
      vertex 11.475000 3.800000 -4.250000
    endloop
  endfacet
  facet normal -1.000000 0.000000 0.000000
    outer loop
      vertex 11.475000 1.800000 9.250000
      vertex 11.475000 3.800000 -4.250000
      vertex 11.475000 1.800000 -4.250000
    endloop
  endfacet
  facet normal 1.000000 0.000000 0.000000
    outer loop
      vertex -11.475000 1.800000 -4.250000
      vertex -11.475000 3.800000 -4.250000
      vertex -11.475000 3.800000 9.250000
    endloop
  endfacet
  facet normal 1.000000 0.000000 0.000000
    outer loop
      vertex -11.475000 1.800000 -4.250000
      vertex -11.475000 3.800000 9.250000
      vertex -11.475000 1.800000 9.250000
    endloop
  endfacet
endsolid led_bar_graph_10