solid resistor_220ohm
  facet normal 1.000000 0.000000 0.000000
    outer loop
      vertex -13.900000 0.000000 0.000000
      vertex -13.900000 0.280000 0.000000
      vertex -13.900000 0.252271 0.121487
    endloop
  endfacet
  facet normal -1.000000 0.000000 0.000000
    outer loop
      vertex -3.400000 -0.000000 0.000000
      vertex -3.400000 0.252271 0.121487
      vertex -3.400000 0.280000 0.000000
    endloop
  endfacet
  facet normal -0.000000 -0.974928 -0.222521
    outer loop
      vertex -3.400000 0.280000 0.000000
      vertex -3.400000 0.252271 0.121487
      vertex -13.900000 0.252271 0.121487
    endloop
  endfacet
  facet normal -0.000000 -0.974928 -0.222521
    outer loop
      vertex -3.400000 0.280000 0.000000
      vertex -13.900000 0.252271 0.121487
      vertex -13.900000 0.280000 0.000000
    endloop
  endfacet
  facet normal 1.000000 0.000000 0.000000
    outer loop
      vertex -13.900000 0.000000 0.000000
      vertex -13.900000 0.252271 0.121487
      vertex -13.900000 0.174577 0.218913
    endloop
  endfacet
  facet normal -1.000000 0.000000 0.000000
    outer loop
      vertex -3.400000 -0.000000 0.000000
      vertex -3.400000 0.174577 0.218913
      vertex -3.400000 0.252271 0.121487
    endloop
  endfacet
  facet normal -0.000000 -0.781831 -0.623490
    outer loop
      vertex -3.400000 0.252271 0.121487
      vertex -3.400000 0.174577 0.218913
      vertex -13.900000 0.174577 0.218913
    endloop
  endfacet
  facet normal -0.000000 -0.781831 -0.623490
    outer loop
      vertex -3.400000 0.252271 0.121487
      vertex -13.900000 0.174577 0.218913
      vertex -13.900000 0.252271 0.121487
    endloop
  endfacet
  facet normal 1.000000 0.000000 0.000000
    outer loop
      vertex -13.900000 0.000000 0.000000
      vertex -13.900000 0.174577 0.218913
      vertex -13.900000 0.062306 0.272980
    endloop
  endfacet
  facet normal -1.000000 0.000000 0.000000
    outer loop
      vertex -3.400000 -0.000000 0.000000
      vertex -3.400000 0.062306 0.272980
      vertex -3.400000 0.174577 0.218913
    endloop
  endfacet
  facet normal -0.000000 -0.433884 -0.900969
    outer loop
      vertex -3.400000 0.174577 0.218913
      vertex -3.400000 0.062306 0.272980
      vertex -13.900000 0.062306 0.272980
    endloop
  endfacet
  facet normal -0.000000 -0.433884 -0.900969
    outer loop
      vertex -3.400000 0.174577 0.218913
      vertex -13.900000 0.062306 0.272980
      vertex -13.900000 0.174577 0.218913
    endloop
  endfacet
  facet normal 1.000000 0.000000 0.000000
    outer loop
      vertex -13.900000 0.000000 0.000000
      vertex -13.900000 0.062306 0.272980
      vertex -13.900000 -0.062306 0.272980
    endloop
  endfacet
  facet normal -1.000000 0.000000 0.000000
    outer loop
      vertex -3.400000 -0.000000 0.000000
      vertex -3.400000 -0.062306 0.272980
      vertex -3.400000 0.062306 0.272980
    endloop
  endfacet
  facet normal 0.000000 0.000000 -1.000000
    outer loop
      vertex -3.400000 0.062306 0.272980
      vertex -3.400000 -0.062306 0.272980
      vertex -13.900000 -0.062306 0.272980
    endloop
  endfacet
  facet normal 0.000000 0.000000 -1.000000
    outer loop
      vertex -3.400000 0.062306 0.272980
      vertex -13.900000 -0.062306 0.272980
      vertex -13.900000 0.062306 0.272980
    endloop
  endfacet
  facet normal 1.000000 0.000000 0.000000
    outer loop
      vertex -13.900000 0.000000 0.000000
      vertex -13.900000 -0.062306 0.272980
      vertex -13.900000 -0.174577 0.218913
    endloop
  endfacet
  facet normal -1.000000 0.000000 0.000000
    outer loop
      vertex -3.400000 -0.000000 0.000000
      vertex -3.400000 -0.174577 0.218913
      vertex -3.400000 -0.062306 0.272980
    endloop
  endfacet
  facet normal 0.000000 0.433884 -0.900969
    outer loop
      vertex -3.400000 -0.062306 0.272980
      vertex -3.400000 -0.174577 0.218913
      vertex -13.900000 -0.174577 0.218913
    endloop
  endfacet
  facet normal 0.000000 0.433884 -0.900969
    outer loop
      vertex -3.400000 -0.062306 0.272980
      vertex -13.900000 -0.174577 0.218913
      vertex -13.900000 -0.062306 0.272980
    endloop
  endfacet
  facet normal 1.000000 0.000000 0.000000
    outer loop
      vertex -13.900000 0.000000 0.000000
      vertex -13.900000 -0.174577 0.218913
      vertex -13.900000 -0.252271 0.121487
    endloop
  endfacet
  facet normal -1.000000 0.000000 0.000000
    outer loop
      vertex -3.400000 -0.000000 0.000000
      vertex -3.400000 -0.252271 0.121487
      vertex -3.400000 -0.174577 0.218913
    endloop
  endfacet
  facet normal 0.000000 0.781831 -0.623490
    outer loop
      vertex -3.400000 -0.174577 0.218913
      vertex -3.400000 -0.252271 0.121487
      vertex -13.900000 -0.252271 0.121487
    endloop
  endfacet
  facet normal 0.000000 0.781831 -0.623490
    outer loop
      vertex -3.400000 -0.174577 0.218913
      vertex -13.900000 -0.252271 0.121487
      vertex -13.900000 -0.174577 0.218913
    endloop
  endfacet
  facet normal 1.000000 0.000000 0.000000
    outer loop
      vertex -13.900000 0.000000 0.000000
      vertex -13.900000 -0.252271 0.121487
      vertex -13.900000 -0.280000 0.000000
    endloop
  endfacet
  facet normal -1.000000 0.000000 0.000000
    outer loop
      vertex -3.400000 -0.000000 0.000000
      vertex -3.400000 -0.280000 0.000000
      vertex -3.400000 -0.252271 0.121487
    endloop
  endfacet
  facet normal 0.000000 0.974928 -0.222521
    outer loop
      vertex -3.400000 -0.252271 0.121487
      vertex -3.400000 -0.280000 0.000000
      vertex -13.900000 -0.280000 0.000000
    endloop
  endfacet
  facet normal 0.000000 0.974928 -0.222521
    outer loop
      vertex -3.400000 -0.252271 0.121487
      vertex -13.900000 -0.280000 0.000000
      vertex -13.900000 -0.252271 0.121487
    endloop
  endfacet
  facet normal 1.000000 0.000000 0.000000
    outer loop
      vertex -13.900000 0.000000 0.000000
      vertex -13.900000 -0.280000 0.000000
      vertex -13.900000 -0.252271 -0.121487
    endloop
  endfacet
  facet normal -1.000000 0.000000 0.000000
    outer loop
      vertex -3.400000 -0.000000 0.000000
      vertex -3.400000 -0.252271 -0.121487
      vertex -3.400000 -0.280000 0.000000
    endloop
  endfacet
  facet normal 0.000000 0.974928 0.222521
    outer loop
      vertex -3.400000 -0.280000 0.000000
      vertex -3.400000 -0.252271 -0.121487
      vertex -13.900000 -0.252271 -0.121487
    endloop
  endfacet
  facet normal 0.000000 0.974928 0.222521
    outer loop
      vertex -3.400000 -0.280000 0.000000
      vertex -13.900000 -0.252271 -0.121487
      vertex -13.900000 -0.280000 0.000000
    endloop
  endfacet
  facet normal 1.000000 0.000000 0.000000
    outer loop
      vertex -13.900000 0.000000 0.000000
      vertex -13.900000 -0.252271 -0.121487
      vertex -13.900000 -0.174577 -0.218913
    endloop
  endfacet
  facet normal -1.000000 0.000000 0.000000
    outer loop
      vertex -3.400000 -0.000000 0.000000
      vertex -3.400000 -0.174577 -0.218913
      vertex -3.400000 -0.252271 -0.121487
    endloop
  endfacet
  facet normal 0.000000 0.781831 0.623490
    outer loop
      vertex -3.400000 -0.252271 -0.121487
      vertex -3.400000 -0.174577 -0.218913
      vertex -13.900000 -0.174577 -0.218913
    endloop
  endfacet
  facet normal 0.000000 0.781831 0.623490
    outer loop
      vertex -3.400000 -0.252271 -0.121487
      vertex -13.900000 -0.174577 -0.218913
      vertex -13.900000 -0.252271 -0.121487
    endloop
  endfacet
  facet normal 1.000000 0.000000 0.000000
    outer loop
      vertex -13.900000 0.000000 0.000000
      vertex -13.900000 -0.174577 -0.218913
      vertex -13.900000 -0.062306 -0.272980
    endloop
  endfacet
  facet normal -1.000000 0.000000 0.000000
    outer loop
      vertex -3.400000 -0.000000 0.000000
      vertex -3.400000 -0.062306 -0.272980
      vertex -3.400000 -0.174577 -0.218913
    endloop
  endfacet
  facet normal 0.000000 0.433884 0.900969
    outer loop
      vertex -3.400000 -0.174577 -0.218913
      vertex -3.400000 -0.062306 -0.272980
      vertex -13.900000 -0.062306 -0.272980
    endloop
  endfacet
  facet normal 0.000000 0.433884 0.900969
    outer loop
      vertex -3.400000 -0.174577 -0.218913
      vertex -13.900000 -0.062306 -0.272980
      vertex -13.900000 -0.174577 -0.218913
    endloop
  endfacet
  facet normal 1.000000 0.000000 0.000000
    outer loop
      vertex -13.900000 0.000000 0.000000
      vertex -13.900000 -0.062306 -0.272980
      vertex -13.900000 0.062306 -0.272980
    endloop
  endfacet
  facet normal -1.000000 0.000000 0.000000
    outer loop
      vertex -3.400000 -0.000000 0.000000
      vertex -3.400000 0.062306 -0.272980
      vertex -3.400000 -0.062306 -0.272980
    endloop
  endfacet
  facet normal 0.000000 0.000000 1.000000
    outer loop
      vertex -3.400000 -0.062306 -0.272980
      vertex -3.400000 0.062306 -0.272980
      vertex -13.900000 0.062306 -0.272980
    endloop
  endfacet
  facet normal 0.000000 0.000000 1.000000
    outer loop
      vertex -3.400000 -0.062306 -0.272980
      vertex -13.900000 0.062306 -0.272980
      vertex -13.900000 -0.062306 -0.272980
    endloop
  endfacet
  facet normal 1.000000 0.000000 0.000000
    outer loop
      vertex -13.900000 0.000000 0.000000
      vertex -13.900000 0.062306 -0.272980
      vertex -13.900000 0.174577 -0.218913
    endloop
  endfacet
  facet normal -1.000000 0.000000 0.000000
    outer loop
      vertex -3.400000 -0.000000 0.000000
      vertex -3.400000 0.174577 -0.218913
      vertex -3.400000 0.062306 -0.272980
    endloop
  endfacet
  facet normal -0.000000 -0.433884 0.900969
    outer loop
      vertex -3.400000 0.062306 -0.272980
      vertex -3.400000 0.174577 -0.218913
      vertex -13.900000 0.174577 -0.218913
    endloop
  endfacet
  facet normal -0.000000 -0.433884 0.900969
    outer loop
      vertex -3.400000 0.062306 -0.272980
      vertex -13.900000 0.174577 -0.218913
      vertex -13.900000 0.062306 -0.272980
    endloop
  endfacet
  facet normal 1.000000 0.000000 0.000000
    outer loop
      vertex -13.900000 0.000000 0.000000
      vertex -13.900000 0.174577 -0.218913
      vertex -13.900000 0.252271 -0.121487
    endloop
  endfacet
  facet normal -1.000000 0.000000 0.000000
    outer loop
      vertex -3.400000 -0.000000 0.000000
      vertex -3.400000 0.252271 -0.121487
      vertex -3.400000 0.174577 -0.218913
    endloop
  endfacet
  facet normal -0.000000 -0.781831 0.623490
    outer loop
      vertex -3.400000 0.174577 -0.218913
      vertex -3.400000 0.252271 -0.121487
      vertex -13.900000 0.252271 -0.121487
    endloop
  endfacet
  facet normal -0.000000 -0.781831 0.623490
    outer loop
      vertex -3.400000 0.174577 -0.218913
      vertex -13.900000 0.252271 -0.121487
      vertex -13.900000 0.174577 -0.218913
    endloop
  endfacet
  facet normal 1.000000 0.000000 0.000000
    outer loop
      vertex -13.900000 0.000000 0.000000
      vertex -13.900000 0.252271 -0.121487
      vertex -13.900000 0.280000 0.000000
    endloop
  endfacet
  facet normal -1.000000 0.000000 0.000000
    outer loop
      vertex -3.400000 -0.000000 0.000000
      vertex -3.400000 0.280000 0.000000
      vertex -3.400000 0.252271 -0.121487
    endloop
  endfacet
  facet normal -0.000000 -0.974928 0.222521
    outer loop
      vertex -3.400000 0.252271 -0.121487
      vertex -3.400000 0.280000 0.000000
      vertex -13.900000 0.280000 0.000000
    endloop
  endfacet
  facet normal -0.000000 -0.974928 0.222521
    outer loop
      vertex -3.400000 0.252271 -0.121487
      vertex -13.900000 0.280000 0.000000
      vertex -13.900000 0.252271 -0.121487
    endloop
  endfacet
  facet normal -1.000000 0.000000 0.000000
    outer loop
      vertex 13.900000 0.000000 0.000000
      vertex 13.900000 -0.280000 0.000000
      vertex 13.900000 -0.252271 0.121487
    endloop
  endfacet
  facet normal 1.000000 0.000000 0.000000
    outer loop
      vertex 3.400000 -0.000000 0.000000
      vertex 3.400000 -0.252271 0.121487
      vertex 3.400000 -0.280000 0.000000
    endloop
  endfacet
  facet normal -0.000000 0.974928 -0.222521
    outer loop
      vertex 3.400000 -0.280000 0.000000
      vertex 3.400000 -0.252271 0.121487
      vertex 13.900000 -0.252271 0.121487
    endloop
  endfacet
  facet normal -0.000000 0.974928 -0.222521
    outer loop
      vertex 3.400000 -0.280000 0.000000
      vertex 13.900000 -0.252271 0.121487
      vertex 13.900000 -0.280000 0.000000
    endloop
  endfacet
  facet normal -1.000000 0.000000 0.000000
    outer loop
      vertex 13.900000 0.000000 0.000000
      vertex 13.900000 -0.252271 0.121487
      vertex 13.900000 -0.174577 0.218913
    endloop
  endfacet
  facet normal 1.000000 0.000000 0.000000
    outer loop
      vertex 3.400000 -0.000000 0.000000
      vertex 3.400000 -0.174577 0.218913
      vertex 3.400000 -0.252271 0.121487
    endloop
  endfacet
  facet normal -0.000000 0.781831 -0.623490
    outer loop
      vertex 3.400000 -0.252271 0.121487
      vertex 3.400000 -0.174577 0.218913
      vertex 13.900000 -0.174577 0.218913
    endloop
  endfacet
  facet normal -0.000000 0.781831 -0.623490
    outer loop
      vertex 3.400000 -0.252271 0.121487
      vertex 13.900000 -0.174577 0.218913
      vertex 13.900000 -0.252271 0.121487
    endloop
  endfacet
  facet normal -1.000000 0.000000 0.000000
    outer loop
      vertex 13.900000 0.000000 0.000000
      vertex 13.900000 -0.174577 0.218913
      vertex 13.900000 -0.062306 0.272980
    endloop
  endfacet
  facet normal 1.000000 0.000000 0.000000
    outer loop
      vertex 3.400000 -0.000000 0.000000
      vertex 3.400000 -0.062306 0.272980
      vertex 3.400000 -0.174577 0.218913
    endloop
  endfacet
  facet normal -0.000000 0.433884 -0.900969
    outer loop
      vertex 3.400000 -0.174577 0.218913
      vertex 3.400000 -0.062306 0.272980
      vertex 13.900000 -0.062306 0.272980
    endloop
  endfacet
  facet normal -0.000000 0.433884 -0.900969
    outer loop
      vertex 3.400000 -0.174577 0.218913
      vertex 13.900000 -0.062306 0.272980
      vertex 13.900000 -0.174577 0.218913
    endloop
  endfacet
  facet normal -1.000000 0.000000 0.000000
    outer loop
      vertex 13.900000 0.000000 0.000000
      vertex 13.900000 -0.062306 0.272980
      vertex 13.900000 0.062306 0.272980
    endloop
  endfacet
  facet normal 1.000000 0.000000 0.000000
    outer loop
      vertex 3.400000 -0.000000 0.000000
      vertex 3.400000 0.062306 0.272980
      vertex 3.400000 -0.062306 0.272980
    endloop
  endfacet
  facet normal 0.000000 0.000000 -1.000000
    outer loop
      vertex 3.400000 -0.062306 0.272980
      vertex 3.400000 0.062306 0.272980
      vertex 13.900000 0.062306 0.272980
    endloop
  endfacet
  facet normal 0.000000 0.000000 -1.000000
    outer loop
      vertex 3.400000 -0.062306 0.272980
      vertex 13.900000 0.062306 0.272980
      vertex 13.900000 -0.062306 0.272980
    endloop
  endfacet
  facet normal -1.000000 0.000000 0.000000
    outer loop
      vertex 13.900000 0.000000 0.000000
      vertex 13.900000 0.062306 0.272980
      vertex 13.900000 0.174577 0.218913
    endloop
  endfacet
  facet normal 1.000000 0.000000 0.000000
    outer loop
      vertex 3.400000 -0.000000 0.000000
      vertex 3.400000 0.174577 0.218913
      vertex 3.400000 0.062306 0.272980
    endloop
  endfacet
  facet normal 0.000000 -0.433884 -0.900969
    outer loop
      vertex 3.400000 0.062306 0.272980
      vertex 3.400000 0.174577 0.218913
      vertex 13.900000 0.174577 0.218913
    endloop
  endfacet
  facet normal 0.000000 -0.433884 -0.900969
    outer loop
      vertex 3.400000 0.062306 0.272980
      vertex 13.900000 0.174577 0.218913
      vertex 13.900000 0.062306 0.272980
    endloop
  endfacet
  facet normal -1.000000 0.000000 0.000000
    outer loop
      vertex 13.900000 0.000000 0.000000
      vertex 13.900000 0.174577 0.218913
      vertex 13.900000 0.252271 0.121487
    endloop
  endfacet
  facet normal 1.000000 0.000000 0.000000
    outer loop
      vertex 3.400000 -0.000000 0.000000
      vertex 3.400000 0.252271 0.121487
      vertex 3.400000 0.174577 0.218913
    endloop
  endfacet
  facet normal 0.000000 -0.781831 -0.623490
    outer loop
      vertex 3.400000 0.174577 0.218913
      vertex 3.400000 0.252271 0.121487
      vertex 13.900000 0.252271 0.121487
    endloop
  endfacet
  facet normal 0.000000 -0.781831 -0.623490
    outer loop
      vertex 3.400000 0.174577 0.218913
      vertex 13.900000 0.252271 0.121487
      vertex 13.900000 0.174577 0.218913
    endloop
  endfacet
  facet normal -1.000000 0.000000 0.000000
    outer loop
      vertex 13.900000 0.000000 0.000000
      vertex 13.900000 0.252271 0.121487
      vertex 13.900000 0.280000 0.000000
    endloop
  endfacet
  facet normal 1.000000 0.000000 0.000000
    outer loop
      vertex 3.400000 -0.000000 0.000000
      vertex 3.400000 0.280000 0.000000
      vertex 3.400000 0.252271 0.121487
    endloop
  endfacet
  facet normal 0.000000 -0.974928 -0.222521
    outer loop
      vertex 3.400000 0.252271 0.121487
      vertex 3.400000 0.280000 0.000000
      vertex 13.900000 0.280000 0.000000
    endloop
  endfacet
  facet normal 0.000000 -0.974928 -0.222521
    outer loop
      vertex 3.400000 0.252271 0.121487
      vertex 13.900000 0.280000 0.000000
      vertex 13.900000 0.252271 0.121487
    endloop
  endfacet
  facet normal -1.000000 0.000000 0.000000
    outer loop
      vertex 13.900000 0.000000 0.000000
      vertex 13.900000 0.280000 0.000000
      vertex 13.900000 0.252271 -0.121487
    endloop
  endfacet
  facet normal 1.000000 0.000000 0.000000
    outer loop
      vertex 3.400000 -0.000000 0.000000
      vertex 3.400000 0.252271 -0.121487
      vertex 3.400000 0.280000 0.000000
    endloop
  endfacet
  facet normal 0.000000 -0.974928 0.222521
    outer loop
      vertex 3.400000 0.280000 0.000000
      vertex 3.400000 0.252271 -0.121487
      vertex 13.900000 0.252271 -0.121487
    endloop
  endfacet
  facet normal 0.000000 -0.974928 0.222521
    outer loop
      vertex 3.400000 0.280000 0.000000
      vertex 13.900000 0.252271 -0.121487
      vertex 13.900000 0.280000 0.000000
    endloop
  endfacet
  facet normal -1.000000 0.000000 0.000000
    outer loop
      vertex 13.900000 0.000000 0.000000
      vertex 13.900000 0.252271 -0.121487
      vertex 13.900000 0.174577 -0.218913
    endloop
  endfacet
  facet normal 1.000000 0.000000 0.000000
    outer loop
      vertex 3.400000 -0.000000 0.000000
      vertex 3.400000 0.174577 -0.218913
      vertex 3.400000 0.252271 -0.121487
    endloop
  endfacet
  facet normal 0.000000 -0.781831 0.623490
    outer loop
      vertex 3.400000 0.252271 -0.121487
      vertex 3.400000 0.174577 -0.218913
      vertex 13.900000 0.174577 -0.218913
    endloop
  endfacet
  facet normal 0.000000 -0.781831 0.623490
    outer loop
      vertex 3.400000 0.252271 -0.121487
      vertex 13.900000 0.174577 -0.218913
      vertex 13.900000 0.252271 -0.121487
    endloop
  endfacet
  facet normal -1.000000 0.000000 0.000000
    outer loop
      vertex 13.900000 0.000000 0.000000
      vertex 13.900000 0.174577 -0.218913
      vertex 13.900000 0.062306 -0.272980
    endloop
  endfacet
  facet normal 1.000000 0.000000 0.000000
    outer loop
      vertex 3.400000 -0.000000 0.000000
      vertex 3.400000 0.062306 -0.272980
      vertex 3.400000 0.174577 -0.218913
    endloop
  endfacet
  facet normal 0.000000 -0.433884 0.900969
    outer loop
      vertex 3.400000 0.174577 -0.218913
      vertex 3.400000 0.062306 -0.272980
      vertex 13.900000 0.062306 -0.272980
    endloop
  endfacet
  facet normal 0.000000 -0.433884 0.900969
    outer loop
      vertex 3.400000 0.174577 -0.218913
      vertex 13.900000 0.062306 -0.272980
      vertex 13.900000 0.174577 -0.218913
    endloop
  endfacet
  facet normal -1.000000 0.000000 0.000000
    outer loop
      vertex 13.900000 0.000000 0.000000
      vertex 13.900000 0.062306 -0.272980
      vertex 13.900000 -0.062306 -0.272980
    endloop
  endfacet
  facet normal 1.000000 0.000000 0.000000
    outer loop
      vertex 3.400000 -0.000000 0.000000
      vertex 3.400000 -0.062306 -0.272980
      vertex 3.400000 0.062306 -0.272980
    endloop
  endfacet
  facet normal 0.000000 0.000000 1.000000
    outer loop
      vertex 3.400000 0.062306 -0.272980
      vertex 3.400000 -0.062306 -0.272980
      vertex 13.900000 -0.062306 -0.272980
    endloop
  endfacet
  facet normal 0.000000 0.000000 1.000000
    outer loop
      vertex 3.400000 0.062306 -0.272980
      vertex 13.900000 -0.062306 -0.272980
      vertex 13.900000 0.062306 -0.272980
    endloop
  endfacet
  facet normal -1.000000 0.000000 0.000000
    outer loop
      vertex 13.900000 0.000000 0.000000
      vertex 13.900000 -0.062306 -0.272980
      vertex 13.900000 -0.174577 -0.218913
    endloop
  endfacet
  facet normal 1.000000 0.000000 0.000000
    outer loop
      vertex 3.400000 -0.000000 0.000000
      vertex 3.400000 -0.174577 -0.218913
      vertex 3.400000 -0.062306 -0.272980
    endloop
  endfacet
  facet normal -0.000000 0.433884 0.900969
    outer loop
      vertex 3.400000 -0.062306 -0.272980
      vertex 3.400000 -0.174577 -0.218913
      vertex 13.900000 -0.174577 -0.218913
    endloop
  endfacet
  facet normal -0.000000 0.433884 0.900969
    outer loop
      vertex 3.400000 -0.062306 -0.272980
      vertex 13.900000 -0.174577 -0.218913
      vertex 13.900000 -0.062306 -0.272980
    endloop
  endfacet
  facet normal -1.000000 0.000000 0.000000
    outer loop
      vertex 13.900000 0.000000 0.000000
      vertex 13.900000 -0.174577 -0.218913
      vertex 13.900000 -0.252271 -0.121487
    endloop
  endfacet
  facet normal 1.000000 0.000000 0.000000
    outer loop
      vertex 3.400000 -0.000000 0.000000
      vertex 3.400000 -0.252271 -0.121487
      vertex 3.400000 -0.174577 -0.218913
    endloop
  endfacet
  facet normal -0.000000 0.781831 0.623490
    outer loop
      vertex 3.400000 -0.174577 -0.218913
      vertex 3.400000 -0.252271 -0.121487
      vertex 13.900000 -0.252271 -0.121487
    endloop
  endfacet
  facet normal -0.000000 0.781831 0.623490
    outer loop
      vertex 3.400000 -0.174577 -0.218913
      vertex 13.900000 -0.252271 -0.121487
      vertex 13.900000 -0.174577 -0.218913
    endloop
  endfacet
  facet normal -1.000000 0.000000 0.000000
    outer loop
      vertex 13.900000 0.000000 0.000000
      vertex 13.900000 -0.252271 -0.121487
      vertex 13.900000 -0.280000 0.000000
    endloop
  endfacet
  facet normal 1.000000 0.000000 0.000000
    outer loop
      vertex 3.400000 -0.000000 0.000000
      vertex 3.400000 -0.280000 0.000000
      vertex 3.400000 -0.252271 -0.121487
    endloop
  endfacet
  facet normal -0.000000 0.974928 0.222521
    outer loop
      vertex 3.400000 -0.252271 -0.121487
      vertex 3.400000 -0.280000 0.000000
      vertex 13.900000 -0.280000 0.000000
    endloop
  endfacet
  facet normal -0.000000 0.974928 0.222521
    outer loop
      vertex 3.400000 -0.252271 -0.121487
      vertex 13.900000 -0.280000 0.000000
      vertex 13.900000 -0.252271 -0.121487
    endloop
  endfacet
  facet normal 1.000000 0.000000 0.000000
    outer loop
      vertex -3.200000 0.000000 0.000000
      vertex -3.200000 1.250000 0.000000
      vertex -3.200000 1.207407 0.323524
    endloop
  endfacet
  facet normal -1.000000 0.000000 0.000000
    outer loop
      vertex 3.200000 -0.000000 0.000000
      vertex 3.200000 1.207407 0.323524
      vertex 3.200000 1.250000 0.000000
    endloop
  endfacet
  facet normal -0.000000 -0.991445 -0.130526
    outer loop
      vertex 3.200000 1.250000 0.000000
      vertex 3.200000 1.207407 0.323524
      vertex -3.200000 1.207407 0.323524
    endloop
  endfacet
  facet normal -0.000000 -0.991445 -0.130526
    outer loop
      vertex 3.200000 1.250000 0.000000
      vertex -3.200000 1.207407 0.323524
      vertex -3.200000 1.250000 0.000000
    endloop
  endfacet
  facet normal 1.000000 0.000000 0.000000
    outer loop
      vertex -3.200000 0.000000 0.000000
      vertex -3.200000 1.207407 0.323524
      vertex -3.200000 1.082532 0.625000
    endloop
  endfacet
  facet normal -1.000000 0.000000 0.000000
    outer loop
      vertex 3.200000 -0.000000 0.000000
      vertex 3.200000 1.082532 0.625000
      vertex 3.200000 1.207407 0.323524
    endloop
  endfacet
  facet normal -0.000000 -0.923880 -0.382683
    outer loop
      vertex 3.200000 1.207407 0.323524
      vertex 3.200000 1.082532 0.625000
      vertex -3.200000 1.082532 0.625000
    endloop
  endfacet
  facet normal -0.000000 -0.923880 -0.382683
    outer loop
      vertex 3.200000 1.207407 0.323524
      vertex -3.200000 1.082532 0.625000
      vertex -3.200000 1.207407 0.323524
    endloop
  endfacet
  facet normal 1.000000 0.000000 0.000000
    outer loop
      vertex -3.200000 0.000000 0.000000
      vertex -3.200000 1.082532 0.625000
      vertex -3.200000 0.883883 0.883883
    endloop
  endfacet
  facet normal -1.000000 0.000000 0.000000
    outer loop
      vertex 3.200000 -0.000000 0.000000
      vertex 3.200000 0.883883 0.883883
      vertex 3.200000 1.082532 0.625000
    endloop
  endfacet
  facet normal -0.000000 -0.793353 -0.608761
    outer loop
      vertex 3.200000 1.082532 0.625000
      vertex 3.200000 0.883883 0.883883
      vertex -3.200000 0.883883 0.883883
    endloop
  endfacet
  facet normal -0.000000 -0.793353 -0.608761
    outer loop
      vertex 3.200000 1.082532 0.625000
      vertex -3.200000 0.883883 0.883883
      vertex -3.200000 1.082532 0.625000
    endloop
  endfacet
  facet normal 1.000000 0.000000 0.000000
    outer loop
      vertex -3.200000 0.000000 0.000000
      vertex -3.200000 0.883883 0.883883
      vertex -3.200000 0.625000 1.082532
    endloop
  endfacet
  facet normal -1.000000 0.000000 0.000000
    outer loop
      vertex 3.200000 -0.000000 0.000000
      vertex 3.200000 0.625000 1.082532
      vertex 3.200000 0.883883 0.883883
    endloop
  endfacet
  facet normal -0.000000 -0.608761 -0.793353
    outer loop
      vertex 3.200000 0.883883 0.883883
      vertex 3.200000 0.625000 1.082532
      vertex -3.200000 0.625000 1.082532
    endloop
  endfacet
  facet normal -0.000000 -0.608761 -0.793353
    outer loop
      vertex 3.200000 0.883883 0.883883
      vertex -3.200000 0.625000 1.082532
      vertex -3.200000 0.883883 0.883883
    endloop
  endfacet
  facet normal 1.000000 0.000000 0.000000
    outer loop
      vertex -3.200000 0.000000 0.000000
      vertex -3.200000 0.625000 1.082532
      vertex -3.200000 0.323524 1.207407
    endloop
  endfacet
  facet normal -1.000000 0.000000 0.000000
    outer loop
      vertex 3.200000 -0.000000 0.000000
      vertex 3.200000 0.323524 1.207407
      vertex 3.200000 0.625000 1.082532
    endloop
  endfacet
  facet normal -0.000000 -0.382683 -0.923880
    outer loop
      vertex 3.200000 0.625000 1.082532
      vertex 3.200000 0.323524 1.207407
      vertex -3.200000 0.323524 1.207407
    endloop
  endfacet
  facet normal -0.000000 -0.382683 -0.923880
    outer loop
      vertex 3.200000 0.625000 1.082532
      vertex -3.200000 0.323524 1.207407
      vertex -3.200000 0.625000 1.082532
    endloop
  endfacet
  facet normal 1.000000 0.000000 0.000000
    outer loop
      vertex -3.200000 0.000000 0.000000
      vertex -3.200000 0.323524 1.207407
      vertex -3.200000 0.000000 1.250000
    endloop
  endfacet
  facet normal -1.000000 0.000000 0.000000
    outer loop
      vertex 3.200000 -0.000000 0.000000
      vertex 3.200000 -0.000000 1.250000
      vertex 3.200000 0.323524 1.207407
    endloop
  endfacet
  facet normal -0.000000 -0.130526 -0.991445
    outer loop
      vertex 3.200000 0.323524 1.207407
      vertex 3.200000 -0.000000 1.250000
      vertex -3.200000 0.000000 1.250000
    endloop
  endfacet
  facet normal -0.000000 -0.130526 -0.991445
    outer loop
      vertex 3.200000 0.323524 1.207407
      vertex -3.200000 0.000000 1.250000
      vertex -3.200000 0.323524 1.207407
    endloop
  endfacet
  facet normal 1.000000 0.000000 0.000000
    outer loop
      vertex -3.200000 0.000000 0.000000
      vertex -3.200000 0.000000 1.250000
      vertex -3.200000 -0.323524 1.207407
    endloop
  endfacet
  facet normal -1.000000 0.000000 0.000000
    outer loop
      vertex 3.200000 -0.000000 0.000000
      vertex 3.200000 -0.323524 1.207407
      vertex 3.200000 -0.000000 1.250000
    endloop
  endfacet
  facet normal 0.000000 0.130526 -0.991445
    outer loop
      vertex 3.200000 -0.000000 1.250000
      vertex 3.200000 -0.323524 1.207407
      vertex -3.200000 -0.323524 1.207407
    endloop
  endfacet
  facet normal 0.000000 0.130526 -0.991445
    outer loop
      vertex 3.200000 -0.000000 1.250000
      vertex -3.200000 -0.323524 1.207407
      vertex -3.200000 0.000000 1.250000
    endloop
  endfacet
  facet normal 1.000000 0.000000 0.000000
    outer loop
      vertex -3.200000 0.000000 0.000000
      vertex -3.200000 -0.323524 1.207407
      vertex -3.200000 -0.625000 1.082532
    endloop
  endfacet
  facet normal -1.000000 0.000000 0.000000
    outer loop
      vertex 3.200000 -0.000000 0.000000
      vertex 3.200000 -0.625000 1.082532
      vertex 3.200000 -0.323524 1.207407
    endloop
  endfacet
  facet normal 0.000000 0.382683 -0.923880
    outer loop
      vertex 3.200000 -0.323524 1.207407
      vertex 3.200000 -0.625000 1.082532
      vertex -3.200000 -0.625000 1.082532
    endloop
  endfacet
  facet normal 0.000000 0.382683 -0.923880
    outer loop
      vertex 3.200000 -0.323524 1.207407
      vertex -3.200000 -0.625000 1.082532
      vertex -3.200000 -0.323524 1.207407
    endloop
  endfacet
  facet normal 1.000000 0.000000 0.000000
    outer loop
      vertex -3.200000 0.000000 0.000000
      vertex -3.200000 -0.625000 1.082532
      vertex -3.200000 -0.883883 0.883883
    endloop
  endfacet
  facet normal -1.000000 0.000000 0.000000
    outer loop
      vertex 3.200000 -0.000000 0.000000
      vertex 3.200000 -0.883883 0.883883
      vertex 3.200000 -0.625000 1.082532
    endloop
  endfacet
  facet normal 0.000000 0.608761 -0.793353
    outer loop
      vertex 3.200000 -0.625000 1.082532
      vertex 3.200000 -0.883883 0.883883
      vertex -3.200000 -0.883883 0.883883
    endloop
  endfacet
  facet normal 0.000000 0.608761 -0.793353
    outer loop
      vertex 3.200000 -0.625000 1.082532
      vertex -3.200000 -0.883883 0.883883
      vertex -3.200000 -0.625000 1.082532
    endloop
  endfacet
  facet normal 1.000000 0.000000 0.000000
    outer loop
      vertex -3.200000 0.000000 0.000000
      vertex -3.200000 -0.883883 0.883883
      vertex -3.200000 -1.082532 0.625000
    endloop
  endfacet
  facet normal -1.000000 0.000000 0.000000
    outer loop
      vertex 3.200000 -0.000000 0.000000
      vertex 3.200000 -1.082532 0.625000
      vertex 3.200000 -0.883883 0.883883
    endloop
  endfacet
  facet normal 0.000000 0.793353 -0.608761
    outer loop
      vertex 3.200000 -0.883883 0.883883
      vertex 3.200000 -1.082532 0.625000
      vertex -3.200000 -1.082532 0.625000
    endloop
  endfacet
  facet normal 0.000000 0.793353 -0.608761
    outer loop
      vertex 3.200000 -0.883883 0.883883
      vertex -3.200000 -1.082532 0.625000
      vertex -3.200000 -0.883883 0.883883
    endloop
  endfacet
  facet normal 1.000000 0.000000 0.000000
    outer loop
      vertex -3.200000 0.000000 0.000000
      vertex -3.200000 -1.082532 0.625000
      vertex -3.200000 -1.207407 0.323524
    endloop
  endfacet
  facet normal -1.000000 0.000000 0.000000
    outer loop
      vertex 3.200000 -0.000000 0.000000
      vertex 3.200000 -1.207407 0.323524
      vertex 3.200000 -1.082532 0.625000
    endloop
  endfacet
  facet normal 0.000000 0.923880 -0.382683
    outer loop
      vertex 3.200000 -1.082532 0.625000
      vertex 3.200000 -1.207407 0.323524
      vertex -3.200000 -1.207407 0.323524
    endloop
  endfacet
  facet normal 0.000000 0.923880 -0.382683
    outer loop
      vertex 3.200000 -1.082532 0.625000
      vertex -3.200000 -1.207407 0.323524
      vertex -3.200000 -1.082532 0.625000
    endloop
  endfacet
  facet normal 1.000000 0.000000 0.000000
    outer loop
      vertex -3.200000 0.000000 0.000000
      vertex -3.200000 -1.207407 0.323524
      vertex -3.200000 -1.250000 0.000000
    endloop
  endfacet
  facet normal -1.000000 0.000000 0.000000
    outer loop
      vertex 3.200000 -0.000000 0.000000
      vertex 3.200000 -1.250000 0.000000
      vertex 3.200000 -1.207407 0.323524
    endloop
  endfacet
  facet normal 0.000000 0.991445 -0.130526
    outer loop
      vertex 3.200000 -1.207407 0.323524
      vertex 3.200000 -1.250000 0.000000
      vertex -3.200000 -1.250000 0.000000
    endloop
  endfacet
  facet normal 0.000000 0.991445 -0.130526
    outer loop
      vertex 3.200000 -1.207407 0.323524
      vertex -3.200000 -1.250000 0.000000
      vertex -3.200000 -1.207407 0.323524
    endloop
  endfacet
  facet normal 1.000000 0.000000 0.000000
    outer loop
      vertex -3.200000 0.000000 0.000000
      vertex -3.200000 -1.250000 0.000000
      vertex -3.200000 -1.207407 -0.323524
    endloop
  endfacet
  facet normal -1.000000 0.000000 0.000000
    outer loop
      vertex 3.200000 -0.000000 0.000000
      vertex 3.200000 -1.207407 -0.323524
      vertex 3.200000 -1.250000 0.000000
    endloop
  endfacet
  facet normal 0.000000 0.991445 0.130526
    outer loop
      vertex 3.200000 -1.250000 0.000000
      vertex 3.200000 -1.207407 -0.323524
      vertex -3.200000 -1.207407 -0.323524
    endloop
  endfacet
  facet normal 0.000000 0.991445 0.130526
    outer loop
      vertex 3.200000 -1.250000 0.000000
      vertex -3.200000 -1.207407 -0.323524
      vertex -3.200000 -1.250000 0.000000
    endloop
  endfacet
  facet normal 1.000000 0.000000 0.000000
    outer loop
      vertex -3.200000 0.000000 0.000000
      vertex -3.200000 -1.207407 -0.323524
      vertex -3.200000 -1.082532 -0.625000
    endloop
  endfacet
  facet normal -1.000000 0.000000 0.000000
    outer loop
      vertex 3.200000 -0.000000 0.000000
      vertex 3.200000 -1.082532 -0.625000
      vertex 3.200000 -1.207407 -0.323524
    endloop
  endfacet
  facet normal 0.000000 0.923880 0.382683
    outer loop
      vertex 3.200000 -1.207407 -0.323524
      vertex 3.200000 -1.082532 -0.625000
      vertex -3.200000 -1.082532 -0.625000
    endloop
  endfacet
  facet normal 0.000000 0.923880 0.382683
    outer loop
      vertex 3.200000 -1.207407 -0.323524
      vertex -3.200000 -1.082532 -0.625000
      vertex -3.200000 -1.207407 -0.323524
    endloop
  endfacet
  facet normal 1.000000 0.000000 0.000000
    outer loop
      vertex -3.200000 0.000000 0.000000
      vertex -3.200000 -1.082532 -0.625000
      vertex -3.200000 -0.883883 -0.883883
    endloop
  endfacet
  facet normal -1.000000 0.000000 0.000000
    outer loop
      vertex 3.200000 -0.000000 0.000000
      vertex 3.200000 -0.883883 -0.883883
      vertex 3.200000 -1.082532 -0.625000
    endloop
  endfacet
  facet normal 0.000000 0.793353 0.608761
    outer loop
      vertex 3.200000 -1.082532 -0.625000
      vertex 3.200000 -0.883883 -0.883883
      vertex -3.200000 -0.883883 -0.883883
    endloop
  endfacet
  facet normal 0.000000 0.793353 0.608761
    outer loop
      vertex 3.200000 -1.082532 -0.625000
      vertex -3.200000 -0.883883 -0.883883
      vertex -3.200000 -1.082532 -0.625000
    endloop
  endfacet
  facet normal 1.000000 0.000000 0.000000
    outer loop
      vertex -3.200000 0.000000 0.000000
      vertex -3.200000 -0.883883 -0.883883
      vertex -3.200000 -0.625000 -1.082532
    endloop
  endfacet
  facet normal -1.000000 0.000000 0.000000
    outer loop
      vertex 3.200000 -0.000000 0.000000
      vertex 3.200000 -0.625000 -1.082532
      vertex 3.200000 -0.883883 -0.883883
    endloop
  endfacet
  facet normal 0.000000 0.608761 0.793353
    outer loop
      vertex 3.200000 -0.883883 -0.883883
      vertex 3.200000 -0.625000 -1.082532
      vertex -3.200000 -0.625000 -1.082532
    endloop
  endfacet
  facet normal 0.000000 0.608761 0.793353
    outer loop
      vertex 3.200000 -0.883883 -0.883883
      vertex -3.200000 -0.625000 -1.082532
      vertex -3.200000 -0.883883 -0.883883
    endloop
  endfacet
  facet normal 1.000000 0.000000 0.000000
    outer loop
      vertex -3.200000 0.000000 0.000000
      vertex -3.200000 -0.625000 -1.082532
      vertex -3.200000 -0.323524 -1.207407
    endloop
  endfacet
  facet normal -1.000000 0.000000 0.000000
    outer loop
      vertex 3.200000 -0.000000 0.000000
      vertex 3.200000 -0.323524 -1.207407
      vertex 3.200000 -0.625000 -1.082532
    endloop
  endfacet
  facet normal 0.000000 0.382683 0.923880
    outer loop
      vertex 3.200000 -0.625000 -1.082532
      vertex 3.200000 -0.323524 -1.207407
      vertex -3.200000 -0.323524 -1.207407
    endloop
  endfacet
  facet normal 0.000000 0.382683 0.923880
    outer loop
      vertex 3.200000 -0.625000 -1.082532
      vertex -3.200000 -0.323524 -1.207407
      vertex -3.200000 -0.625000 -1.082532
    endloop
  endfacet
  facet normal 1.000000 0.000000 0.000000
    outer loop
      vertex -3.200000 0.000000 0.000000
      vertex -3.200000 -0.323524 -1.207407
      vertex -3.200000 -0.000000 -1.250000
    endloop
  endfacet
  facet normal -1.000000 0.000000 0.000000
    outer loop
      vertex 3.200000 -0.000000 0.000000
      vertex 3.200000 -0.000000 -1.250000
      vertex 3.200000 -0.323524 -1.207407
    endloop
  endfacet
  facet normal 0.000000 0.130526 0.991445
    outer loop
      vertex 3.200000 -0.323524 -1.207407
      vertex 3.200000 -0.000000 -1.250000
      vertex -3.200000 -0.000000 -1.250000
    endloop
  endfacet
  facet normal 0.000000 0.130526 0.991445
    outer loop
      vertex 3.200000 -0.323524 -1.207407
      vertex -3.200000 -0.000000 -1.250000
      vertex -3.200000 -0.323524 -1.207407
    endloop
  endfacet
  facet normal 1.000000 0.000000 0.000000
    outer loop
      vertex -3.200000 0.000000 0.000000
      vertex -3.200000 -0.000000 -1.250000
      vertex -3.200000 0.323524 -1.207407
    endloop
  endfacet
  facet normal -1.000000 0.000000 0.000000
    outer loop
      vertex 3.200000 -0.000000 0.000000
      vertex 3.200000 0.323524 -1.207407
      vertex 3.200000 -0.000000 -1.250000
    endloop
  endfacet
  facet normal -0.000000 -0.130526 0.991445
    outer loop
      vertex 3.200000 -0.000000 -1.250000
      vertex 3.200000 0.323524 -1.207407
      vertex -3.200000 0.323524 -1.207407
    endloop
  endfacet
  facet normal -0.000000 -0.130526 0.991445
    outer loop
      vertex 3.200000 -0.000000 -1.250000
      vertex -3.200000 0.323524 -1.207407
      vertex -3.200000 -0.000000 -1.250000
    endloop
  endfacet
  facet normal 1.000000 0.000000 0.000000
    outer loop
      vertex -3.200000 0.000000 0.000000
      vertex -3.200000 0.323524 -1.207407
      vertex -3.200000 0.625000 -1.082532
    endloop
  endfacet
  facet normal -1.000000 0.000000 0.000000
    outer loop
      vertex 3.200000 -0.000000 0.000000
      vertex 3.200000 0.625000 -1.082532
      vertex 3.200000 0.323524 -1.207407
    endloop
  endfacet
  facet normal -0.000000 -0.382683 0.923880
    outer loop
      vertex 3.200000 0.323524 -1.207407
      vertex 3.200000 0.625000 -1.082532
      vertex -3.200000 0.625000 -1.082532
    endloop
  endfacet
  facet normal -0.000000 -0.382683 0.923880
    outer loop
      vertex 3.200000 0.323524 -1.207407
      vertex -3.200000 0.625000 -1.082532
      vertex -3.200000 0.323524 -1.207407
    endloop
  endfacet
  facet normal 1.000000 0.000000 0.000000
    outer loop
      vertex -3.200000 0.000000 0.000000
      vertex -3.200000 0.625000 -1.082532
      vertex -3.200000 0.883883 -0.883883
    endloop
  endfacet
  facet normal -1.000000 0.000000 0.000000
    outer loop
      vertex 3.200000 -0.000000 0.000000
      vertex 3.200000 0.883883 -0.883883
      vertex 3.200000 0.625000 -1.082532
    endloop
  endfacet
  facet normal -0.000000 -0.608761 0.793353
    outer loop
      vertex 3.200000 0.625000 -1.082532
      vertex 3.200000 0.883883 -0.883883
      vertex -3.200000 0.883883 -0.883883
    endloop
  endfacet
  facet normal -0.000000 -0.608761 0.793353
    outer loop
      vertex 3.200000 0.625000 -1.082532
      vertex -3.200000 0.883883 -0.883883
      vertex -3.200000 0.625000 -1.082532
    endloop
  endfacet
  facet normal 1.000000 0.000000 0.000000
    outer loop
      vertex -3.200000 0.000000 0.000000
      vertex -3.200000 0.883883 -0.883883
      vertex -3.200000 1.082532 -0.625000
    endloop
  endfacet
  facet normal -1.000000 0.000000 0.000000
    outer loop
      vertex 3.200000 -0.000000 0.000000
      vertex 3.200000 1.082532 -0.625000
      vertex 3.200000 0.883883 -0.883883
    endloop
  endfacet
  facet normal -0.000000 -0.793353 0.608761
    outer loop
      vertex 3.200000 0.883883 -0.883883
      vertex 3.200000 1.082532 -0.625000
      vertex -3.200000 1.082532 -0.625000
    endloop
  endfacet
  facet normal -0.000000 -0.793353 0.608761
    outer loop
      vertex 3.200000 0.883883 -0.883883
      vertex -3.200000 1.082532 -0.625000
      vertex -3.200000 0.883883 -0.883883
    endloop
  endfacet
  facet normal 1.000000 0.000000 0.000000
    outer loop
      vertex -3.200000 0.000000 0.000000
      vertex -3.200000 1.082532 -0.625000
      vertex -3.200000 1.207407 -0.323524
    endloop
  endfacet
  facet normal -1.000000 0.000000 0.000000
    outer loop
      vertex 3.200000 -0.000000 0.000000
      vertex 3.200000 1.207407 -0.323524
      vertex 3.200000 1.082532 -0.625000
    endloop
  endfacet
  facet normal -0.000000 -0.923880 0.382683
    outer loop
      vertex 3.200000 1.082532 -0.625000
      vertex 3.200000 1.207407 -0.323524
      vertex -3.200000 1.207407 -0.323524
    endloop
  endfacet
  facet normal -0.000000 -0.923880 0.382683
    outer loop
      vertex 3.200000 1.082532 -0.625000
      vertex -3.200000 1.207407 -0.323524
      vertex -3.200000 1.082532 -0.625000
    endloop
  endfacet
  facet normal 1.000000 0.000000 0.000000
    outer loop
      vertex -3.200000 0.000000 0.000000
      vertex -3.200000 1.207407 -0.323524
      vertex -3.200000 1.250000 0.000000
    endloop
  endfacet
  facet normal -1.000000 0.000000 0.000000
    outer loop
      vertex 3.200000 -0.000000 0.000000
      vertex 3.200000 1.250000 0.000000
      vertex 3.200000 1.207407 -0.323524
    endloop
  endfacet
  facet normal -0.000000 -0.991445 0.130526
    outer loop
      vertex 3.200000 1.207407 -0.323524
      vertex 3.200000 1.250000 0.000000
      vertex -3.200000 1.250000 0.000000
    endloop
  endfacet
  facet normal -0.000000 -0.991445 0.130526
    outer loop
      vertex 3.200000 1.207407 -0.323524
      vertex -3.200000 1.250000 0.000000
      vertex -3.200000 1.207407 -0.323524
    endloop
  endfacet
  facet normal 1.000000 -0.000000 -0.000000
    outer loop
      vertex -2.250000 0.000000 0.000000
      vertex -2.250000 1.310000 0.000000
      vertex -2.250000 1.265363 0.339053
    endloop
  endfacet
  facet normal -1.000000 0.000000 0.000000
    outer loop
      vertex -1.850000 -0.000000 0.000000
      vertex -1.850000 1.265363 0.339053
      vertex -1.850000 1.310000 0.000000
    endloop
  endfacet
  facet normal 0.000000 -0.991445 -0.130526
    outer loop
      vertex -1.850000 1.310000 0.000000
      vertex -1.850000 1.265363 0.339053
      vertex -2.250000 1.265363 0.339053
    endloop
  endfacet
  facet normal 0.000000 -0.991445 -0.130526
    outer loop
      vertex -1.850000 1.310000 0.000000
      vertex -2.250000 1.265363 0.339053
      vertex -2.250000 1.310000 0.000000
    endloop
  endfacet
  facet normal 1.000000 -0.000000 -0.000000
    outer loop
      vertex -2.250000 0.000000 0.000000
      vertex -2.250000 1.265363 0.339053
      vertex -2.250000 1.134493 0.655000
    endloop
  endfacet
  facet normal -1.000000 0.000000 0.000000
    outer loop
      vertex -1.850000 -0.000000 0.000000
      vertex -1.850000 1.134493 0.655000
      vertex -1.850000 1.265363 0.339053
    endloop
  endfacet
  facet normal 0.000000 -0.923880 -0.382683
    outer loop
      vertex -1.850000 1.265363 0.339053
      vertex -1.850000 1.134493 0.655000
      vertex -2.250000 1.134493 0.655000
    endloop
  endfacet
  facet normal 0.000000 -0.923880 -0.382683
    outer loop
      vertex -1.850000 1.265363 0.339053
      vertex -2.250000 1.134493 0.655000
      vertex -2.250000 1.265363 0.339053
    endloop
  endfacet
  facet normal 1.000000 -0.000000 0.000000
    outer loop
      vertex -2.250000 0.000000 0.000000
      vertex -2.250000 1.134493 0.655000
      vertex -2.250000 0.926310 0.926310
    endloop
  endfacet
  facet normal -1.000000 0.000000 0.000000
    outer loop
      vertex -1.850000 -0.000000 0.000000
      vertex -1.850000 0.926310 0.926310
      vertex -1.850000 1.134493 0.655000
    endloop
  endfacet
  facet normal 0.000000 -0.793353 -0.608761
    outer loop
      vertex -1.850000 1.134493 0.655000
      vertex -1.850000 0.926310 0.926310
      vertex -2.250000 0.926310 0.926310
    endloop
  endfacet
  facet normal 0.000000 -0.793353 -0.608761
    outer loop
      vertex -1.850000 1.134493 0.655000
      vertex -2.250000 0.926310 0.926310
      vertex -2.250000 1.134493 0.655000
    endloop
  endfacet
  facet normal 1.000000 0.000000 0.000000
    outer loop
      vertex -2.250000 0.000000 0.000000
      vertex -2.250000 0.926310 0.926310
      vertex -2.250000 0.655000 1.134493
    endloop
  endfacet
  facet normal -1.000000 0.000000 -0.000000
    outer loop
      vertex -1.850000 -0.000000 0.000000
      vertex -1.850000 0.655000 1.134493
      vertex -1.850000 0.926310 0.926310
    endloop
  endfacet
  facet normal 0.000000 -0.608761 -0.793353
    outer loop
      vertex -1.850000 0.926310 0.926310
      vertex -1.850000 0.655000 1.134493
      vertex -2.250000 0.655000 1.134493
    endloop
  endfacet
  facet normal 0.000000 -0.608761 -0.793353
    outer loop
      vertex -1.850000 0.926310 0.926310
      vertex -2.250000 0.655000 1.134493
      vertex -2.250000 0.926310 0.926310
    endloop
  endfacet
  facet normal 1.000000 0.000000 0.000000
    outer loop
      vertex -2.250000 0.000000 0.000000
      vertex -2.250000 0.655000 1.134493
      vertex -2.250000 0.339053 1.265363
    endloop
  endfacet
  facet normal -1.000000 0.000000 0.000000
    outer loop
      vertex -1.850000 -0.000000 0.000000
      vertex -1.850000 0.339053 1.265363
      vertex -1.850000 0.655000 1.134493
    endloop
  endfacet
  facet normal 0.000000 -0.382683 -0.923880
    outer loop
      vertex -1.850000 0.655000 1.134493
      vertex -1.850000 0.339053 1.265363
      vertex -2.250000 0.339053 1.265363
    endloop
  endfacet
  facet normal 0.000000 -0.382683 -0.923880
    outer loop
      vertex -1.850000 0.655000 1.134493
      vertex -2.250000 0.339053 1.265363
      vertex -2.250000 0.655000 1.134493
    endloop
  endfacet
  facet normal 1.000000 0.000000 0.000000
    outer loop
      vertex -2.250000 0.000000 0.000000
      vertex -2.250000 0.339053 1.265363
      vertex -2.250000 0.000000 1.310000
    endloop
  endfacet
  facet normal -1.000000 0.000000 0.000000
    outer loop
      vertex -1.850000 -0.000000 0.000000
      vertex -1.850000 0.000000 1.310000
      vertex -1.850000 0.339053 1.265363
    endloop
  endfacet
  facet normal -0.000000 -0.130526 -0.991445
    outer loop
      vertex -1.850000 0.339053 1.265363
      vertex -1.850000 0.000000 1.310000
      vertex -2.250000 0.000000 1.310000
    endloop
  endfacet
  facet normal 0.000000 -0.130526 -0.991445
    outer loop
      vertex -1.850000 0.339053 1.265363
      vertex -2.250000 0.000000 1.310000
      vertex -2.250000 0.339053 1.265363
    endloop
  endfacet
  facet normal 1.000000 0.000000 0.000000
    outer loop
      vertex -2.250000 0.000000 0.000000
      vertex -2.250000 0.000000 1.310000
      vertex -2.250000 -0.339053 1.265363
    endloop
  endfacet
  facet normal -1.000000 0.000000 0.000000
    outer loop
      vertex -1.850000 -0.000000 0.000000
      vertex -1.850000 -0.339053 1.265363
      vertex -1.850000 0.000000 1.310000
    endloop
  endfacet
  facet normal 0.000000 0.130526 -0.991445
    outer loop
      vertex -1.850000 0.000000 1.310000
      vertex -1.850000 -0.339053 1.265363
      vertex -2.250000 -0.339053 1.265363
    endloop
  endfacet
  facet normal 0.000000 0.130526 -0.991445
    outer loop
      vertex -1.850000 0.000000 1.310000
      vertex -2.250000 -0.339053 1.265363
      vertex -2.250000 0.000000 1.310000
    endloop
  endfacet
  facet normal 1.000000 0.000000 0.000000
    outer loop
      vertex -2.250000 0.000000 0.000000
      vertex -2.250000 -0.339053 1.265363
      vertex -2.250000 -0.655000 1.134493
    endloop
  endfacet
  facet normal -1.000000 0.000000 0.000000
    outer loop
      vertex -1.850000 -0.000000 0.000000
      vertex -1.850000 -0.655000 1.134493
      vertex -1.850000 -0.339053 1.265363
    endloop
  endfacet
  facet normal 0.000000 0.382683 -0.923880
    outer loop
      vertex -1.850000 -0.339053 1.265363
      vertex -1.850000 -0.655000 1.134493
      vertex -2.250000 -0.655000 1.134493
    endloop
  endfacet
  facet normal 0.000000 0.382683 -0.923880
    outer loop
      vertex -1.850000 -0.339053 1.265363
      vertex -2.250000 -0.655000 1.134493
      vertex -2.250000 -0.339053 1.265363
    endloop
  endfacet
  facet normal 1.000000 0.000000 0.000000
    outer loop
      vertex -2.250000 0.000000 0.000000
      vertex -2.250000 -0.655000 1.134493
      vertex -2.250000 -0.926310 0.926310
    endloop
  endfacet
  facet normal -1.000000 0.000000 0.000000
    outer loop
      vertex -1.850000 -0.000000 0.000000
      vertex -1.850000 -0.926310 0.926310
      vertex -1.850000 -0.655000 1.134493
    endloop
  endfacet
  facet normal 0.000000 0.608761 -0.793353
    outer loop
      vertex -1.850000 -0.655000 1.134493
      vertex -1.850000 -0.926310 0.926310
      vertex -2.250000 -0.926310 0.926310
    endloop
  endfacet
  facet normal 0.000000 0.608761 -0.793353
    outer loop
      vertex -1.850000 -0.655000 1.134493
      vertex -2.250000 -0.926310 0.926310
      vertex -2.250000 -0.655000 1.134493
    endloop
  endfacet
  facet normal 1.000000 0.000000 0.000000
    outer loop
      vertex -2.250000 0.000000 0.000000
      vertex -2.250000 -0.926310 0.926310
      vertex -2.250000 -1.134493 0.655000
    endloop
  endfacet
  facet normal -1.000000 0.000000 0.000000
    outer loop
      vertex -1.850000 -0.000000 0.000000
      vertex -1.850000 -1.134493 0.655000
      vertex -1.850000 -0.926310 0.926310
    endloop
  endfacet
  facet normal 0.000000 0.793353 -0.608761
    outer loop
      vertex -1.850000 -0.926310 0.926310
      vertex -1.850000 -1.134493 0.655000
      vertex -2.250000 -1.134493 0.655000
    endloop
  endfacet
  facet normal 0.000000 0.793353 -0.608761
    outer loop
      vertex -1.850000 -0.926310 0.926310
      vertex -2.250000 -1.134493 0.655000
      vertex -2.250000 -0.926310 0.926310
    endloop
  endfacet
  facet normal 1.000000 0.000000 0.000000
    outer loop
      vertex -2.250000 0.000000 0.000000
      vertex -2.250000 -1.134493 0.655000
      vertex -2.250000 -1.265363 0.339053
    endloop
  endfacet
  facet normal -1.000000 0.000000 0.000000
    outer loop
      vertex -1.850000 -0.000000 0.000000
      vertex -1.850000 -1.265363 0.339053
      vertex -1.850000 -1.134493 0.655000
    endloop
  endfacet
  facet normal 0.000000 0.923880 -0.382683
    outer loop
      vertex -1.850000 -1.134493 0.655000
      vertex -1.850000 -1.265363 0.339053
      vertex -2.250000 -1.265363 0.339053
    endloop
  endfacet
  facet normal 0.000000 0.923880 -0.382683
    outer loop
      vertex -1.850000 -1.134493 0.655000
      vertex -2.250000 -1.265363 0.339053
      vertex -2.250000 -1.134493 0.655000
    endloop
  endfacet
  facet normal 1.000000 0.000000 0.000000
    outer loop
      vertex -2.250000 0.000000 0.000000
      vertex -2.250000 -1.265363 0.339053
      vertex -2.250000 -1.310000 0.000000
    endloop
  endfacet
  facet normal -1.000000 0.000000 0.000000
    outer loop
      vertex -1.850000 -0.000000 0.000000
      vertex -1.850000 -1.310000 0.000000
      vertex -1.850000 -1.265363 0.339053
    endloop
  endfacet
  facet normal 0.000000 0.991445 -0.130526
    outer loop
      vertex -1.850000 -1.265363 0.339053
      vertex -1.850000 -1.310000 0.000000
      vertex -2.250000 -1.310000 0.000000
    endloop
  endfacet
  facet normal 0.000000 0.991445 -0.130526
    outer loop
      vertex -1.850000 -1.265363 0.339053
      vertex -2.250000 -1.310000 0.000000
      vertex -2.250000 -1.265363 0.339053
    endloop
  endfacet
  facet normal 1.000000 0.000000 0.000000
    outer loop
      vertex -2.250000 0.000000 0.000000
      vertex -2.250000 -1.310000 0.000000
      vertex -2.250000 -1.265363 -0.339053
    endloop
  endfacet
  facet normal -1.000000 0.000000 0.000000
    outer loop
      vertex -1.850000 -0.000000 0.000000
      vertex -1.850000 -1.265363 -0.339053
      vertex -1.850000 -1.310000 0.000000
    endloop
  endfacet
  facet normal 0.000000 0.991445 0.130526
    outer loop
      vertex -1.850000 -1.310000 0.000000
      vertex -1.850000 -1.265363 -0.339053
      vertex -2.250000 -1.265363 -0.339053
    endloop
  endfacet
  facet normal 0.000000 0.991445 0.130526
    outer loop
      vertex -1.850000 -1.310000 0.000000
      vertex -2.250000 -1.265363 -0.339053
      vertex -2.250000 -1.310000 0.000000
    endloop
  endfacet
  facet normal 1.000000 0.000000 0.000000
    outer loop
      vertex -2.250000 0.000000 0.000000
      vertex -2.250000 -1.265363 -0.339053
      vertex -2.250000 -1.134493 -0.655000
    endloop
  endfacet
  facet normal -1.000000 0.000000 0.000000
    outer loop
      vertex -1.850000 -0.000000 0.000000
      vertex -1.850000 -1.134493 -0.655000
      vertex -1.850000 -1.265363 -0.339053
    endloop
  endfacet
  facet normal 0.000000 0.923880 0.382683
    outer loop
      vertex -1.850000 -1.265363 -0.339053
      vertex -1.850000 -1.134493 -0.655000
      vertex -2.250000 -1.134493 -0.655000
    endloop
  endfacet
  facet normal 0.000000 0.923880 0.382683
    outer loop
      vertex -1.850000 -1.265363 -0.339053
      vertex -2.250000 -1.134493 -0.655000
      vertex -2.250000 -1.265363 -0.339053
    endloop
  endfacet
  facet normal 1.000000 0.000000 0.000000
    outer loop
      vertex -2.250000 0.000000 0.000000
      vertex -2.250000 -1.134493 -0.655000
      vertex -2.250000 -0.926310 -0.926310
    endloop
  endfacet
  facet normal -1.000000 0.000000 0.000000
    outer loop
      vertex -1.850000 -0.000000 0.000000
      vertex -1.850000 -0.926310 -0.926310
      vertex -1.850000 -1.134493 -0.655000
    endloop
  endfacet
  facet normal 0.000000 0.793353 0.608761
    outer loop
      vertex -1.850000 -1.134493 -0.655000
      vertex -1.850000 -0.926310 -0.926310
      vertex -2.250000 -0.926310 -0.926310
    endloop
  endfacet
  facet normal 0.000000 0.793353 0.608761
    outer loop
      vertex -1.850000 -1.134493 -0.655000
      vertex -2.250000 -0.926310 -0.926310
      vertex -2.250000 -1.134493 -0.655000
    endloop
  endfacet
  facet normal 1.000000 0.000000 0.000000
    outer loop
      vertex -2.250000 0.000000 0.000000
      vertex -2.250000 -0.926310 -0.926310
      vertex -2.250000 -0.655000 -1.134493
    endloop
  endfacet
  facet normal -1.000000 0.000000 0.000000
    outer loop
      vertex -1.850000 -0.000000 0.000000
      vertex -1.850000 -0.655000 -1.134493
      vertex -1.850000 -0.926310 -0.926310
    endloop
  endfacet
  facet normal 0.000000 0.608761 0.793353
    outer loop
      vertex -1.850000 -0.926310 -0.926310
      vertex -1.850000 -0.655000 -1.134493
      vertex -2.250000 -0.655000 -1.134493
    endloop
  endfacet
  facet normal 0.000000 0.608761 0.793353
    outer loop
      vertex -1.850000 -0.926310 -0.926310
      vertex -2.250000 -0.655000 -1.134493
      vertex -2.250000 -0.926310 -0.926310
    endloop
  endfacet
  facet normal 1.000000 0.000000 0.000000
    outer loop
      vertex -2.250000 0.000000 0.000000
      vertex -2.250000 -0.655000 -1.134493
      vertex -2.250000 -0.339053 -1.265363
    endloop
  endfacet
  facet normal -1.000000 0.000000 0.000000
    outer loop
      vertex -1.850000 -0.000000 0.000000
      vertex -1.850000 -0.339053 -1.265363
      vertex -1.850000 -0.655000 -1.134493
    endloop
  endfacet
  facet normal 0.000000 0.382683 0.923880
    outer loop
      vertex -1.850000 -0.655000 -1.134493
      vertex -1.850000 -0.339053 -1.265363
      vertex -2.250000 -0.339053 -1.265363
    endloop
  endfacet
  facet normal 0.000000 0.382683 0.923880
    outer loop
      vertex -1.850000 -0.655000 -1.134493
      vertex -2.250000 -0.339053 -1.265363
      vertex -2.250000 -0.655000 -1.134493
    endloop
  endfacet
  facet normal 1.000000 0.000000 0.000000
    outer loop
      vertex -2.250000 0.000000 0.000000
      vertex -2.250000 -0.339053 -1.265363
      vertex -2.250000 -0.000000 -1.310000
    endloop
  endfacet
  facet normal -1.000000 0.000000 0.000000
    outer loop
      vertex -1.850000 -0.000000 0.000000
      vertex -1.850000 -0.000000 -1.310000
      vertex -1.850000 -0.339053 -1.265363
    endloop
  endfacet
  facet normal 0.000000 0.130526 0.991445
    outer loop
      vertex -1.850000 -0.339053 -1.265363
      vertex -1.850000 -0.000000 -1.310000
      vertex -2.250000 -0.000000 -1.310000
    endloop
  endfacet
  facet normal 0.000000 0.130526 0.991445
    outer loop
      vertex -1.850000 -0.339053 -1.265363
      vertex -2.250000 -0.000000 -1.310000
      vertex -2.250000 -0.339053 -1.265363
    endloop
  endfacet
  facet normal 1.000000 0.000000 0.000000
    outer loop
      vertex -2.250000 0.000000 0.000000
      vertex -2.250000 -0.000000 -1.310000
      vertex -2.250000 0.339053 -1.265363
    endloop
  endfacet
  facet normal -1.000000 0.000000 0.000000
    outer loop
      vertex -1.850000 -0.000000 0.000000
      vertex -1.850000 0.339053 -1.265363
      vertex -1.850000 -0.000000 -1.310000
    endloop
  endfacet
  facet normal 0.000000 -0.130526 0.991445
    outer loop
      vertex -1.850000 -0.000000 -1.310000
      vertex -1.850000 0.339053 -1.265363
      vertex -2.250000 0.339053 -1.265363
    endloop
  endfacet
  facet normal -0.000000 -0.130526 0.991445
    outer loop
      vertex -1.850000 -0.000000 -1.310000
      vertex -2.250000 0.339053 -1.265363
      vertex -2.250000 -0.000000 -1.310000
    endloop
  endfacet
  facet normal 1.000000 0.000000 0.000000
    outer loop
      vertex -2.250000 0.000000 0.000000
      vertex -2.250000 0.339053 -1.265363
      vertex -2.250000 0.655000 -1.134493
    endloop
  endfacet
  facet normal -1.000000 0.000000 0.000000
    outer loop
      vertex -1.850000 -0.000000 0.000000
      vertex -1.850000 0.655000 -1.134493
      vertex -1.850000 0.339053 -1.265363
    endloop
  endfacet
  facet normal 0.000000 -0.382683 0.923880
    outer loop
      vertex -1.850000 0.339053 -1.265363
      vertex -1.850000 0.655000 -1.134493
      vertex -2.250000 0.655000 -1.134493
    endloop
  endfacet
  facet normal 0.000000 -0.382683 0.923880
    outer loop
      vertex -1.850000 0.339053 -1.265363
      vertex -2.250000 0.655000 -1.134493
      vertex -2.250000 0.339053 -1.265363
    endloop
  endfacet
  facet normal 1.000000 0.000000 0.000000
    outer loop
      vertex -2.250000 0.000000 0.000000
      vertex -2.250000 0.655000 -1.134493
      vertex -2.250000 0.926310 -0.926310
    endloop
  endfacet
  facet normal -1.000000 0.000000 0.000000
    outer loop
      vertex -1.850000 -0.000000 0.000000
      vertex -1.850000 0.926310 -0.926310
      vertex -1.850000 0.655000 -1.134493
    endloop
  endfacet
  facet normal 0.000000 -0.608761 0.793353
    outer loop
      vertex -1.850000 0.655000 -1.134493
      vertex -1.850000 0.926310 -0.926310
      vertex -2.250000 0.926310 -0.926310
    endloop
  endfacet
  facet normal 0.000000 -0.608761 0.793353
    outer loop
      vertex -1.850000 0.655000 -1.134493
      vertex -2.250000 0.926310 -0.926310
      vertex -2.250000 0.655000 -1.134493
    endloop
  endfacet
  facet normal 1.000000 -0.000000 -0.000000
    outer loop
      vertex -2.250000 0.000000 0.000000
      vertex -2.250000 0.926310 -0.926310
      vertex -2.250000 1.134493 -0.655000
    endloop
  endfacet
  facet normal -1.000000 0.000000 -0.000000
    outer loop
      vertex -1.850000 -0.000000 0.000000
      vertex -1.850000 1.134493 -0.655000
      vertex -1.850000 0.926310 -0.926310
    endloop
  endfacet
  facet normal 0.000000 -0.793353 0.608761
    outer loop
      vertex -1.850000 0.926310 -0.926310
      vertex -1.850000 1.134493 -0.655000
      vertex -2.250000 1.134493 -0.655000
    endloop
  endfacet
  facet normal 0.000000 -0.793353 0.608761
    outer loop
      vertex -1.850000 0.926310 -0.926310
      vertex -2.250000 1.134493 -0.655000
      vertex -2.250000 0.926310 -0.926310
    endloop
  endfacet
  facet normal 1.000000 -0.000000 0.000000
    outer loop
      vertex -2.250000 0.000000 0.000000
      vertex -2.250000 1.134493 -0.655000
      vertex -2.250000 1.265363 -0.339053
    endloop
  endfacet
  facet normal -1.000000 0.000000 -0.000000
    outer loop
      vertex -1.850000 -0.000000 0.000000
      vertex -1.850000 1.265363 -0.339053
      vertex -1.850000 1.134493 -0.655000
    endloop
  endfacet
  facet normal 0.000000 -0.923880 0.382683
    outer loop
      vertex -1.850000 1.134493 -0.655000
      vertex -1.850000 1.265363 -0.339053
      vertex -2.250000 1.265363 -0.339053
    endloop
  endfacet
  facet normal 0.000000 -0.923880 0.382683
    outer loop
      vertex -1.850000 1.134493 -0.655000
      vertex -2.250000 1.265363 -0.339053
      vertex -2.250000 1.134493 -0.655000
    endloop
  endfacet
  facet normal 1.000000 -0.000000 0.000000
    outer loop
      vertex -2.250000 0.000000 0.000000
      vertex -2.250000 1.265363 -0.339053
      vertex -2.250000 1.310000 0.000000
    endloop
  endfacet
  facet normal -1.000000 0.000000 -0.000000
    outer loop
      vertex -1.850000 -0.000000 0.000000
      vertex -1.850000 1.310000 0.000000
      vertex -1.850000 1.265363 -0.339053
    endloop
  endfacet
  facet normal 0.000000 -0.991445 0.130526
    outer loop
      vertex -1.850000 1.265363 -0.339053
      vertex -1.850000 1.310000 0.000000
      vertex -2.250000 1.310000 0.000000
    endloop
  endfacet
  facet normal 0.000000 -0.991445 0.130526
    outer loop
      vertex -1.850000 1.265363 -0.339053
      vertex -2.250000 1.310000 0.000000
      vertex -2.250000 1.265363 -0.339053
    endloop
  endfacet
  facet normal 1.000000 0.000000 0.000000
    outer loop
      vertex -1.470000 0.000000 0.000000
      vertex -1.470000 1.310000 0.000000
      vertex -1.470000 1.265363 0.339053
    endloop
  endfacet
  facet normal -1.000000 0.000000 0.000000
    outer loop
      vertex -1.070000 -0.000000 0.000000
      vertex -1.070000 1.265363 0.339053
      vertex -1.070000 1.310000 0.000000
    endloop
  endfacet
  facet normal 0.000000 -0.991445 -0.130526
    outer loop
      vertex -1.070000 1.310000 0.000000
      vertex -1.070000 1.265363 0.339053
      vertex -1.470000 1.265363 0.339053
    endloop
  endfacet
  facet normal 0.000000 -0.991445 -0.130526
    outer loop
      vertex -1.070000 1.310000 0.000000
      vertex -1.470000 1.265363 0.339053
      vertex -1.470000 1.310000 0.000000
    endloop
  endfacet
  facet normal 1.000000 0.000000 0.000000
    outer loop
      vertex -1.470000 0.000000 0.000000
      vertex -1.470000 1.265363 0.339053
      vertex -1.470000 1.134493 0.655000
    endloop
  endfacet
  facet normal -1.000000 0.000000 0.000000
    outer loop
      vertex -1.070000 -0.000000 0.000000
      vertex -1.070000 1.134493 0.655000
      vertex -1.070000 1.265363 0.339053
    endloop
  endfacet
  facet normal 0.000000 -0.923880 -0.382683
    outer loop
      vertex -1.070000 1.265363 0.339053
      vertex -1.070000 1.134493 0.655000
      vertex -1.470000 1.134493 0.655000
    endloop
  endfacet
  facet normal 0.000000 -0.923880 -0.382683
    outer loop
      vertex -1.070000 1.265363 0.339053
      vertex -1.470000 1.134493 0.655000
      vertex -1.470000 1.265363 0.339053
    endloop
  endfacet
  facet normal 1.000000 0.000000 0.000000
    outer loop
      vertex -1.470000 0.000000 0.000000
      vertex -1.470000 1.134493 0.655000
      vertex -1.470000 0.926310 0.926310
    endloop
  endfacet
  facet normal -1.000000 0.000000 -0.000000
    outer loop
      vertex -1.070000 -0.000000 0.000000
      vertex -1.070000 0.926310 0.926310
      vertex -1.070000 1.134493 0.655000
    endloop
  endfacet
  facet normal 0.000000 -0.793353 -0.608761
    outer loop
      vertex -1.070000 1.134493 0.655000
      vertex -1.070000 0.926310 0.926310
      vertex -1.470000 0.926310 0.926310
    endloop
  endfacet
  facet normal 0.000000 -0.793353 -0.608761
    outer loop
      vertex -1.070000 1.134493 0.655000
      vertex -1.470000 0.926310 0.926310
      vertex -1.470000 1.134493 0.655000
    endloop
  endfacet
  facet normal 1.000000 0.000000 0.000000
    outer loop
      vertex -1.470000 0.000000 0.000000
      vertex -1.470000 0.926310 0.926310
      vertex -1.470000 0.655000 1.134493
    endloop
  endfacet
  facet normal -1.000000 0.000000 0.000000
    outer loop
      vertex -1.070000 -0.000000 0.000000
      vertex -1.070000 0.655000 1.134493
      vertex -1.070000 0.926310 0.926310
    endloop
  endfacet
  facet normal 0.000000 -0.608761 -0.793353
    outer loop
      vertex -1.070000 0.926310 0.926310
      vertex -1.070000 0.655000 1.134493
      vertex -1.470000 0.655000 1.134493
    endloop
  endfacet
  facet normal 0.000000 -0.608761 -0.793353
    outer loop
      vertex -1.070000 0.926310 0.926310
      vertex -1.470000 0.655000 1.134493
      vertex -1.470000 0.926310 0.926310
    endloop
  endfacet
  facet normal 1.000000 0.000000 0.000000
    outer loop
      vertex -1.470000 0.000000 0.000000
      vertex -1.470000 0.655000 1.134493
      vertex -1.470000 0.339053 1.265363
    endloop
  endfacet
  facet normal -1.000000 0.000000 0.000000
    outer loop
      vertex -1.070000 -0.000000 0.000000
      vertex -1.070000 0.339053 1.265363
      vertex -1.070000 0.655000 1.134493
    endloop
  endfacet
  facet normal 0.000000 -0.382683 -0.923880
    outer loop
      vertex -1.070000 0.655000 1.134493
      vertex -1.070000 0.339053 1.265363
      vertex -1.470000 0.339053 1.265363
    endloop
  endfacet
  facet normal 0.000000 -0.382683 -0.923880
    outer loop
      vertex -1.070000 0.655000 1.134493
      vertex -1.470000 0.339053 1.265363
      vertex -1.470000 0.655000 1.134493
    endloop
  endfacet
  facet normal 1.000000 0.000000 0.000000
    outer loop
      vertex -1.470000 0.000000 0.000000
      vertex -1.470000 0.339053 1.265363
      vertex -1.470000 0.000000 1.310000
    endloop
  endfacet
  facet normal -1.000000 0.000000 0.000000
    outer loop
      vertex -1.070000 -0.000000 0.000000
      vertex -1.070000 0.000000 1.310000
      vertex -1.070000 0.339053 1.265363
    endloop
  endfacet
  facet normal -0.000000 -0.130526 -0.991445
    outer loop
      vertex -1.070000 0.339053 1.265363
      vertex -1.070000 0.000000 1.310000
      vertex -1.470000 0.000000 1.310000
    endloop
  endfacet
  facet normal 0.000000 -0.130526 -0.991445
    outer loop
      vertex -1.070000 0.339053 1.265363
      vertex -1.470000 0.000000 1.310000
      vertex -1.470000 0.339053 1.265363
    endloop
  endfacet
  facet normal 1.000000 0.000000 0.000000
    outer loop
      vertex -1.470000 0.000000 0.000000
      vertex -1.470000 0.000000 1.310000
      vertex -1.470000 -0.339053 1.265363
    endloop
  endfacet
  facet normal -1.000000 0.000000 0.000000
    outer loop
      vertex -1.070000 -0.000000 0.000000
      vertex -1.070000 -0.339053 1.265363
      vertex -1.070000 0.000000 1.310000
    endloop
  endfacet
  facet normal 0.000000 0.130526 -0.991445
    outer loop
      vertex -1.070000 0.000000 1.310000
      vertex -1.070000 -0.339053 1.265363
      vertex -1.470000 -0.339053 1.265363
    endloop
  endfacet
  facet normal 0.000000 0.130526 -0.991445
    outer loop
      vertex -1.070000 0.000000 1.310000
      vertex -1.470000 -0.339053 1.265363
      vertex -1.470000 0.000000 1.310000
    endloop
  endfacet
  facet normal 1.000000 0.000000 0.000000
    outer loop
      vertex -1.470000 0.000000 0.000000
      vertex -1.470000 -0.339053 1.265363
      vertex -1.470000 -0.655000 1.134493
    endloop
  endfacet
  facet normal -1.000000 0.000000 0.000000
    outer loop
      vertex -1.070000 -0.000000 0.000000
      vertex -1.070000 -0.655000 1.134493
      vertex -1.070000 -0.339053 1.265363
    endloop
  endfacet
  facet normal 0.000000 0.382683 -0.923880
    outer loop
      vertex -1.070000 -0.339053 1.265363
      vertex -1.070000 -0.655000 1.134493
      vertex -1.470000 -0.655000 1.134493
    endloop
  endfacet
  facet normal 0.000000 0.382683 -0.923880
    outer loop
      vertex -1.070000 -0.339053 1.265363
      vertex -1.470000 -0.655000 1.134493
      vertex -1.470000 -0.339053 1.265363
    endloop
  endfacet
  facet normal 1.000000 0.000000 0.000000
    outer loop
      vertex -1.470000 0.000000 0.000000
      vertex -1.470000 -0.655000 1.134493
      vertex -1.470000 -0.926310 0.926310
    endloop
  endfacet
  facet normal -1.000000 0.000000 0.000000
    outer loop
      vertex -1.070000 -0.000000 0.000000
      vertex -1.070000 -0.926310 0.926310
      vertex -1.070000 -0.655000 1.134493
    endloop
  endfacet
  facet normal 0.000000 0.608761 -0.793353
    outer loop
      vertex -1.070000 -0.655000 1.134493
      vertex -1.070000 -0.926310 0.926310
      vertex -1.470000 -0.926310 0.926310
    endloop
  endfacet
  facet normal 0.000000 0.608761 -0.793353
    outer loop
      vertex -1.070000 -0.655000 1.134493
      vertex -1.470000 -0.926310 0.926310
      vertex -1.470000 -0.655000 1.134493
    endloop
  endfacet
  facet normal 1.000000 -0.000000 -0.000000
    outer loop
      vertex -1.470000 0.000000 0.000000
      vertex -1.470000 -0.926310 0.926310
      vertex -1.470000 -1.134493 0.655000
    endloop
  endfacet
  facet normal -1.000000 0.000000 0.000000
    outer loop
      vertex -1.070000 -0.000000 0.000000
      vertex -1.070000 -1.134493 0.655000
      vertex -1.070000 -0.926310 0.926310
    endloop
  endfacet
  facet normal 0.000000 0.793353 -0.608761
    outer loop
      vertex -1.070000 -0.926310 0.926310
      vertex -1.070000 -1.134493 0.655000
      vertex -1.470000 -1.134493 0.655000
    endloop
  endfacet
  facet normal 0.000000 0.793353 -0.608761
    outer loop
      vertex -1.070000 -0.926310 0.926310
      vertex -1.470000 -1.134493 0.655000
      vertex -1.470000 -0.926310 0.926310
    endloop
  endfacet
  facet normal 1.000000 -0.000000 0.000000
    outer loop
      vertex -1.470000 0.000000 0.000000
      vertex -1.470000 -1.134493 0.655000
      vertex -1.470000 -1.265363 0.339053
    endloop
  endfacet
  facet normal -1.000000 0.000000 0.000000
    outer loop
      vertex -1.070000 -0.000000 0.000000
      vertex -1.070000 -1.265363 0.339053
      vertex -1.070000 -1.134493 0.655000
    endloop
  endfacet
  facet normal 0.000000 0.923880 -0.382683
    outer loop
      vertex -1.070000 -1.134493 0.655000
      vertex -1.070000 -1.265363 0.339053
      vertex -1.470000 -1.265363 0.339053
    endloop
  endfacet
  facet normal 0.000000 0.923880 -0.382683
    outer loop
      vertex -1.070000 -1.134493 0.655000
      vertex -1.470000 -1.265363 0.339053
      vertex -1.470000 -1.134493 0.655000
    endloop
  endfacet
  facet normal 1.000000 -0.000000 0.000000
    outer loop
      vertex -1.470000 0.000000 0.000000
      vertex -1.470000 -1.265363 0.339053
      vertex -1.470000 -1.310000 0.000000
    endloop
  endfacet
  facet normal -1.000000 0.000000 0.000000
    outer loop
      vertex -1.070000 -0.000000 0.000000
      vertex -1.070000 -1.310000 0.000000
      vertex -1.070000 -1.265363 0.339053
    endloop
  endfacet
  facet normal 0.000000 0.991445 -0.130526
    outer loop
      vertex -1.070000 -1.265363 0.339053
      vertex -1.070000 -1.310000 0.000000
      vertex -1.470000 -1.310000 0.000000
    endloop
  endfacet
  facet normal 0.000000 0.991445 -0.130526
    outer loop
      vertex -1.070000 -1.265363 0.339053
      vertex -1.470000 -1.310000 0.000000
      vertex -1.470000 -1.265363 0.339053
    endloop
  endfacet
  facet normal 1.000000 -0.000000 -0.000000
    outer loop
      vertex -1.470000 0.000000 0.000000
      vertex -1.470000 -1.310000 0.000000
      vertex -1.470000 -1.265363 -0.339053
    endloop
  endfacet
  facet normal -1.000000 0.000000 0.000000
    outer loop
      vertex -1.070000 -0.000000 0.000000
      vertex -1.070000 -1.265363 -0.339053
      vertex -1.070000 -1.310000 0.000000
    endloop
  endfacet
  facet normal 0.000000 0.991445 0.130526
    outer loop
      vertex -1.070000 -1.310000 0.000000
      vertex -1.070000 -1.265363 -0.339053
      vertex -1.470000 -1.265363 -0.339053
    endloop
  endfacet
  facet normal 0.000000 0.991445 0.130526
    outer loop
      vertex -1.070000 -1.310000 0.000000
      vertex -1.470000 -1.265363 -0.339053
      vertex -1.470000 -1.310000 0.000000
    endloop
  endfacet
  facet normal 1.000000 -0.000000 -0.000000
    outer loop
      vertex -1.470000 0.000000 0.000000
      vertex -1.470000 -1.265363 -0.339053
      vertex -1.470000 -1.134493 -0.655000
    endloop
  endfacet
  facet normal -1.000000 0.000000 0.000000
    outer loop
      vertex -1.070000 -0.000000 0.000000
      vertex -1.070000 -1.134493 -0.655000
      vertex -1.070000 -1.265363 -0.339053
    endloop
  endfacet
  facet normal 0.000000 0.923880 0.382683
    outer loop
      vertex -1.070000 -1.265363 -0.339053
      vertex -1.070000 -1.134493 -0.655000
      vertex -1.470000 -1.134493 -0.655000
    endloop
  endfacet
  facet normal 0.000000 0.923880 0.382683
    outer loop
      vertex -1.070000 -1.265363 -0.339053
      vertex -1.470000 -1.134493 -0.655000
      vertex -1.470000 -1.265363 -0.339053
    endloop
  endfacet
  facet normal 1.000000 -0.000000 0.000000
    outer loop
      vertex -1.470000 0.000000 0.000000
      vertex -1.470000 -1.134493 -0.655000
      vertex -1.470000 -0.926310 -0.926310
    endloop
  endfacet
  facet normal -1.000000 0.000000 0.000000
    outer loop
      vertex -1.070000 -0.000000 0.000000
      vertex -1.070000 -0.926310 -0.926310
      vertex -1.070000 -1.134493 -0.655000
    endloop
  endfacet
  facet normal 0.000000 0.793353 0.608761
    outer loop
      vertex -1.070000 -1.134493 -0.655000
      vertex -1.070000 -0.926310 -0.926310
      vertex -1.470000 -0.926310 -0.926310
    endloop
  endfacet
  facet normal 0.000000 0.793353 0.608761
    outer loop
      vertex -1.070000 -1.134493 -0.655000
      vertex -1.470000 -0.926310 -0.926310
      vertex -1.470000 -1.134493 -0.655000
    endloop
  endfacet
  facet normal 1.000000 0.000000 0.000000
    outer loop
      vertex -1.470000 0.000000 0.000000
      vertex -1.470000 -0.926310 -0.926310
      vertex -1.470000 -0.655000 -1.134493
    endloop
  endfacet
  facet normal -1.000000 0.000000 0.000000
    outer loop
      vertex -1.070000 -0.000000 0.000000
      vertex -1.070000 -0.655000 -1.134493
      vertex -1.070000 -0.926310 -0.926310
    endloop
  endfacet
  facet normal 0.000000 0.608761 0.793353
    outer loop
      vertex -1.070000 -0.926310 -0.926310
      vertex -1.070000 -0.655000 -1.134493
      vertex -1.470000 -0.655000 -1.134493
    endloop
  endfacet
  facet normal 0.000000 0.608761 0.793353
    outer loop
      vertex -1.070000 -0.926310 -0.926310
      vertex -1.470000 -0.655000 -1.134493
      vertex -1.470000 -0.926310 -0.926310
    endloop
  endfacet
  facet normal 1.000000 0.000000 0.000000
    outer loop
      vertex -1.470000 0.000000 0.000000
      vertex -1.470000 -0.655000 -1.134493
      vertex -1.470000 -0.339053 -1.265363
    endloop
  endfacet
  facet normal -1.000000 0.000000 0.000000
    outer loop
      vertex -1.070000 -0.000000 0.000000
      vertex -1.070000 -0.339053 -1.265363
      vertex -1.070000 -0.655000 -1.134493
    endloop
  endfacet
  facet normal 0.000000 0.382683 0.923880
    outer loop
      vertex -1.070000 -0.655000 -1.134493
      vertex -1.070000 -0.339053 -1.265363
      vertex -1.470000 -0.339053 -1.265363
    endloop
  endfacet
  facet normal 0.000000 0.382683 0.923880
    outer loop
      vertex -1.070000 -0.655000 -1.134493
      vertex -1.470000 -0.339053 -1.265363
      vertex -1.470000 -0.655000 -1.134493
    endloop
  endfacet
  facet normal 1.000000 0.000000 0.000000
    outer loop
      vertex -1.470000 0.000000 0.000000
      vertex -1.470000 -0.339053 -1.265363
      vertex -1.470000 -0.000000 -1.310000
    endloop
  endfacet
  facet normal -1.000000 0.000000 0.000000
    outer loop
      vertex -1.070000 -0.000000 0.000000
      vertex -1.070000 -0.000000 -1.310000
      vertex -1.070000 -0.339053 -1.265363
    endloop
  endfacet
  facet normal 0.000000 0.130526 0.991445
    outer loop
      vertex -1.070000 -0.339053 -1.265363
      vertex -1.070000 -0.000000 -1.310000
      vertex -1.470000 -0.000000 -1.310000
    endloop
  endfacet
  facet normal 0.000000 0.130526 0.991445
    outer loop
      vertex -1.070000 -0.339053 -1.265363
      vertex -1.470000 -0.000000 -1.310000
      vertex -1.470000 -0.339053 -1.265363
    endloop
  endfacet
  facet normal 1.000000 0.000000 0.000000
    outer loop
      vertex -1.470000 0.000000 0.000000
      vertex -1.470000 -0.000000 -1.310000
      vertex -1.470000 0.339053 -1.265363
    endloop
  endfacet
  facet normal -1.000000 0.000000 0.000000
    outer loop
      vertex -1.070000 -0.000000 0.000000
      vertex -1.070000 0.339053 -1.265363
      vertex -1.070000 -0.000000 -1.310000
    endloop
  endfacet
  facet normal 0.000000 -0.130526 0.991445
    outer loop
      vertex -1.070000 -0.000000 -1.310000
      vertex -1.070000 0.339053 -1.265363
      vertex -1.470000 0.339053 -1.265363
    endloop
  endfacet
  facet normal -0.000000 -0.130526 0.991445
    outer loop
      vertex -1.070000 -0.000000 -1.310000
      vertex -1.470000 0.339053 -1.265363
      vertex -1.470000 -0.000000 -1.310000
    endloop
  endfacet
  facet normal 1.000000 0.000000 0.000000
    outer loop
      vertex -1.470000 0.000000 0.000000
      vertex -1.470000 0.339053 -1.265363
      vertex -1.470000 0.655000 -1.134493
    endloop
  endfacet
  facet normal -1.000000 0.000000 0.000000
    outer loop
      vertex -1.070000 -0.000000 0.000000
      vertex -1.070000 0.655000 -1.134493
      vertex -1.070000 0.339053 -1.265363
    endloop
  endfacet
  facet normal 0.000000 -0.382683 0.923880
    outer loop
      vertex -1.070000 0.339053 -1.265363
      vertex -1.070000 0.655000 -1.134493
      vertex -1.470000 0.655000 -1.134493
    endloop
  endfacet
  facet normal 0.000000 -0.382683 0.923880
    outer loop
      vertex -1.070000 0.339053 -1.265363
      vertex -1.470000 0.655000 -1.134493
      vertex -1.470000 0.339053 -1.265363
    endloop
  endfacet
  facet normal 1.000000 0.000000 0.000000
    outer loop
      vertex -1.470000 0.000000 0.000000
      vertex -1.470000 0.655000 -1.134493
      vertex -1.470000 0.926310 -0.926310
    endloop
  endfacet
  facet normal -1.000000 0.000000 0.000000
    outer loop
      vertex -1.070000 -0.000000 0.000000
      vertex -1.070000 0.926310 -0.926310
      vertex -1.070000 0.655000 -1.134493
    endloop
  endfacet
  facet normal 0.000000 -0.608761 0.793353
    outer loop
      vertex -1.070000 0.655000 -1.134493
      vertex -1.070000 0.926310 -0.926310
      vertex -1.470000 0.926310 -0.926310
    endloop
  endfacet
  facet normal 0.000000 -0.608761 0.793353
    outer loop
      vertex -1.070000 0.655000 -1.134493
      vertex -1.470000 0.926310 -0.926310
      vertex -1.470000 0.655000 -1.134493
    endloop
  endfacet
  facet normal 1.000000 0.000000 0.000000
    outer loop
      vertex -1.470000 0.000000 0.000000
      vertex -1.470000 0.926310 -0.926310
      vertex -1.470000 1.134493 -0.655000
    endloop
  endfacet
  facet normal -1.000000 0.000000 0.000000
    outer loop
      vertex -1.070000 -0.000000 0.000000
      vertex -1.070000 1.134493 -0.655000
      vertex -1.070000 0.926310 -0.926310
    endloop
  endfacet
  facet normal 0.000000 -0.793353 0.608761
    outer loop
      vertex -1.070000 0.926310 -0.926310
      vertex -1.070000 1.134493 -0.655000
      vertex -1.470000 1.134493 -0.655000
    endloop
  endfacet
  facet normal 0.000000 -0.793353 0.608761
    outer loop
      vertex -1.070000 0.926310 -0.926310
      vertex -1.470000 1.134493 -0.655000
      vertex -1.470000 0.926310 -0.926310
    endloop
  endfacet
  facet normal 1.000000 0.000000 0.000000
    outer loop
      vertex -1.470000 0.000000 0.000000
      vertex -1.470000 1.134493 -0.655000
      vertex -1.470000 1.265363 -0.339053
    endloop
  endfacet
  facet normal -1.000000 0.000000 -0.000000
    outer loop
      vertex -1.070000 -0.000000 0.000000
      vertex -1.070000 1.265363 -0.339053
      vertex -1.070000 1.134493 -0.655000
    endloop
  endfacet
  facet normal 0.000000 -0.923880 0.382683
    outer loop
      vertex -1.070000 1.134493 -0.655000
      vertex -1.070000 1.265363 -0.339053
      vertex -1.470000 1.265363 -0.339053
    endloop
  endfacet
  facet normal 0.000000 -0.923880 0.382683
    outer loop
      vertex -1.070000 1.134493 -0.655000
      vertex -1.470000 1.265363 -0.339053
      vertex -1.470000 1.134493 -0.655000
    endloop
  endfacet
  facet normal 1.000000 0.000000 0.000000
    outer loop
      vertex -1.470000 0.000000 0.000000
      vertex -1.470000 1.265363 -0.339053
      vertex -1.470000 1.310000 0.000000
    endloop
  endfacet
  facet normal -1.000000 0.000000 -0.000000
    outer loop
      vertex -1.070000 -0.000000 0.000000
      vertex -1.070000 1.310000 0.000000
      vertex -1.070000 1.265363 -0.339053
    endloop
  endfacet
  facet normal 0.000000 -0.991445 0.130526
    outer loop
      vertex -1.070000 1.265363 -0.339053
      vertex -1.070000 1.310000 0.000000
      vertex -1.470000 1.310000 0.000000
    endloop
  endfacet
  facet normal 0.000000 -0.991445 0.130526
    outer loop
      vertex -1.070000 1.265363 -0.339053
      vertex -1.470000 1.310000 0.000000
      vertex -1.470000 1.265363 -0.339053
    endloop
  endfacet
  facet normal 1.000000 0.000000 0.000000
    outer loop
      vertex -0.690000 0.000000 0.000000
      vertex -0.690000 1.310000 0.000000
      vertex -0.690000 1.265363 0.339053
    endloop
  endfacet
  facet normal -1.000000 0.000000 0.000000
    outer loop
      vertex -0.290000 -0.000000 0.000000
      vertex -0.290000 1.265363 0.339053
      vertex -0.290000 1.310000 0.000000
    endloop
  endfacet
  facet normal 0.000000 -0.991445 -0.130526
    outer loop
      vertex -0.290000 1.310000 0.000000
      vertex -0.290000 1.265363 0.339053
      vertex -0.690000 1.265363 0.339053
    endloop
  endfacet
  facet normal 0.000000 -0.991445 -0.130526
    outer loop
      vertex -0.290000 1.310000 0.000000
      vertex -0.690000 1.265363 0.339053
      vertex -0.690000 1.310000 0.000000
    endloop
  endfacet
  facet normal 1.000000 0.000000 0.000000
    outer loop
      vertex -0.690000 0.000000 0.000000
      vertex -0.690000 1.265363 0.339053
      vertex -0.690000 1.134493 0.655000
    endloop
  endfacet
  facet normal -1.000000 0.000000 0.000000
    outer loop
      vertex -0.290000 -0.000000 0.000000
      vertex -0.290000 1.134493 0.655000
      vertex -0.290000 1.265363 0.339053
    endloop
  endfacet
  facet normal 0.000000 -0.923880 -0.382683
    outer loop
      vertex -0.290000 1.265363 0.339053
      vertex -0.290000 1.134493 0.655000
      vertex -0.690000 1.134493 0.655000
    endloop
  endfacet
  facet normal 0.000000 -0.923880 -0.382683
    outer loop
      vertex -0.290000 1.265363 0.339053
      vertex -0.690000 1.134493 0.655000
      vertex -0.690000 1.265363 0.339053
    endloop
  endfacet
  facet normal 1.000000 0.000000 0.000000
    outer loop
      vertex -0.690000 0.000000 0.000000
      vertex -0.690000 1.134493 0.655000
      vertex -0.690000 0.926310 0.926310
    endloop
  endfacet
  facet normal -1.000000 0.000000 0.000000
    outer loop
      vertex -0.290000 -0.000000 0.000000
      vertex -0.290000 0.926310 0.926310
      vertex -0.290000 1.134493 0.655000
    endloop
  endfacet
  facet normal 0.000000 -0.793353 -0.608761
    outer loop
      vertex -0.290000 1.134493 0.655000
      vertex -0.290000 0.926310 0.926310
      vertex -0.690000 0.926310 0.926310
    endloop
  endfacet
  facet normal 0.000000 -0.793353 -0.608761
    outer loop
      vertex -0.290000 1.134493 0.655000
      vertex -0.690000 0.926310 0.926310
      vertex -0.690000 1.134493 0.655000
    endloop
  endfacet
  facet normal 1.000000 0.000000 0.000000
    outer loop
      vertex -0.690000 0.000000 0.000000
      vertex -0.690000 0.926310 0.926310
      vertex -0.690000 0.655000 1.134493
    endloop
  endfacet
  facet normal -1.000000 0.000000 0.000000
    outer loop
      vertex -0.290000 -0.000000 0.000000
      vertex -0.290000 0.655000 1.134493
      vertex -0.290000 0.926310 0.926310
    endloop
  endfacet
  facet normal 0.000000 -0.608761 -0.793353
    outer loop
      vertex -0.290000 0.926310 0.926310
      vertex -0.290000 0.655000 1.134493
      vertex -0.690000 0.655000 1.134493
    endloop
  endfacet
  facet normal 0.000000 -0.608761 -0.793353
    outer loop
      vertex -0.290000 0.926310 0.926310
      vertex -0.690000 0.655000 1.134493
      vertex -0.690000 0.926310 0.926310
    endloop
  endfacet
  facet normal 1.000000 0.000000 0.000000
    outer loop
      vertex -0.690000 0.000000 0.000000
      vertex -0.690000 0.655000 1.134493
      vertex -0.690000 0.339053 1.265363
    endloop
  endfacet
  facet normal -1.000000 0.000000 0.000000
    outer loop
      vertex -0.290000 -0.000000 0.000000
      vertex -0.290000 0.339053 1.265363
      vertex -0.290000 0.655000 1.134493
    endloop
  endfacet
  facet normal 0.000000 -0.382683 -0.923880
    outer loop
      vertex -0.290000 0.655000 1.134493
      vertex -0.290000 0.339053 1.265363
      vertex -0.690000 0.339053 1.265363
    endloop
  endfacet
  facet normal 0.000000 -0.382683 -0.923880
    outer loop
      vertex -0.290000 0.655000 1.134493
      vertex -0.690000 0.339053 1.265363
      vertex -0.690000 0.655000 1.134493
    endloop
  endfacet
  facet normal 1.000000 0.000000 0.000000
    outer loop
      vertex -0.690000 0.000000 0.000000
      vertex -0.690000 0.339053 1.265363
      vertex -0.690000 0.000000 1.310000
    endloop
  endfacet
  facet normal -1.000000 0.000000 -0.000000
    outer loop
      vertex -0.290000 -0.000000 0.000000
      vertex -0.290000 0.000000 1.310000
      vertex -0.290000 0.339053 1.265363
    endloop
  endfacet
  facet normal -0.000000 -0.130526 -0.991445
    outer loop
      vertex -0.290000 0.339053 1.265363
      vertex -0.290000 0.000000 1.310000
      vertex -0.690000 0.000000 1.310000
    endloop
  endfacet
  facet normal 0.000000 -0.130526 -0.991445
    outer loop
      vertex -0.290000 0.339053 1.265363
      vertex -0.690000 0.000000 1.310000
      vertex -0.690000 0.339053 1.265363
    endloop
  endfacet
  facet normal 1.000000 -0.000000 0.000000
    outer loop
      vertex -0.690000 0.000000 0.000000
      vertex -0.690000 0.000000 1.310000
      vertex -0.690000 -0.339053 1.265363
    endloop
  endfacet
  facet normal -1.000000 0.000000 -0.000000
    outer loop
      vertex -0.290000 -0.000000 0.000000
      vertex -0.290000 -0.339053 1.265363
      vertex -0.290000 0.000000 1.310000
    endloop
  endfacet
  facet normal 0.000000 0.130526 -0.991445
    outer loop
      vertex -0.290000 0.000000 1.310000
      vertex -0.290000 -0.339053 1.265363
      vertex -0.690000 -0.339053 1.265363
    endloop
  endfacet
  facet normal 0.000000 0.130526 -0.991445
    outer loop
      vertex -0.290000 0.000000 1.310000
      vertex -0.690000 -0.339053 1.265363
      vertex -0.690000 0.000000 1.310000
    endloop
  endfacet
  facet normal 1.000000 -0.000000 0.000000
    outer loop
      vertex -0.690000 0.000000 0.000000
      vertex -0.690000 -0.339053 1.265363
      vertex -0.690000 -0.655000 1.134493
    endloop
  endfacet
  facet normal -1.000000 0.000000 -0.000000
    outer loop
      vertex -0.290000 -0.000000 0.000000
      vertex -0.290000 -0.655000 1.134493
      vertex -0.290000 -0.339053 1.265363
    endloop
  endfacet
  facet normal 0.000000 0.382683 -0.923880
    outer loop
      vertex -0.290000 -0.339053 1.265363
      vertex -0.290000 -0.655000 1.134493
      vertex -0.690000 -0.655000 1.134493
    endloop
  endfacet
  facet normal 0.000000 0.382683 -0.923880
    outer loop
      vertex -0.290000 -0.339053 1.265363
      vertex -0.690000 -0.655000 1.134493
      vertex -0.690000 -0.339053 1.265363
    endloop
  endfacet
  facet normal 1.000000 -0.000000 0.000000
    outer loop
      vertex -0.690000 0.000000 0.000000
      vertex -0.690000 -0.655000 1.134493
      vertex -0.690000 -0.926310 0.926310
    endloop
  endfacet
  facet normal -1.000000 0.000000 -0.000000
    outer loop
      vertex -0.290000 -0.000000 0.000000
      vertex -0.290000 -0.926310 0.926310
      vertex -0.290000 -0.655000 1.134493
    endloop
  endfacet
  facet normal 0.000000 0.608761 -0.793353
    outer loop
      vertex -0.290000 -0.655000 1.134493
      vertex -0.290000 -0.926310 0.926310
      vertex -0.690000 -0.926310 0.926310
    endloop
  endfacet
  facet normal 0.000000 0.608761 -0.793353
    outer loop
      vertex -0.290000 -0.655000 1.134493
      vertex -0.690000 -0.926310 0.926310
      vertex -0.690000 -0.655000 1.134493
    endloop
  endfacet
  facet normal 1.000000 -0.000000 0.000000
    outer loop
      vertex -0.690000 0.000000 0.000000
      vertex -0.690000 -0.926310 0.926310
      vertex -0.690000 -1.134493 0.655000
    endloop
  endfacet
  facet normal -1.000000 0.000000 -0.000000
    outer loop
      vertex -0.290000 -0.000000 0.000000
      vertex -0.290000 -1.134493 0.655000
      vertex -0.290000 -0.926310 0.926310
    endloop
  endfacet
  facet normal 0.000000 0.793353 -0.608761
    outer loop
      vertex -0.290000 -0.926310 0.926310
      vertex -0.290000 -1.134493 0.655000
      vertex -0.690000 -1.134493 0.655000
    endloop
  endfacet
  facet normal 0.000000 0.793353 -0.608761
    outer loop
      vertex -0.290000 -0.926310 0.926310
      vertex -0.690000 -1.134493 0.655000
      vertex -0.690000 -0.926310 0.926310
    endloop
  endfacet
  facet normal 1.000000 -0.000000 0.000000
    outer loop
      vertex -0.690000 0.000000 0.000000
      vertex -0.690000 -1.134493 0.655000
      vertex -0.690000 -1.265363 0.339053
    endloop
  endfacet
  facet normal -1.000000 0.000000 -0.000000
    outer loop
      vertex -0.290000 -0.000000 0.000000
      vertex -0.290000 -1.265363 0.339053
      vertex -0.290000 -1.134493 0.655000
    endloop
  endfacet
  facet normal 0.000000 0.923880 -0.382683
    outer loop
      vertex -0.290000 -1.134493 0.655000
      vertex -0.290000 -1.265363 0.339053
      vertex -0.690000 -1.265363 0.339053
    endloop
  endfacet
  facet normal 0.000000 0.923880 -0.382683
    outer loop
      vertex -0.290000 -1.134493 0.655000
      vertex -0.690000 -1.265363 0.339053
      vertex -0.690000 -1.134493 0.655000
    endloop
  endfacet
  facet normal 1.000000 -0.000000 0.000000
    outer loop
      vertex -0.690000 0.000000 0.000000
      vertex -0.690000 -1.265363 0.339053
      vertex -0.690000 -1.310000 0.000000
    endloop
  endfacet
  facet normal -1.000000 0.000000 -0.000000
    outer loop
      vertex -0.290000 -0.000000 0.000000
      vertex -0.290000 -1.310000 0.000000
      vertex -0.290000 -1.265363 0.339053
    endloop
  endfacet
  facet normal 0.000000 0.991445 -0.130526
    outer loop
      vertex -0.290000 -1.265363 0.339053
      vertex -0.290000 -1.310000 0.000000
      vertex -0.690000 -1.310000 0.000000
    endloop
  endfacet
  facet normal 0.000000 0.991445 -0.130526
    outer loop
      vertex -0.290000 -1.265363 0.339053
      vertex -0.690000 -1.310000 0.000000
      vertex -0.690000 -1.265363 0.339053
    endloop
  endfacet
  facet normal 1.000000 -0.000000 -0.000000
    outer loop
      vertex -0.690000 0.000000 0.000000
      vertex -0.690000 -1.310000 0.000000
      vertex -0.690000 -1.265363 -0.339053
    endloop
  endfacet
  facet normal -1.000000 0.000000 0.000000
    outer loop
      vertex -0.290000 -0.000000 0.000000
      vertex -0.290000 -1.265363 -0.339053
      vertex -0.290000 -1.310000 0.000000
    endloop
  endfacet
  facet normal 0.000000 0.991445 0.130526
    outer loop
      vertex -0.290000 -1.310000 0.000000
      vertex -0.290000 -1.265363 -0.339053
      vertex -0.690000 -1.265363 -0.339053
    endloop
  endfacet
  facet normal 0.000000 0.991445 0.130526
    outer loop
      vertex -0.290000 -1.310000 0.000000
      vertex -0.690000 -1.265363 -0.339053
      vertex -0.690000 -1.310000 0.000000
    endloop
  endfacet
  facet normal 1.000000 -0.000000 -0.000000
    outer loop
      vertex -0.690000 0.000000 0.000000
      vertex -0.690000 -1.265363 -0.339053
      vertex -0.690000 -1.134493 -0.655000
    endloop
  endfacet
  facet normal -1.000000 0.000000 0.000000
    outer loop
      vertex -0.290000 -0.000000 0.000000
      vertex -0.290000 -1.134493 -0.655000
      vertex -0.290000 -1.265363 -0.339053
    endloop
  endfacet
  facet normal 0.000000 0.923880 0.382683
    outer loop
      vertex -0.290000 -1.265363 -0.339053
      vertex -0.290000 -1.134493 -0.655000
      vertex -0.690000 -1.134493 -0.655000
    endloop
  endfacet
  facet normal 0.000000 0.923880 0.382683
    outer loop
      vertex -0.290000 -1.265363 -0.339053
      vertex -0.690000 -1.134493 -0.655000
      vertex -0.690000 -1.265363 -0.339053
    endloop
  endfacet
  facet normal 1.000000 -0.000000 -0.000000
    outer loop
      vertex -0.690000 0.000000 0.000000
      vertex -0.690000 -1.134493 -0.655000
      vertex -0.690000 -0.926310 -0.926310
    endloop
  endfacet
  facet normal -1.000000 0.000000 0.000000
    outer loop
      vertex -0.290000 -0.000000 0.000000
      vertex -0.290000 -0.926310 -0.926310
      vertex -0.290000 -1.134493 -0.655000
    endloop
  endfacet
  facet normal 0.000000 0.793353 0.608761
    outer loop
      vertex -0.290000 -1.134493 -0.655000
      vertex -0.290000 -0.926310 -0.926310
      vertex -0.690000 -0.926310 -0.926310
    endloop
  endfacet
  facet normal 0.000000 0.793353 0.608761
    outer loop
      vertex -0.290000 -1.134493 -0.655000
      vertex -0.690000 -0.926310 -0.926310
      vertex -0.690000 -1.134493 -0.655000
    endloop
  endfacet
  facet normal 1.000000 -0.000000 -0.000000
    outer loop
      vertex -0.690000 0.000000 0.000000
      vertex -0.690000 -0.926310 -0.926310
      vertex -0.690000 -0.655000 -1.134493
    endloop
  endfacet
  facet normal -1.000000 0.000000 0.000000
    outer loop
      vertex -0.290000 -0.000000 0.000000
      vertex -0.290000 -0.655000 -1.134493
      vertex -0.290000 -0.926310 -0.926310
    endloop
  endfacet
  facet normal 0.000000 0.608761 0.793353
    outer loop
      vertex -0.290000 -0.926310 -0.926310
      vertex -0.290000 -0.655000 -1.134493
      vertex -0.690000 -0.655000 -1.134493
    endloop
  endfacet
  facet normal 0.000000 0.608761 0.793353
    outer loop
      vertex -0.290000 -0.926310 -0.926310
      vertex -0.690000 -0.655000 -1.134493
      vertex -0.690000 -0.926310 -0.926310
    endloop
  endfacet
  facet normal 1.000000 -0.000000 -0.000000
    outer loop
      vertex -0.690000 0.000000 0.000000
      vertex -0.690000 -0.655000 -1.134493
      vertex -0.690000 -0.339053 -1.265363
    endloop
  endfacet
  facet normal -1.000000 0.000000 0.000000
    outer loop
      vertex -0.290000 -0.000000 0.000000
      vertex -0.290000 -0.339053 -1.265363
      vertex -0.290000 -0.655000 -1.134493
    endloop
  endfacet
  facet normal 0.000000 0.382683 0.923880
    outer loop
      vertex -0.290000 -0.655000 -1.134493
      vertex -0.290000 -0.339053 -1.265363
      vertex -0.690000 -0.339053 -1.265363
    endloop
  endfacet
  facet normal 0.000000 0.382683 0.923880
    outer loop
      vertex -0.290000 -0.655000 -1.134493
      vertex -0.690000 -0.339053 -1.265363
      vertex -0.690000 -0.655000 -1.134493
    endloop
  endfacet
  facet normal 1.000000 -0.000000 0.000000
    outer loop
      vertex -0.690000 0.000000 0.000000
      vertex -0.690000 -0.339053 -1.265363
      vertex -0.690000 -0.000000 -1.310000
    endloop
  endfacet
  facet normal -1.000000 0.000000 -0.000000
    outer loop
      vertex -0.290000 -0.000000 0.000000
      vertex -0.290000 -0.000000 -1.310000
      vertex -0.290000 -0.339053 -1.265363
    endloop
  endfacet
  facet normal 0.000000 0.130526 0.991445
    outer loop
      vertex -0.290000 -0.339053 -1.265363
      vertex -0.290000 -0.000000 -1.310000
      vertex -0.690000 -0.000000 -1.310000
    endloop
  endfacet
  facet normal 0.000000 0.130526 0.991445
    outer loop
      vertex -0.290000 -0.339053 -1.265363
      vertex -0.690000 -0.000000 -1.310000
      vertex -0.690000 -0.339053 -1.265363
    endloop
  endfacet
  facet normal 1.000000 0.000000 0.000000
    outer loop
      vertex -0.690000 0.000000 0.000000
      vertex -0.690000 -0.000000 -1.310000
      vertex -0.690000 0.339053 -1.265363
    endloop
  endfacet
  facet normal -1.000000 0.000000 -0.000000
    outer loop
      vertex -0.290000 -0.000000 0.000000
      vertex -0.290000 0.339053 -1.265363
      vertex -0.290000 -0.000000 -1.310000
    endloop
  endfacet
  facet normal 0.000000 -0.130526 0.991445
    outer loop
      vertex -0.290000 -0.000000 -1.310000
      vertex -0.290000 0.339053 -1.265363
      vertex -0.690000 0.339053 -1.265363
    endloop
  endfacet
  facet normal -0.000000 -0.130526 0.991445
    outer loop
      vertex -0.290000 -0.000000 -1.310000
      vertex -0.690000 0.339053 -1.265363
      vertex -0.690000 -0.000000 -1.310000
    endloop
  endfacet
  facet normal 1.000000 0.000000 0.000000
    outer loop
      vertex -0.690000 0.000000 0.000000
      vertex -0.690000 0.339053 -1.265363
      vertex -0.690000 0.655000 -1.134493
    endloop
  endfacet
  facet normal -1.000000 0.000000 -0.000000
    outer loop
      vertex -0.290000 -0.000000 0.000000
      vertex -0.290000 0.655000 -1.134493
      vertex -0.290000 0.339053 -1.265363
    endloop
  endfacet
  facet normal 0.000000 -0.382683 0.923880
    outer loop
      vertex -0.290000 0.339053 -1.265363
      vertex -0.290000 0.655000 -1.134493
      vertex -0.690000 0.655000 -1.134493
    endloop
  endfacet
  facet normal 0.000000 -0.382683 0.923880
    outer loop
      vertex -0.290000 0.339053 -1.265363
      vertex -0.690000 0.655000 -1.134493
      vertex -0.690000 0.339053 -1.265363
    endloop
  endfacet
  facet normal 1.000000 0.000000 0.000000
    outer loop
      vertex -0.690000 0.000000 0.000000
      vertex -0.690000 0.655000 -1.134493
      vertex -0.690000 0.926310 -0.926310
    endloop
  endfacet
  facet normal -1.000000 0.000000 -0.000000
    outer loop
      vertex -0.290000 -0.000000 0.000000
      vertex -0.290000 0.926310 -0.926310
      vertex -0.290000 0.655000 -1.134493
    endloop
  endfacet
  facet normal 0.000000 -0.608761 0.793353
    outer loop
      vertex -0.290000 0.655000 -1.134493
      vertex -0.290000 0.926310 -0.926310
      vertex -0.690000 0.926310 -0.926310
    endloop
  endfacet
  facet normal 0.000000 -0.608761 0.793353
    outer loop
      vertex -0.290000 0.655000 -1.134493
      vertex -0.690000 0.926310 -0.926310
      vertex -0.690000 0.655000 -1.134493
    endloop
  endfacet
  facet normal 1.000000 0.000000 0.000000
    outer loop
      vertex -0.690000 0.000000 0.000000
      vertex -0.690000 0.926310 -0.926310
      vertex -0.690000 1.134493 -0.655000
    endloop
  endfacet
  facet normal -1.000000 0.000000 -0.000000
    outer loop
      vertex -0.290000 -0.000000 0.000000
      vertex -0.290000 1.134493 -0.655000
      vertex -0.290000 0.926310 -0.926310
    endloop
  endfacet
  facet normal 0.000000 -0.793353 0.608761
    outer loop
      vertex -0.290000 0.926310 -0.926310
      vertex -0.290000 1.134493 -0.655000
      vertex -0.690000 1.134493 -0.655000
    endloop
  endfacet
  facet normal 0.000000 -0.793353 0.608761
    outer loop
      vertex -0.290000 0.926310 -0.926310
      vertex -0.690000 1.134493 -0.655000
      vertex -0.690000 0.926310 -0.926310
    endloop
  endfacet
  facet normal 1.000000 0.000000 0.000000
    outer loop
      vertex -0.690000 0.000000 0.000000
      vertex -0.690000 1.134493 -0.655000
      vertex -0.690000 1.265363 -0.339053
    endloop
  endfacet
  facet normal -1.000000 0.000000 -0.000000
    outer loop
      vertex -0.290000 -0.000000 0.000000
      vertex -0.290000 1.265363 -0.339053
      vertex -0.290000 1.134493 -0.655000
    endloop
  endfacet
  facet normal 0.000000 -0.923880 0.382683
    outer loop
      vertex -0.290000 1.134493 -0.655000
      vertex -0.290000 1.265363 -0.339053
      vertex -0.690000 1.265363 -0.339053
    endloop
  endfacet
  facet normal 0.000000 -0.923880 0.382683
    outer loop
      vertex -0.290000 1.134493 -0.655000
      vertex -0.690000 1.265363 -0.339053
      vertex -0.690000 1.134493 -0.655000
    endloop
  endfacet
  facet normal 1.000000 0.000000 0.000000
    outer loop
      vertex -0.690000 0.000000 0.000000
      vertex -0.690000 1.265363 -0.339053
      vertex -0.690000 1.310000 0.000000
    endloop
  endfacet
  facet normal -1.000000 0.000000 -0.000000
    outer loop
      vertex -0.290000 -0.000000 0.000000
      vertex -0.290000 1.310000 0.000000
      vertex -0.290000 1.265363 -0.339053
    endloop
  endfacet
  facet normal 0.000000 -0.991445 0.130526
    outer loop
      vertex -0.290000 1.265363 -0.339053
      vertex -0.290000 1.310000 0.000000
      vertex -0.690000 1.310000 0.000000
    endloop
  endfacet
  facet normal 0.000000 -0.991445 0.130526
    outer loop
      vertex -0.290000 1.265363 -0.339053
      vertex -0.690000 1.310000 0.000000
      vertex -0.690000 1.265363 -0.339053
    endloop
  endfacet
  facet normal 1.000000 -0.000000 -0.000000
    outer loop
      vertex 0.090000 0.000000 0.000000
      vertex 0.090000 1.310000 0.000000
      vertex 0.090000 1.265363 0.339053
    endloop
  endfacet
  facet normal -1.000000 0.000000 0.000000
    outer loop
      vertex 0.490000 -0.000000 0.000000
      vertex 0.490000 1.265363 0.339053
      vertex 0.490000 1.310000 0.000000
    endloop
  endfacet
  facet normal 0.000000 -0.991445 -0.130526
    outer loop
      vertex 0.490000 1.310000 0.000000
      vertex 0.490000 1.265363 0.339053
      vertex 0.090000 1.265363 0.339053
    endloop
  endfacet
  facet normal 0.000000 -0.991445 -0.130526
    outer loop
      vertex 0.490000 1.310000 0.000000
      vertex 0.090000 1.265363 0.339053
      vertex 0.090000 1.310000 0.000000
    endloop
  endfacet
  facet normal 1.000000 -0.000000 -0.000000
    outer loop
      vertex 0.090000 0.000000 0.000000
      vertex 0.090000 1.265363 0.339053
      vertex 0.090000 1.134493 0.655000
    endloop
  endfacet
  facet normal -1.000000 0.000000 0.000000
    outer loop
      vertex 0.490000 -0.000000 0.000000
      vertex 0.490000 1.134493 0.655000
      vertex 0.490000 1.265363 0.339053
    endloop
  endfacet
  facet normal 0.000000 -0.923880 -0.382683
    outer loop
      vertex 0.490000 1.265363 0.339053
      vertex 0.490000 1.134493 0.655000
      vertex 0.090000 1.134493 0.655000
    endloop
  endfacet
  facet normal 0.000000 -0.923880 -0.382683
    outer loop
      vertex 0.490000 1.265363 0.339053
      vertex 0.090000 1.134493 0.655000
      vertex 0.090000 1.265363 0.339053
    endloop
  endfacet
  facet normal 1.000000 -0.000000 0.000000
    outer loop
      vertex 0.090000 0.000000 0.000000
      vertex 0.090000 1.134493 0.655000
      vertex 0.090000 0.926310 0.926310
    endloop
  endfacet
  facet normal -1.000000 0.000000 0.000000
    outer loop
      vertex 0.490000 -0.000000 0.000000
      vertex 0.490000 0.926310 0.926310
      vertex 0.490000 1.134493 0.655000
    endloop
  endfacet
  facet normal 0.000000 -0.793353 -0.608761
    outer loop
      vertex 0.490000 1.134493 0.655000
      vertex 0.490000 0.926310 0.926310
      vertex 0.090000 0.926310 0.926310
    endloop
  endfacet
  facet normal 0.000000 -0.793353 -0.608761
    outer loop
      vertex 0.490000 1.134493 0.655000
      vertex 0.090000 0.926310 0.926310
      vertex 0.090000 1.134493 0.655000
    endloop
  endfacet
  facet normal 1.000000 -0.000000 0.000000
    outer loop
      vertex 0.090000 0.000000 0.000000
      vertex 0.090000 0.926310 0.926310
      vertex 0.090000 0.655000 1.134493
    endloop
  endfacet
  facet normal -1.000000 0.000000 0.000000
    outer loop
      vertex 0.490000 -0.000000 0.000000
      vertex 0.490000 0.655000 1.134493
      vertex 0.490000 0.926310 0.926310
    endloop
  endfacet
  facet normal 0.000000 -0.608761 -0.793353
    outer loop
      vertex 0.490000 0.926310 0.926310
      vertex 0.490000 0.655000 1.134493
      vertex 0.090000 0.655000 1.134493
    endloop
  endfacet
  facet normal 0.000000 -0.608761 -0.793353
    outer loop
      vertex 0.490000 0.926310 0.926310
      vertex 0.090000 0.655000 1.134493
      vertex 0.090000 0.926310 0.926310
    endloop
  endfacet
  facet normal 1.000000 -0.000000 -0.000000
    outer loop
      vertex 0.090000 0.000000 0.000000
      vertex 0.090000 0.655000 1.134493
      vertex 0.090000 0.339053 1.265363
    endloop
  endfacet
  facet normal -1.000000 0.000000 0.000000
    outer loop
      vertex 0.490000 -0.000000 0.000000
      vertex 0.490000 0.339053 1.265363
      vertex 0.490000 0.655000 1.134493
    endloop
  endfacet
  facet normal 0.000000 -0.382683 -0.923880
    outer loop
      vertex 0.490000 0.655000 1.134493
      vertex 0.490000 0.339053 1.265363
      vertex 0.090000 0.339053 1.265363
    endloop
  endfacet
  facet normal 0.000000 -0.382683 -0.923880
    outer loop
      vertex 0.490000 0.655000 1.134493
      vertex 0.090000 0.339053 1.265363
      vertex 0.090000 0.655000 1.134493
    endloop
  endfacet
  facet normal 1.000000 -0.000000 0.000000
    outer loop
      vertex 0.090000 0.000000 0.000000
      vertex 0.090000 0.339053 1.265363
      vertex 0.090000 0.000000 1.310000
    endloop
  endfacet
  facet normal -1.000000 0.000000 -0.000000
    outer loop
      vertex 0.490000 -0.000000 0.000000
      vertex 0.490000 0.000000 1.310000
      vertex 0.490000 0.339053 1.265363
    endloop
  endfacet
  facet normal -0.000000 -0.130526 -0.991445
    outer loop
      vertex 0.490000 0.339053 1.265363
      vertex 0.490000 0.000000 1.310000
      vertex 0.090000 0.000000 1.310000
    endloop
  endfacet
  facet normal 0.000000 -0.130526 -0.991445
    outer loop
      vertex 0.490000 0.339053 1.265363
      vertex 0.090000 0.000000 1.310000
      vertex 0.090000 0.339053 1.265363
    endloop
  endfacet
  facet normal 1.000000 -0.000000 0.000000
    outer loop
      vertex 0.090000 0.000000 0.000000
      vertex 0.090000 0.000000 1.310000
      vertex 0.090000 -0.339053 1.265363
    endloop
  endfacet
  facet normal -1.000000 0.000000 -0.000000
    outer loop
      vertex 0.490000 -0.000000 0.000000
      vertex 0.490000 -0.339053 1.265363
      vertex 0.490000 0.000000 1.310000
    endloop
  endfacet
  facet normal 0.000000 0.130526 -0.991445
    outer loop
      vertex 0.490000 0.000000 1.310000
      vertex 0.490000 -0.339053 1.265363
      vertex 0.090000 -0.339053 1.265363
    endloop
  endfacet
  facet normal 0.000000 0.130526 -0.991445
    outer loop
      vertex 0.490000 0.000000 1.310000
      vertex 0.090000 -0.339053 1.265363
      vertex 0.090000 0.000000 1.310000
    endloop
  endfacet
  facet normal 1.000000 -0.000000 0.000000
    outer loop
      vertex 0.090000 0.000000 0.000000
      vertex 0.090000 -0.339053 1.265363
      vertex 0.090000 -0.655000 1.134493
    endloop
  endfacet
  facet normal -1.000000 0.000000 -0.000000
    outer loop
      vertex 0.490000 -0.000000 0.000000
      vertex 0.490000 -0.655000 1.134493
      vertex 0.490000 -0.339053 1.265363
    endloop
  endfacet
  facet normal 0.000000 0.382683 -0.923880
    outer loop
      vertex 0.490000 -0.339053 1.265363
      vertex 0.490000 -0.655000 1.134493
      vertex 0.090000 -0.655000 1.134493
    endloop
  endfacet
  facet normal 0.000000 0.382683 -0.923880
    outer loop
      vertex 0.490000 -0.339053 1.265363
      vertex 0.090000 -0.655000 1.134493
      vertex 0.090000 -0.339053 1.265363
    endloop
  endfacet
  facet normal 1.000000 -0.000000 -0.000000
    outer loop
      vertex 0.090000 0.000000 0.000000
      vertex 0.090000 -0.655000 1.134493
      vertex 0.090000 -0.926310 0.926310
    endloop
  endfacet
  facet normal -1.000000 0.000000 -0.000000
    outer loop
      vertex 0.490000 -0.000000 0.000000
      vertex 0.490000 -0.926310 0.926310
      vertex 0.490000 -0.655000 1.134493
    endloop
  endfacet
  facet normal 0.000000 0.608761 -0.793353
    outer loop
      vertex 0.490000 -0.655000 1.134493
      vertex 0.490000 -0.926310 0.926310
      vertex 0.090000 -0.926310 0.926310
    endloop
  endfacet
  facet normal 0.000000 0.608761 -0.793353
    outer loop
      vertex 0.490000 -0.655000 1.134493
      vertex 0.090000 -0.926310 0.926310
      vertex 0.090000 -0.655000 1.134493
    endloop
  endfacet
  facet normal 1.000000 -0.000000 -0.000000
    outer loop
      vertex 0.090000 0.000000 0.000000
      vertex 0.090000 -0.926310 0.926310
      vertex 0.090000 -1.134493 0.655000
    endloop
  endfacet
  facet normal -1.000000 0.000000 -0.000000
    outer loop
      vertex 0.490000 -0.000000 0.000000
      vertex 0.490000 -1.134493 0.655000
      vertex 0.490000 -0.926310 0.926310
    endloop
  endfacet
  facet normal 0.000000 0.793353 -0.608761
    outer loop
      vertex 0.490000 -0.926310 0.926310
      vertex 0.490000 -1.134493 0.655000
      vertex 0.090000 -1.134493 0.655000
    endloop
  endfacet
  facet normal 0.000000 0.793353 -0.608761
    outer loop
      vertex 0.490000 -0.926310 0.926310
      vertex 0.090000 -1.134493 0.655000
      vertex 0.090000 -0.926310 0.926310
    endloop
  endfacet
  facet normal 1.000000 -0.000000 0.000000
    outer loop
      vertex 0.090000 0.000000 0.000000
      vertex 0.090000 -1.134493 0.655000
      vertex 0.090000 -1.265363 0.339053
    endloop
  endfacet
  facet normal -1.000000 0.000000 -0.000000
    outer loop
      vertex 0.490000 -0.000000 0.000000
      vertex 0.490000 -1.265363 0.339053
      vertex 0.490000 -1.134493 0.655000
    endloop
  endfacet
  facet normal 0.000000 0.923880 -0.382683
    outer loop
      vertex 0.490000 -1.134493 0.655000
      vertex 0.490000 -1.265363 0.339053
      vertex 0.090000 -1.265363 0.339053
    endloop
  endfacet
  facet normal 0.000000 0.923880 -0.382683
    outer loop
      vertex 0.490000 -1.134493 0.655000
      vertex 0.090000 -1.265363 0.339053
      vertex 0.090000 -1.134493 0.655000
    endloop
  endfacet
  facet normal 1.000000 -0.000000 0.000000
    outer loop
      vertex 0.090000 0.000000 0.000000
      vertex 0.090000 -1.265363 0.339053
      vertex 0.090000 -1.310000 0.000000
    endloop
  endfacet
  facet normal -1.000000 0.000000 -0.000000
    outer loop
      vertex 0.490000 -0.000000 0.000000
      vertex 0.490000 -1.310000 0.000000
      vertex 0.490000 -1.265363 0.339053
    endloop
  endfacet
  facet normal 0.000000 0.991445 -0.130526
    outer loop
      vertex 0.490000 -1.265363 0.339053
      vertex 0.490000 -1.310000 0.000000
      vertex 0.090000 -1.310000 0.000000
    endloop
  endfacet
  facet normal 0.000000 0.991445 -0.130526
    outer loop
      vertex 0.490000 -1.265363 0.339053
      vertex 0.090000 -1.310000 0.000000
      vertex 0.090000 -1.265363 0.339053
    endloop
  endfacet
  facet normal 1.000000 -0.000000 -0.000000
    outer loop
      vertex 0.090000 0.000000 0.000000
      vertex 0.090000 -1.310000 0.000000
      vertex 0.090000 -1.265363 -0.339053
    endloop
  endfacet
  facet normal -1.000000 0.000000 0.000000
    outer loop
      vertex 0.490000 -0.000000 0.000000
      vertex 0.490000 -1.265363 -0.339053
      vertex 0.490000 -1.310000 0.000000
    endloop
  endfacet
  facet normal 0.000000 0.991445 0.130526
    outer loop
      vertex 0.490000 -1.310000 0.000000
      vertex 0.490000 -1.265363 -0.339053
      vertex 0.090000 -1.265363 -0.339053
    endloop
  endfacet
  facet normal 0.000000 0.991445 0.130526
    outer loop
      vertex 0.490000 -1.310000 0.000000
      vertex 0.090000 -1.265363 -0.339053
      vertex 0.090000 -1.310000 0.000000
    endloop
  endfacet
  facet normal 1.000000 -0.000000 -0.000000
    outer loop
      vertex 0.090000 0.000000 0.000000
      vertex 0.090000 -1.265363 -0.339053
      vertex 0.090000 -1.134493 -0.655000
    endloop
  endfacet
  facet normal -1.000000 0.000000 0.000000
    outer loop
      vertex 0.490000 -0.000000 0.000000
      vertex 0.490000 -1.134493 -0.655000
      vertex 0.490000 -1.265363 -0.339053
    endloop
  endfacet
  facet normal 0.000000 0.923880 0.382683
    outer loop
      vertex 0.490000 -1.265363 -0.339053
      vertex 0.490000 -1.134493 -0.655000
      vertex 0.090000 -1.134493 -0.655000
    endloop
  endfacet
  facet normal 0.000000 0.923880 0.382683
    outer loop
      vertex 0.490000 -1.265363 -0.339053
      vertex 0.090000 -1.134493 -0.655000
      vertex 0.090000 -1.265363 -0.339053
    endloop
  endfacet
  facet normal 1.000000 -0.000000 0.000000
    outer loop
      vertex 0.090000 0.000000 0.000000
      vertex 0.090000 -1.134493 -0.655000
      vertex 0.090000 -0.926310 -0.926310
    endloop
  endfacet
  facet normal -1.000000 0.000000 0.000000
    outer loop
      vertex 0.490000 -0.000000 0.000000
      vertex 0.490000 -0.926310 -0.926310
      vertex 0.490000 -1.134493 -0.655000
    endloop
  endfacet
  facet normal 0.000000 0.793353 0.608761
    outer loop
      vertex 0.490000 -1.134493 -0.655000
      vertex 0.490000 -0.926310 -0.926310
      vertex 0.090000 -0.926310 -0.926310
    endloop
  endfacet
  facet normal 0.000000 0.793353 0.608761
    outer loop
      vertex 0.490000 -1.134493 -0.655000
      vertex 0.090000 -0.926310 -0.926310
      vertex 0.090000 -1.134493 -0.655000
    endloop
  endfacet
  facet normal 1.000000 -0.000000 0.000000
    outer loop
      vertex 0.090000 0.000000 0.000000
      vertex 0.090000 -0.926310 -0.926310
      vertex 0.090000 -0.655000 -1.134493
    endloop
  endfacet
  facet normal -1.000000 0.000000 0.000000
    outer loop
      vertex 0.490000 -0.000000 0.000000
      vertex 0.490000 -0.655000 -1.134493
      vertex 0.490000 -0.926310 -0.926310
    endloop
  endfacet
  facet normal 0.000000 0.608761 0.793353
    outer loop
      vertex 0.490000 -0.926310 -0.926310
      vertex 0.490000 -0.655000 -1.134493
      vertex 0.090000 -0.655000 -1.134493
    endloop
  endfacet
  facet normal 0.000000 0.608761 0.793353
    outer loop
      vertex 0.490000 -0.926310 -0.926310
      vertex 0.090000 -0.655000 -1.134493
      vertex 0.090000 -0.926310 -0.926310
    endloop
  endfacet
  facet normal 1.000000 -0.000000 -0.000000
    outer loop
      vertex 0.090000 0.000000 0.000000
      vertex 0.090000 -0.655000 -1.134493
      vertex 0.090000 -0.339053 -1.265363
    endloop
  endfacet
  facet normal -1.000000 0.000000 0.000000
    outer loop
      vertex 0.490000 -0.000000 0.000000
      vertex 0.490000 -0.339053 -1.265363
      vertex 0.490000 -0.655000 -1.134493
    endloop
  endfacet
  facet normal 0.000000 0.382683 0.923880
    outer loop
      vertex 0.490000 -0.655000 -1.134493
      vertex 0.490000 -0.339053 -1.265363
      vertex 0.090000 -0.339053 -1.265363
    endloop
  endfacet
  facet normal 0.000000 0.382683 0.923880
    outer loop
      vertex 0.490000 -0.655000 -1.134493
      vertex 0.090000 -0.339053 -1.265363
      vertex 0.090000 -0.655000 -1.134493
    endloop
  endfacet
  facet normal 1.000000 -0.000000 0.000000
    outer loop
      vertex 0.090000 0.000000 0.000000
      vertex 0.090000 -0.339053 -1.265363
      vertex 0.090000 -0.000000 -1.310000
    endloop
  endfacet
  facet normal -1.000000 0.000000 -0.000000
    outer loop
      vertex 0.490000 -0.000000 0.000000
      vertex 0.490000 -0.000000 -1.310000
      vertex 0.490000 -0.339053 -1.265363
    endloop
  endfacet
  facet normal 0.000000 0.130526 0.991445
    outer loop
      vertex 0.490000 -0.339053 -1.265363
      vertex 0.490000 -0.000000 -1.310000
      vertex 0.090000 -0.000000 -1.310000
    endloop
  endfacet
  facet normal 0.000000 0.130526 0.991445
    outer loop
      vertex 0.490000 -0.339053 -1.265363
      vertex 0.090000 -0.000000 -1.310000
      vertex 0.090000 -0.339053 -1.265363
    endloop
  endfacet
  facet normal 1.000000 -0.000000 0.000000
    outer loop
      vertex 0.090000 0.000000 0.000000
      vertex 0.090000 -0.000000 -1.310000
      vertex 0.090000 0.339053 -1.265363
    endloop
  endfacet
  facet normal -1.000000 0.000000 -0.000000
    outer loop
      vertex 0.490000 -0.000000 0.000000
      vertex 0.490000 0.339053 -1.265363
      vertex 0.490000 -0.000000 -1.310000
    endloop
  endfacet
  facet normal 0.000000 -0.130526 0.991445
    outer loop
      vertex 0.490000 -0.000000 -1.310000
      vertex 0.490000 0.339053 -1.265363
      vertex 0.090000 0.339053 -1.265363
    endloop
  endfacet
  facet normal -0.000000 -0.130526 0.991445
    outer loop
      vertex 0.490000 -0.000000 -1.310000
      vertex 0.090000 0.339053 -1.265363
      vertex 0.090000 -0.000000 -1.310000
    endloop
  endfacet
  facet normal 1.000000 -0.000000 0.000000
    outer loop
      vertex 0.090000 0.000000 0.000000
      vertex 0.090000 0.339053 -1.265363
      vertex 0.090000 0.655000 -1.134493
    endloop
  endfacet
  facet normal -1.000000 0.000000 -0.000000
    outer loop
      vertex 0.490000 -0.000000 0.000000
      vertex 0.490000 0.655000 -1.134493
      vertex 0.490000 0.339053 -1.265363
    endloop
  endfacet
  facet normal 0.000000 -0.382683 0.923880
    outer loop
      vertex 0.490000 0.339053 -1.265363
      vertex 0.490000 0.655000 -1.134493
      vertex 0.090000 0.655000 -1.134493
    endloop
  endfacet
  facet normal 0.000000 -0.382683 0.923880
    outer loop
      vertex 0.490000 0.339053 -1.265363
      vertex 0.090000 0.655000 -1.134493
      vertex 0.090000 0.339053 -1.265363
    endloop
  endfacet
  facet normal 1.000000 -0.000000 -0.000000
    outer loop
      vertex 0.090000 0.000000 0.000000
      vertex 0.090000 0.655000 -1.134493
      vertex 0.090000 0.926310 -0.926310
    endloop
  endfacet
  facet normal -1.000000 0.000000 -0.000000
    outer loop
      vertex 0.490000 -0.000000 0.000000
      vertex 0.490000 0.926310 -0.926310
      vertex 0.490000 0.655000 -1.134493
    endloop
  endfacet
  facet normal 0.000000 -0.608761 0.793353
    outer loop
      vertex 0.490000 0.655000 -1.134493
      vertex 0.490000 0.926310 -0.926310
      vertex 0.090000 0.926310 -0.926310
    endloop
  endfacet
  facet normal 0.000000 -0.608761 0.793353
    outer loop
      vertex 0.490000 0.655000 -1.134493
      vertex 0.090000 0.926310 -0.926310
      vertex 0.090000 0.655000 -1.134493
    endloop
  endfacet
  facet normal 1.000000 -0.000000 -0.000000
    outer loop
      vertex 0.090000 0.000000 0.000000
      vertex 0.090000 0.926310 -0.926310
      vertex 0.090000 1.134493 -0.655000
    endloop
  endfacet
  facet normal -1.000000 0.000000 -0.000000
    outer loop
      vertex 0.490000 -0.000000 0.000000
      vertex 0.490000 1.134493 -0.655000
      vertex 0.490000 0.926310 -0.926310
    endloop
  endfacet
  facet normal 0.000000 -0.793353 0.608761
    outer loop
      vertex 0.490000 0.926310 -0.926310
      vertex 0.490000 1.134493 -0.655000
      vertex 0.090000 1.134493 -0.655000
    endloop
  endfacet
  facet normal 0.000000 -0.793353 0.608761
    outer loop
      vertex 0.490000 0.926310 -0.926310
      vertex 0.090000 1.134493 -0.655000
      vertex 0.090000 0.926310 -0.926310
    endloop
  endfacet
  facet normal 1.000000 -0.000000 0.000000
    outer loop
      vertex 0.090000 0.000000 0.000000
      vertex 0.090000 1.134493 -0.655000
      vertex 0.090000 1.265363 -0.339053
    endloop
  endfacet
  facet normal -1.000000 0.000000 -0.000000
    outer loop
      vertex 0.490000 -0.000000 0.000000
      vertex 0.490000 1.265363 -0.339053
      vertex 0.490000 1.134493 -0.655000
    endloop
  endfacet
  facet normal 0.000000 -0.923880 0.382683
    outer loop
      vertex 0.490000 1.134493 -0.655000
      vertex 0.490000 1.265363 -0.339053
      vertex 0.090000 1.265363 -0.339053
    endloop
  endfacet
  facet normal 0.000000 -0.923880 0.382683
    outer loop
      vertex 0.490000 1.134493 -0.655000
      vertex 0.090000 1.265363 -0.339053
      vertex 0.090000 1.134493 -0.655000
    endloop
  endfacet
  facet normal 1.000000 -0.000000 0.000000
    outer loop
      vertex 0.090000 0.000000 0.000000
      vertex 0.090000 1.265363 -0.339053
      vertex 0.090000 1.310000 0.000000
    endloop
  endfacet
  facet normal -1.000000 0.000000 -0.000000
    outer loop
      vertex 0.490000 -0.000000 0.000000
      vertex 0.490000 1.310000 0.000000
      vertex 0.490000 1.265363 -0.339053
    endloop
  endfacet
  facet normal 0.000000 -0.991445 0.130526
    outer loop
      vertex 0.490000 1.265363 -0.339053
      vertex 0.490000 1.310000 0.000000
      vertex 0.090000 1.310000 0.000000
    endloop
  endfacet
  facet normal 0.000000 -0.991445 0.130526
    outer loop
      vertex 0.490000 1.265363 -0.339053
      vertex 0.090000 1.310000 0.000000
      vertex 0.090000 1.265363 -0.339053
    endloop
  endfacet
endsolid resistor_220ohm