solid arduino_mega
  facet normal 0.000000 -1.000000 0.000000
    outer loop
      vertex -50.145000 1.600000 -27.500000
      vertex 50.145000 1.600000 -27.500000
      vertex 50.145000 1.600000 27.500000
    endloop
  endfacet
  facet normal 0.000000 -1.000000 0.000000
    outer loop
      vertex -50.145000 1.600000 -27.500000
      vertex 50.145000 1.600000 27.500000
      vertex -50.145000 1.600000 27.500000
    endloop
  endfacet
  facet normal 0.000000 1.000000 0.000000
    outer loop
      vertex -50.145000 0.000000 27.500000
      vertex 50.145000 0.000000 27.500000
      vertex 50.145000 0.000000 -27.500000
    endloop
  endfacet
  facet normal 0.000000 1.000000 0.000000
    outer loop
      vertex -50.145000 0.000000 27.500000
      vertex 50.145000 0.000000 -27.500000
      vertex -50.145000 0.000000 -27.500000
    endloop
  endfacet
  facet normal 0.000000 0.000000 -1.000000
    outer loop
      vertex -50.145000 1.600000 27.500000
      vertex 50.145000 1.600000 27.500000
      vertex 50.145000 0.000000 27.500000
    endloop
  endfacet
  facet normal 0.000000 0.000000 -1.000000
    outer loop
      vertex -50.145000 1.600000 27.500000
      vertex 50.145000 0.000000 27.500000
      vertex -50.145000 0.000000 27.500000
    endloop
  endfacet
  facet normal 0.000000 0.000000 1.000000
    outer loop
      vertex 50.145000 0.000000 -27.500000
      vertex 50.145000 1.600000 -27.500000
      vertex -50.145000 1.600000 -27.500000
    endloop
  endfacet
  facet normal 0.000000 0.000000 1.000000
    outer loop
      vertex 50.145000 0.000000 -27.500000
      vertex -50.145000 1.600000 -27.500000
      vertex -50.145000 0.000000 -27.500000
    endloop
  endfacet
  facet normal -1.000000 0.000000 0.000000
    outer loop
      vertex 50.145000 0.000000 27.500000
      vertex 50.145000 1.600000 27.500000
      vertex 50.145000 1.600000 -27.500000
    endloop
  endfacet
  facet normal -1.000000 0.000000 0.000000
    outer loop
      vertex 50.145000 0.000000 27.500000
      vertex 50.145000 1.600000 -27.500000
      vertex 50.145000 0.000000 -27.500000
    endloop
  endfacet
  facet normal 1.000000 0.000000 0.000000
    outer loop
      vertex -50.145000 0.000000 -27.500000
      vertex -50.145000 1.600000 -27.500000
      vertex -50.145000 1.600000 27.500000
    endloop
  endfacet
  facet normal 1.000000 0.000000 0.000000
    outer loop
      vertex -50.145000 0.000000 -27.500000
      vertex -50.145000 1.600000 27.500000
      vertex -50.145000 0.000000 27.500000
    endloop
  endfacet
  facet normal 0.000000 -1.000000 0.000000
    outer loop
      vertex -48.090000 7.225000 -26.060000
      vertex -45.890000 7.225000 -26.060000
      vertex -45.890000 7.225000 -23.860000
    endloop
  endfacet
  facet normal 0.000000 -1.000000 0.000000
    outer loop
      vertex -48.090000 7.225000 -26.060000
      vertex -45.890000 7.225000 -23.860000
      vertex -48.090000 7.225000 -23.860000
    endloop
  endfacet
  facet normal 0.000000 1.000000 0.000000
    outer loop
      vertex -48.090000 5.675000 -23.860000
      vertex -45.890000 5.675000 -23.860000
      vertex -45.890000 5.675000 -26.060000
    endloop
  endfacet
  facet normal 0.000000 1.000000 0.000000
    outer loop
      vertex -48.090000 5.675000 -23.860000
      vertex -45.890000 5.675000 -26.060000
      vertex -48.090000 5.675000 -26.060000
    endloop
  endfacet
  facet normal 0.000000 0.000000 -1.000000
    outer loop
      vertex -48.090000 7.225000 -23.860000
      vertex -45.890000 7.225000 -23.860000
      vertex -45.890000 5.675000 -23.860000
    endloop
  endfacet
  facet normal 0.000000 0.000000 -1.000000
    outer loop
      vertex -48.090000 7.225000 -23.860000
      vertex -45.890000 5.675000 -23.860000
      vertex -48.090000 5.675000 -23.860000
    endloop
  endfacet
  facet normal 0.000000 0.000000 1.000000
    outer loop
      vertex -45.890000 5.675000 -26.060000
      vertex -45.890000 7.225000 -26.060000
      vertex -48.090000 7.225000 -26.060000
    endloop
  endfacet
  facet normal 0.000000 0.000000 1.000000
    outer loop
      vertex -45.890000 5.675000 -26.060000
      vertex -48.090000 7.225000 -26.060000
      vertex -48.090000 5.675000 -26.060000
    endloop
  endfacet
  facet normal -1.000000 0.000000 0.000000
    outer loop
      vertex -45.890000 5.675000 -23.860000
      vertex -45.890000 7.225000 -23.860000
      vertex -45.890000 7.225000 -26.060000
    endloop
  endfacet
  facet normal -1.000000 0.000000 0.000000
    outer loop
      vertex -45.890000 5.675000 -23.860000
      vertex -45.890000 7.225000 -26.060000
      vertex -45.890000 5.675000 -26.060000
    endloop
  endfacet
  facet normal 1.000000 0.000000 0.000000
    outer loop
      vertex -48.090000 5.675000 -26.060000
      vertex -48.090000 7.225000 -26.060000
      vertex -48.090000 7.225000 -23.860000
    endloop
  endfacet
  facet normal 1.000000 0.000000 0.000000
    outer loop
      vertex -48.090000 5.675000 -26.060000
      vertex -48.090000 7.225000 -23.860000
      vertex -48.090000 5.675000 -23.860000
    endloop
  endfacet
  facet normal 0.000000 -1.000000 0.000000
    outer loop
      vertex -47.320000 11.200000 -25.290000
      vertex -46.660000 11.200000 -25.290000
      vertex -46.660000 11.200000 -24.630000
    endloop
  endfacet
  facet normal 0.000000 -1.000000 0.000000
    outer loop
      vertex -47.320000 11.200000 -25.290000
      vertex -46.660000 11.200000 -24.630000
      vertex -47.320000 11.200000 -24.630000
    endloop
  endfacet
  facet normal 0.000000 1.000000 0.000000
    outer loop
      vertex -47.320000 6.000000 -24.630000
      vertex -46.660000 6.000000 -24.630000
      vertex -46.660000 6.000000 -25.290000
    endloop
  endfacet
  facet normal 0.000000 1.000000 0.000000
    outer loop
      vertex -47.320000 6.000000 -24.630000
      vertex -46.660000 6.000000 -25.290000
      vertex -47.320000 6.000000 -25.290000
    endloop
  endfacet
  facet normal 0.000000 0.000000 -1.000000
    outer loop
      vertex -47.320000 11.200000 -24.630000
      vertex -46.660000 11.200000 -24.630000
      vertex -46.660000 6.000000 -24.630000
    endloop
  endfacet
  facet normal 0.000000 0.000000 -1.000000
    outer loop
      vertex -47.320000 11.200000 -24.630000
      vertex -46.660000 6.000000 -24.630000
      vertex -47.320000 6.000000 -24.630000
    endloop
  endfacet
  facet normal 0.000000 0.000000 1.000000
    outer loop
      vertex -46.660000 6.000000 -25.290000
      vertex -46.660000 11.200000 -25.290000
      vertex -47.320000 11.200000 -25.290000
    endloop
  endfacet
  facet normal 0.000000 0.000000 1.000000
    outer loop
      vertex -46.660000 6.000000 -25.290000
      vertex -47.320000 11.200000 -25.290000
      vertex -47.320000 6.000000 -25.290000
    endloop
  endfacet
  facet normal -1.000000 0.000000 0.000000
    outer loop
      vertex -46.660000 6.000000 -24.630000
      vertex -46.660000 11.200000 -24.630000
      vertex -46.660000 11.200000 -25.290000
    endloop
  endfacet
  facet normal -1.000000 0.000000 0.000000
    outer loop
      vertex -46.660000 6.000000 -24.630000
      vertex -46.660000 11.200000 -25.290000
      vertex -46.660000 6.000000 -25.290000
    endloop
  endfacet
  facet normal 1.000000 0.000000 0.000000
    outer loop
      vertex -47.320000 6.000000 -25.290000
      vertex -47.320000 11.200000 -25.290000
      vertex -47.320000 11.200000 -24.630000
    endloop
  endfacet
  facet normal 1.000000 0.000000 0.000000
    outer loop
      vertex -47.320000 6.000000 -25.290000
      vertex -47.320000 11.200000 -24.630000
      vertex -47.320000 6.000000 -24.630000
    endloop
  endfacet
  facet normal 0.000000 -1.000000 0.000000
    outer loop
      vertex -45.550000 7.225000 -26.060000
      vertex -43.350000 7.225000 -26.060000
      vertex -43.350000 7.225000 -23.860000
    endloop
  endfacet
  facet normal 0.000000 -1.000000 0.000000
    outer loop
      vertex -45.550000 7.225000 -26.060000
      vertex -43.350000 7.225000 -23.860000
      vertex -45.550000 7.225000 -23.860000
    endloop
  endfacet
  facet normal 0.000000 1.000000 0.000000
    outer loop
      vertex -45.550000 5.675000 -23.860000
      vertex -43.350000 5.675000 -23.860000
      vertex -43.350000 5.675000 -26.060000
    endloop
  endfacet
  facet normal 0.000000 1.000000 0.000000
    outer loop
      vertex -45.550000 5.675000 -23.860000
      vertex -43.350000 5.675000 -26.060000
      vertex -45.550000 5.675000 -26.060000
    endloop
  endfacet
  facet normal 0.000000 0.000000 -1.000000
    outer loop
      vertex -45.550000 7.225000 -23.860000
      vertex -43.350000 7.225000 -23.860000
      vertex -43.350000 5.675000 -23.860000
    endloop
  endfacet
  facet normal 0.000000 0.000000 -1.000000
    outer loop
      vertex -45.550000 7.225000 -23.860000
      vertex -43.350000 5.675000 -23.860000
      vertex -45.550000 5.675000 -23.860000
    endloop
  endfacet
  facet normal 0.000000 0.000000 1.000000
    outer loop
      vertex -43.350000 5.675000 -26.060000
      vertex -43.350000 7.225000 -26.060000
      vertex -45.550000 7.225000 -26.060000
    endloop
  endfacet
  facet normal 0.000000 0.000000 1.000000
    outer loop
      vertex -43.350000 5.675000 -26.060000
      vertex -45.550000 7.225000 -26.060000
      vertex -45.550000 5.675000 -26.060000
    endloop
  endfacet
  facet normal -1.000000 0.000000 0.000000
    outer loop
      vertex -43.350000 5.675000 -23.860000
      vertex -43.350000 7.225000 -23.860000
      vertex -43.350000 7.225000 -26.060000
    endloop
  endfacet
  facet normal -1.000000 0.000000 0.000000
    outer loop
      vertex -43.350000 5.675000 -23.860000
      vertex -43.350000 7.225000 -26.060000
      vertex -43.350000 5.675000 -26.060000
    endloop
  endfacet
  facet normal 1.000000 0.000000 0.000000
    outer loop
      vertex -45.550000 5.675000 -26.060000
      vertex -45.550000 7.225000 -26.060000
      vertex -45.550000 7.225000 -23.860000
    endloop
  endfacet
  facet normal 1.000000 0.000000 0.000000
    outer loop
      vertex -45.550000 5.675000 -26.060000
      vertex -45.550000 7.225000 -23.860000
      vertex -45.550000 5.675000 -23.860000
    endloop
  endfacet
  facet normal 0.000000 -1.000000 0.000000
    outer loop
      vertex -44.780000 11.200000 -25.290000
      vertex -44.120000 11.200000 -25.290000
      vertex -44.120000 11.200000 -24.630000
    endloop
  endfacet
  facet normal 0.000000 -1.000000 0.000000
    outer loop
      vertex -44.780000 11.200000 -25.290000
      vertex -44.120000 11.200000 -24.630000
      vertex -44.780000 11.200000 -24.630000
    endloop
  endfacet
  facet normal 0.000000 1.000000 0.000000
    outer loop
      vertex -44.780000 6.000000 -24.630000
      vertex -44.120000 6.000000 -24.630000
      vertex -44.120000 6.000000 -25.290000
    endloop
  endfacet
  facet normal 0.000000 1.000000 0.000000
    outer loop
      vertex -44.780000 6.000000 -24.630000
      vertex -44.120000 6.000000 -25.290000
      vertex -44.780000 6.000000 -25.290000
    endloop
  endfacet
  facet normal 0.000000 0.000000 -1.000000
    outer loop
      vertex -44.780000 11.200000 -24.630000
      vertex -44.120000 11.200000 -24.630000
      vertex -44.120000 6.000000 -24.630000
    endloop
  endfacet
  facet normal 0.000000 0.000000 -1.000000
    outer loop
      vertex -44.780000 11.200000 -24.630000
      vertex -44.120000 6.000000 -24.630000
      vertex -44.780000 6.000000 -24.630000
    endloop
  endfacet
  facet normal 0.000000 0.000000 1.000000
    outer loop
      vertex -44.120000 6.000000 -25.290000
      vertex -44.120000 11.200000 -25.290000
      vertex -44.780000 11.200000 -25.290000
    endloop
  endfacet
  facet normal 0.000000 0.000000 1.000000
    outer loop
      vertex -44.120000 6.000000 -25.290000
      vertex -44.780000 11.200000 -25.290000
      vertex -44.780000 6.000000 -25.290000
    endloop
  endfacet
  facet normal -1.000000 0.000000 0.000000
    outer loop
      vertex -44.120000 6.000000 -24.630000
      vertex -44.120000 11.200000 -24.630000
      vertex -44.120000 11.200000 -25.290000
    endloop
  endfacet
  facet normal -1.000000 0.000000 0.000000
    outer loop
      vertex -44.120000 6.000000 -24.630000
      vertex -44.120000 11.200000 -25.290000
      vertex -44.120000 6.000000 -25.290000
    endloop
  endfacet
  facet normal 1.000000 0.000000 0.000000
    outer loop
      vertex -44.780000 6.000000 -25.290000
      vertex -44.780000 11.200000 -25.290000
      vertex -44.780000 11.200000 -24.630000
    endloop
  endfacet
  facet normal 1.000000 0.000000 0.000000
    outer loop
      vertex -44.780000 6.000000 -25.290000
      vertex -44.780000 11.200000 -24.630000
      vertex -44.780000 6.000000 -24.630000
    endloop
  endfacet
  facet normal 0.000000 -1.000000 0.000000
    outer loop
      vertex -43.010000 7.225000 -26.060000
      vertex -40.810000 7.225000 -26.060000
      vertex -40.810000 7.225000 -23.860000
    endloop
  endfacet
  facet normal 0.000000 -1.000000 0.000000
    outer loop
      vertex -43.010000 7.225000 -26.060000
      vertex -40.810000 7.225000 -23.860000
      vertex -43.010000 7.225000 -23.860000
    endloop
  endfacet
  facet normal 0.000000 1.000000 0.000000
    outer loop
      vertex -43.010000 5.675000 -23.860000
      vertex -40.810000 5.675000 -23.860000
      vertex -40.810000 5.675000 -26.060000
    endloop
  endfacet
  facet normal 0.000000 1.000000 0.000000
    outer loop
      vertex -43.010000 5.675000 -23.860000
      vertex -40.810000 5.675000 -26.060000
      vertex -43.010000 5.675000 -26.060000
    endloop
  endfacet
  facet normal 0.000000 0.000000 -1.000000
    outer loop
      vertex -43.010000 7.225000 -23.860000
      vertex -40.810000 7.225000 -23.860000
      vertex -40.810000 5.675000 -23.860000
    endloop
  endfacet
  facet normal 0.000000 0.000000 -1.000000
    outer loop
      vertex -43.010000 7.225000 -23.860000
      vertex -40.810000 5.675000 -23.860000
      vertex -43.010000 5.675000 -23.860000
    endloop
  endfacet
  facet normal 0.000000 0.000000 1.000000
    outer loop
      vertex -40.810000 5.675000 -26.060000
      vertex -40.810000 7.225000 -26.060000
      vertex -43.010000 7.225000 -26.060000
    endloop
  endfacet
  facet normal 0.000000 0.000000 1.000000
    outer loop
      vertex -40.810000 5.675000 -26.060000
      vertex -43.010000 7.225000 -26.060000
      vertex -43.010000 5.675000 -26.060000
    endloop
  endfacet
  facet normal -1.000000 0.000000 0.000000
    outer loop
      vertex -40.810000 5.675000 -23.860000
      vertex -40.810000 7.225000 -23.860000
      vertex -40.810000 7.225000 -26.060000
    endloop
  endfacet
  facet normal -1.000000 0.000000 0.000000
    outer loop
      vertex -40.810000 5.675000 -23.860000
      vertex -40.810000 7.225000 -26.060000
      vertex -40.810000 5.675000 -26.060000
    endloop
  endfacet
  facet normal 1.000000 0.000000 0.000000
    outer loop
      vertex -43.010000 5.675000 -26.060000
      vertex -43.010000 7.225000 -26.060000
      vertex -43.010000 7.225000 -23.860000
    endloop
  endfacet
  facet normal 1.000000 0.000000 0.000000
    outer loop
      vertex -43.010000 5.675000 -26.060000
      vertex -43.010000 7.225000 -23.860000
      vertex -43.010000 5.675000 -23.860000
    endloop
  endfacet
  facet normal 0.000000 -1.000000 0.000000
    outer loop
      vertex -42.240000 11.200000 -25.290000
      vertex -41.580000 11.200000 -25.290000
      vertex -41.580000 11.200000 -24.630000
    endloop
  endfacet
  facet normal 0.000000 -1.000000 0.000000
    outer loop
      vertex -42.240000 11.200000 -25.290000
      vertex -41.580000 11.200000 -24.630000
      vertex -42.240000 11.200000 -24.630000
    endloop
  endfacet
  facet normal 0.000000 1.000000 0.000000
    outer loop
      vertex -42.240000 6.000000 -24.630000
      vertex -41.580000 6.000000 -24.630000
      vertex -41.580000 6.000000 -25.290000
    endloop
  endfacet
  facet normal 0.000000 1.000000 0.000000
    outer loop
      vertex -42.240000 6.000000 -24.630000
      vertex -41.580000 6.000000 -25.290000
      vertex -42.240000 6.000000 -25.290000
    endloop
  endfacet
  facet normal 0.000000 0.000000 -1.000000
    outer loop
      vertex -42.240000 11.200000 -24.630000
      vertex -41.580000 11.200000 -24.630000
      vertex -41.580000 6.000000 -24.630000
    endloop
  endfacet
  facet normal 0.000000 0.000000 -1.000000
    outer loop
      vertex -42.240000 11.200000 -24.630000
      vertex -41.580000 6.000000 -24.630000
      vertex -42.240000 6.000000 -24.630000
    endloop
  endfacet
  facet normal 0.000000 0.000000 1.000000
    outer loop
      vertex -41.580000 6.000000 -25.290000
      vertex -41.580000 11.200000 -25.290000
      vertex -42.240000 11.200000 -25.290000
    endloop
  endfacet
  facet normal 0.000000 0.000000 1.000000
    outer loop
      vertex -41.580000 6.000000 -25.290000
      vertex -42.240000 11.200000 -25.290000
      vertex -42.240000 6.000000 -25.290000
    endloop
  endfacet
  facet normal -1.000000 0.000000 0.000000
    outer loop
      vertex -41.580000 6.000000 -24.630000
      vertex -41.580000 11.200000 -24.630000
      vertex -41.580000 11.200000 -25.290000
    endloop
  endfacet
  facet normal -1.000000 0.000000 0.000000
    outer loop
      vertex -41.580000 6.000000 -24.630000
      vertex -41.580000 11.200000 -25.290000
      vertex -41.580000 6.000000 -25.290000
    endloop
  endfacet
  facet normal 1.000000 0.000000 0.000000
    outer loop
      vertex -42.240000 6.000000 -25.290000
      vertex -42.240000 11.200000 -25.290000
      vertex -42.240000 11.200000 -24.630000
    endloop
  endfacet
  facet normal 1.000000 0.000000 0.000000
    outer loop
      vertex -42.240000 6.000000 -25.290000
      vertex -42.240000 11.200000 -24.630000
      vertex -42.240000 6.000000 -24.630000
    endloop
  endfacet
  facet normal 0.000000 -1.000000 0.000000
    outer loop
      vertex -40.470000 7.225000 -26.060000
      vertex -38.270000 7.225000 -26.060000
      vertex -38.270000 7.225000 -23.860000
    endloop
  endfacet
  facet normal 0.000000 -1.000000 0.000000
    outer loop
      vertex -40.470000 7.225000 -26.060000
      vertex -38.270000 7.225000 -23.860000
      vertex -40.470000 7.225000 -23.860000
    endloop
  endfacet
  facet normal 0.000000 1.000000 0.000000
    outer loop
      vertex -40.470000 5.675000 -23.860000
      vertex -38.270000 5.675000 -23.860000
      vertex -38.270000 5.675000 -26.060000
    endloop
  endfacet
  facet normal 0.000000 1.000000 0.000000
    outer loop
      vertex -40.470000 5.675000 -23.860000
      vertex -38.270000 5.675000 -26.060000
      vertex -40.470000 5.675000 -26.060000
    endloop
  endfacet
  facet normal 0.000000 0.000000 -1.000000
    outer loop
      vertex -40.470000 7.225000 -23.860000
      vertex -38.270000 7.225000 -23.860000
      vertex -38.270000 5.675000 -23.860000
    endloop
  endfacet
  facet normal 0.000000 0.000000 -1.000000
    outer loop
      vertex -40.470000 7.225000 -23.860000
      vertex -38.270000 5.675000 -23.860000
      vertex -40.470000 5.675000 -23.860000
    endloop
  endfacet
  facet normal 0.000000 0.000000 1.000000
    outer loop
      vertex -38.270000 5.675000 -26.060000
      vertex -38.270000 7.225000 -26.060000
      vertex -40.470000 7.225000 -26.060000
    endloop
  endfacet
  facet normal 0.000000 0.000000 1.000000
    outer loop
      vertex -38.270000 5.675000 -26.060000
      vertex -40.470000 7.225000 -26.060000
      vertex -40.470000 5.675000 -26.060000
    endloop
  endfacet
  facet normal -1.000000 0.000000 0.000000
    outer loop
      vertex -38.270000 5.675000 -23.860000
      vertex -38.270000 7.225000 -23.860000
      vertex -38.270000 7.225000 -26.060000
    endloop
  endfacet
  facet normal -1.000000 0.000000 0.000000
    outer loop
      vertex -38.270000 5.675000 -23.860000
      vertex -38.270000 7.225000 -26.060000
      vertex -38.270000 5.675000 -26.060000
    endloop
  endfacet
  facet normal 1.000000 0.000000 0.000000
    outer loop
      vertex -40.470000 5.675000 -26.060000
      vertex -40.470000 7.225000 -26.060000
      vertex -40.470000 7.225000 -23.860000
    endloop
  endfacet
  facet normal 1.000000 0.000000 0.000000
    outer loop
      vertex -40.470000 5.675000 -26.060000
      vertex -40.470000 7.225000 -23.860000
      vertex -40.470000 5.675000 -23.860000
    endloop
  endfacet
  facet normal 0.000000 -1.000000 0.000000
    outer loop
      vertex -39.700000 11.200000 -25.290000
      vertex -39.040000 11.200000 -25.290000
      vertex -39.040000 11.200000 -24.630000
    endloop
  endfacet
  facet normal 0.000000 -1.000000 0.000000
    outer loop
      vertex -39.700000 11.200000 -25.290000
      vertex -39.040000 11.200000 -24.630000
      vertex -39.700000 11.200000 -24.630000
    endloop
  endfacet
  facet normal 0.000000 1.000000 0.000000
    outer loop
      vertex -39.700000 6.000000 -24.630000
      vertex -39.040000 6.000000 -24.630000
      vertex -39.040000 6.000000 -25.290000
    endloop
  endfacet
  facet normal 0.000000 1.000000 0.000000
    outer loop
      vertex -39.700000 6.000000 -24.630000
      vertex -39.040000 6.000000 -25.290000
      vertex -39.700000 6.000000 -25.290000
    endloop
  endfacet
  facet normal 0.000000 0.000000 -1.000000
    outer loop
      vertex -39.700000 11.200000 -24.630000
      vertex -39.040000 11.200000 -24.630000
      vertex -39.040000 6.000000 -24.630000
    endloop
  endfacet
  facet normal 0.000000 0.000000 -1.000000
    outer loop
      vertex -39.700000 11.200000 -24.630000
      vertex -39.040000 6.000000 -24.630000
      vertex -39.700000 6.000000 -24.630000
    endloop
  endfacet
  facet normal 0.000000 0.000000 1.000000
    outer loop
      vertex -39.040000 6.000000 -25.290000
      vertex -39.040000 11.200000 -25.290000
      vertex -39.700000 11.200000 -25.290000
    endloop
  endfacet
  facet normal 0.000000 0.000000 1.000000
    outer loop
      vertex -39.040000 6.000000 -25.290000
      vertex -39.700000 11.200000 -25.290000
      vertex -39.700000 6.000000 -25.290000
    endloop
  endfacet
  facet normal -1.000000 0.000000 0.000000
    outer loop
      vertex -39.040000 6.000000 -24.630000
      vertex -39.040000 11.200000 -24.630000
      vertex -39.040000 11.200000 -25.290000
    endloop
  endfacet
  facet normal -1.000000 0.000000 0.000000
    outer loop
      vertex -39.040000 6.000000 -24.630000
      vertex -39.040000 11.200000 -25.290000
      vertex -39.040000 6.000000 -25.290000
    endloop
  endfacet
  facet normal 1.000000 0.000000 0.000000
    outer loop
      vertex -39.700000 6.000000 -25.290000
      vertex -39.700000 11.200000 -25.290000
      vertex -39.700000 11.200000 -24.630000
    endloop
  endfacet
  facet normal 1.000000 0.000000 0.000000
    outer loop
      vertex -39.700000 6.000000 -25.290000
      vertex -39.700000 11.200000 -24.630000
      vertex -39.700000 6.000000 -24.630000
    endloop
  endfacet
  facet normal 0.000000 -1.000000 0.000000
    outer loop
      vertex -37.930000 7.225000 -26.060000
      vertex -35.730000 7.225000 -26.060000
      vertex -35.730000 7.225000 -23.860000
    endloop
  endfacet
  facet normal 0.000000 -1.000000 0.000000
    outer loop
      vertex -37.930000 7.225000 -26.060000
      vertex -35.730000 7.225000 -23.860000
      vertex -37.930000 7.225000 -23.860000
    endloop
  endfacet
  facet normal 0.000000 1.000000 0.000000
    outer loop
      vertex -37.930000 5.675000 -23.860000
      vertex -35.730000 5.675000 -23.860000
      vertex -35.730000 5.675000 -26.060000
    endloop
  endfacet
  facet normal 0.000000 1.000000 0.000000
    outer loop
      vertex -37.930000 5.675000 -23.860000
      vertex -35.730000 5.675000 -26.060000
      vertex -37.930000 5.675000 -26.060000
    endloop
  endfacet
  facet normal 0.000000 0.000000 -1.000000
    outer loop
      vertex -37.930000 7.225000 -23.860000
      vertex -35.730000 7.225000 -23.860000
      vertex -35.730000 5.675000 -23.860000
    endloop
  endfacet
  facet normal 0.000000 0.000000 -1.000000
    outer loop
      vertex -37.930000 7.225000 -23.860000
      vertex -35.730000 5.675000 -23.860000
      vertex -37.930000 5.675000 -23.860000
    endloop
  endfacet
  facet normal 0.000000 0.000000 1.000000
    outer loop
      vertex -35.730000 5.675000 -26.060000
      vertex -35.730000 7.225000 -26.060000
      vertex -37.930000 7.225000 -26.060000
    endloop
  endfacet
  facet normal 0.000000 0.000000 1.000000
    outer loop
      vertex -35.730000 5.675000 -26.060000
      vertex -37.930000 7.225000 -26.060000
      vertex -37.930000 5.675000 -26.060000
    endloop
  endfacet
  facet normal -1.000000 0.000000 0.000000
    outer loop
      vertex -35.730000 5.675000 -23.860000
      vertex -35.730000 7.225000 -23.860000
      vertex -35.730000 7.225000 -26.060000
    endloop
  endfacet
  facet normal -1.000000 0.000000 0.000000
    outer loop
      vertex -35.730000 5.675000 -23.860000
      vertex -35.730000 7.225000 -26.060000
      vertex -35.730000 5.675000 -26.060000
    endloop
  endfacet
  facet normal 1.000000 0.000000 0.000000
    outer loop
      vertex -37.930000 5.675000 -26.060000
      vertex -37.930000 7.225000 -26.060000
      vertex -37.930000 7.225000 -23.860000
    endloop
  endfacet
  facet normal 1.000000 0.000000 0.000000
    outer loop
      vertex -37.930000 5.675000 -26.060000
      vertex -37.930000 7.225000 -23.860000
      vertex -37.930000 5.675000 -23.860000
    endloop
  endfacet
  facet normal 0.000000 -1.000000 0.000000
    outer loop
      vertex -37.160000 11.200000 -25.290000
      vertex -36.500000 11.200000 -25.290000
      vertex -36.500000 11.200000 -24.630000
    endloop
  endfacet
  facet normal 0.000000 -1.000000 0.000000
    outer loop
      vertex -37.160000 11.200000 -25.290000
      vertex -36.500000 11.200000 -24.630000
      vertex -37.160000 11.200000 -24.630000
    endloop
  endfacet
  facet normal 0.000000 1.000000 0.000000
    outer loop
      vertex -37.160000 6.000000 -24.630000
      vertex -36.500000 6.000000 -24.630000
      vertex -36.500000 6.000000 -25.290000
    endloop
  endfacet
  facet normal 0.000000 1.000000 0.000000
    outer loop
      vertex -37.160000 6.000000 -24.630000
      vertex -36.500000 6.000000 -25.290000
      vertex -37.160000 6.000000 -25.290000
    endloop
  endfacet
  facet normal 0.000000 0.000000 -1.000000
    outer loop
      vertex -37.160000 11.200000 -24.630000
      vertex -36.500000 11.200000 -24.630000
      vertex -36.500000 6.000000 -24.630000
    endloop
  endfacet
  facet normal 0.000000 0.000000 -1.000000
    outer loop
      vertex -37.160000 11.200000 -24.630000
      vertex -36.500000 6.000000 -24.630000
      vertex -37.160000 6.000000 -24.630000
    endloop
  endfacet
  facet normal 0.000000 0.000000 1.000000
    outer loop
      vertex -36.500000 6.000000 -25.290000
      vertex -36.500000 11.200000 -25.290000
      vertex -37.160000 11.200000 -25.290000
    endloop
  endfacet
  facet normal 0.000000 0.000000 1.000000
    outer loop
      vertex -36.500000 6.000000 -25.290000
      vertex -37.160000 11.200000 -25.290000
      vertex -37.160000 6.000000 -25.290000
    endloop
  endfacet
  facet normal -1.000000 0.000000 0.000000
    outer loop
      vertex -36.500000 6.000000 -24.630000
      vertex -36.500000 11.200000 -24.630000
      vertex -36.500000 11.200000 -25.290000
    endloop
  endfacet
  facet normal -1.000000 0.000000 0.000000
    outer loop
      vertex -36.500000 6.000000 -24.630000
      vertex -36.500000 11.200000 -25.290000
      vertex -36.500000 6.000000 -25.290000
    endloop
  endfacet
  facet normal 1.000000 0.000000 0.000000
    outer loop
      vertex -37.160000 6.000000 -25.290000
      vertex -37.160000 11.200000 -25.290000
      vertex -37.160000 11.200000 -24.630000
    endloop
  endfacet
  facet normal 1.000000 0.000000 0.000000
    outer loop
      vertex -37.160000 6.000000 -25.290000
      vertex -37.160000 11.200000 -24.630000
      vertex -37.160000 6.000000 -24.630000
    endloop
  endfacet
  facet normal 0.000000 -1.000000 0.000000
    outer loop
      vertex -35.390000 7.225000 -26.060000
      vertex -33.190000 7.225000 -26.060000
      vertex -33.190000 7.225000 -23.860000
    endloop
  endfacet
  facet normal 0.000000 -1.000000 0.000000
    outer loop
      vertex -35.390000 7.225000 -26.060000
      vertex -33.190000 7.225000 -23.860000
      vertex -35.390000 7.225000 -23.860000
    endloop
  endfacet
  facet normal 0.000000 1.000000 0.000000
    outer loop
      vertex -35.390000 5.675000 -23.860000
      vertex -33.190000 5.675000 -23.860000
      vertex -33.190000 5.675000 -26.060000
    endloop
  endfacet
  facet normal 0.000000 1.000000 0.000000
    outer loop
      vertex -35.390000 5.675000 -23.860000
      vertex -33.190000 5.675000 -26.060000
      vertex -35.390000 5.675000 -26.060000
    endloop
  endfacet
  facet normal 0.000000 0.000000 -1.000000
    outer loop
      vertex -35.390000 7.225000 -23.860000
      vertex -33.190000 7.225000 -23.860000
      vertex -33.190000 5.675000 -23.860000
    endloop
  endfacet
  facet normal 0.000000 0.000000 -1.000000
    outer loop
      vertex -35.390000 7.225000 -23.860000
      vertex -33.190000 5.675000 -23.860000
      vertex -35.390000 5.675000 -23.860000
    endloop
  endfacet
  facet normal 0.000000 0.000000 1.000000
    outer loop
      vertex -33.190000 5.675000 -26.060000
      vertex -33.190000 7.225000 -26.060000
      vertex -35.390000 7.225000 -26.060000
    endloop
  endfacet
  facet normal 0.000000 0.000000 1.000000
    outer loop
      vertex -33.190000 5.675000 -26.060000
      vertex -35.390000 7.225000 -26.060000
      vertex -35.390000 5.675000 -26.060000
    endloop
  endfacet
  facet normal -1.000000 0.000000 0.000000
    outer loop
      vertex -33.190000 5.675000 -23.860000
      vertex -33.190000 7.225000 -23.860000
      vertex -33.190000 7.225000 -26.060000
    endloop
  endfacet
  facet normal -1.000000 0.000000 0.000000
    outer loop
      vertex -33.190000 5.675000 -23.860000
      vertex -33.190000 7.225000 -26.060000
      vertex -33.190000 5.675000 -26.060000
    endloop
  endfacet
  facet normal 1.000000 0.000000 0.000000
    outer loop
      vertex -35.390000 5.675000 -26.060000
      vertex -35.390000 7.225000 -26.060000
      vertex -35.390000 7.225000 -23.860000
    endloop
  endfacet
  facet normal 1.000000 0.000000 0.000000
    outer loop
      vertex -35.390000 5.675000 -26.060000
      vertex -35.390000 7.225000 -23.860000
      vertex -35.390000 5.675000 -23.860000
    endloop
  endfacet
  facet normal 0.000000 -1.000000 0.000000
    outer loop
      vertex -34.620000 11.200000 -25.290000
      vertex -33.960000 11.200000 -25.290000
      vertex -33.960000 11.200000 -24.630000
    endloop
  endfacet
  facet normal 0.000000 -1.000000 0.000000
    outer loop
      vertex -34.620000 11.200000 -25.290000
      vertex -33.960000 11.200000 -24.630000
      vertex -34.620000 11.200000 -24.630000
    endloop
  endfacet
  facet normal 0.000000 1.000000 0.000000
    outer loop
      vertex -34.620000 6.000000 -24.630000
      vertex -33.960000 6.000000 -24.630000
      vertex -33.960000 6.000000 -25.290000
    endloop
  endfacet
  facet normal 0.000000 1.000000 0.000000
    outer loop
      vertex -34.620000 6.000000 -24.630000
      vertex -33.960000 6.000000 -25.290000
      vertex -34.620000 6.000000 -25.290000
    endloop
  endfacet
  facet normal 0.000000 0.000000 -1.000000
    outer loop
      vertex -34.620000 11.200000 -24.630000
      vertex -33.960000 11.200000 -24.630000
      vertex -33.960000 6.000000 -24.630000
    endloop
  endfacet
  facet normal 0.000000 0.000000 -1.000000
    outer loop
      vertex -34.620000 11.200000 -24.630000
      vertex -33.960000 6.000000 -24.630000
      vertex -34.620000 6.000000 -24.630000
    endloop
  endfacet
  facet normal 0.000000 0.000000 1.000000
    outer loop
      vertex -33.960000 6.000000 -25.290000
      vertex -33.960000 11.200000 -25.290000
      vertex -34.620000 11.200000 -25.290000
    endloop
  endfacet
  facet normal 0.000000 0.000000 1.000000
    outer loop
      vertex -33.960000 6.000000 -25.290000
      vertex -34.620000 11.200000 -25.290000
      vertex -34.620000 6.000000 -25.290000
    endloop
  endfacet
  facet normal -1.000000 0.000000 0.000000
    outer loop
      vertex -33.960000 6.000000 -24.630000
      vertex -33.960000 11.200000 -24.630000
      vertex -33.960000 11.200000 -25.290000
    endloop
  endfacet
  facet normal -1.000000 0.000000 0.000000
    outer loop
      vertex -33.960000 6.000000 -24.630000
      vertex -33.960000 11.200000 -25.290000
      vertex -33.960000 6.000000 -25.290000
    endloop
  endfacet
  facet normal 1.000000 0.000000 0.000000
    outer loop
      vertex -34.620000 6.000000 -25.290000
      vertex -34.620000 11.200000 -25.290000
      vertex -34.620000 11.200000 -24.630000
    endloop
  endfacet
  facet normal 1.000000 0.000000 0.000000
    outer loop
      vertex -34.620000 6.000000 -25.290000
      vertex -34.620000 11.200000 -24.630000
      vertex -34.620000 6.000000 -24.630000
    endloop
  endfacet
  facet normal 0.000000 -1.000000 0.000000
    outer loop
      vertex -32.850000 7.225000 -26.060000
      vertex -30.650000 7.225000 -26.060000
      vertex -30.650000 7.225000 -23.860000
    endloop
  endfacet
  facet normal 0.000000 -1.000000 0.000000
    outer loop
      vertex -32.850000 7.225000 -26.060000
      vertex -30.650000 7.225000 -23.860000
      vertex -32.850000 7.225000 -23.860000
    endloop
  endfacet
  facet normal 0.000000 1.000000 0.000000
    outer loop
      vertex -32.850000 5.675000 -23.860000
      vertex -30.650000 5.675000 -23.860000
      vertex -30.650000 5.675000 -26.060000
    endloop
  endfacet
  facet normal 0.000000 1.000000 0.000000
    outer loop
      vertex -32.850000 5.675000 -23.860000
      vertex -30.650000 5.675000 -26.060000
      vertex -32.850000 5.675000 -26.060000
    endloop
  endfacet
  facet normal 0.000000 0.000000 -1.000000
    outer loop
      vertex -32.850000 7.225000 -23.860000
      vertex -30.650000 7.225000 -23.860000
      vertex -30.650000 5.675000 -23.860000
    endloop
  endfacet
  facet normal 0.000000 0.000000 -1.000000
    outer loop
      vertex -32.850000 7.225000 -23.860000
      vertex -30.650000 5.675000 -23.860000
      vertex -32.850000 5.675000 -23.860000
    endloop
  endfacet
  facet normal 0.000000 0.000000 1.000000
    outer loop
      vertex -30.650000 5.675000 -26.060000
      vertex -30.650000 7.225000 -26.060000
      vertex -32.850000 7.225000 -26.060000
    endloop
  endfacet
  facet normal 0.000000 0.000000 1.000000
    outer loop
      vertex -30.650000 5.675000 -26.060000
      vertex -32.850000 7.225000 -26.060000
      vertex -32.850000 5.675000 -26.060000
    endloop
  endfacet
  facet normal -1.000000 0.000000 0.000000
    outer loop
      vertex -30.650000 5.675000 -23.860000
      vertex -30.650000 7.225000 -23.860000
      vertex -30.650000 7.225000 -26.060000
    endloop
  endfacet
  facet normal -1.000000 0.000000 0.000000
    outer loop
      vertex -30.650000 5.675000 -23.860000
      vertex -30.650000 7.225000 -26.060000
      vertex -30.650000 5.675000 -26.060000
    endloop
  endfacet
  facet normal 1.000000 0.000000 0.000000
    outer loop
      vertex -32.850000 5.675000 -26.060000
      vertex -32.850000 7.225000 -26.060000
      vertex -32.850000 7.225000 -23.860000
    endloop
  endfacet
  facet normal 1.000000 0.000000 0.000000
    outer loop
      vertex -32.850000 5.675000 -26.060000
      vertex -32.850000 7.225000 -23.860000
      vertex -32.850000 5.675000 -23.860000
    endloop
  endfacet
  facet normal 0.000000 -1.000000 0.000000
    outer loop
      vertex -32.080000 11.200000 -25.290000
      vertex -31.420000 11.200000 -25.290000
      vertex -31.420000 11.200000 -24.630000
    endloop
  endfacet
  facet normal 0.000000 -1.000000 0.000000
    outer loop
      vertex -32.080000 11.200000 -25.290000
      vertex -31.420000 11.200000 -24.630000
      vertex -32.080000 11.200000 -24.630000
    endloop
  endfacet
  facet normal 0.000000 1.000000 0.000000
    outer loop
      vertex -32.080000 6.000000 -24.630000
      vertex -31.420000 6.000000 -24.630000
      vertex -31.420000 6.000000 -25.290000
    endloop
  endfacet
  facet normal 0.000000 1.000000 0.000000
    outer loop
      vertex -32.080000 6.000000 -24.630000
      vertex -31.420000 6.000000 -25.290000
      vertex -32.080000 6.000000 -25.290000
    endloop
  endfacet
  facet normal 0.000000 0.000000 -1.000000
    outer loop
      vertex -32.080000 11.200000 -24.630000
      vertex -31.420000 11.200000 -24.630000
      vertex -31.420000 6.000000 -24.630000
    endloop
  endfacet
  facet normal 0.000000 0.000000 -1.000000
    outer loop
      vertex -32.080000 11.200000 -24.630000
      vertex -31.420000 6.000000 -24.630000
      vertex -32.080000 6.000000 -24.630000
    endloop
  endfacet
  facet normal 0.000000 0.000000 1.000000
    outer loop
      vertex -31.420000 6.000000 -25.290000
      vertex -31.420000 11.200000 -25.290000
      vertex -32.080000 11.200000 -25.290000
    endloop
  endfacet
  facet normal 0.000000 0.000000 1.000000
    outer loop
      vertex -31.420000 6.000000 -25.290000
      vertex -32.080000 11.200000 -25.290000
      vertex -32.080000 6.000000 -25.290000
    endloop
  endfacet
  facet normal -1.000000 0.000000 0.000000
    outer loop
      vertex -31.420000 6.000000 -24.630000
      vertex -31.420000 11.200000 -24.630000
      vertex -31.420000 11.200000 -25.290000
    endloop
  endfacet
  facet normal -1.000000 0.000000 0.000000
    outer loop
      vertex -31.420000 6.000000 -24.630000
      vertex -31.420000 11.200000 -25.290000
      vertex -31.420000 6.000000 -25.290000
    endloop
  endfacet
  facet normal 1.000000 0.000000 0.000000
    outer loop
      vertex -32.080000 6.000000 -25.290000
      vertex -32.080000 11.200000 -25.290000
      vertex -32.080000 11.200000 -24.630000
    endloop
  endfacet
  facet normal 1.000000 0.000000 0.000000
    outer loop
      vertex -32.080000 6.000000 -25.290000
      vertex -32.080000 11.200000 -24.630000
      vertex -32.080000 6.000000 -24.630000
    endloop
  endfacet
  facet normal 0.000000 -1.000000 0.000000
    outer loop
      vertex -30.310000 7.225000 -26.060000
      vertex -28.110000 7.225000 -26.060000
      vertex -28.110000 7.225000 -23.860000
    endloop
  endfacet
  facet normal 0.000000 -1.000000 0.000000
    outer loop
      vertex -30.310000 7.225000 -26.060000
      vertex -28.110000 7.225000 -23.860000
      vertex -30.310000 7.225000 -23.860000
    endloop
  endfacet
  facet normal 0.000000 1.000000 0.000000
    outer loop
      vertex -30.310000 5.675000 -23.860000
      vertex -28.110000 5.675000 -23.860000
      vertex -28.110000 5.675000 -26.060000
    endloop
  endfacet
  facet normal 0.000000 1.000000 0.000000
    outer loop
      vertex -30.310000 5.675000 -23.860000
      vertex -28.110000 5.675000 -26.060000
      vertex -30.310000 5.675000 -26.060000
    endloop
  endfacet
  facet normal 0.000000 0.000000 -1.000000
    outer loop
      vertex -30.310000 7.225000 -23.860000
      vertex -28.110000 7.225000 -23.860000
      vertex -28.110000 5.675000 -23.860000
    endloop
  endfacet
  facet normal 0.000000 0.000000 -1.000000
    outer loop
      vertex -30.310000 7.225000 -23.860000
      vertex -28.110000 5.675000 -23.860000
      vertex -30.310000 5.675000 -23.860000
    endloop
  endfacet
  facet normal 0.000000 0.000000 1.000000
    outer loop
      vertex -28.110000 5.675000 -26.060000
      vertex -28.110000 7.225000 -26.060000
      vertex -30.310000 7.225000 -26.060000
    endloop
  endfacet
  facet normal 0.000000 0.000000 1.000000
    outer loop
      vertex -28.110000 5.675000 -26.060000
      vertex -30.310000 7.225000 -26.060000
      vertex -30.310000 5.675000 -26.060000
    endloop
  endfacet
  facet normal -1.000000 0.000000 0.000000
    outer loop
      vertex -28.110000 5.675000 -23.860000
      vertex -28.110000 7.225000 -23.860000
      vertex -28.110000 7.225000 -26.060000
    endloop
  endfacet
  facet normal -1.000000 0.000000 0.000000
    outer loop
      vertex -28.110000 5.675000 -23.860000
      vertex -28.110000 7.225000 -26.060000
      vertex -28.110000 5.675000 -26.060000
    endloop
  endfacet
  facet normal 1.000000 0.000000 0.000000
    outer loop
      vertex -30.310000 5.675000 -26.060000
      vertex -30.310000 7.225000 -26.060000
      vertex -30.310000 7.225000 -23.860000
    endloop
  endfacet
  facet normal 1.000000 0.000000 0.000000
    outer loop
      vertex -30.310000 5.675000 -26.060000
      vertex -30.310000 7.225000 -23.860000
      vertex -30.310000 5.675000 -23.860000
    endloop
  endfacet
  facet normal 0.000000 -1.000000 0.000000
    outer loop
      vertex -29.540000 11.200000 -25.290000
      vertex -28.880000 11.200000 -25.290000
      vertex -28.880000 11.200000 -24.630000
    endloop
  endfacet
  facet normal 0.000000 -1.000000 0.000000
    outer loop
      vertex -29.540000 11.200000 -25.290000
      vertex -28.880000 11.200000 -24.630000
      vertex -29.540000 11.200000 -24.630000
    endloop
  endfacet
  facet normal 0.000000 1.000000 0.000000
    outer loop
      vertex -29.540000 6.000000 -24.630000
      vertex -28.880000 6.000000 -24.630000
      vertex -28.880000 6.000000 -25.290000
    endloop
  endfacet
  facet normal 0.000000 1.000000 0.000000
    outer loop
      vertex -29.540000 6.000000 -24.630000
      vertex -28.880000 6.000000 -25.290000
      vertex -29.540000 6.000000 -25.290000
    endloop
  endfacet
  facet normal 0.000000 0.000000 -1.000000
    outer loop
      vertex -29.540000 11.200000 -24.630000
      vertex -28.880000 11.200000 -24.630000
      vertex -28.880000 6.000000 -24.630000
    endloop
  endfacet
  facet normal 0.000000 0.000000 -1.000000
    outer loop
      vertex -29.540000 11.200000 -24.630000
      vertex -28.880000 6.000000 -24.630000
      vertex -29.540000 6.000000 -24.630000
    endloop
  endfacet
  facet normal 0.000000 0.000000 1.000000
    outer loop
      vertex -28.880000 6.000000 -25.290000
      vertex -28.880000 11.200000 -25.290000
      vertex -29.540000 11.200000 -25.290000
    endloop
  endfacet
  facet normal 0.000000 0.000000 1.000000
    outer loop
      vertex -28.880000 6.000000 -25.290000
      vertex -29.540000 11.200000 -25.290000
      vertex -29.540000 6.000000 -25.290000
    endloop
  endfacet
  facet normal -1.000000 0.000000 0.000000
    outer loop
      vertex -28.880000 6.000000 -24.630000
      vertex -28.880000 11.200000 -24.630000
      vertex -28.880000 11.200000 -25.290000
    endloop
  endfacet
  facet normal -1.000000 0.000000 0.000000
    outer loop
      vertex -28.880000 6.000000 -24.630000
      vertex -28.880000 11.200000 -25.290000
      vertex -28.880000 6.000000 -25.290000
    endloop
  endfacet
  facet normal 1.000000 0.000000 0.000000
    outer loop
      vertex -29.540000 6.000000 -25.290000
      vertex -29.540000 11.200000 -25.290000
      vertex -29.540000 11.200000 -24.630000
    endloop
  endfacet
  facet normal 1.000000 0.000000 0.000000
    outer loop
      vertex -29.540000 6.000000 -25.290000
      vertex -29.540000 11.200000 -24.630000
      vertex -29.540000 6.000000 -24.630000
    endloop
  endfacet
  facet normal 0.000000 -1.000000 0.000000
    outer loop
      vertex -27.770000 7.225000 -26.060000
      vertex -25.570000 7.225000 -26.060000
      vertex -25.570000 7.225000 -23.860000
    endloop
  endfacet
  facet normal 0.000000 -1.000000 0.000000
    outer loop
      vertex -27.770000 7.225000 -26.060000
      vertex -25.570000 7.225000 -23.860000
      vertex -27.770000 7.225000 -23.860000
    endloop
  endfacet
  facet normal 0.000000 1.000000 0.000000
    outer loop
      vertex -27.770000 5.675000 -23.860000
      vertex -25.570000 5.675000 -23.860000
      vertex -25.570000 5.675000 -26.060000
    endloop
  endfacet
  facet normal 0.000000 1.000000 0.000000
    outer loop
      vertex -27.770000 5.675000 -23.860000
      vertex -25.570000 5.675000 -26.060000
      vertex -27.770000 5.675000 -26.060000
    endloop
  endfacet
  facet normal 0.000000 0.000000 -1.000000
    outer loop
      vertex -27.770000 7.225000 -23.860000
      vertex -25.570000 7.225000 -23.860000
      vertex -25.570000 5.675000 -23.860000
    endloop
  endfacet
  facet normal 0.000000 0.000000 -1.000000
    outer loop
      vertex -27.770000 7.225000 -23.860000
      vertex -25.570000 5.675000 -23.860000
      vertex -27.770000 5.675000 -23.860000
    endloop
  endfacet
  facet normal 0.000000 0.000000 1.000000
    outer loop
      vertex -25.570000 5.675000 -26.060000
      vertex -25.570000 7.225000 -26.060000
      vertex -27.770000 7.225000 -26.060000
    endloop
  endfacet
  facet normal 0.000000 0.000000 1.000000
    outer loop
      vertex -25.570000 5.675000 -26.060000
      vertex -27.770000 7.225000 -26.060000
      vertex -27.770000 5.675000 -26.060000
    endloop
  endfacet
  facet normal -1.000000 0.000000 0.000000
    outer loop
      vertex -25.570000 5.675000 -23.860000
      vertex -25.570000 7.225000 -23.860000
      vertex -25.570000 7.225000 -26.060000
    endloop
  endfacet
  facet normal -1.000000 0.000000 0.000000
    outer loop
      vertex -25.570000 5.675000 -23.860000
      vertex -25.570000 7.225000 -26.060000
      vertex -25.570000 5.675000 -26.060000
    endloop
  endfacet
  facet normal 1.000000 0.000000 0.000000
    outer loop
      vertex -27.770000 5.675000 -26.060000
      vertex -27.770000 7.225000 -26.060000
      vertex -27.770000 7.225000 -23.860000
    endloop
  endfacet
  facet normal 1.000000 0.000000 0.000000
    outer loop
      vertex -27.770000 5.675000 -26.060000
      vertex -27.770000 7.225000 -23.860000
      vertex -27.770000 5.675000 -23.860000
    endloop
  endfacet
  facet normal 0.000000 -1.000000 0.000000
    outer loop
      vertex -27.000000 11.200000 -25.290000
      vertex -26.340000 11.200000 -25.290000
      vertex -26.340000 11.200000 -24.630000
    endloop
  endfacet
  facet normal 0.000000 -1.000000 0.000000
    outer loop
      vertex -27.000000 11.200000 -25.290000
      vertex -26.340000 11.200000 -24.630000
      vertex -27.000000 11.200000 -24.630000
    endloop
  endfacet
  facet normal 0.000000 1.000000 0.000000
    outer loop
      vertex -27.000000 6.000000 -24.630000
      vertex -26.340000 6.000000 -24.630000
      vertex -26.340000 6.000000 -25.290000
    endloop
  endfacet
  facet normal 0.000000 1.000000 0.000000
    outer loop
      vertex -27.000000 6.000000 -24.630000
      vertex -26.340000 6.000000 -25.290000
      vertex -27.000000 6.000000 -25.290000
    endloop
  endfacet
  facet normal 0.000000 0.000000 -1.000000
    outer loop
      vertex -27.000000 11.200000 -24.630000
      vertex -26.340000 11.200000 -24.630000
      vertex -26.340000 6.000000 -24.630000
    endloop
  endfacet
  facet normal 0.000000 0.000000 -1.000000
    outer loop
      vertex -27.000000 11.200000 -24.630000
      vertex -26.340000 6.000000 -24.630000
      vertex -27.000000 6.000000 -24.630000
    endloop
  endfacet
  facet normal 0.000000 0.000000 1.000000
    outer loop
      vertex -26.340000 6.000000 -25.290000
      vertex -26.340000 11.200000 -25.290000
      vertex -27.000000 11.200000 -25.290000
    endloop
  endfacet
  facet normal 0.000000 0.000000 1.000000
    outer loop
      vertex -26.340000 6.000000 -25.290000
      vertex -27.000000 11.200000 -25.290000
      vertex -27.000000 6.000000 -25.290000
    endloop
  endfacet
  facet normal -1.000000 0.000000 0.000000
    outer loop
      vertex -26.340000 6.000000 -24.630000
      vertex -26.340000 11.200000 -24.630000
      vertex -26.340000 11.200000 -25.290000
    endloop
  endfacet
  facet normal -1.000000 0.000000 0.000000
    outer loop
      vertex -26.340000 6.000000 -24.630000
      vertex -26.340000 11.200000 -25.290000
      vertex -26.340000 6.000000 -25.290000
    endloop
  endfacet
  facet normal 1.000000 0.000000 0.000000
    outer loop
      vertex -27.000000 6.000000 -25.290000
      vertex -27.000000 11.200000 -25.290000
      vertex -27.000000 11.200000 -24.630000
    endloop
  endfacet
  facet normal 1.000000 0.000000 0.000000
    outer loop
      vertex -27.000000 6.000000 -25.290000
      vertex -27.000000 11.200000 -24.630000
      vertex -27.000000 6.000000 -24.630000
    endloop
  endfacet
  facet normal 0.000000 -1.000000 0.000000
    outer loop
      vertex -25.230000 7.225000 -26.060000
      vertex -23.030000 7.225000 -26.060000
      vertex -23.030000 7.225000 -23.860000
    endloop
  endfacet
  facet normal 0.000000 -1.000000 0.000000
    outer loop
      vertex -25.230000 7.225000 -26.060000
      vertex -23.030000 7.225000 -23.860000
      vertex -25.230000 7.225000 -23.860000
    endloop
  endfacet
  facet normal 0.000000 1.000000 0.000000
    outer loop
      vertex -25.230000 5.675000 -23.860000
      vertex -23.030000 5.675000 -23.860000
      vertex -23.030000 5.675000 -26.060000
    endloop
  endfacet
  facet normal 0.000000 1.000000 0.000000
    outer loop
      vertex -25.230000 5.675000 -23.860000
      vertex -23.030000 5.675000 -26.060000
      vertex -25.230000 5.675000 -26.060000
    endloop
  endfacet
  facet normal 0.000000 0.000000 -1.000000
    outer loop
      vertex -25.230000 7.225000 -23.860000
      vertex -23.030000 7.225000 -23.860000
      vertex -23.030000 5.675000 -23.860000
    endloop
  endfacet
  facet normal 0.000000 0.000000 -1.000000
    outer loop
      vertex -25.230000 7.225000 -23.860000
      vertex -23.030000 5.675000 -23.860000
      vertex -25.230000 5.675000 -23.860000
    endloop
  endfacet
  facet normal 0.000000 0.000000 1.000000
    outer loop
      vertex -23.030000 5.675000 -26.060000
      vertex -23.030000 7.225000 -26.060000
      vertex -25.230000 7.225000 -26.060000
    endloop
  endfacet
  facet normal 0.000000 0.000000 1.000000
    outer loop
      vertex -23.030000 5.675000 -26.060000
      vertex -25.230000 7.225000 -26.060000
      vertex -25.230000 5.675000 -26.060000
    endloop
  endfacet
  facet normal -1.000000 0.000000 0.000000
    outer loop
      vertex -23.030000 5.675000 -23.860000
      vertex -23.030000 7.225000 -23.860000
      vertex -23.030000 7.225000 -26.060000
    endloop
  endfacet
  facet normal -1.000000 0.000000 0.000000
    outer loop
      vertex -23.030000 5.675000 -23.860000
      vertex -23.030000 7.225000 -26.060000
      vertex -23.030000 5.675000 -26.060000
    endloop
  endfacet
  facet normal 1.000000 0.000000 0.000000
    outer loop
      vertex -25.230000 5.675000 -26.060000
      vertex -25.230000 7.225000 -26.060000
      vertex -25.230000 7.225000 -23.860000
    endloop
  endfacet
  facet normal 1.000000 0.000000 0.000000
    outer loop
      vertex -25.230000 5.675000 -26.060000
      vertex -25.230000 7.225000 -23.860000
      vertex -25.230000 5.675000 -23.860000
    endloop
  endfacet
  facet normal 0.000000 -1.000000 0.000000
    outer loop
      vertex -24.460000 11.200000 -25.290000
      vertex -23.800000 11.200000 -25.290000
      vertex -23.800000 11.200000 -24.630000
    endloop
  endfacet
  facet normal 0.000000 -1.000000 0.000000
    outer loop
      vertex -24.460000 11.200000 -25.290000
      vertex -23.800000 11.200000 -24.630000
      vertex -24.460000 11.200000 -24.630000
    endloop
  endfacet
  facet normal 0.000000 1.000000 0.000000
    outer loop
      vertex -24.460000 6.000000 -24.630000
      vertex -23.800000 6.000000 -24.630000
      vertex -23.800000 6.000000 -25.290000
    endloop
  endfacet
  facet normal 0.000000 1.000000 0.000000
    outer loop
      vertex -24.460000 6.000000 -24.630000
      vertex -23.800000 6.000000 -25.290000
      vertex -24.460000 6.000000 -25.290000
    endloop
  endfacet
  facet normal 0.000000 0.000000 -1.000000
    outer loop
      vertex -24.460000 11.200000 -24.630000
      vertex -23.800000 11.200000 -24.630000
      vertex -23.800000 6.000000 -24.630000
    endloop
  endfacet
  facet normal 0.000000 0.000000 -1.000000
    outer loop
      vertex -24.460000 11.200000 -24.630000
      vertex -23.800000 6.000000 -24.630000
      vertex -24.460000 6.000000 -24.630000
    endloop
  endfacet
  facet normal 0.000000 0.000000 1.000000
    outer loop
      vertex -23.800000 6.000000 -25.290000
      vertex -23.800000 11.200000 -25.290000
      vertex -24.460000 11.200000 -25.290000
    endloop
  endfacet
  facet normal 0.000000 0.000000 1.000000
    outer loop
      vertex -23.800000 6.000000 -25.290000
      vertex -24.460000 11.200000 -25.290000
      vertex -24.460000 6.000000 -25.290000
    endloop
  endfacet
  facet normal -1.000000 0.000000 0.000000
    outer loop
      vertex -23.800000 6.000000 -24.630000
      vertex -23.800000 11.200000 -24.630000
      vertex -23.800000 11.200000 -25.290000
    endloop
  endfacet
  facet normal -1.000000 0.000000 0.000000
    outer loop
      vertex -23.800000 6.000000 -24.630000
      vertex -23.800000 11.200000 -25.290000
      vertex -23.800000 6.000000 -25.290000
    endloop
  endfacet
  facet normal 1.000000 0.000000 0.000000
    outer loop
      vertex -24.460000 6.000000 -25.290000
      vertex -24.460000 11.200000 -25.290000
      vertex -24.460000 11.200000 -24.630000
    endloop
  endfacet
  facet normal 1.000000 0.000000 0.000000
    outer loop
      vertex -24.460000 6.000000 -25.290000
      vertex -24.460000 11.200000 -24.630000
      vertex -24.460000 6.000000 -24.630000
    endloop
  endfacet
  facet normal 0.000000 -1.000000 0.000000
    outer loop
      vertex -22.690000 7.225000 -26.060000
      vertex -20.490000 7.225000 -26.060000
      vertex -20.490000 7.225000 -23.860000
    endloop
  endfacet
  facet normal 0.000000 -1.000000 0.000000
    outer loop
      vertex -22.690000 7.225000 -26.060000
      vertex -20.490000 7.225000 -23.860000
      vertex -22.690000 7.225000 -23.860000
    endloop
  endfacet
  facet normal 0.000000 1.000000 0.000000
    outer loop
      vertex -22.690000 5.675000 -23.860000
      vertex -20.490000 5.675000 -23.860000
      vertex -20.490000 5.675000 -26.060000
    endloop
  endfacet
  facet normal 0.000000 1.000000 0.000000
    outer loop
      vertex -22.690000 5.675000 -23.860000
      vertex -20.490000 5.675000 -26.060000
      vertex -22.690000 5.675000 -26.060000
    endloop
  endfacet
  facet normal 0.000000 0.000000 -1.000000
    outer loop
      vertex -22.690000 7.225000 -23.860000
      vertex -20.490000 7.225000 -23.860000
      vertex -20.490000 5.675000 -23.860000
    endloop
  endfacet
  facet normal 0.000000 0.000000 -1.000000
    outer loop
      vertex -22.690000 7.225000 -23.860000
      vertex -20.490000 5.675000 -23.860000
      vertex -22.690000 5.675000 -23.860000
    endloop
  endfacet
  facet normal 0.000000 0.000000 1.000000
    outer loop
      vertex -20.490000 5.675000 -26.060000
      vertex -20.490000 7.225000 -26.060000
      vertex -22.690000 7.225000 -26.060000
    endloop
  endfacet
  facet normal 0.000000 0.000000 1.000000
    outer loop
      vertex -20.490000 5.675000 -26.060000
      vertex -22.690000 7.225000 -26.060000
      vertex -22.690000 5.675000 -26.060000
    endloop
  endfacet
  facet normal -1.000000 0.000000 0.000000
    outer loop
      vertex -20.490000 5.675000 -23.860000
      vertex -20.490000 7.225000 -23.860000
      vertex -20.490000 7.225000 -26.060000
    endloop
  endfacet
  facet normal -1.000000 0.000000 0.000000
    outer loop
      vertex -20.490000 5.675000 -23.860000
      vertex -20.490000 7.225000 -26.060000
      vertex -20.490000 5.675000 -26.060000
    endloop
  endfacet
  facet normal 1.000000 0.000000 0.000000
    outer loop
      vertex -22.690000 5.675000 -26.060000
      vertex -22.690000 7.225000 -26.060000
      vertex -22.690000 7.225000 -23.860000
    endloop
  endfacet
  facet normal 1.000000 0.000000 0.000000
    outer loop
      vertex -22.690000 5.675000 -26.060000
      vertex -22.690000 7.225000 -23.860000
      vertex -22.690000 5.675000 -23.860000
    endloop
  endfacet
  facet normal 0.000000 -1.000000 0.000000
    outer loop
      vertex -21.920000 11.200000 -25.290000
      vertex -21.260000 11.200000 -25.290000
      vertex -21.260000 11.200000 -24.630000
    endloop
  endfacet
  facet normal 0.000000 -1.000000 0.000000
    outer loop
      vertex -21.920000 11.200000 -25.290000
      vertex -21.260000 11.200000 -24.630000
      vertex -21.920000 11.200000 -24.630000
    endloop
  endfacet
  facet normal 0.000000 1.000000 0.000000
    outer loop
      vertex -21.920000 6.000000 -24.630000
      vertex -21.260000 6.000000 -24.630000
      vertex -21.260000 6.000000 -25.290000
    endloop
  endfacet
  facet normal 0.000000 1.000000 0.000000
    outer loop
      vertex -21.920000 6.000000 -24.630000
      vertex -21.260000 6.000000 -25.290000
      vertex -21.920000 6.000000 -25.290000
    endloop
  endfacet
  facet normal 0.000000 0.000000 -1.000000
    outer loop
      vertex -21.920000 11.200000 -24.630000
      vertex -21.260000 11.200000 -24.630000
      vertex -21.260000 6.000000 -24.630000
    endloop
  endfacet
  facet normal 0.000000 0.000000 -1.000000
    outer loop
      vertex -21.920000 11.200000 -24.630000
      vertex -21.260000 6.000000 -24.630000
      vertex -21.920000 6.000000 -24.630000
    endloop
  endfacet
  facet normal 0.000000 0.000000 1.000000
    outer loop
      vertex -21.260000 6.000000 -25.290000
      vertex -21.260000 11.200000 -25.290000
      vertex -21.920000 11.200000 -25.290000
    endloop
  endfacet
  facet normal 0.000000 0.000000 1.000000
    outer loop
      vertex -21.260000 6.000000 -25.290000
      vertex -21.920000 11.200000 -25.290000
      vertex -21.920000 6.000000 -25.290000
    endloop
  endfacet
  facet normal -1.000000 0.000000 0.000000
    outer loop
      vertex -21.260000 6.000000 -24.630000
      vertex -21.260000 11.200000 -24.630000
      vertex -21.260000 11.200000 -25.290000
    endloop
  endfacet
  facet normal -1.000000 0.000000 0.000000
    outer loop
      vertex -21.260000 6.000000 -24.630000
      vertex -21.260000 11.200000 -25.290000
      vertex -21.260000 6.000000 -25.290000
    endloop
  endfacet
  facet normal 1.000000 0.000000 0.000000
    outer loop
      vertex -21.920000 6.000000 -25.290000
      vertex -21.920000 11.200000 -25.290000
      vertex -21.920000 11.200000 -24.630000
    endloop
  endfacet
  facet normal 1.000000 0.000000 0.000000
    outer loop
      vertex -21.920000 6.000000 -25.290000
      vertex -21.920000 11.200000 -24.630000
      vertex -21.920000 6.000000 -24.630000
    endloop
  endfacet
  facet normal 0.000000 -1.000000 0.000000
    outer loop
      vertex -20.150000 7.225000 -26.060000
      vertex -17.950000 7.225000 -26.060000
      vertex -17.950000 7.225000 -23.860000
    endloop
  endfacet
  facet normal 0.000000 -1.000000 0.000000
    outer loop
      vertex -20.150000 7.225000 -26.060000
      vertex -17.950000 7.225000 -23.860000
      vertex -20.150000 7.225000 -23.860000
    endloop
  endfacet
  facet normal 0.000000 1.000000 0.000000
    outer loop
      vertex -20.150000 5.675000 -23.860000
      vertex -17.950000 5.675000 -23.860000
      vertex -17.950000 5.675000 -26.060000
    endloop
  endfacet
  facet normal 0.000000 1.000000 0.000000
    outer loop
      vertex -20.150000 5.675000 -23.860000
      vertex -17.950000 5.675000 -26.060000
      vertex -20.150000 5.675000 -26.060000
    endloop
  endfacet
  facet normal 0.000000 0.000000 -1.000000
    outer loop
      vertex -20.150000 7.225000 -23.860000
      vertex -17.950000 7.225000 -23.860000
      vertex -17.950000 5.675000 -23.860000
    endloop
  endfacet
  facet normal 0.000000 0.000000 -1.000000
    outer loop
      vertex -20.150000 7.225000 -23.860000
      vertex -17.950000 5.675000 -23.860000
      vertex -20.150000 5.675000 -23.860000
    endloop
  endfacet
  facet normal 0.000000 0.000000 1.000000
    outer loop
      vertex -17.950000 5.675000 -26.060000
      vertex -17.950000 7.225000 -26.060000
      vertex -20.150000 7.225000 -26.060000
    endloop
  endfacet
  facet normal 0.000000 0.000000 1.000000
    outer loop
      vertex -17.950000 5.675000 -26.060000
      vertex -20.150000 7.225000 -26.060000
      vertex -20.150000 5.675000 -26.060000
    endloop
  endfacet
  facet normal -1.000000 0.000000 0.000000
    outer loop
      vertex -17.950000 5.675000 -23.860000
      vertex -17.950000 7.225000 -23.860000
      vertex -17.950000 7.225000 -26.060000
    endloop
  endfacet
  facet normal -1.000000 0.000000 0.000000
    outer loop
      vertex -17.950000 5.675000 -23.860000
      vertex -17.950000 7.225000 -26.060000
      vertex -17.950000 5.675000 -26.060000
    endloop
  endfacet
  facet normal 1.000000 0.000000 0.000000
    outer loop
      vertex -20.150000 5.675000 -26.060000
      vertex -20.150000 7.225000 -26.060000
      vertex -20.150000 7.225000 -23.860000
    endloop
  endfacet
  facet normal 1.000000 0.000000 0.000000
    outer loop
      vertex -20.150000 5.675000 -26.060000
      vertex -20.150000 7.225000 -23.860000
      vertex -20.150000 5.675000 -23.860000
    endloop
  endfacet
  facet normal 0.000000 -1.000000 0.000000
    outer loop
      vertex -19.380000 11.200000 -25.290000
      vertex -18.720000 11.200000 -25.290000
      vertex -18.720000 11.200000 -24.630000
    endloop
  endfacet
  facet normal 0.000000 -1.000000 0.000000
    outer loop
      vertex -19.380000 11.200000 -25.290000
      vertex -18.720000 11.200000 -24.630000
      vertex -19.380000 11.200000 -24.630000
    endloop
  endfacet
  facet normal 0.000000 1.000000 0.000000
    outer loop
      vertex -19.380000 6.000000 -24.630000
      vertex -18.720000 6.000000 -24.630000
      vertex -18.720000 6.000000 -25.290000
    endloop
  endfacet
  facet normal 0.000000 1.000000 0.000000
    outer loop
      vertex -19.380000 6.000000 -24.630000
      vertex -18.720000 6.000000 -25.290000
      vertex -19.380000 6.000000 -25.290000
    endloop
  endfacet
  facet normal 0.000000 0.000000 -1.000000
    outer loop
      vertex -19.380000 11.200000 -24.630000
      vertex -18.720000 11.200000 -24.630000
      vertex -18.720000 6.000000 -24.630000
    endloop
  endfacet
  facet normal 0.000000 0.000000 -1.000000
    outer loop
      vertex -19.380000 11.200000 -24.630000
      vertex -18.720000 6.000000 -24.630000
      vertex -19.380000 6.000000 -24.630000
    endloop
  endfacet
  facet normal 0.000000 0.000000 1.000000
    outer loop
      vertex -18.720000 6.000000 -25.290000
      vertex -18.720000 11.200000 -25.290000
      vertex -19.380000 11.200000 -25.290000
    endloop
  endfacet
  facet normal 0.000000 0.000000 1.000000
    outer loop
      vertex -18.720000 6.000000 -25.290000
      vertex -19.380000 11.200000 -25.290000
      vertex -19.380000 6.000000 -25.290000
    endloop
  endfacet
  facet normal -1.000000 0.000000 0.000000
    outer loop
      vertex -18.720000 6.000000 -24.630000
      vertex -18.720000 11.200000 -24.630000
      vertex -18.720000 11.200000 -25.290000
    endloop
  endfacet
  facet normal -1.000000 0.000000 0.000000
    outer loop
      vertex -18.720000 6.000000 -24.630000
      vertex -18.720000 11.200000 -25.290000
      vertex -18.720000 6.000000 -25.290000
    endloop
  endfacet
  facet normal 1.000000 0.000000 0.000000
    outer loop
      vertex -19.380000 6.000000 -25.290000
      vertex -19.380000 11.200000 -25.290000
      vertex -19.380000 11.200000 -24.630000
    endloop
  endfacet
  facet normal 1.000000 0.000000 0.000000
    outer loop
      vertex -19.380000 6.000000 -25.290000
      vertex -19.380000 11.200000 -24.630000
      vertex -19.380000 6.000000 -24.630000
    endloop
  endfacet
  facet normal 0.000000 -1.000000 0.000000
    outer loop
      vertex -17.610000 7.225000 -26.060000
      vertex -15.410000 7.225000 -26.060000
      vertex -15.410000 7.225000 -23.860000
    endloop
  endfacet
  facet normal 0.000000 -1.000000 0.000000
    outer loop
      vertex -17.610000 7.225000 -26.060000
      vertex -15.410000 7.225000 -23.860000
      vertex -17.610000 7.225000 -23.860000
    endloop
  endfacet
  facet normal 0.000000 1.000000 0.000000
    outer loop
      vertex -17.610000 5.675000 -23.860000
      vertex -15.410000 5.675000 -23.860000
      vertex -15.410000 5.675000 -26.060000
    endloop
  endfacet
  facet normal 0.000000 1.000000 0.000000
    outer loop
      vertex -17.610000 5.675000 -23.860000
      vertex -15.410000 5.675000 -26.060000
      vertex -17.610000 5.675000 -26.060000
    endloop
  endfacet
  facet normal 0.000000 0.000000 -1.000000
    outer loop
      vertex -17.610000 7.225000 -23.860000
      vertex -15.410000 7.225000 -23.860000
      vertex -15.410000 5.675000 -23.860000
    endloop
  endfacet
  facet normal 0.000000 0.000000 -1.000000
    outer loop
      vertex -17.610000 7.225000 -23.860000
      vertex -15.410000 5.675000 -23.860000
      vertex -17.610000 5.675000 -23.860000
    endloop
  endfacet
  facet normal 0.000000 0.000000 1.000000
    outer loop
      vertex -15.410000 5.675000 -26.060000
      vertex -15.410000 7.225000 -26.060000
      vertex -17.610000 7.225000 -26.060000
    endloop
  endfacet
  facet normal 0.000000 0.000000 1.000000
    outer loop
      vertex -15.410000 5.675000 -26.060000
      vertex -17.610000 7.225000 -26.060000
      vertex -17.610000 5.675000 -26.060000
    endloop
  endfacet
  facet normal -1.000000 0.000000 0.000000
    outer loop
      vertex -15.410000 5.675000 -23.860000
      vertex -15.410000 7.225000 -23.860000
      vertex -15.410000 7.225000 -26.060000
    endloop
  endfacet
  facet normal -1.000000 0.000000 0.000000
    outer loop
      vertex -15.410000 5.675000 -23.860000
      vertex -15.410000 7.225000 -26.060000
      vertex -15.410000 5.675000 -26.060000
    endloop
  endfacet
  facet normal 1.000000 0.000000 0.000000
    outer loop
      vertex -17.610000 5.675000 -26.060000
      vertex -17.610000 7.225000 -26.060000
      vertex -17.610000 7.225000 -23.860000
    endloop
  endfacet
  facet normal 1.000000 0.000000 0.000000
    outer loop
      vertex -17.610000 5.675000 -26.060000
      vertex -17.610000 7.225000 -23.860000
      vertex -17.610000 5.675000 -23.860000
    endloop
  endfacet
  facet normal 0.000000 -1.000000 0.000000
    outer loop
      vertex -16.840000 11.200000 -25.290000
      vertex -16.180000 11.200000 -25.290000
      vertex -16.180000 11.200000 -24.630000
    endloop
  endfacet
  facet normal 0.000000 -1.000000 0.000000
    outer loop
      vertex -16.840000 11.200000 -25.290000
      vertex -16.180000 11.200000 -24.630000
      vertex -16.840000 11.200000 -24.630000
    endloop
  endfacet
  facet normal 0.000000 1.000000 0.000000
    outer loop
      vertex -16.840000 6.000000 -24.630000
      vertex -16.180000 6.000000 -24.630000
      vertex -16.180000 6.000000 -25.290000
    endloop
  endfacet
  facet normal 0.000000 1.000000 0.000000
    outer loop
      vertex -16.840000 6.000000 -24.630000
      vertex -16.180000 6.000000 -25.290000
      vertex -16.840000 6.000000 -25.290000
    endloop
  endfacet
  facet normal 0.000000 0.000000 -1.000000
    outer loop
      vertex -16.840000 11.200000 -24.630000
      vertex -16.180000 11.200000 -24.630000
      vertex -16.180000 6.000000 -24.630000
    endloop
  endfacet
  facet normal 0.000000 0.000000 -1.000000
    outer loop
      vertex -16.840000 11.200000 -24.630000
      vertex -16.180000 6.000000 -24.630000
      vertex -16.840000 6.000000 -24.630000
    endloop
  endfacet
  facet normal 0.000000 0.000000 1.000000
    outer loop
      vertex -16.180000 6.000000 -25.290000
      vertex -16.180000 11.200000 -25.290000
      vertex -16.840000 11.200000 -25.290000
    endloop
  endfacet
  facet normal 0.000000 0.000000 1.000000
    outer loop
      vertex -16.180000 6.000000 -25.290000
      vertex -16.840000 11.200000 -25.290000
      vertex -16.840000 6.000000 -25.290000
    endloop
  endfacet
  facet normal -1.000000 0.000000 0.000000
    outer loop
      vertex -16.180000 6.000000 -24.630000
      vertex -16.180000 11.200000 -24.630000
      vertex -16.180000 11.200000 -25.290000
    endloop
  endfacet
  facet normal -1.000000 0.000000 0.000000
    outer loop
      vertex -16.180000 6.000000 -24.630000
      vertex -16.180000 11.200000 -25.290000
      vertex -16.180000 6.000000 -25.290000
    endloop
  endfacet
  facet normal 1.000000 0.000000 0.000000
    outer loop
      vertex -16.840000 6.000000 -25.290000
      vertex -16.840000 11.200000 -25.290000
      vertex -16.840000 11.200000 -24.630000
    endloop
  endfacet
  facet normal 1.000000 0.000000 0.000000
    outer loop
      vertex -16.840000 6.000000 -25.290000
      vertex -16.840000 11.200000 -24.630000
      vertex -16.840000 6.000000 -24.630000
    endloop
  endfacet
  facet normal 0.000000 -1.000000 0.000000
    outer loop
      vertex -15.070000 7.225000 -26.060000
      vertex -12.870000 7.225000 -26.060000
      vertex -12.870000 7.225000 -23.860000
    endloop
  endfacet
  facet normal 0.000000 -1.000000 0.000000
    outer loop
      vertex -15.070000 7.225000 -26.060000
      vertex -12.870000 7.225000 -23.860000
      vertex -15.070000 7.225000 -23.860000
    endloop
  endfacet
  facet normal 0.000000 1.000000 0.000000
    outer loop
      vertex -15.070000 5.675000 -23.860000
      vertex -12.870000 5.675000 -23.860000
      vertex -12.870000 5.675000 -26.060000
    endloop
  endfacet
  facet normal 0.000000 1.000000 0.000000
    outer loop
      vertex -15.070000 5.675000 -23.860000
      vertex -12.870000 5.675000 -26.060000
      vertex -15.070000 5.675000 -26.060000
    endloop
  endfacet
  facet normal 0.000000 0.000000 -1.000000
    outer loop
      vertex -15.070000 7.225000 -23.860000
      vertex -12.870000 7.225000 -23.860000
      vertex -12.870000 5.675000 -23.860000
    endloop
  endfacet
  facet normal 0.000000 0.000000 -1.000000
    outer loop
      vertex -15.070000 7.225000 -23.860000
      vertex -12.870000 5.675000 -23.860000
      vertex -15.070000 5.675000 -23.860000
    endloop
  endfacet
  facet normal 0.000000 0.000000 1.000000
    outer loop
      vertex -12.870000 5.675000 -26.060000
      vertex -12.870000 7.225000 -26.060000
      vertex -15.070000 7.225000 -26.060000
    endloop
  endfacet
  facet normal 0.000000 0.000000 1.000000
    outer loop
      vertex -12.870000 5.675000 -26.060000
      vertex -15.070000 7.225000 -26.060000
      vertex -15.070000 5.675000 -26.060000
    endloop
  endfacet
  facet normal -1.000000 0.000000 0.000000
    outer loop
      vertex -12.870000 5.675000 -23.860000
      vertex -12.870000 7.225000 -23.860000
      vertex -12.870000 7.225000 -26.060000
    endloop
  endfacet
  facet normal -1.000000 0.000000 0.000000
    outer loop
      vertex -12.870000 5.675000 -23.860000
      vertex -12.870000 7.225000 -26.060000
      vertex -12.870000 5.675000 -26.060000
    endloop
  endfacet
  facet normal 1.000000 0.000000 0.000000
    outer loop
      vertex -15.070000 5.675000 -26.060000
      vertex -15.070000 7.225000 -26.060000
      vertex -15.070000 7.225000 -23.860000
    endloop
  endfacet
  facet normal 1.000000 0.000000 0.000000
    outer loop
      vertex -15.070000 5.675000 -26.060000
      vertex -15.070000 7.225000 -23.860000
      vertex -15.070000 5.675000 -23.860000
    endloop
  endfacet
  facet normal 0.000000 -1.000000 0.000000
    outer loop
      vertex -14.300000 11.200000 -25.290000
      vertex -13.640000 11.200000 -25.290000
      vertex -13.640000 11.200000 -24.630000
    endloop
  endfacet
  facet normal 0.000000 -1.000000 0.000000
    outer loop
      vertex -14.300000 11.200000 -25.290000
      vertex -13.640000 11.200000 -24.630000
      vertex -14.300000 11.200000 -24.630000
    endloop
  endfacet
  facet normal 0.000000 1.000000 0.000000
    outer loop
      vertex -14.300000 6.000000 -24.630000
      vertex -13.640000 6.000000 -24.630000
      vertex -13.640000 6.000000 -25.290000
    endloop
  endfacet
  facet normal 0.000000 1.000000 0.000000
    outer loop
      vertex -14.300000 6.000000 -24.630000
      vertex -13.640000 6.000000 -25.290000
      vertex -14.300000 6.000000 -25.290000
    endloop
  endfacet
  facet normal 0.000000 0.000000 -1.000000
    outer loop
      vertex -14.300000 11.200000 -24.630000
      vertex -13.640000 11.200000 -24.630000
      vertex -13.640000 6.000000 -24.630000
    endloop
  endfacet
  facet normal 0.000000 0.000000 -1.000000
    outer loop
      vertex -14.300000 11.200000 -24.630000
      vertex -13.640000 6.000000 -24.630000
      vertex -14.300000 6.000000 -24.630000
    endloop
  endfacet
  facet normal 0.000000 0.000000 1.000000
    outer loop
      vertex -13.640000 6.000000 -25.290000
      vertex -13.640000 11.200000 -25.290000
      vertex -14.300000 11.200000 -25.290000
    endloop
  endfacet
  facet normal 0.000000 0.000000 1.000000
    outer loop
      vertex -13.640000 6.000000 -25.290000
      vertex -14.300000 11.200000 -25.290000
      vertex -14.300000 6.000000 -25.290000
    endloop
  endfacet
  facet normal -1.000000 0.000000 0.000000
    outer loop
      vertex -13.640000 6.000000 -24.630000
      vertex -13.640000 11.200000 -24.630000
      vertex -13.640000 11.200000 -25.290000
    endloop
  endfacet
  facet normal -1.000000 0.000000 0.000000
    outer loop
      vertex -13.640000 6.000000 -24.630000
      vertex -13.640000 11.200000 -25.290000
      vertex -13.640000 6.000000 -25.290000
    endloop
  endfacet
  facet normal 1.000000 0.000000 0.000000
    outer loop
      vertex -14.300000 6.000000 -25.290000
      vertex -14.300000 11.200000 -25.290000
      vertex -14.300000 11.200000 -24.630000
    endloop
  endfacet
  facet normal 1.000000 0.000000 0.000000
    outer loop
      vertex -14.300000 6.000000 -25.290000
      vertex -14.300000 11.200000 -24.630000
      vertex -14.300000 6.000000 -24.630000
    endloop
  endfacet
  facet normal 0.000000 -1.000000 0.000000
    outer loop
      vertex -12.530000 7.225000 -26.060000
      vertex -10.330000 7.225000 -26.060000
      vertex -10.330000 7.225000 -23.860000
    endloop
  endfacet
  facet normal 0.000000 -1.000000 0.000000
    outer loop
      vertex -12.530000 7.225000 -26.060000
      vertex -10.330000 7.225000 -23.860000
      vertex -12.530000 7.225000 -23.860000
    endloop
  endfacet
  facet normal 0.000000 1.000000 0.000000
    outer loop
      vertex -12.530000 5.675000 -23.860000
      vertex -10.330000 5.675000 -23.860000
      vertex -10.330000 5.675000 -26.060000
    endloop
  endfacet
  facet normal 0.000000 1.000000 0.000000
    outer loop
      vertex -12.530000 5.675000 -23.860000
      vertex -10.330000 5.675000 -26.060000
      vertex -12.530000 5.675000 -26.060000
    endloop
  endfacet
  facet normal 0.000000 0.000000 -1.000000
    outer loop
      vertex -12.530000 7.225000 -23.860000
      vertex -10.330000 7.225000 -23.860000
      vertex -10.330000 5.675000 -23.860000
    endloop
  endfacet
  facet normal 0.000000 0.000000 -1.000000
    outer loop
      vertex -12.530000 7.225000 -23.860000
      vertex -10.330000 5.675000 -23.860000
      vertex -12.530000 5.675000 -23.860000
    endloop
  endfacet
  facet normal 0.000000 0.000000 1.000000
    outer loop
      vertex -10.330000 5.675000 -26.060000
      vertex -10.330000 7.225000 -26.060000
      vertex -12.530000 7.225000 -26.060000
    endloop
  endfacet
  facet normal 0.000000 0.000000 1.000000
    outer loop
      vertex -10.330000 5.675000 -26.060000
      vertex -12.530000 7.225000 -26.060000
      vertex -12.530000 5.675000 -26.060000
    endloop
  endfacet
  facet normal -1.000000 0.000000 0.000000
    outer loop
      vertex -10.330000 5.675000 -23.860000
      vertex -10.330000 7.225000 -23.860000
      vertex -10.330000 7.225000 -26.060000
    endloop
  endfacet
  facet normal -1.000000 0.000000 0.000000
    outer loop
      vertex -10.330000 5.675000 -23.860000
      vertex -10.330000 7.225000 -26.060000
      vertex -10.330000 5.675000 -26.060000
    endloop
  endfacet
  facet normal 1.000000 0.000000 0.000000
    outer loop
      vertex -12.530000 5.675000 -26.060000
      vertex -12.530000 7.225000 -26.060000
      vertex -12.530000 7.225000 -23.860000
    endloop
  endfacet
  facet normal 1.000000 0.000000 0.000000
    outer loop
      vertex -12.530000 5.675000 -26.060000
      vertex -12.530000 7.225000 -23.860000
      vertex -12.530000 5.675000 -23.860000
    endloop
  endfacet
  facet normal 0.000000 -1.000000 0.000000
    outer loop
      vertex -11.760000 11.200000 -25.290000
      vertex -11.100000 11.200000 -25.290000
      vertex -11.100000 11.200000 -24.630000
    endloop
  endfacet
  facet normal 0.000000 -1.000000 0.000000
    outer loop
      vertex -11.760000 11.200000 -25.290000
      vertex -11.100000 11.200000 -24.630000
      vertex -11.760000 11.200000 -24.630000
    endloop
  endfacet
  facet normal 0.000000 1.000000 0.000000
    outer loop
      vertex -11.760000 6.000000 -24.630000
      vertex -11.100000 6.000000 -24.630000
      vertex -11.100000 6.000000 -25.290000
    endloop
  endfacet
  facet normal 0.000000 1.000000 0.000000
    outer loop
      vertex -11.760000 6.000000 -24.630000
      vertex -11.100000 6.000000 -25.290000
      vertex -11.760000 6.000000 -25.290000
    endloop
  endfacet
  facet normal 0.000000 0.000000 -1.000000
    outer loop
      vertex -11.760000 11.200000 -24.630000
      vertex -11.100000 11.200000 -24.630000
      vertex -11.100000 6.000000 -24.630000
    endloop
  endfacet
  facet normal 0.000000 0.000000 -1.000000
    outer loop
      vertex -11.760000 11.200000 -24.630000
      vertex -11.100000 6.000000 -24.630000
      vertex -11.760000 6.000000 -24.630000
    endloop
  endfacet
  facet normal 0.000000 0.000000 1.000000
    outer loop
      vertex -11.100000 6.000000 -25.290000
      vertex -11.100000 11.200000 -25.290000
      vertex -11.760000 11.200000 -25.290000
    endloop
  endfacet
  facet normal 0.000000 0.000000 1.000000
    outer loop
      vertex -11.100000 6.000000 -25.290000
      vertex -11.760000 11.200000 -25.290000
      vertex -11.760000 6.000000 -25.290000
    endloop
  endfacet
  facet normal -1.000000 0.000000 0.000000
    outer loop
      vertex -11.100000 6.000000 -24.630000
      vertex -11.100000 11.200000 -24.630000
      vertex -11.100000 11.200000 -25.290000
    endloop
  endfacet
  facet normal -1.000000 0.000000 0.000000
    outer loop
      vertex -11.100000 6.000000 -24.630000
      vertex -11.100000 11.200000 -25.290000
      vertex -11.100000 6.000000 -25.290000
    endloop
  endfacet
  facet normal 1.000000 0.000000 0.000000
    outer loop
      vertex -11.760000 6.000000 -25.290000
      vertex -11.760000 11.200000 -25.290000
      vertex -11.760000 11.200000 -24.630000
    endloop
  endfacet
  facet normal 1.000000 0.000000 0.000000
    outer loop
      vertex -11.760000 6.000000 -25.290000
      vertex -11.760000 11.200000 -24.630000
      vertex -11.760000 6.000000 -24.630000
    endloop
  endfacet
  facet normal 0.000000 -1.000000 0.000000
    outer loop
      vertex -9.990000 7.225000 -26.060000
      vertex -7.790000 7.225000 -26.060000
      vertex -7.790000 7.225000 -23.860000
    endloop
  endfacet
  facet normal 0.000000 -1.000000 0.000000
    outer loop
      vertex -9.990000 7.225000 -26.060000
      vertex -7.790000 7.225000 -23.860000
      vertex -9.990000 7.225000 -23.860000
    endloop
  endfacet
  facet normal 0.000000 1.000000 0.000000
    outer loop
      vertex -9.990000 5.675000 -23.860000
      vertex -7.790000 5.675000 -23.860000
      vertex -7.790000 5.675000 -26.060000
    endloop
  endfacet
  facet normal 0.000000 1.000000 0.000000
    outer loop
      vertex -9.990000 5.675000 -23.860000
      vertex -7.790000 5.675000 -26.060000
      vertex -9.990000 5.675000 -26.060000
    endloop
  endfacet
  facet normal 0.000000 0.000000 -1.000000
    outer loop
      vertex -9.990000 7.225000 -23.860000
      vertex -7.790000 7.225000 -23.860000
      vertex -7.790000 5.675000 -23.860000
    endloop
  endfacet
  facet normal 0.000000 0.000000 -1.000000
    outer loop
      vertex -9.990000 7.225000 -23.860000
      vertex -7.790000 5.675000 -23.860000
      vertex -9.990000 5.675000 -23.860000
    endloop
  endfacet
  facet normal 0.000000 0.000000 1.000000
    outer loop
      vertex -7.790000 5.675000 -26.060000
      vertex -7.790000 7.225000 -26.060000
      vertex -9.990000 7.225000 -26.060000
    endloop
  endfacet
  facet normal 0.000000 0.000000 1.000000
    outer loop
      vertex -7.790000 5.675000 -26.060000
      vertex -9.990000 7.225000 -26.060000
      vertex -9.990000 5.675000 -26.060000
    endloop
  endfacet
  facet normal -1.000000 0.000000 0.000000
    outer loop
      vertex -7.790000 5.675000 -23.860000
      vertex -7.790000 7.225000 -23.860000
      vertex -7.790000 7.225000 -26.060000
    endloop
  endfacet
  facet normal -1.000000 0.000000 0.000000
    outer loop
      vertex -7.790000 5.675000 -23.860000
      vertex -7.790000 7.225000 -26.060000
      vertex -7.790000 5.675000 -26.060000
    endloop
  endfacet
  facet normal 1.000000 0.000000 0.000000
    outer loop
      vertex -9.990000 5.675000 -26.060000
      vertex -9.990000 7.225000 -26.060000
      vertex -9.990000 7.225000 -23.860000
    endloop
  endfacet
  facet normal 1.000000 0.000000 0.000000
    outer loop
      vertex -9.990000 5.675000 -26.060000
      vertex -9.990000 7.225000 -23.860000
      vertex -9.990000 5.675000 -23.860000
    endloop
  endfacet
  facet normal 0.000000 -1.000000 0.000000
    outer loop
      vertex -9.220000 11.200000 -25.290000
      vertex -8.560000 11.200000 -25.290000
      vertex -8.560000 11.200000 -24.630000
    endloop
  endfacet
  facet normal 0.000000 -1.000000 0.000000
    outer loop
      vertex -9.220000 11.200000 -25.290000
      vertex -8.560000 11.200000 -24.630000
      vertex -9.220000 11.200000 -24.630000
    endloop
  endfacet
  facet normal 0.000000 1.000000 0.000000
    outer loop
      vertex -9.220000 6.000000 -24.630000
      vertex -8.560000 6.000000 -24.630000
      vertex -8.560000 6.000000 -25.290000
    endloop
  endfacet
  facet normal 0.000000 1.000000 0.000000
    outer loop
      vertex -9.220000 6.000000 -24.630000
      vertex -8.560000 6.000000 -25.290000
      vertex -9.220000 6.000000 -25.290000
    endloop
  endfacet
  facet normal 0.000000 0.000000 -1.000000
    outer loop
      vertex -9.220000 11.200000 -24.630000
      vertex -8.560000 11.200000 -24.630000
      vertex -8.560000 6.000000 -24.630000
    endloop
  endfacet
  facet normal 0.000000 0.000000 -1.000000
    outer loop
      vertex -9.220000 11.200000 -24.630000
      vertex -8.560000 6.000000 -24.630000
      vertex -9.220000 6.000000 -24.630000
    endloop
  endfacet
  facet normal 0.000000 0.000000 1.000000
    outer loop
      vertex -8.560000 6.000000 -25.290000
      vertex -8.560000 11.200000 -25.290000
      vertex -9.220000 11.200000 -25.290000
    endloop
  endfacet
  facet normal 0.000000 0.000000 1.000000
    outer loop
      vertex -8.560000 6.000000 -25.290000
      vertex -9.220000 11.200000 -25.290000
      vertex -9.220000 6.000000 -25.290000
    endloop
  endfacet
  facet normal -1.000000 0.000000 0.000000
    outer loop
      vertex -8.560000 6.000000 -24.630000
      vertex -8.560000 11.200000 -24.630000
      vertex -8.560000 11.200000 -25.290000
    endloop
  endfacet
  facet normal -1.000000 0.000000 0.000000
    outer loop
      vertex -8.560000 6.000000 -24.630000
      vertex -8.560000 11.200000 -25.290000
      vertex -8.560000 6.000000 -25.290000
    endloop
  endfacet
  facet normal 1.000000 0.000000 0.000000
    outer loop
      vertex -9.220000 6.000000 -25.290000
      vertex -9.220000 11.200000 -25.290000
      vertex -9.220000 11.200000 -24.630000
    endloop
  endfacet
  facet normal 1.000000 0.000000 0.000000
    outer loop
      vertex -9.220000 6.000000 -25.290000
      vertex -9.220000 11.200000 -24.630000
      vertex -9.220000 6.000000 -24.630000
    endloop
  endfacet
  facet normal 0.000000 -1.000000 0.000000
    outer loop
      vertex -7.450000 7.225000 -26.060000
      vertex -5.250000 7.225000 -26.060000
      vertex -5.250000 7.225000 -23.860000
    endloop
  endfacet
  facet normal 0.000000 -1.000000 0.000000
    outer loop
      vertex -7.450000 7.225000 -26.060000
      vertex -5.250000 7.225000 -23.860000
      vertex -7.450000 7.225000 -23.860000
    endloop
  endfacet
  facet normal 0.000000 1.000000 0.000000
    outer loop
      vertex -7.450000 5.675000 -23.860000
      vertex -5.250000 5.675000 -23.860000
      vertex -5.250000 5.675000 -26.060000
    endloop
  endfacet
  facet normal 0.000000 1.000000 0.000000
    outer loop
      vertex -7.450000 5.675000 -23.860000
      vertex -5.250000 5.675000 -26.060000
      vertex -7.450000 5.675000 -26.060000
    endloop
  endfacet
  facet normal 0.000000 0.000000 -1.000000
    outer loop
      vertex -7.450000 7.225000 -23.860000
      vertex -5.250000 7.225000 -23.860000
      vertex -5.250000 5.675000 -23.860000
    endloop
  endfacet
  facet normal 0.000000 0.000000 -1.000000
    outer loop
      vertex -7.450000 7.225000 -23.860000
      vertex -5.250000 5.675000 -23.860000
      vertex -7.450000 5.675000 -23.860000
    endloop
  endfacet
  facet normal 0.000000 0.000000 1.000000
    outer loop
      vertex -5.250000 5.675000 -26.060000
      vertex -5.250000 7.225000 -26.060000
      vertex -7.450000 7.225000 -26.060000
    endloop
  endfacet
  facet normal 0.000000 0.000000 1.000000
    outer loop
      vertex -5.250000 5.675000 -26.060000
      vertex -7.450000 7.225000 -26.060000
      vertex -7.450000 5.675000 -26.060000
    endloop
  endfacet
  facet normal -1.000000 0.000000 0.000000
    outer loop
      vertex -5.250000 5.675000 -23.860000
      vertex -5.250000 7.225000 -23.860000
      vertex -5.250000 7.225000 -26.060000
    endloop
  endfacet
  facet normal -1.000000 0.000000 0.000000
    outer loop
      vertex -5.250000 5.675000 -23.860000
      vertex -5.250000 7.225000 -26.060000
      vertex -5.250000 5.675000 -26.060000
    endloop
  endfacet
  facet normal 1.000000 0.000000 0.000000
    outer loop
      vertex -7.450000 5.675000 -26.060000
      vertex -7.450000 7.225000 -26.060000
      vertex -7.450000 7.225000 -23.860000
    endloop
  endfacet
  facet normal 1.000000 0.000000 0.000000
    outer loop
      vertex -7.450000 5.675000 -26.060000
      vertex -7.450000 7.225000 -23.860000
      vertex -7.450000 5.675000 -23.860000
    endloop
  endfacet
  facet normal 0.000000 -1.000000 0.000000
    outer loop
      vertex -6.680000 11.200000 -25.290000
      vertex -6.020000 11.200000 -25.290000
      vertex -6.020000 11.200000 -24.630000
    endloop
  endfacet
  facet normal 0.000000 -1.000000 0.000000
    outer loop
      vertex -6.680000 11.200000 -25.290000
      vertex -6.020000 11.200000 -24.630000
      vertex -6.680000 11.200000 -24.630000
    endloop
  endfacet
  facet normal 0.000000 1.000000 0.000000
    outer loop
      vertex -6.680000 6.000000 -24.630000
      vertex -6.020000 6.000000 -24.630000
      vertex -6.020000 6.000000 -25.290000
    endloop
  endfacet
  facet normal 0.000000 1.000000 0.000000
    outer loop
      vertex -6.680000 6.000000 -24.630000
      vertex -6.020000 6.000000 -25.290000
      vertex -6.680000 6.000000 -25.290000
    endloop
  endfacet
  facet normal 0.000000 0.000000 -1.000000
    outer loop
      vertex -6.680000 11.200000 -24.630000
      vertex -6.020000 11.200000 -24.630000
      vertex -6.020000 6.000000 -24.630000
    endloop
  endfacet
  facet normal 0.000000 0.000000 -1.000000
    outer loop
      vertex -6.680000 11.200000 -24.630000
      vertex -6.020000 6.000000 -24.630000
      vertex -6.680000 6.000000 -24.630000
    endloop
  endfacet
  facet normal 0.000000 0.000000 1.000000
    outer loop
      vertex -6.020000 6.000000 -25.290000
      vertex -6.020000 11.200000 -25.290000
      vertex -6.680000 11.200000 -25.290000
    endloop
  endfacet
  facet normal 0.000000 0.000000 1.000000
    outer loop
      vertex -6.020000 6.000000 -25.290000
      vertex -6.680000 11.200000 -25.290000
      vertex -6.680000 6.000000 -25.290000
    endloop
  endfacet
  facet normal -1.000000 0.000000 0.000000
    outer loop
      vertex -6.020000 6.000000 -24.630000
      vertex -6.020000 11.200000 -24.630000
      vertex -6.020000 11.200000 -25.290000
    endloop
  endfacet
  facet normal -1.000000 0.000000 0.000000
    outer loop
      vertex -6.020000 6.000000 -24.630000
      vertex -6.020000 11.200000 -25.290000
      vertex -6.020000 6.000000 -25.290000
    endloop
  endfacet
  facet normal 1.000000 0.000000 0.000000
    outer loop
      vertex -6.680000 6.000000 -25.290000
      vertex -6.680000 11.200000 -25.290000
      vertex -6.680000 11.200000 -24.630000
    endloop
  endfacet
  facet normal 1.000000 0.000000 0.000000
    outer loop
      vertex -6.680000 6.000000 -25.290000
      vertex -6.680000 11.200000 -24.630000
      vertex -6.680000 6.000000 -24.630000
    endloop
  endfacet
  facet normal 0.000000 -1.000000 0.000000
    outer loop
      vertex -4.910000 7.225000 -26.060000
      vertex -2.710000 7.225000 -26.060000
      vertex -2.710000 7.225000 -23.860000
    endloop
  endfacet
  facet normal 0.000000 -1.000000 0.000000
    outer loop
      vertex -4.910000 7.225000 -26.060000
      vertex -2.710000 7.225000 -23.860000
      vertex -4.910000 7.225000 -23.860000
    endloop
  endfacet
  facet normal 0.000000 1.000000 0.000000
    outer loop
      vertex -4.910000 5.675000 -23.860000
      vertex -2.710000 5.675000 -23.860000
      vertex -2.710000 5.675000 -26.060000
    endloop
  endfacet
  facet normal 0.000000 1.000000 0.000000
    outer loop
      vertex -4.910000 5.675000 -23.860000
      vertex -2.710000 5.675000 -26.060000
      vertex -4.910000 5.675000 -26.060000
    endloop
  endfacet
  facet normal 0.000000 0.000000 -1.000000
    outer loop
      vertex -4.910000 7.225000 -23.860000
      vertex -2.710000 7.225000 -23.860000
      vertex -2.710000 5.675000 -23.860000
    endloop
  endfacet
  facet normal 0.000000 0.000000 -1.000000
    outer loop
      vertex -4.910000 7.225000 -23.860000
      vertex -2.710000 5.675000 -23.860000
      vertex -4.910000 5.675000 -23.860000
    endloop
  endfacet
  facet normal 0.000000 0.000000 1.000000
    outer loop
      vertex -2.710000 5.675000 -26.060000
      vertex -2.710000 7.225000 -26.060000
      vertex -4.910000 7.225000 -26.060000
    endloop
  endfacet
  facet normal 0.000000 0.000000 1.000000
    outer loop
      vertex -2.710000 5.675000 -26.060000
      vertex -4.910000 7.225000 -26.060000
      vertex -4.910000 5.675000 -26.060000
    endloop
  endfacet
  facet normal -1.000000 0.000000 0.000000
    outer loop
      vertex -2.710000 5.675000 -23.860000
      vertex -2.710000 7.225000 -23.860000
      vertex -2.710000 7.225000 -26.060000
    endloop
  endfacet
  facet normal -1.000000 0.000000 0.000000
    outer loop
      vertex -2.710000 5.675000 -23.860000
      vertex -2.710000 7.225000 -26.060000
      vertex -2.710000 5.675000 -26.060000
    endloop
  endfacet
  facet normal 1.000000 0.000000 0.000000
    outer loop
      vertex -4.910000 5.675000 -26.060000
      vertex -4.910000 7.225000 -26.060000
      vertex -4.910000 7.225000 -23.860000
    endloop
  endfacet
  facet normal 1.000000 0.000000 0.000000
    outer loop
      vertex -4.910000 5.675000 -26.060000
      vertex -4.910000 7.225000 -23.860000
      vertex -4.910000 5.675000 -23.860000
    endloop
  endfacet
  facet normal 0.000000 -1.000000 0.000000
    outer loop
      vertex -4.140000 11.200000 -25.290000
      vertex -3.480000 11.200000 -25.290000
      vertex -3.480000 11.200000 -24.630000
    endloop
  endfacet
  facet normal 0.000000 -1.000000 0.000000
    outer loop
      vertex -4.140000 11.200000 -25.290000
      vertex -3.480000 11.200000 -24.630000
      vertex -4.140000 11.200000 -24.630000
    endloop
  endfacet
  facet normal 0.000000 1.000000 0.000000
    outer loop
      vertex -4.140000 6.000000 -24.630000
      vertex -3.480000 6.000000 -24.630000
      vertex -3.480000 6.000000 -25.290000
    endloop
  endfacet
  facet normal 0.000000 1.000000 0.000000
    outer loop
      vertex -4.140000 6.000000 -24.630000
      vertex -3.480000 6.000000 -25.290000
      vertex -4.140000 6.000000 -25.290000
    endloop
  endfacet
  facet normal 0.000000 0.000000 -1.000000
    outer loop
      vertex -4.140000 11.200000 -24.630000
      vertex -3.480000 11.200000 -24.630000
      vertex -3.480000 6.000000 -24.630000
    endloop
  endfacet
  facet normal 0.000000 0.000000 -1.000000
    outer loop
      vertex -4.140000 11.200000 -24.630000
      vertex -3.480000 6.000000 -24.630000
      vertex -4.140000 6.000000 -24.630000
    endloop
  endfacet
  facet normal 0.000000 0.000000 1.000000
    outer loop
      vertex -3.480000 6.000000 -25.290000
      vertex -3.480000 11.200000 -25.290000
      vertex -4.140000 11.200000 -25.290000
    endloop
  endfacet
  facet normal 0.000000 0.000000 1.000000
    outer loop
      vertex -3.480000 6.000000 -25.290000
      vertex -4.140000 11.200000 -25.290000
      vertex -4.140000 6.000000 -25.290000
    endloop
  endfacet
  facet normal -1.000000 0.000000 0.000000
    outer loop
      vertex -3.480000 6.000000 -24.630000
      vertex -3.480000 11.200000 -24.630000
      vertex -3.480000 11.200000 -25.290000
    endloop
  endfacet
  facet normal -1.000000 0.000000 0.000000
    outer loop
      vertex -3.480000 6.000000 -24.630000
      vertex -3.480000 11.200000 -25.290000
      vertex -3.480000 6.000000 -25.290000
    endloop
  endfacet
  facet normal 1.000000 0.000000 0.000000
    outer loop
      vertex -4.140000 6.000000 -25.290000
      vertex -4.140000 11.200000 -25.290000
      vertex -4.140000 11.200000 -24.630000
    endloop
  endfacet
  facet normal 1.000000 0.000000 0.000000
    outer loop
      vertex -4.140000 6.000000 -25.290000
      vertex -4.140000 11.200000 -24.630000
      vertex -4.140000 6.000000 -24.630000
    endloop
  endfacet
  facet normal 0.000000 -1.000000 0.000000
    outer loop
      vertex -2.370000 7.225000 -26.060000
      vertex -0.170000 7.225000 -26.060000
      vertex -0.170000 7.225000 -23.860000
    endloop
  endfacet
  facet normal 0.000000 -1.000000 0.000000
    outer loop
      vertex -2.370000 7.225000 -26.060000
      vertex -0.170000 7.225000 -23.860000
      vertex -2.370000 7.225000 -23.860000
    endloop
  endfacet
  facet normal 0.000000 1.000000 0.000000
    outer loop
      vertex -2.370000 5.675000 -23.860000
      vertex -0.170000 5.675000 -23.860000
      vertex -0.170000 5.675000 -26.060000
    endloop
  endfacet
  facet normal 0.000000 1.000000 0.000000
    outer loop
      vertex -2.370000 5.675000 -23.860000
      vertex -0.170000 5.675000 -26.060000
      vertex -2.370000 5.675000 -26.060000
    endloop
  endfacet
  facet normal 0.000000 0.000000 -1.000000
    outer loop
      vertex -2.370000 7.225000 -23.860000
      vertex -0.170000 7.225000 -23.860000
      vertex -0.170000 5.675000 -23.860000
    endloop
  endfacet
  facet normal 0.000000 0.000000 -1.000000
    outer loop
      vertex -2.370000 7.225000 -23.860000
      vertex -0.170000 5.675000 -23.860000
      vertex -2.370000 5.675000 -23.860000
    endloop
  endfacet
  facet normal 0.000000 0.000000 1.000000
    outer loop
      vertex -0.170000 5.675000 -26.060000
      vertex -0.170000 7.225000 -26.060000
      vertex -2.370000 7.225000 -26.060000
    endloop
  endfacet
  facet normal 0.000000 0.000000 1.000000
    outer loop
      vertex -0.170000 5.675000 -26.060000
      vertex -2.370000 7.225000 -26.060000
      vertex -2.370000 5.675000 -26.060000
    endloop
  endfacet
  facet normal -1.000000 0.000000 0.000000
    outer loop
      vertex -0.170000 5.675000 -23.860000
      vertex -0.170000 7.225000 -23.860000
      vertex -0.170000 7.225000 -26.060000
    endloop
  endfacet
  facet normal -1.000000 0.000000 0.000000
    outer loop
      vertex -0.170000 5.675000 -23.860000
      vertex -0.170000 7.225000 -26.060000
      vertex -0.170000 5.675000 -26.060000
    endloop
  endfacet
  facet normal 1.000000 0.000000 0.000000
    outer loop
      vertex -2.370000 5.675000 -26.060000
      vertex -2.370000 7.225000 -26.060000
      vertex -2.370000 7.225000 -23.860000
    endloop
  endfacet
  facet normal 1.000000 0.000000 0.000000
    outer loop
      vertex -2.370000 5.675000 -26.060000
      vertex -2.370000 7.225000 -23.860000
      vertex -2.370000 5.675000 -23.860000
    endloop
  endfacet
  facet normal 0.000000 -1.000000 0.000000
    outer loop
      vertex -1.600000 11.200000 -25.290000
      vertex -0.940000 11.200000 -25.290000
      vertex -0.940000 11.200000 -24.630000
    endloop
  endfacet
  facet normal 0.000000 -1.000000 0.000000
    outer loop
      vertex -1.600000 11.200000 -25.290000
      vertex -0.940000 11.200000 -24.630000
      vertex -1.600000 11.200000 -24.630000
    endloop
  endfacet
  facet normal 0.000000 1.000000 0.000000
    outer loop
      vertex -1.600000 6.000000 -24.630000
      vertex -0.940000 6.000000 -24.630000
      vertex -0.940000 6.000000 -25.290000
    endloop
  endfacet
  facet normal 0.000000 1.000000 0.000000
    outer loop
      vertex -1.600000 6.000000 -24.630000
      vertex -0.940000 6.000000 -25.290000
      vertex -1.600000 6.000000 -25.290000
    endloop
  endfacet
  facet normal 0.000000 0.000000 -1.000000
    outer loop
      vertex -1.600000 11.200000 -24.630000
      vertex -0.940000 11.200000 -24.630000
      vertex -0.940000 6.000000 -24.630000
    endloop
  endfacet
  facet normal 0.000000 0.000000 -1.000000
    outer loop
      vertex -1.600000 11.200000 -24.630000
      vertex -0.940000 6.000000 -24.630000
      vertex -1.600000 6.000000 -24.630000
    endloop
  endfacet
  facet normal 0.000000 0.000000 1.000000
    outer loop
      vertex -0.940000 6.000000 -25.290000
      vertex -0.940000 11.200000 -25.290000
      vertex -1.600000 11.200000 -25.290000
    endloop
  endfacet
  facet normal 0.000000 0.000000 1.000000
    outer loop
      vertex -0.940000 6.000000 -25.290000
      vertex -1.600000 11.200000 -25.290000
      vertex -1.600000 6.000000 -25.290000
    endloop
  endfacet
  facet normal -1.000000 0.000000 0.000000
    outer loop
      vertex -0.940000 6.000000 -24.630000
      vertex -0.940000 11.200000 -24.630000
      vertex -0.940000 11.200000 -25.290000
    endloop
  endfacet
  facet normal -1.000000 0.000000 0.000000
    outer loop
      vertex -0.940000 6.000000 -24.630000
      vertex -0.940000 11.200000 -25.290000
      vertex -0.940000 6.000000 -25.290000
    endloop
  endfacet
  facet normal 1.000000 0.000000 0.000000
    outer loop
      vertex -1.600000 6.000000 -25.290000
      vertex -1.600000 11.200000 -25.290000
      vertex -1.600000 11.200000 -24.630000
    endloop
  endfacet
  facet normal 1.000000 0.000000 0.000000
    outer loop
      vertex -1.600000 6.000000 -25.290000
      vertex -1.600000 11.200000 -24.630000
      vertex -1.600000 6.000000 -24.630000
    endloop
  endfacet
  facet normal 0.000000 -1.000000 0.000000
    outer loop
      vertex 0.170000 7.225000 -26.060000
      vertex 2.370000 7.225000 -26.060000
      vertex 2.370000 7.225000 -23.860000
    endloop
  endfacet
  facet normal 0.000000 -1.000000 0.000000
    outer loop
      vertex 0.170000 7.225000 -26.060000
      vertex 2.370000 7.225000 -23.860000
      vertex 0.170000 7.225000 -23.860000
    endloop
  endfacet
  facet normal 0.000000 1.000000 0.000000
    outer loop
      vertex 0.170000 5.675000 -23.860000
      vertex 2.370000 5.675000 -23.860000
      vertex 2.370000 5.675000 -26.060000
    endloop
  endfacet
  facet normal 0.000000 1.000000 0.000000
    outer loop
      vertex 0.170000 5.675000 -23.860000
      vertex 2.370000 5.675000 -26.060000
      vertex 0.170000 5.675000 -26.060000
    endloop
  endfacet
  facet normal 0.000000 0.000000 -1.000000
    outer loop
      vertex 0.170000 7.225000 -23.860000
      vertex 2.370000 7.225000 -23.860000
      vertex 2.370000 5.675000 -23.860000
    endloop
  endfacet
  facet normal 0.000000 0.000000 -1.000000
    outer loop
      vertex 0.170000 7.225000 -23.860000
      vertex 2.370000 5.675000 -23.860000
      vertex 0.170000 5.675000 -23.860000
    endloop
  endfacet
  facet normal 0.000000 0.000000 1.000000
    outer loop
      vertex 2.370000 5.675000 -26.060000
      vertex 2.370000 7.225000 -26.060000
      vertex 0.170000 7.225000 -26.060000
    endloop
  endfacet
  facet normal 0.000000 0.000000 1.000000
    outer loop
      vertex 2.370000 5.675000 -26.060000
      vertex 0.170000 7.225000 -26.060000
      vertex 0.170000 5.675000 -26.060000
    endloop
  endfacet
  facet normal -1.000000 0.000000 0.000000
    outer loop
      vertex 2.370000 5.675000 -23.860000
      vertex 2.370000 7.225000 -23.860000
      vertex 2.370000 7.225000 -26.060000
    endloop
  endfacet
  facet normal -1.000000 0.000000 0.000000
    outer loop
      vertex 2.370000 5.675000 -23.860000
      vertex 2.370000 7.225000 -26.060000
      vertex 2.370000 5.675000 -26.060000
    endloop
  endfacet
  facet normal 1.000000 0.000000 0.000000
    outer loop
      vertex 0.170000 5.675000 -26.060000
      vertex 0.170000 7.225000 -26.060000
      vertex 0.170000 7.225000 -23.860000
    endloop
  endfacet
  facet normal 1.000000 0.000000 0.000000
    outer loop
      vertex 0.170000 5.675000 -26.060000
      vertex 0.170000 7.225000 -23.860000
      vertex 0.170000 5.675000 -23.860000
    endloop
  endfacet
  facet normal 0.000000 -1.000000 0.000000
    outer loop
      vertex 0.940000 11.200000 -25.290000
      vertex 1.600000 11.200000 -25.290000
      vertex 1.600000 11.200000 -24.630000
    endloop
  endfacet
  facet normal 0.000000 -1.000000 0.000000
    outer loop
      vertex 0.940000 11.200000 -25.290000
      vertex 1.600000 11.200000 -24.630000
      vertex 0.940000 11.200000 -24.630000
    endloop
  endfacet
  facet normal 0.000000 1.000000 0.000000
    outer loop
      vertex 0.940000 6.000000 -24.630000
      vertex 1.600000 6.000000 -24.630000
      vertex 1.600000 6.000000 -25.290000
    endloop
  endfacet
  facet normal 0.000000 1.000000 0.000000
    outer loop
      vertex 0.940000 6.000000 -24.630000
      vertex 1.600000 6.000000 -25.290000
      vertex 0.940000 6.000000 -25.290000
    endloop
  endfacet
  facet normal 0.000000 0.000000 -1.000000
    outer loop
      vertex 0.940000 11.200000 -24.630000
      vertex 1.600000 11.200000 -24.630000
      vertex 1.600000 6.000000 -24.630000
    endloop
  endfacet
  facet normal 0.000000 0.000000 -1.000000
    outer loop
      vertex 0.940000 11.200000 -24.630000
      vertex 1.600000 6.000000 -24.630000
      vertex 0.940000 6.000000 -24.630000
    endloop
  endfacet
  facet normal 0.000000 0.000000 1.000000
    outer loop
      vertex 1.600000 6.000000 -25.290000
      vertex 1.600000 11.200000 -25.290000
      vertex 0.940000 11.200000 -25.290000
    endloop
  endfacet
  facet normal 0.000000 0.000000 1.000000
    outer loop
      vertex 1.600000 6.000000 -25.290000
      vertex 0.940000 11.200000 -25.290000
      vertex 0.940000 6.000000 -25.290000
    endloop
  endfacet
  facet normal -1.000000 0.000000 0.000000
    outer loop
      vertex 1.600000 6.000000 -24.630000
      vertex 1.600000 11.200000 -24.630000
      vertex 1.600000 11.200000 -25.290000
    endloop
  endfacet
  facet normal -1.000000 0.000000 0.000000
    outer loop
      vertex 1.600000 6.000000 -24.630000
      vertex 1.600000 11.200000 -25.290000
      vertex 1.600000 6.000000 -25.290000
    endloop
  endfacet
  facet normal 1.000000 0.000000 0.000000
    outer loop
      vertex 0.940000 6.000000 -25.290000
      vertex 0.940000 11.200000 -25.290000
      vertex 0.940000 11.200000 -24.630000
    endloop
  endfacet
  facet normal 1.000000 0.000000 0.000000
    outer loop
      vertex 0.940000 6.000000 -25.290000
      vertex 0.940000 11.200000 -24.630000
      vertex 0.940000 6.000000 -24.630000
    endloop
  endfacet
  facet normal 0.000000 -1.000000 0.000000
    outer loop
      vertex 2.710000 7.225000 -26.060000
      vertex 4.910000 7.225000 -26.060000
      vertex 4.910000 7.225000 -23.860000
    endloop
  endfacet
  facet normal 0.000000 -1.000000 0.000000
    outer loop
      vertex 2.710000 7.225000 -26.060000
      vertex 4.910000 7.225000 -23.860000
      vertex 2.710000 7.225000 -23.860000
    endloop
  endfacet
  facet normal 0.000000 1.000000 0.000000
    outer loop
      vertex 2.710000 5.675000 -23.860000
      vertex 4.910000 5.675000 -23.860000
      vertex 4.910000 5.675000 -26.060000
    endloop
  endfacet
  facet normal 0.000000 1.000000 0.000000
    outer loop
      vertex 2.710000 5.675000 -23.860000
      vertex 4.910000 5.675000 -26.060000
      vertex 2.710000 5.675000 -26.060000
    endloop
  endfacet
  facet normal 0.000000 0.000000 -1.000000
    outer loop
      vertex 2.710000 7.225000 -23.860000
      vertex 4.910000 7.225000 -23.860000
      vertex 4.910000 5.675000 -23.860000
    endloop
  endfacet
  facet normal 0.000000 0.000000 -1.000000
    outer loop
      vertex 2.710000 7.225000 -23.860000
      vertex 4.910000 5.675000 -23.860000
      vertex 2.710000 5.675000 -23.860000
    endloop
  endfacet
  facet normal 0.000000 0.000000 1.000000
    outer loop
      vertex 4.910000 5.675000 -26.060000
      vertex 4.910000 7.225000 -26.060000
      vertex 2.710000 7.225000 -26.060000
    endloop
  endfacet
  facet normal 0.000000 0.000000 1.000000
    outer loop
      vertex 4.910000 5.675000 -26.060000
      vertex 2.710000 7.225000 -26.060000
      vertex 2.710000 5.675000 -26.060000
    endloop
  endfacet
  facet normal -1.000000 0.000000 0.000000
    outer loop
      vertex 4.910000 5.675000 -23.860000
      vertex 4.910000 7.225000 -23.860000
      vertex 4.910000 7.225000 -26.060000
    endloop
  endfacet
  facet normal -1.000000 0.000000 0.000000
    outer loop
      vertex 4.910000 5.675000 -23.860000
      vertex 4.910000 7.225000 -26.060000
      vertex 4.910000 5.675000 -26.060000
    endloop
  endfacet
  facet normal 1.000000 0.000000 0.000000
    outer loop
      vertex 2.710000 5.675000 -26.060000
      vertex 2.710000 7.225000 -26.060000
      vertex 2.710000 7.225000 -23.860000
    endloop
  endfacet
  facet normal 1.000000 0.000000 0.000000
    outer loop
      vertex 2.710000 5.675000 -26.060000
      vertex 2.710000 7.225000 -23.860000
      vertex 2.710000 5.675000 -23.860000
    endloop
  endfacet
  facet normal 0.000000 -1.000000 0.000000
    outer loop
      vertex 3.480000 11.200000 -25.290000
      vertex 4.140000 11.200000 -25.290000
      vertex 4.140000 11.200000 -24.630000
    endloop
  endfacet
  facet normal 0.000000 -1.000000 0.000000
    outer loop
      vertex 3.480000 11.200000 -25.290000
      vertex 4.140000 11.200000 -24.630000
      vertex 3.480000 11.200000 -24.630000
    endloop
  endfacet
  facet normal 0.000000 1.000000 0.000000
    outer loop
      vertex 3.480000 6.000000 -24.630000
      vertex 4.140000 6.000000 -24.630000
      vertex 4.140000 6.000000 -25.290000
    endloop
  endfacet
  facet normal 0.000000 1.000000 0.000000
    outer loop
      vertex 3.480000 6.000000 -24.630000
      vertex 4.140000 6.000000 -25.290000
      vertex 3.480000 6.000000 -25.290000
    endloop
  endfacet
  facet normal 0.000000 0.000000 -1.000000
    outer loop
      vertex 3.480000 11.200000 -24.630000
      vertex 4.140000 11.200000 -24.630000
      vertex 4.140000 6.000000 -24.630000
    endloop
  endfacet
  facet normal 0.000000 0.000000 -1.000000
    outer loop
      vertex 3.480000 11.200000 -24.630000
      vertex 4.140000 6.000000 -24.630000
      vertex 3.480000 6.000000 -24.630000
    endloop
  endfacet
  facet normal 0.000000 0.000000 1.000000
    outer loop
      vertex 4.140000 6.000000 -25.290000
      vertex 4.140000 11.200000 -25.290000
      vertex 3.480000 11.200000 -25.290000
    endloop
  endfacet
  facet normal 0.000000 0.000000 1.000000
    outer loop
      vertex 4.140000 6.000000 -25.290000
      vertex 3.480000 11.200000 -25.290000
      vertex 3.480000 6.000000 -25.290000
    endloop
  endfacet
  facet normal -1.000000 0.000000 0.000000
    outer loop
      vertex 4.140000 6.000000 -24.630000
      vertex 4.140000 11.200000 -24.630000
      vertex 4.140000 11.200000 -25.290000
    endloop
  endfacet
  facet normal -1.000000 0.000000 0.000000
    outer loop
      vertex 4.140000 6.000000 -24.630000
      vertex 4.140000 11.200000 -25.290000
      vertex 4.140000 6.000000 -25.290000
    endloop
  endfacet
  facet normal 1.000000 0.000000 0.000000
    outer loop
      vertex 3.480000 6.000000 -25.290000
      vertex 3.480000 11.200000 -25.290000
      vertex 3.480000 11.200000 -24.630000
    endloop
  endfacet
  facet normal 1.000000 0.000000 0.000000
    outer loop
      vertex 3.480000 6.000000 -25.290000
      vertex 3.480000 11.200000 -24.630000
      vertex 3.480000 6.000000 -24.630000
    endloop
  endfacet
  facet normal 0.000000 -1.000000 0.000000
    outer loop
      vertex 5.250000 7.225000 -26.060000
      vertex 7.450000 7.225000 -26.060000
      vertex 7.450000 7.225000 -23.860000
    endloop
  endfacet
  facet normal 0.000000 -1.000000 0.000000
    outer loop
      vertex 5.250000 7.225000 -26.060000
      vertex 7.450000 7.225000 -23.860000
      vertex 5.250000 7.225000 -23.860000
    endloop
  endfacet
  facet normal 0.000000 1.000000 0.000000
    outer loop
      vertex 5.250000 5.675000 -23.860000
      vertex 7.450000 5.675000 -23.860000
      vertex 7.450000 5.675000 -26.060000
    endloop
  endfacet
  facet normal 0.000000 1.000000 0.000000
    outer loop
      vertex 5.250000 5.675000 -23.860000
      vertex 7.450000 5.675000 -26.060000
      vertex 5.250000 5.675000 -26.060000
    endloop
  endfacet
  facet normal 0.000000 0.000000 -1.000000
    outer loop
      vertex 5.250000 7.225000 -23.860000
      vertex 7.450000 7.225000 -23.860000
      vertex 7.450000 5.675000 -23.860000
    endloop
  endfacet
  facet normal 0.000000 0.000000 -1.000000
    outer loop
      vertex 5.250000 7.225000 -23.860000
      vertex 7.450000 5.675000 -23.860000
      vertex 5.250000 5.675000 -23.860000
    endloop
  endfacet
  facet normal 0.000000 0.000000 1.000000
    outer loop
      vertex 7.450000 5.675000 -26.060000
      vertex 7.450000 7.225000 -26.060000
      vertex 5.250000 7.225000 -26.060000
    endloop
  endfacet
  facet normal 0.000000 0.000000 1.000000
    outer loop
      vertex 7.450000 5.675000 -26.060000
      vertex 5.250000 7.225000 -26.060000
      vertex 5.250000 5.675000 -26.060000
    endloop
  endfacet
  facet normal -1.000000 0.000000 0.000000
    outer loop
      vertex 7.450000 5.675000 -23.860000
      vertex 7.450000 7.225000 -23.860000
      vertex 7.450000 7.225000 -26.060000
    endloop
  endfacet
  facet normal -1.000000 0.000000 0.000000
    outer loop
      vertex 7.450000 5.675000 -23.860000
      vertex 7.450000 7.225000 -26.060000
      vertex 7.450000 5.675000 -26.060000
    endloop
  endfacet
  facet normal 1.000000 0.000000 0.000000
    outer loop
      vertex 5.250000 5.675000 -26.060000
      vertex 5.250000 7.225000 -26.060000
      vertex 5.250000 7.225000 -23.860000
    endloop
  endfacet
  facet normal 1.000000 0.000000 0.000000
    outer loop
      vertex 5.250000 5.675000 -26.060000
      vertex 5.250000 7.225000 -23.860000
      vertex 5.250000 5.675000 -23.860000
    endloop
  endfacet
  facet normal 0.000000 -1.000000 0.000000
    outer loop
      vertex 6.020000 11.200000 -25.290000
      vertex 6.680000 11.200000 -25.290000
      vertex 6.680000 11.200000 -24.630000
    endloop
  endfacet
  facet normal 0.000000 -1.000000 0.000000
    outer loop
      vertex 6.020000 11.200000 -25.290000
      vertex 6.680000 11.200000 -24.630000
      vertex 6.020000 11.200000 -24.630000
    endloop
  endfacet
  facet normal 0.000000 1.000000 0.000000
    outer loop
      vertex 6.020000 6.000000 -24.630000
      vertex 6.680000 6.000000 -24.630000
      vertex 6.680000 6.000000 -25.290000
    endloop
  endfacet
  facet normal 0.000000 1.000000 0.000000
    outer loop
      vertex 6.020000 6.000000 -24.630000
      vertex 6.680000 6.000000 -25.290000
      vertex 6.020000 6.000000 -25.290000
    endloop
  endfacet
  facet normal 0.000000 0.000000 -1.000000
    outer loop
      vertex 6.020000 11.200000 -24.630000
      vertex 6.680000 11.200000 -24.630000
      vertex 6.680000 6.000000 -24.630000
    endloop
  endfacet
  facet normal 0.000000 0.000000 -1.000000
    outer loop
      vertex 6.020000 11.200000 -24.630000
      vertex 6.680000 6.000000 -24.630000
      vertex 6.020000 6.000000 -24.630000
    endloop
  endfacet
  facet normal 0.000000 0.000000 1.000000
    outer loop
      vertex 6.680000 6.000000 -25.290000
      vertex 6.680000 11.200000 -25.290000
      vertex 6.020000 11.200000 -25.290000
    endloop
  endfacet
  facet normal 0.000000 0.000000 1.000000
    outer loop
      vertex 6.680000 6.000000 -25.290000
      vertex 6.020000 11.200000 -25.290000
      vertex 6.020000 6.000000 -25.290000
    endloop
  endfacet
  facet normal -1.000000 0.000000 0.000000
    outer loop
      vertex 6.680000 6.000000 -24.630000
      vertex 6.680000 11.200000 -24.630000
      vertex 6.680000 11.200000 -25.290000
    endloop
  endfacet
  facet normal -1.000000 0.000000 0.000000
    outer loop
      vertex 6.680000 6.000000 -24.630000
      vertex 6.680000 11.200000 -25.290000
      vertex 6.680000 6.000000 -25.290000
    endloop
  endfacet
  facet normal 1.000000 0.000000 0.000000
    outer loop
      vertex 6.020000 6.000000 -25.290000
      vertex 6.020000 11.200000 -25.290000
      vertex 6.020000 11.200000 -24.630000
    endloop
  endfacet
  facet normal 1.000000 0.000000 0.000000
    outer loop
      vertex 6.020000 6.000000 -25.290000
      vertex 6.020000 11.200000 -24.630000
      vertex 6.020000 6.000000 -24.630000
    endloop
  endfacet
  facet normal 0.000000 -1.000000 0.000000
    outer loop
      vertex 7.790000 7.225000 -26.060000
      vertex 9.990000 7.225000 -26.060000
      vertex 9.990000 7.225000 -23.860000
    endloop
  endfacet
  facet normal 0.000000 -1.000000 0.000000
    outer loop
      vertex 7.790000 7.225000 -26.060000
      vertex 9.990000 7.225000 -23.860000
      vertex 7.790000 7.225000 -23.860000
    endloop
  endfacet
  facet normal 0.000000 1.000000 0.000000
    outer loop
      vertex 7.790000 5.675000 -23.860000
      vertex 9.990000 5.675000 -23.860000
      vertex 9.990000 5.675000 -26.060000
    endloop
  endfacet
  facet normal 0.000000 1.000000 0.000000
    outer loop
      vertex 7.790000 5.675000 -23.860000
      vertex 9.990000 5.675000 -26.060000
      vertex 7.790000 5.675000 -26.060000
    endloop
  endfacet
  facet normal 0.000000 0.000000 -1.000000
    outer loop
      vertex 7.790000 7.225000 -23.860000
      vertex 9.990000 7.225000 -23.860000
      vertex 9.990000 5.675000 -23.860000
    endloop
  endfacet
  facet normal 0.000000 0.000000 -1.000000
    outer loop
      vertex 7.790000 7.225000 -23.860000
      vertex 9.990000 5.675000 -23.860000
      vertex 7.790000 5.675000 -23.860000
    endloop
  endfacet
  facet normal 0.000000 0.000000 1.000000
    outer loop
      vertex 9.990000 5.675000 -26.060000
      vertex 9.990000 7.225000 -26.060000
      vertex 7.790000 7.225000 -26.060000
    endloop
  endfacet
  facet normal 0.000000 0.000000 1.000000
    outer loop
      vertex 9.990000 5.675000 -26.060000
      vertex 7.790000 7.225000 -26.060000
      vertex 7.790000 5.675000 -26.060000
    endloop
  endfacet
  facet normal -1.000000 0.000000 0.000000
    outer loop
      vertex 9.990000 5.675000 -23.860000
      vertex 9.990000 7.225000 -23.860000
      vertex 9.990000 7.225000 -26.060000
    endloop
  endfacet
  facet normal -1.000000 0.000000 0.000000
    outer loop
      vertex 9.990000 5.675000 -23.860000
      vertex 9.990000 7.225000 -26.060000
      vertex 9.990000 5.675000 -26.060000
    endloop
  endfacet
  facet normal 1.000000 0.000000 0.000000
    outer loop
      vertex 7.790000 5.675000 -26.060000
      vertex 7.790000 7.225000 -26.060000
      vertex 7.790000 7.225000 -23.860000
    endloop
  endfacet
  facet normal 1.000000 0.000000 0.000000
    outer loop
      vertex 7.790000 5.675000 -26.060000
      vertex 7.790000 7.225000 -23.860000
      vertex 7.790000 5.675000 -23.860000
    endloop
  endfacet
  facet normal 0.000000 -1.000000 0.000000
    outer loop
      vertex 8.560000 11.200000 -25.290000
      vertex 9.220000 11.200000 -25.290000
      vertex 9.220000 11.200000 -24.630000
    endloop
  endfacet
  facet normal 0.000000 -1.000000 0.000000
    outer loop
      vertex 8.560000 11.200000 -25.290000
      vertex 9.220000 11.200000 -24.630000
      vertex 8.560000 11.200000 -24.630000
    endloop
  endfacet
  facet normal 0.000000 1.000000 0.000000
    outer loop
      vertex 8.560000 6.000000 -24.630000
      vertex 9.220000 6.000000 -24.630000
      vertex 9.220000 6.000000 -25.290000
    endloop
  endfacet
  facet normal 0.000000 1.000000 0.000000
    outer loop
      vertex 8.560000 6.000000 -24.630000
      vertex 9.220000 6.000000 -25.290000
      vertex 8.560000 6.000000 -25.290000
    endloop
  endfacet
  facet normal 0.000000 0.000000 -1.000000
    outer loop
      vertex 8.560000 11.200000 -24.630000
      vertex 9.220000 11.200000 -24.630000
      vertex 9.220000 6.000000 -24.630000
    endloop
  endfacet
  facet normal 0.000000 0.000000 -1.000000
    outer loop
      vertex 8.560000 11.200000 -24.630000
      vertex 9.220000 6.000000 -24.630000
      vertex 8.560000 6.000000 -24.630000
    endloop
  endfacet
  facet normal 0.000000 0.000000 1.000000
    outer loop
      vertex 9.220000 6.000000 -25.290000
      vertex 9.220000 11.200000 -25.290000
      vertex 8.560000 11.200000 -25.290000
    endloop
  endfacet
  facet normal 0.000000 0.000000 1.000000
    outer loop
      vertex 9.220000 6.000000 -25.290000
      vertex 8.560000 11.200000 -25.290000
      vertex 8.560000 6.000000 -25.290000
    endloop
  endfacet
  facet normal -1.000000 0.000000 0.000000
    outer loop
      vertex 9.220000 6.000000 -24.630000
      vertex 9.220000 11.200000 -24.630000
      vertex 9.220000 11.200000 -25.290000
    endloop
  endfacet
  facet normal -1.000000 0.000000 0.000000
    outer loop
      vertex 9.220000 6.000000 -24.630000
      vertex 9.220000 11.200000 -25.290000
      vertex 9.220000 6.000000 -25.290000
    endloop
  endfacet
  facet normal 1.000000 0.000000 0.000000
    outer loop
      vertex 8.560000 6.000000 -25.290000
      vertex 8.560000 11.200000 -25.290000
      vertex 8.560000 11.200000 -24.630000
    endloop
  endfacet
  facet normal 1.000000 0.000000 0.000000
    outer loop
      vertex 8.560000 6.000000 -25.290000
      vertex 8.560000 11.200000 -24.630000
      vertex 8.560000 6.000000 -24.630000
    endloop
  endfacet
  facet normal 0.000000 -1.000000 0.000000
    outer loop
      vertex 10.330000 7.225000 -26.060000
      vertex 12.530000 7.225000 -26.060000
      vertex 12.530000 7.225000 -23.860000
    endloop
  endfacet
  facet normal 0.000000 -1.000000 0.000000
    outer loop
      vertex 10.330000 7.225000 -26.060000
      vertex 12.530000 7.225000 -23.860000
      vertex 10.330000 7.225000 -23.860000
    endloop
  endfacet
  facet normal 0.000000 1.000000 0.000000
    outer loop
      vertex 10.330000 5.675000 -23.860000
      vertex 12.530000 5.675000 -23.860000
      vertex 12.530000 5.675000 -26.060000
    endloop
  endfacet
  facet normal 0.000000 1.000000 0.000000
    outer loop
      vertex 10.330000 5.675000 -23.860000
      vertex 12.530000 5.675000 -26.060000
      vertex 10.330000 5.675000 -26.060000
    endloop
  endfacet
  facet normal 0.000000 0.000000 -1.000000
    outer loop
      vertex 10.330000 7.225000 -23.860000
      vertex 12.530000 7.225000 -23.860000
      vertex 12.530000 5.675000 -23.860000
    endloop
  endfacet
  facet normal 0.000000 0.000000 -1.000000
    outer loop
      vertex 10.330000 7.225000 -23.860000
      vertex 12.530000 5.675000 -23.860000
      vertex 10.330000 5.675000 -23.860000
    endloop
  endfacet
  facet normal 0.000000 0.000000 1.000000
    outer loop
      vertex 12.530000 5.675000 -26.060000
      vertex 12.530000 7.225000 -26.060000
      vertex 10.330000 7.225000 -26.060000
    endloop
  endfacet
  facet normal 0.000000 0.000000 1.000000
    outer loop
      vertex 12.530000 5.675000 -26.060000
      vertex 10.330000 7.225000 -26.060000
      vertex 10.330000 5.675000 -26.060000
    endloop
  endfacet
  facet normal -1.000000 0.000000 0.000000
    outer loop
      vertex 12.530000 5.675000 -23.860000
      vertex 12.530000 7.225000 -23.860000
      vertex 12.530000 7.225000 -26.060000
    endloop
  endfacet
  facet normal -1.000000 0.000000 0.000000
    outer loop
      vertex 12.530000 5.675000 -23.860000
      vertex 12.530000 7.225000 -26.060000
      vertex 12.530000 5.675000 -26.060000
    endloop
  endfacet
  facet normal 1.000000 0.000000 0.000000
    outer loop
      vertex 10.330000 5.675000 -26.060000
      vertex 10.330000 7.225000 -26.060000
      vertex 10.330000 7.225000 -23.860000
    endloop
  endfacet
  facet normal 1.000000 0.000000 0.000000
    outer loop
      vertex 10.330000 5.675000 -26.060000
      vertex 10.330000 7.225000 -23.860000
      vertex 10.330000 5.675000 -23.860000
    endloop
  endfacet
  facet normal 0.000000 -1.000000 0.000000
    outer loop
      vertex 11.100000 11.200000 -25.290000
      vertex 11.760000 11.200000 -25.290000
      vertex 11.760000 11.200000 -24.630000
    endloop
  endfacet
  facet normal 0.000000 -1.000000 0.000000
    outer loop
      vertex 11.100000 11.200000 -25.290000
      vertex 11.760000 11.200000 -24.630000
      vertex 11.100000 11.200000 -24.630000
    endloop
  endfacet
  facet normal 0.000000 1.000000 0.000000
    outer loop
      vertex 11.100000 6.000000 -24.630000
      vertex 11.760000 6.000000 -24.630000
      vertex 11.760000 6.000000 -25.290000
    endloop
  endfacet
  facet normal 0.000000 1.000000 0.000000
    outer loop
      vertex 11.100000 6.000000 -24.630000
      vertex 11.760000 6.000000 -25.290000
      vertex 11.100000 6.000000 -25.290000
    endloop
  endfacet
  facet normal 0.000000 0.000000 -1.000000
    outer loop
      vertex 11.100000 11.200000 -24.630000
      vertex 11.760000 11.200000 -24.630000
      vertex 11.760000 6.000000 -24.630000
    endloop
  endfacet
  facet normal 0.000000 0.000000 -1.000000
    outer loop
      vertex 11.100000 11.200000 -24.630000
      vertex 11.760000 6.000000 -24.630000
      vertex 11.100000 6.000000 -24.630000
    endloop
  endfacet
  facet normal 0.000000 0.000000 1.000000
    outer loop
      vertex 11.760000 6.000000 -25.290000
      vertex 11.760000 11.200000 -25.290000
      vertex 11.100000 11.200000 -25.290000
    endloop
  endfacet
  facet normal 0.000000 0.000000 1.000000
    outer loop
      vertex 11.760000 6.000000 -25.290000
      vertex 11.100000 11.200000 -25.290000
      vertex 11.100000 6.000000 -25.290000
    endloop
  endfacet
  facet normal -1.000000 0.000000 0.000000
    outer loop
      vertex 11.760000 6.000000 -24.630000
      vertex 11.760000 11.200000 -24.630000
      vertex 11.760000 11.200000 -25.290000
    endloop
  endfacet
  facet normal -1.000000 0.000000 0.000000
    outer loop
      vertex 11.760000 6.000000 -24.630000
      vertex 11.760000 11.200000 -25.290000
      vertex 11.760000 6.000000 -25.290000
    endloop
  endfacet
  facet normal 1.000000 0.000000 0.000000
    outer loop
      vertex 11.100000 6.000000 -25.290000
      vertex 11.100000 11.200000 -25.290000
      vertex 11.100000 11.200000 -24.630000
    endloop
  endfacet
  facet normal 1.000000 0.000000 0.000000
    outer loop
      vertex 11.100000 6.000000 -25.290000
      vertex 11.100000 11.200000 -24.630000
      vertex 11.100000 6.000000 -24.630000
    endloop
  endfacet
  facet normal 0.000000 -1.000000 0.000000
    outer loop
      vertex 12.870000 7.225000 -26.060000
      vertex 15.070000 7.225000 -26.060000
      vertex 15.070000 7.225000 -23.860000
    endloop
  endfacet
  facet normal 0.000000 -1.000000 0.000000
    outer loop
      vertex 12.870000 7.225000 -26.060000
      vertex 15.070000 7.225000 -23.860000
      vertex 12.870000 7.225000 -23.860000
    endloop
  endfacet
  facet normal 0.000000 1.000000 0.000000
    outer loop
      vertex 12.870000 5.675000 -23.860000
      vertex 15.070000 5.675000 -23.860000
      vertex 15.070000 5.675000 -26.060000
    endloop
  endfacet
  facet normal 0.000000 1.000000 0.000000
    outer loop
      vertex 12.870000 5.675000 -23.860000
      vertex 15.070000 5.675000 -26.060000
      vertex 12.870000 5.675000 -26.060000
    endloop
  endfacet
  facet normal 0.000000 0.000000 -1.000000
    outer loop
      vertex 12.870000 7.225000 -23.860000
      vertex 15.070000 7.225000 -23.860000
      vertex 15.070000 5.675000 -23.860000
    endloop
  endfacet
  facet normal 0.000000 0.000000 -1.000000
    outer loop
      vertex 12.870000 7.225000 -23.860000
      vertex 15.070000 5.675000 -23.860000
      vertex 12.870000 5.675000 -23.860000
    endloop
  endfacet
  facet normal 0.000000 0.000000 1.000000
    outer loop
      vertex 15.070000 5.675000 -26.060000
      vertex 15.070000 7.225000 -26.060000
      vertex 12.870000 7.225000 -26.060000
    endloop
  endfacet
  facet normal 0.000000 0.000000 1.000000
    outer loop
      vertex 15.070000 5.675000 -26.060000
      vertex 12.870000 7.225000 -26.060000
      vertex 12.870000 5.675000 -26.060000
    endloop
  endfacet
  facet normal -1.000000 0.000000 0.000000
    outer loop
      vertex 15.070000 5.675000 -23.860000
      vertex 15.070000 7.225000 -23.860000
      vertex 15.070000 7.225000 -26.060000
    endloop
  endfacet
  facet normal -1.000000 0.000000 0.000000
    outer loop
      vertex 15.070000 5.675000 -23.860000
      vertex 15.070000 7.225000 -26.060000
      vertex 15.070000 5.675000 -26.060000
    endloop
  endfacet
  facet normal 1.000000 0.000000 0.000000
    outer loop
      vertex 12.870000 5.675000 -26.060000
      vertex 12.870000 7.225000 -26.060000
      vertex 12.870000 7.225000 -23.860000
    endloop
  endfacet
  facet normal 1.000000 0.000000 0.000000
    outer loop
      vertex 12.870000 5.675000 -26.060000
      vertex 12.870000 7.225000 -23.860000
      vertex 12.870000 5.675000 -23.860000
    endloop
  endfacet
  facet normal 0.000000 -1.000000 0.000000
    outer loop
      vertex 13.640000 11.200000 -25.290000
      vertex 14.300000 11.200000 -25.290000
      vertex 14.300000 11.200000 -24.630000
    endloop
  endfacet
  facet normal 0.000000 -1.000000 0.000000
    outer loop
      vertex 13.640000 11.200000 -25.290000
      vertex 14.300000 11.200000 -24.630000
      vertex 13.640000 11.200000 -24.630000
    endloop
  endfacet
  facet normal 0.000000 1.000000 0.000000
    outer loop
      vertex 13.640000 6.000000 -24.630000
      vertex 14.300000 6.000000 -24.630000
      vertex 14.300000 6.000000 -25.290000
    endloop
  endfacet
  facet normal 0.000000 1.000000 0.000000
    outer loop
      vertex 13.640000 6.000000 -24.630000
      vertex 14.300000 6.000000 -25.290000
      vertex 13.640000 6.000000 -25.290000
    endloop
  endfacet
  facet normal 0.000000 0.000000 -1.000000
    outer loop
      vertex 13.640000 11.200000 -24.630000
      vertex 14.300000 11.200000 -24.630000
      vertex 14.300000 6.000000 -24.630000
    endloop
  endfacet
  facet normal 0.000000 0.000000 -1.000000
    outer loop
      vertex 13.640000 11.200000 -24.630000
      vertex 14.300000 6.000000 -24.630000
      vertex 13.640000 6.000000 -24.630000
    endloop
  endfacet
  facet normal 0.000000 0.000000 1.000000
    outer loop
      vertex 14.300000 6.000000 -25.290000
      vertex 14.300000 11.200000 -25.290000
      vertex 13.640000 11.200000 -25.290000
    endloop
  endfacet
  facet normal 0.000000 0.000000 1.000000
    outer loop
      vertex 14.300000 6.000000 -25.290000
      vertex 13.640000 11.200000 -25.290000
      vertex 13.640000 6.000000 -25.290000
    endloop
  endfacet
  facet normal -1.000000 0.000000 0.000000
    outer loop
      vertex 14.300000 6.000000 -24.630000
      vertex 14.300000 11.200000 -24.630000
      vertex 14.300000 11.200000 -25.290000
    endloop
  endfacet
  facet normal -1.000000 0.000000 0.000000
    outer loop
      vertex 14.300000 6.000000 -24.630000
      vertex 14.300000 11.200000 -25.290000
      vertex 14.300000 6.000000 -25.290000
    endloop
  endfacet
  facet normal 1.000000 0.000000 0.000000
    outer loop
      vertex 13.640000 6.000000 -25.290000
      vertex 13.640000 11.200000 -25.290000
      vertex 13.640000 11.200000 -24.630000
    endloop
  endfacet
  facet normal 1.000000 0.000000 0.000000
    outer loop
      vertex 13.640000 6.000000 -25.290000
      vertex 13.640000 11.200000 -24.630000
      vertex 13.640000 6.000000 -24.630000
    endloop
  endfacet
  facet normal 0.000000 -1.000000 0.000000
    outer loop
      vertex 15.410000 7.225000 -26.060000
      vertex 17.610000 7.225000 -26.060000
      vertex 17.610000 7.225000 -23.860000
    endloop
  endfacet
  facet normal 0.000000 -1.000000 0.000000
    outer loop
      vertex 15.410000 7.225000 -26.060000
      vertex 17.610000 7.225000 -23.860000
      vertex 15.410000 7.225000 -23.860000
    endloop
  endfacet
  facet normal 0.000000 1.000000 0.000000
    outer loop
      vertex 15.410000 5.675000 -23.860000
      vertex 17.610000 5.675000 -23.860000
      vertex 17.610000 5.675000 -26.060000
    endloop
  endfacet
  facet normal 0.000000 1.000000 0.000000
    outer loop
      vertex 15.410000 5.675000 -23.860000
      vertex 17.610000 5.675000 -26.060000
      vertex 15.410000 5.675000 -26.060000
    endloop
  endfacet
  facet normal 0.000000 0.000000 -1.000000
    outer loop
      vertex 15.410000 7.225000 -23.860000
      vertex 17.610000 7.225000 -23.860000
      vertex 17.610000 5.675000 -23.860000
    endloop
  endfacet
  facet normal 0.000000 0.000000 -1.000000
    outer loop
      vertex 15.410000 7.225000 -23.860000
      vertex 17.610000 5.675000 -23.860000
      vertex 15.410000 5.675000 -23.860000
    endloop
  endfacet
  facet normal 0.000000 0.000000 1.000000
    outer loop
      vertex 17.610000 5.675000 -26.060000
      vertex 17.610000 7.225000 -26.060000
      vertex 15.410000 7.225000 -26.060000
    endloop
  endfacet
  facet normal 0.000000 0.000000 1.000000
    outer loop
      vertex 17.610000 5.675000 -26.060000
      vertex 15.410000 7.225000 -26.060000
      vertex 15.410000 5.675000 -26.060000
    endloop
  endfacet
  facet normal -1.000000 0.000000 0.000000
    outer loop
      vertex 17.610000 5.675000 -23.860000
      vertex 17.610000 7.225000 -23.860000
      vertex 17.610000 7.225000 -26.060000
    endloop
  endfacet
  facet normal -1.000000 0.000000 0.000000
    outer loop
      vertex 17.610000 5.675000 -23.860000
      vertex 17.610000 7.225000 -26.060000
      vertex 17.610000 5.675000 -26.060000
    endloop
  endfacet
  facet normal 1.000000 0.000000 0.000000
    outer loop
      vertex 15.410000 5.675000 -26.060000
      vertex 15.410000 7.225000 -26.060000
      vertex 15.410000 7.225000 -23.860000
    endloop
  endfacet
  facet normal 1.000000 0.000000 0.000000
    outer loop
      vertex 15.410000 5.675000 -26.060000
      vertex 15.410000 7.225000 -23.860000
      vertex 15.410000 5.675000 -23.860000
    endloop
  endfacet
  facet normal 0.000000 -1.000000 0.000000
    outer loop
      vertex 16.180000 11.200000 -25.290000
      vertex 16.840000 11.200000 -25.290000
      vertex 16.840000 11.200000 -24.630000
    endloop
  endfacet
  facet normal 0.000000 -1.000000 0.000000
    outer loop
      vertex 16.180000 11.200000 -25.290000
      vertex 16.840000 11.200000 -24.630000
      vertex 16.180000 11.200000 -24.630000
    endloop
  endfacet
  facet normal 0.000000 1.000000 0.000000
    outer loop
      vertex 16.180000 6.000000 -24.630000
      vertex 16.840000 6.000000 -24.630000
      vertex 16.840000 6.000000 -25.290000
    endloop
  endfacet
  facet normal 0.000000 1.000000 0.000000
    outer loop
      vertex 16.180000 6.000000 -24.630000
      vertex 16.840000 6.000000 -25.290000
      vertex 16.180000 6.000000 -25.290000
    endloop
  endfacet
  facet normal 0.000000 0.000000 -1.000000
    outer loop
      vertex 16.180000 11.200000 -24.630000
      vertex 16.840000 11.200000 -24.630000
      vertex 16.840000 6.000000 -24.630000
    endloop
  endfacet
  facet normal 0.000000 0.000000 -1.000000
    outer loop
      vertex 16.180000 11.200000 -24.630000
      vertex 16.840000 6.000000 -24.630000
      vertex 16.180000 6.000000 -24.630000
    endloop
  endfacet
  facet normal 0.000000 0.000000 1.000000
    outer loop
      vertex 16.840000 6.000000 -25.290000
      vertex 16.840000 11.200000 -25.290000
      vertex 16.180000 11.200000 -25.290000
    endloop
  endfacet
  facet normal 0.000000 0.000000 1.000000
    outer loop
      vertex 16.840000 6.000000 -25.290000
      vertex 16.180000 11.200000 -25.290000
      vertex 16.180000 6.000000 -25.290000
    endloop
  endfacet
  facet normal -1.000000 0.000000 0.000000
    outer loop
      vertex 16.840000 6.000000 -24.630000
      vertex 16.840000 11.200000 -24.630000
      vertex 16.840000 11.200000 -25.290000
    endloop
  endfacet
  facet normal -1.000000 0.000000 0.000000
    outer loop
      vertex 16.840000 6.000000 -24.630000
      vertex 16.840000 11.200000 -25.290000
      vertex 16.840000 6.000000 -25.290000
    endloop
  endfacet
  facet normal 1.000000 0.000000 0.000000
    outer loop
      vertex 16.180000 6.000000 -25.290000
      vertex 16.180000 11.200000 -25.290000
      vertex 16.180000 11.200000 -24.630000
    endloop
  endfacet
  facet normal 1.000000 0.000000 0.000000
    outer loop
      vertex 16.180000 6.000000 -25.290000
      vertex 16.180000 11.200000 -24.630000
      vertex 16.180000 6.000000 -24.630000
    endloop
  endfacet
  facet normal 0.000000 -1.000000 0.000000
    outer loop
      vertex 17.950000 7.225000 -26.060000
      vertex 20.150000 7.225000 -26.060000
      vertex 20.150000 7.225000 -23.860000
    endloop
  endfacet
  facet normal 0.000000 -1.000000 0.000000
    outer loop
      vertex 17.950000 7.225000 -26.060000
      vertex 20.150000 7.225000 -23.860000
      vertex 17.950000 7.225000 -23.860000
    endloop
  endfacet
  facet normal 0.000000 1.000000 0.000000
    outer loop
      vertex 17.950000 5.675000 -23.860000
      vertex 20.150000 5.675000 -23.860000
      vertex 20.150000 5.675000 -26.060000
    endloop
  endfacet
  facet normal 0.000000 1.000000 0.000000
    outer loop
      vertex 17.950000 5.675000 -23.860000
      vertex 20.150000 5.675000 -26.060000
      vertex 17.950000 5.675000 -26.060000
    endloop
  endfacet
  facet normal 0.000000 0.000000 -1.000000
    outer loop
      vertex 17.950000 7.225000 -23.860000
      vertex 20.150000 7.225000 -23.860000
      vertex 20.150000 5.675000 -23.860000
    endloop
  endfacet
  facet normal 0.000000 0.000000 -1.000000
    outer loop
      vertex 17.950000 7.225000 -23.860000
      vertex 20.150000 5.675000 -23.860000
      vertex 17.950000 5.675000 -23.860000
    endloop
  endfacet
  facet normal 0.000000 0.000000 1.000000
    outer loop
      vertex 20.150000 5.675000 -26.060000
      vertex 20.150000 7.225000 -26.060000
      vertex 17.950000 7.225000 -26.060000
    endloop
  endfacet
  facet normal 0.000000 0.000000 1.000000
    outer loop
      vertex 20.150000 5.675000 -26.060000
      vertex 17.950000 7.225000 -26.060000
      vertex 17.950000 5.675000 -26.060000
    endloop
  endfacet
  facet normal -1.000000 0.000000 0.000000
    outer loop
      vertex 20.150000 5.675000 -23.860000
      vertex 20.150000 7.225000 -23.860000
      vertex 20.150000 7.225000 -26.060000
    endloop
  endfacet
  facet normal -1.000000 0.000000 0.000000
    outer loop
      vertex 20.150000 5.675000 -23.860000
      vertex 20.150000 7.225000 -26.060000
      vertex 20.150000 5.675000 -26.060000
    endloop
  endfacet
  facet normal 1.000000 0.000000 0.000000
    outer loop
      vertex 17.950000 5.675000 -26.060000
      vertex 17.950000 7.225000 -26.060000
      vertex 17.950000 7.225000 -23.860000
    endloop
  endfacet
  facet normal 1.000000 0.000000 0.000000
    outer loop
      vertex 17.950000 5.675000 -26.060000
      vertex 17.950000 7.225000 -23.860000
      vertex 17.950000 5.675000 -23.860000
    endloop
  endfacet
  facet normal 0.000000 -1.000000 0.000000
    outer loop
      vertex 18.720000 11.200000 -25.290000
      vertex 19.380000 11.200000 -25.290000
      vertex 19.380000 11.200000 -24.630000
    endloop
  endfacet
  facet normal 0.000000 -1.000000 0.000000
    outer loop
      vertex 18.720000 11.200000 -25.290000
      vertex 19.380000 11.200000 -24.630000
      vertex 18.720000 11.200000 -24.630000
    endloop
  endfacet
  facet normal 0.000000 1.000000 0.000000
    outer loop
      vertex 18.720000 6.000000 -24.630000
      vertex 19.380000 6.000000 -24.630000
      vertex 19.380000 6.000000 -25.290000
    endloop
  endfacet
  facet normal 0.000000 1.000000 0.000000
    outer loop
      vertex 18.720000 6.000000 -24.630000
      vertex 19.380000 6.000000 -25.290000
      vertex 18.720000 6.000000 -25.290000
    endloop
  endfacet
  facet normal 0.000000 0.000000 -1.000000
    outer loop
      vertex 18.720000 11.200000 -24.630000
      vertex 19.380000 11.200000 -24.630000
      vertex 19.380000 6.000000 -24.630000
    endloop
  endfacet
  facet normal 0.000000 0.000000 -1.000000
    outer loop
      vertex 18.720000 11.200000 -24.630000
      vertex 19.380000 6.000000 -24.630000
      vertex 18.720000 6.000000 -24.630000
    endloop
  endfacet
  facet normal 0.000000 0.000000 1.000000
    outer loop
      vertex 19.380000 6.000000 -25.290000
      vertex 19.380000 11.200000 -25.290000
      vertex 18.720000 11.200000 -25.290000
    endloop
  endfacet
  facet normal 0.000000 0.000000 1.000000
    outer loop
      vertex 19.380000 6.000000 -25.290000
      vertex 18.720000 11.200000 -25.290000
      vertex 18.720000 6.000000 -25.290000
    endloop
  endfacet
  facet normal -1.000000 0.000000 0.000000
    outer loop
      vertex 19.380000 6.000000 -24.630000
      vertex 19.380000 11.200000 -24.630000
      vertex 19.380000 11.200000 -25.290000
    endloop
  endfacet
  facet normal -1.000000 0.000000 0.000000
    outer loop
      vertex 19.380000 6.000000 -24.630000
      vertex 19.380000 11.200000 -25.290000
      vertex 19.380000 6.000000 -25.290000
    endloop
  endfacet
  facet normal 1.000000 0.000000 0.000000
    outer loop
      vertex 18.720000 6.000000 -25.290000
      vertex 18.720000 11.200000 -25.290000
      vertex 18.720000 11.200000 -24.630000
    endloop
  endfacet
  facet normal 1.000000 0.000000 0.000000
    outer loop
      vertex 18.720000 6.000000 -25.290000
      vertex 18.720000 11.200000 -24.630000
      vertex 18.720000 6.000000 -24.630000
    endloop
  endfacet
  facet normal 0.000000 -1.000000 0.000000
    outer loop
      vertex 20.490000 7.225000 -26.060000
      vertex 22.690000 7.225000 -26.060000
      vertex 22.690000 7.225000 -23.860000
    endloop
  endfacet
  facet normal 0.000000 -1.000000 0.000000
    outer loop
      vertex 20.490000 7.225000 -26.060000
      vertex 22.690000 7.225000 -23.860000
      vertex 20.490000 7.225000 -23.860000
    endloop
  endfacet
  facet normal 0.000000 1.000000 0.000000
    outer loop
      vertex 20.490000 5.675000 -23.860000
      vertex 22.690000 5.675000 -23.860000
      vertex 22.690000 5.675000 -26.060000
    endloop
  endfacet
  facet normal 0.000000 1.000000 0.000000
    outer loop
      vertex 20.490000 5.675000 -23.860000
      vertex 22.690000 5.675000 -26.060000
      vertex 20.490000 5.675000 -26.060000
    endloop
  endfacet
  facet normal 0.000000 0.000000 -1.000000
    outer loop
      vertex 20.490000 7.225000 -23.860000
      vertex 22.690000 7.225000 -23.860000
      vertex 22.690000 5.675000 -23.860000
    endloop
  endfacet
  facet normal 0.000000 0.000000 -1.000000
    outer loop
      vertex 20.490000 7.225000 -23.860000
      vertex 22.690000 5.675000 -23.860000
      vertex 20.490000 5.675000 -23.860000
    endloop
  endfacet
  facet normal 0.000000 0.000000 1.000000
    outer loop
      vertex 22.690000 5.675000 -26.060000
      vertex 22.690000 7.225000 -26.060000
      vertex 20.490000 7.225000 -26.060000
    endloop
  endfacet
  facet normal 0.000000 0.000000 1.000000
    outer loop
      vertex 22.690000 5.675000 -26.060000
      vertex 20.490000 7.225000 -26.060000
      vertex 20.490000 5.675000 -26.060000
    endloop
  endfacet
  facet normal -1.000000 0.000000 0.000000
    outer loop
      vertex 22.690000 5.675000 -23.860000
      vertex 22.690000 7.225000 -23.860000
      vertex 22.690000 7.225000 -26.060000
    endloop
  endfacet
  facet normal -1.000000 0.000000 0.000000
    outer loop
      vertex 22.690000 5.675000 -23.860000
      vertex 22.690000 7.225000 -26.060000
      vertex 22.690000 5.675000 -26.060000
    endloop
  endfacet
  facet normal 1.000000 0.000000 0.000000
    outer loop
      vertex 20.490000 5.675000 -26.060000
      vertex 20.490000 7.225000 -26.060000
      vertex 20.490000 7.225000 -23.860000
    endloop
  endfacet
  facet normal 1.000000 0.000000 0.000000
    outer loop
      vertex 20.490000 5.675000 -26.060000
      vertex 20.490000 7.225000 -23.860000
      vertex 20.490000 5.675000 -23.860000
    endloop
  endfacet
  facet normal 0.000000 -1.000000 0.000000
    outer loop
      vertex 21.260000 11.200000 -25.290000
      vertex 21.920000 11.200000 -25.290000
      vertex 21.920000 11.200000 -24.630000
    endloop
  endfacet
  facet normal 0.000000 -1.000000 0.000000
    outer loop
      vertex 21.260000 11.200000 -25.290000
      vertex 21.920000 11.200000 -24.630000
      vertex 21.260000 11.200000 -24.630000
    endloop
  endfacet
  facet normal 0.000000 1.000000 0.000000
    outer loop
      vertex 21.260000 6.000000 -24.630000
      vertex 21.920000 6.000000 -24.630000
      vertex 21.920000 6.000000 -25.290000
    endloop
  endfacet
  facet normal 0.000000 1.000000 0.000000
    outer loop
      vertex 21.260000 6.000000 -24.630000
      vertex 21.920000 6.000000 -25.290000
      vertex 21.260000 6.000000 -25.290000
    endloop
  endfacet
  facet normal 0.000000 0.000000 -1.000000
    outer loop
      vertex 21.260000 11.200000 -24.630000
      vertex 21.920000 11.200000 -24.630000
      vertex 21.920000 6.000000 -24.630000
    endloop
  endfacet
  facet normal 0.000000 0.000000 -1.000000
    outer loop
      vertex 21.260000 11.200000 -24.630000
      vertex 21.920000 6.000000 -24.630000
      vertex 21.260000 6.000000 -24.630000
    endloop
  endfacet
  facet normal 0.000000 0.000000 1.000000
    outer loop
      vertex 21.920000 6.000000 -25.290000
      vertex 21.920000 11.200000 -25.290000
      vertex 21.260000 11.200000 -25.290000
    endloop
  endfacet
  facet normal 0.000000 0.000000 1.000000
    outer loop
      vertex 21.920000 6.000000 -25.290000
      vertex 21.260000 11.200000 -25.290000
      vertex 21.260000 6.000000 -25.290000
    endloop
  endfacet
  facet normal -1.000000 0.000000 0.000000
    outer loop
      vertex 21.920000 6.000000 -24.630000
      vertex 21.920000 11.200000 -24.630000
      vertex 21.920000 11.200000 -25.290000
    endloop
  endfacet
  facet normal -1.000000 0.000000 0.000000
    outer loop
      vertex 21.920000 6.000000 -24.630000
      vertex 21.920000 11.200000 -25.290000
      vertex 21.920000 6.000000 -25.290000
    endloop
  endfacet
  facet normal 1.000000 0.000000 0.000000
    outer loop
      vertex 21.260000 6.000000 -25.290000
      vertex 21.260000 11.200000 -25.290000
      vertex 21.260000 11.200000 -24.630000
    endloop
  endfacet
  facet normal 1.000000 0.000000 0.000000
    outer loop
      vertex 21.260000 6.000000 -25.290000
      vertex 21.260000 11.200000 -24.630000
      vertex 21.260000 6.000000 -24.630000
    endloop
  endfacet
  facet normal 0.000000 -1.000000 0.000000
    outer loop
      vertex 23.030000 7.225000 -26.060000
      vertex 25.230000 7.225000 -26.060000
      vertex 25.230000 7.225000 -23.860000
    endloop
  endfacet
  facet normal 0.000000 -1.000000 0.000000
    outer loop
      vertex 23.030000 7.225000 -26.060000
      vertex 25.230000 7.225000 -23.860000
      vertex 23.030000 7.225000 -23.860000
    endloop
  endfacet
  facet normal 0.000000 1.000000 0.000000
    outer loop
      vertex 23.030000 5.675000 -23.860000
      vertex 25.230000 5.675000 -23.860000
      vertex 25.230000 5.675000 -26.060000
    endloop
  endfacet
  facet normal 0.000000 1.000000 0.000000
    outer loop
      vertex 23.030000 5.675000 -23.860000
      vertex 25.230000 5.675000 -26.060000
      vertex 23.030000 5.675000 -26.060000
    endloop
  endfacet
  facet normal 0.000000 0.000000 -1.000000
    outer loop
      vertex 23.030000 7.225000 -23.860000
      vertex 25.230000 7.225000 -23.860000
      vertex 25.230000 5.675000 -23.860000
    endloop
  endfacet
  facet normal 0.000000 0.000000 -1.000000
    outer loop
      vertex 23.030000 7.225000 -23.860000
      vertex 25.230000 5.675000 -23.860000
      vertex 23.030000 5.675000 -23.860000
    endloop
  endfacet
  facet normal 0.000000 0.000000 1.000000
    outer loop
      vertex 25.230000 5.675000 -26.060000
      vertex 25.230000 7.225000 -26.060000
      vertex 23.030000 7.225000 -26.060000
    endloop
  endfacet
  facet normal 0.000000 0.000000 1.000000
    outer loop
      vertex 25.230000 5.675000 -26.060000
      vertex 23.030000 7.225000 -26.060000
      vertex 23.030000 5.675000 -26.060000
    endloop
  endfacet
  facet normal -1.000000 0.000000 0.000000
    outer loop
      vertex 25.230000 5.675000 -23.860000
      vertex 25.230000 7.225000 -23.860000
      vertex 25.230000 7.225000 -26.060000
    endloop
  endfacet
  facet normal -1.000000 0.000000 0.000000
    outer loop
      vertex 25.230000 5.675000 -23.860000
      vertex 25.230000 7.225000 -26.060000
      vertex 25.230000 5.675000 -26.060000
    endloop
  endfacet
  facet normal 1.000000 0.000000 0.000000
    outer loop
      vertex 23.030000 5.675000 -26.060000
      vertex 23.030000 7.225000 -26.060000
      vertex 23.030000 7.225000 -23.860000
    endloop
  endfacet
  facet normal 1.000000 0.000000 0.000000
    outer loop
      vertex 23.030000 5.675000 -26.060000
      vertex 23.030000 7.225000 -23.860000
      vertex 23.030000 5.675000 -23.860000
    endloop
  endfacet
  facet normal 0.000000 -1.000000 0.000000
    outer loop
      vertex 23.800000 11.200000 -25.290000
      vertex 24.460000 11.200000 -25.290000
      vertex 24.460000 11.200000 -24.630000
    endloop
  endfacet
  facet normal 0.000000 -1.000000 0.000000
    outer loop
      vertex 23.800000 11.200000 -25.290000
      vertex 24.460000 11.200000 -24.630000
      vertex 23.800000 11.200000 -24.630000
    endloop
  endfacet
  facet normal 0.000000 1.000000 0.000000
    outer loop
      vertex 23.800000 6.000000 -24.630000
      vertex 24.460000 6.000000 -24.630000
      vertex 24.460000 6.000000 -25.290000
    endloop
  endfacet
  facet normal 0.000000 1.000000 0.000000
    outer loop
      vertex 23.800000 6.000000 -24.630000
      vertex 24.460000 6.000000 -25.290000
      vertex 23.800000 6.000000 -25.290000
    endloop
  endfacet
  facet normal 0.000000 0.000000 -1.000000
    outer loop
      vertex 23.800000 11.200000 -24.630000
      vertex 24.460000 11.200000 -24.630000
      vertex 24.460000 6.000000 -24.630000
    endloop
  endfacet
  facet normal 0.000000 0.000000 -1.000000
    outer loop
      vertex 23.800000 11.200000 -24.630000
      vertex 24.460000 6.000000 -24.630000
      vertex 23.800000 6.000000 -24.630000
    endloop
  endfacet
  facet normal 0.000000 0.000000 1.000000
    outer loop
      vertex 24.460000 6.000000 -25.290000
      vertex 24.460000 11.200000 -25.290000
      vertex 23.800000 11.200000 -25.290000
    endloop
  endfacet
  facet normal 0.000000 0.000000 1.000000
    outer loop
      vertex 24.460000 6.000000 -25.290000
      vertex 23.800000 11.200000 -25.290000
      vertex 23.800000 6.000000 -25.290000
    endloop
  endfacet
  facet normal -1.000000 0.000000 0.000000
    outer loop
      vertex 24.460000 6.000000 -24.630000
      vertex 24.460000 11.200000 -24.630000
      vertex 24.460000 11.200000 -25.290000
    endloop
  endfacet
  facet normal -1.000000 0.000000 0.000000
    outer loop
      vertex 24.460000 6.000000 -24.630000
      vertex 24.460000 11.200000 -25.290000
      vertex 24.460000 6.000000 -25.290000
    endloop
  endfacet
  facet normal 1.000000 0.000000 0.000000
    outer loop
      vertex 23.800000 6.000000 -25.290000
      vertex 23.800000 11.200000 -25.290000
      vertex 23.800000 11.200000 -24.630000
    endloop
  endfacet
  facet normal 1.000000 0.000000 0.000000
    outer loop
      vertex 23.800000 6.000000 -25.290000
      vertex 23.800000 11.200000 -24.630000
      vertex 23.800000 6.000000 -24.630000
    endloop
  endfacet
  facet normal 0.000000 -1.000000 0.000000
    outer loop
      vertex 25.570000 7.225000 -26.060000
      vertex 27.770000 7.225000 -26.060000
      vertex 27.770000 7.225000 -23.860000
    endloop
  endfacet
  facet normal 0.000000 -1.000000 0.000000
    outer loop
      vertex 25.570000 7.225000 -26.060000
      vertex 27.770000 7.225000 -23.860000
      vertex 25.570000 7.225000 -23.860000
    endloop
  endfacet
  facet normal 0.000000 1.000000 0.000000
    outer loop
      vertex 25.570000 5.675000 -23.860000
      vertex 27.770000 5.675000 -23.860000
      vertex 27.770000 5.675000 -26.060000
    endloop
  endfacet
  facet normal 0.000000 1.000000 0.000000
    outer loop
      vertex 25.570000 5.675000 -23.860000
      vertex 27.770000 5.675000 -26.060000
      vertex 25.570000 5.675000 -26.060000
    endloop
  endfacet
  facet normal 0.000000 0.000000 -1.000000
    outer loop
      vertex 25.570000 7.225000 -23.860000
      vertex 27.770000 7.225000 -23.860000
      vertex 27.770000 5.675000 -23.860000
    endloop
  endfacet
  facet normal 0.000000 0.000000 -1.000000
    outer loop
      vertex 25.570000 7.225000 -23.860000
      vertex 27.770000 5.675000 -23.860000
      vertex 25.570000 5.675000 -23.860000
    endloop
  endfacet
  facet normal 0.000000 0.000000 1.000000
    outer loop
      vertex 27.770000 5.675000 -26.060000
      vertex 27.770000 7.225000 -26.060000
      vertex 25.570000 7.225000 -26.060000
    endloop
  endfacet
  facet normal 0.000000 0.000000 1.000000
    outer loop
      vertex 27.770000 5.675000 -26.060000
      vertex 25.570000 7.225000 -26.060000
      vertex 25.570000 5.675000 -26.060000
    endloop
  endfacet
  facet normal -1.000000 0.000000 0.000000
    outer loop
      vertex 27.770000 5.675000 -23.860000
      vertex 27.770000 7.225000 -23.860000
      vertex 27.770000 7.225000 -26.060000
    endloop
  endfacet
  facet normal -1.000000 0.000000 0.000000
    outer loop
      vertex 27.770000 5.675000 -23.860000
      vertex 27.770000 7.225000 -26.060000
      vertex 27.770000 5.675000 -26.060000
    endloop
  endfacet
  facet normal 1.000000 0.000000 0.000000
    outer loop
      vertex 25.570000 5.675000 -26.060000
      vertex 25.570000 7.225000 -26.060000
      vertex 25.570000 7.225000 -23.860000
    endloop
  endfacet
  facet normal 1.000000 0.000000 0.000000
    outer loop
      vertex 25.570000 5.675000 -26.060000
      vertex 25.570000 7.225000 -23.860000
      vertex 25.570000 5.675000 -23.860000
    endloop
  endfacet
  facet normal 0.000000 -1.000000 0.000000
    outer loop
      vertex 26.340000 11.200000 -25.290000
      vertex 27.000000 11.200000 -25.290000
      vertex 27.000000 11.200000 -24.630000
    endloop
  endfacet
  facet normal 0.000000 -1.000000 0.000000
    outer loop
      vertex 26.340000 11.200000 -25.290000
      vertex 27.000000 11.200000 -24.630000
      vertex 26.340000 11.200000 -24.630000
    endloop
  endfacet
  facet normal 0.000000 1.000000 0.000000
    outer loop
      vertex 26.340000 6.000000 -24.630000
      vertex 27.000000 6.000000 -24.630000
      vertex 27.000000 6.000000 -25.290000
    endloop
  endfacet
  facet normal 0.000000 1.000000 0.000000
    outer loop
      vertex 26.340000 6.000000 -24.630000
      vertex 27.000000 6.000000 -25.290000
      vertex 26.340000 6.000000 -25.290000
    endloop
  endfacet
  facet normal 0.000000 0.000000 -1.000000
    outer loop
      vertex 26.340000 11.200000 -24.630000
      vertex 27.000000 11.200000 -24.630000
      vertex 27.000000 6.000000 -24.630000
    endloop
  endfacet
  facet normal 0.000000 0.000000 -1.000000
    outer loop
      vertex 26.340000 11.200000 -24.630000
      vertex 27.000000 6.000000 -24.630000
      vertex 26.340000 6.000000 -24.630000
    endloop
  endfacet
  facet normal 0.000000 0.000000 1.000000
    outer loop
      vertex 27.000000 6.000000 -25.290000
      vertex 27.000000 11.200000 -25.290000
      vertex 26.340000 11.200000 -25.290000
    endloop
  endfacet
  facet normal 0.000000 0.000000 1.000000
    outer loop
      vertex 27.000000 6.000000 -25.290000
      vertex 26.340000 11.200000 -25.290000
      vertex 26.340000 6.000000 -25.290000
    endloop
  endfacet
  facet normal -1.000000 0.000000 0.000000
    outer loop
      vertex 27.000000 6.000000 -24.630000
      vertex 27.000000 11.200000 -24.630000
      vertex 27.000000 11.200000 -25.290000
    endloop
  endfacet
  facet normal -1.000000 0.000000 0.000000
    outer loop
      vertex 27.000000 6.000000 -24.630000
      vertex 27.000000 11.200000 -25.290000
      vertex 27.000000 6.000000 -25.290000
    endloop
  endfacet
  facet normal 1.000000 0.000000 0.000000
    outer loop
      vertex 26.340000 6.000000 -25.290000
      vertex 26.340000 11.200000 -25.290000
      vertex 26.340000 11.200000 -24.630000
    endloop
  endfacet
  facet normal 1.000000 0.000000 0.000000
    outer loop
      vertex 26.340000 6.000000 -25.290000
      vertex 26.340000 11.200000 -24.630000
      vertex 26.340000 6.000000 -24.630000
    endloop
  endfacet
  facet normal 0.000000 -1.000000 0.000000
    outer loop
      vertex 28.110000 7.225000 -26.060000
      vertex 30.310000 7.225000 -26.060000
      vertex 30.310000 7.225000 -23.860000
    endloop
  endfacet
  facet normal 0.000000 -1.000000 0.000000
    outer loop
      vertex 28.110000 7.225000 -26.060000
      vertex 30.310000 7.225000 -23.860000
      vertex 28.110000 7.225000 -23.860000
    endloop
  endfacet
  facet normal 0.000000 1.000000 0.000000
    outer loop
      vertex 28.110000 5.675000 -23.860000
      vertex 30.310000 5.675000 -23.860000
      vertex 30.310000 5.675000 -26.060000
    endloop
  endfacet
  facet normal 0.000000 1.000000 0.000000
    outer loop
      vertex 28.110000 5.675000 -23.860000
      vertex 30.310000 5.675000 -26.060000
      vertex 28.110000 5.675000 -26.060000
    endloop
  endfacet
  facet normal 0.000000 0.000000 -1.000000
    outer loop
      vertex 28.110000 7.225000 -23.860000
      vertex 30.310000 7.225000 -23.860000
      vertex 30.310000 5.675000 -23.860000
    endloop
  endfacet
  facet normal 0.000000 0.000000 -1.000000
    outer loop
      vertex 28.110000 7.225000 -23.860000
      vertex 30.310000 5.675000 -23.860000
      vertex 28.110000 5.675000 -23.860000
    endloop
  endfacet
  facet normal 0.000000 0.000000 1.000000
    outer loop
      vertex 30.310000 5.675000 -26.060000
      vertex 30.310000 7.225000 -26.060000
      vertex 28.110000 7.225000 -26.060000
    endloop
  endfacet
  facet normal 0.000000 0.000000 1.000000
    outer loop
      vertex 30.310000 5.675000 -26.060000
      vertex 28.110000 7.225000 -26.060000
      vertex 28.110000 5.675000 -26.060000
    endloop
  endfacet
  facet normal -1.000000 0.000000 0.000000
    outer loop
      vertex 30.310000 5.675000 -23.860000
      vertex 30.310000 7.225000 -23.860000
      vertex 30.310000 7.225000 -26.060000
    endloop
  endfacet
  facet normal -1.000000 0.000000 0.000000
    outer loop
      vertex 30.310000 5.675000 -23.860000
      vertex 30.310000 7.225000 -26.060000
      vertex 30.310000 5.675000 -26.060000
    endloop
  endfacet
  facet normal 1.000000 0.000000 0.000000
    outer loop
      vertex 28.110000 5.675000 -26.060000
      vertex 28.110000 7.225000 -26.060000
      vertex 28.110000 7.225000 -23.860000
    endloop
  endfacet
  facet normal 1.000000 0.000000 0.000000
    outer loop
      vertex 28.110000 5.675000 -26.060000
      vertex 28.110000 7.225000 -23.860000
      vertex 28.110000 5.675000 -23.860000
    endloop
  endfacet
  facet normal 0.000000 -1.000000 0.000000
    outer loop
      vertex 28.880000 11.200000 -25.290000
      vertex 29.540000 11.200000 -25.290000
      vertex 29.540000 11.200000 -24.630000
    endloop
  endfacet
  facet normal 0.000000 -1.000000 0.000000
    outer loop
      vertex 28.880000 11.200000 -25.290000
      vertex 29.540000 11.200000 -24.630000
      vertex 28.880000 11.200000 -24.630000
    endloop
  endfacet
  facet normal 0.000000 1.000000 0.000000
    outer loop
      vertex 28.880000 6.000000 -24.630000
      vertex 29.540000 6.000000 -24.630000
      vertex 29.540000 6.000000 -25.290000
    endloop
  endfacet
  facet normal 0.000000 1.000000 0.000000
    outer loop
      vertex 28.880000 6.000000 -24.630000
      vertex 29.540000 6.000000 -25.290000
      vertex 28.880000 6.000000 -25.290000
    endloop
  endfacet
  facet normal 0.000000 0.000000 -1.000000
    outer loop
      vertex 28.880000 11.200000 -24.630000
      vertex 29.540000 11.200000 -24.630000
      vertex 29.540000 6.000000 -24.630000
    endloop
  endfacet
  facet normal 0.000000 0.000000 -1.000000
    outer loop
      vertex 28.880000 11.200000 -24.630000
      vertex 29.540000 6.000000 -24.630000
      vertex 28.880000 6.000000 -24.630000
    endloop
  endfacet
  facet normal 0.000000 0.000000 1.000000
    outer loop
      vertex 29.540000 6.000000 -25.290000
      vertex 29.540000 11.200000 -25.290000
      vertex 28.880000 11.200000 -25.290000
    endloop
  endfacet
  facet normal 0.000000 0.000000 1.000000
    outer loop
      vertex 29.540000 6.000000 -25.290000
      vertex 28.880000 11.200000 -25.290000
      vertex 28.880000 6.000000 -25.290000
    endloop
  endfacet
  facet normal -1.000000 0.000000 0.000000
    outer loop
      vertex 29.540000 6.000000 -24.630000
      vertex 29.540000 11.200000 -24.630000
      vertex 29.540000 11.200000 -25.290000
    endloop
  endfacet
  facet normal -1.000000 0.000000 0.000000
    outer loop
      vertex 29.540000 6.000000 -24.630000
      vertex 29.540000 11.200000 -25.290000
      vertex 29.540000 6.000000 -25.290000
    endloop
  endfacet
  facet normal 1.000000 0.000000 0.000000
    outer loop
      vertex 28.880000 6.000000 -25.290000
      vertex 28.880000 11.200000 -25.290000
      vertex 28.880000 11.200000 -24.630000
    endloop
  endfacet
  facet normal 1.000000 0.000000 0.000000
    outer loop
      vertex 28.880000 6.000000 -25.290000
      vertex 28.880000 11.200000 -24.630000
      vertex 28.880000 6.000000 -24.630000
    endloop
  endfacet
  facet normal 0.000000 -1.000000 0.000000
    outer loop
      vertex 30.650000 7.225000 -26.060000
      vertex 32.850000 7.225000 -26.060000
      vertex 32.850000 7.225000 -23.860000
    endloop
  endfacet
  facet normal 0.000000 -1.000000 0.000000
    outer loop
      vertex 30.650000 7.225000 -26.060000
      vertex 32.850000 7.225000 -23.860000
      vertex 30.650000 7.225000 -23.860000
    endloop
  endfacet
  facet normal 0.000000 1.000000 0.000000
    outer loop
      vertex 30.650000 5.675000 -23.860000
      vertex 32.850000 5.675000 -23.860000
      vertex 32.850000 5.675000 -26.060000
    endloop
  endfacet
  facet normal 0.000000 1.000000 0.000000
    outer loop
      vertex 30.650000 5.675000 -23.860000
      vertex 32.850000 5.675000 -26.060000
      vertex 30.650000 5.675000 -26.060000
    endloop
  endfacet
  facet normal 0.000000 0.000000 -1.000000
    outer loop
      vertex 30.650000 7.225000 -23.860000
      vertex 32.850000 7.225000 -23.860000
      vertex 32.850000 5.675000 -23.860000
    endloop
  endfacet
  facet normal 0.000000 0.000000 -1.000000
    outer loop
      vertex 30.650000 7.225000 -23.860000
      vertex 32.850000 5.675000 -23.860000
      vertex 30.650000 5.675000 -23.860000
    endloop
  endfacet
  facet normal 0.000000 0.000000 1.000000
    outer loop
      vertex 32.850000 5.675000 -26.060000
      vertex 32.850000 7.225000 -26.060000
      vertex 30.650000 7.225000 -26.060000
    endloop
  endfacet
  facet normal 0.000000 0.000000 1.000000
    outer loop
      vertex 32.850000 5.675000 -26.060000
      vertex 30.650000 7.225000 -26.060000
      vertex 30.650000 5.675000 -26.060000
    endloop
  endfacet
  facet normal -1.000000 0.000000 0.000000
    outer loop
      vertex 32.850000 5.675000 -23.860000
      vertex 32.850000 7.225000 -23.860000
      vertex 32.850000 7.225000 -26.060000
    endloop
  endfacet
  facet normal -1.000000 0.000000 0.000000
    outer loop
      vertex 32.850000 5.675000 -23.860000
      vertex 32.850000 7.225000 -26.060000
      vertex 32.850000 5.675000 -26.060000
    endloop
  endfacet
  facet normal 1.000000 0.000000 0.000000
    outer loop
      vertex 30.650000 5.675000 -26.060000
      vertex 30.650000 7.225000 -26.060000
      vertex 30.650000 7.225000 -23.860000
    endloop
  endfacet
  facet normal 1.000000 0.000000 0.000000
    outer loop
      vertex 30.650000 5.675000 -26.060000
      vertex 30.650000 7.225000 -23.860000
      vertex 30.650000 5.675000 -23.860000
    endloop
  endfacet
  facet normal 0.000000 -1.000000 0.000000
    outer loop
      vertex 31.420000 11.200000 -25.290000
      vertex 32.080000 11.200000 -25.290000
      vertex 32.080000 11.200000 -24.630000
    endloop
  endfacet
  facet normal 0.000000 -1.000000 0.000000
    outer loop
      vertex 31.420000 11.200000 -25.290000
      vertex 32.080000 11.200000 -24.630000
      vertex 31.420000 11.200000 -24.630000
    endloop
  endfacet
  facet normal 0.000000 1.000000 0.000000
    outer loop
      vertex 31.420000 6.000000 -24.630000
      vertex 32.080000 6.000000 -24.630000
      vertex 32.080000 6.000000 -25.290000
    endloop
  endfacet
  facet normal 0.000000 1.000000 0.000000
    outer loop
      vertex 31.420000 6.000000 -24.630000
      vertex 32.080000 6.000000 -25.290000
      vertex 31.420000 6.000000 -25.290000
    endloop
  endfacet
  facet normal 0.000000 0.000000 -1.000000
    outer loop
      vertex 31.420000 11.200000 -24.630000
      vertex 32.080000 11.200000 -24.630000
      vertex 32.080000 6.000000 -24.630000
    endloop
  endfacet
  facet normal 0.000000 0.000000 -1.000000
    outer loop
      vertex 31.420000 11.200000 -24.630000
      vertex 32.080000 6.000000 -24.630000
      vertex 31.420000 6.000000 -24.630000
    endloop
  endfacet
  facet normal 0.000000 0.000000 1.000000
    outer loop
      vertex 32.080000 6.000000 -25.290000
      vertex 32.080000 11.200000 -25.290000
      vertex 31.420000 11.200000 -25.290000
    endloop
  endfacet
  facet normal 0.000000 0.000000 1.000000
    outer loop
      vertex 32.080000 6.000000 -25.290000
      vertex 31.420000 11.200000 -25.290000
      vertex 31.420000 6.000000 -25.290000
    endloop
  endfacet
  facet normal -1.000000 0.000000 0.000000
    outer loop
      vertex 32.080000 6.000000 -24.630000
      vertex 32.080000 11.200000 -24.630000
      vertex 32.080000 11.200000 -25.290000
    endloop
  endfacet
  facet normal -1.000000 0.000000 0.000000
    outer loop
      vertex 32.080000 6.000000 -24.630000
      vertex 32.080000 11.200000 -25.290000
      vertex 32.080000 6.000000 -25.290000
    endloop
  endfacet
  facet normal 1.000000 0.000000 0.000000
    outer loop
      vertex 31.420000 6.000000 -25.290000
      vertex 31.420000 11.200000 -25.290000
      vertex 31.420000 11.200000 -24.630000
    endloop
  endfacet
  facet normal 1.000000 0.000000 0.000000
    outer loop
      vertex 31.420000 6.000000 -25.290000
      vertex 31.420000 11.200000 -24.630000
      vertex 31.420000 6.000000 -24.630000
    endloop
  endfacet
  facet normal 0.000000 -1.000000 0.000000
    outer loop
      vertex 33.190000 7.225000 -26.060000
      vertex 35.390000 7.225000 -26.060000
      vertex 35.390000 7.225000 -23.860000
    endloop
  endfacet
  facet normal 0.000000 -1.000000 0.000000
    outer loop
      vertex 33.190000 7.225000 -26.060000
      vertex 35.390000 7.225000 -23.860000
      vertex 33.190000 7.225000 -23.860000
    endloop
  endfacet
  facet normal 0.000000 1.000000 0.000000
    outer loop
      vertex 33.190000 5.675000 -23.860000
      vertex 35.390000 5.675000 -23.860000
      vertex 35.390000 5.675000 -26.060000
    endloop
  endfacet
  facet normal 0.000000 1.000000 0.000000
    outer loop
      vertex 33.190000 5.675000 -23.860000
      vertex 35.390000 5.675000 -26.060000
      vertex 33.190000 5.675000 -26.060000
    endloop
  endfacet
  facet normal 0.000000 0.000000 -1.000000
    outer loop
      vertex 33.190000 7.225000 -23.860000
      vertex 35.390000 7.225000 -23.860000
      vertex 35.390000 5.675000 -23.860000
    endloop
  endfacet
  facet normal 0.000000 0.000000 -1.000000
    outer loop
      vertex 33.190000 7.225000 -23.860000
      vertex 35.390000 5.675000 -23.860000
      vertex 33.190000 5.675000 -23.860000
    endloop
  endfacet
  facet normal 0.000000 0.000000 1.000000
    outer loop
      vertex 35.390000 5.675000 -26.060000
      vertex 35.390000 7.225000 -26.060000
      vertex 33.190000 7.225000 -26.060000
    endloop
  endfacet
  facet normal 0.000000 0.000000 1.000000
    outer loop
      vertex 35.390000 5.675000 -26.060000
      vertex 33.190000 7.225000 -26.060000
      vertex 33.190000 5.675000 -26.060000
    endloop
  endfacet
  facet normal -1.000000 0.000000 0.000000
    outer loop
      vertex 35.390000 5.675000 -23.860000
      vertex 35.390000 7.225000 -23.860000
      vertex 35.390000 7.225000 -26.060000
    endloop
  endfacet
  facet normal -1.000000 0.000000 0.000000
    outer loop
      vertex 35.390000 5.675000 -23.860000
      vertex 35.390000 7.225000 -26.060000
      vertex 35.390000 5.675000 -26.060000
    endloop
  endfacet
  facet normal 1.000000 0.000000 0.000000
    outer loop
      vertex 33.190000 5.675000 -26.060000
      vertex 33.190000 7.225000 -26.060000
      vertex 33.190000 7.225000 -23.860000
    endloop
  endfacet
  facet normal 1.000000 0.000000 0.000000
    outer loop
      vertex 33.190000 5.675000 -26.060000
      vertex 33.190000 7.225000 -23.860000
      vertex 33.190000 5.675000 -23.860000
    endloop
  endfacet
  facet normal 0.000000 -1.000000 0.000000
    outer loop
      vertex 33.960000 11.200000 -25.290000
      vertex 34.620000 11.200000 -25.290000
      vertex 34.620000 11.200000 -24.630000
    endloop
  endfacet
  facet normal 0.000000 -1.000000 0.000000
    outer loop
      vertex 33.960000 11.200000 -25.290000
      vertex 34.620000 11.200000 -24.630000
      vertex 33.960000 11.200000 -24.630000
    endloop
  endfacet
  facet normal 0.000000 1.000000 0.000000
    outer loop
      vertex 33.960000 6.000000 -24.630000
      vertex 34.620000 6.000000 -24.630000
      vertex 34.620000 6.000000 -25.290000
    endloop
  endfacet
  facet normal 0.000000 1.000000 0.000000
    outer loop
      vertex 33.960000 6.000000 -24.630000
      vertex 34.620000 6.000000 -25.290000
      vertex 33.960000 6.000000 -25.290000
    endloop
  endfacet
  facet normal 0.000000 0.000000 -1.000000
    outer loop
      vertex 33.960000 11.200000 -24.630000
      vertex 34.620000 11.200000 -24.630000
      vertex 34.620000 6.000000 -24.630000
    endloop
  endfacet
  facet normal 0.000000 0.000000 -1.000000
    outer loop
      vertex 33.960000 11.200000 -24.630000
      vertex 34.620000 6.000000 -24.630000
      vertex 33.960000 6.000000 -24.630000
    endloop
  endfacet
  facet normal 0.000000 0.000000 1.000000
    outer loop
      vertex 34.620000 6.000000 -25.290000
      vertex 34.620000 11.200000 -25.290000
      vertex 33.960000 11.200000 -25.290000
    endloop
  endfacet
  facet normal 0.000000 0.000000 1.000000
    outer loop
      vertex 34.620000 6.000000 -25.290000
      vertex 33.960000 11.200000 -25.290000
      vertex 33.960000 6.000000 -25.290000
    endloop
  endfacet
  facet normal -1.000000 0.000000 0.000000
    outer loop
      vertex 34.620000 6.000000 -24.630000
      vertex 34.620000 11.200000 -24.630000
      vertex 34.620000 11.200000 -25.290000
    endloop
  endfacet
  facet normal -1.000000 0.000000 0.000000
    outer loop
      vertex 34.620000 6.000000 -24.630000
      vertex 34.620000 11.200000 -25.290000
      vertex 34.620000 6.000000 -25.290000
    endloop
  endfacet
  facet normal 1.000000 0.000000 0.000000
    outer loop
      vertex 33.960000 6.000000 -25.290000
      vertex 33.960000 11.200000 -25.290000
      vertex 33.960000 11.200000 -24.630000
    endloop
  endfacet
  facet normal 1.000000 0.000000 0.000000
    outer loop
      vertex 33.960000 6.000000 -25.290000
      vertex 33.960000 11.200000 -24.630000
      vertex 33.960000 6.000000 -24.630000
    endloop
  endfacet
  facet normal 0.000000 -1.000000 0.000000
    outer loop
      vertex 35.730000 7.225000 -26.060000
      vertex 37.930000 7.225000 -26.060000
      vertex 37.930000 7.225000 -23.860000
    endloop
  endfacet
  facet normal 0.000000 -1.000000 0.000000
    outer loop
      vertex 35.730000 7.225000 -26.060000
      vertex 37.930000 7.225000 -23.860000
      vertex 35.730000 7.225000 -23.860000
    endloop
  endfacet
  facet normal 0.000000 1.000000 0.000000
    outer loop
      vertex 35.730000 5.675000 -23.860000
      vertex 37.930000 5.675000 -23.860000
      vertex 37.930000 5.675000 -26.060000
    endloop
  endfacet
  facet normal 0.000000 1.000000 0.000000
    outer loop
      vertex 35.730000 5.675000 -23.860000
      vertex 37.930000 5.675000 -26.060000
      vertex 35.730000 5.675000 -26.060000
    endloop
  endfacet
  facet normal 0.000000 0.000000 -1.000000
    outer loop
      vertex 35.730000 7.225000 -23.860000
      vertex 37.930000 7.225000 -23.860000
      vertex 37.930000 5.675000 -23.860000
    endloop
  endfacet
  facet normal 0.000000 0.000000 -1.000000
    outer loop
      vertex 35.730000 7.225000 -23.860000
      vertex 37.930000 5.675000 -23.860000
      vertex 35.730000 5.675000 -23.860000
    endloop
  endfacet
  facet normal 0.000000 0.000000 1.000000
    outer loop
      vertex 37.930000 5.675000 -26.060000
      vertex 37.930000 7.225000 -26.060000
      vertex 35.730000 7.225000 -26.060000
    endloop
  endfacet
  facet normal 0.000000 0.000000 1.000000
    outer loop
      vertex 37.930000 5.675000 -26.060000
      vertex 35.730000 7.225000 -26.060000
      vertex 35.730000 5.675000 -26.060000
    endloop
  endfacet
  facet normal -1.000000 0.000000 0.000000
    outer loop
      vertex 37.930000 5.675000 -23.860000
      vertex 37.930000 7.225000 -23.860000
      vertex 37.930000 7.225000 -26.060000
    endloop
  endfacet
  facet normal -1.000000 0.000000 0.000000
    outer loop
      vertex 37.930000 5.675000 -23.860000
      vertex 37.930000 7.225000 -26.060000
      vertex 37.930000 5.675000 -26.060000
    endloop
  endfacet
  facet normal 1.000000 0.000000 0.000000
    outer loop
      vertex 35.730000 5.675000 -26.060000
      vertex 35.730000 7.225000 -26.060000
      vertex 35.730000 7.225000 -23.860000
    endloop
  endfacet
  facet normal 1.000000 0.000000 0.000000
    outer loop
      vertex 35.730000 5.675000 -26.060000
      vertex 35.730000 7.225000 -23.860000
      vertex 35.730000 5.675000 -23.860000
    endloop
  endfacet
  facet normal 0.000000 -1.000000 0.000000
    outer loop
      vertex 36.500000 11.200000 -25.290000
      vertex 37.160000 11.200000 -25.290000
      vertex 37.160000 11.200000 -24.630000
    endloop
  endfacet
  facet normal 0.000000 -1.000000 0.000000
    outer loop
      vertex 36.500000 11.200000 -25.290000
      vertex 37.160000 11.200000 -24.630000
      vertex 36.500000 11.200000 -24.630000
    endloop
  endfacet
  facet normal 0.000000 1.000000 0.000000
    outer loop
      vertex 36.500000 6.000000 -24.630000
      vertex 37.160000 6.000000 -24.630000
      vertex 37.160000 6.000000 -25.290000
    endloop
  endfacet
  facet normal 0.000000 1.000000 0.000000
    outer loop
      vertex 36.500000 6.000000 -24.630000
      vertex 37.160000 6.000000 -25.290000
      vertex 36.500000 6.000000 -25.290000
    endloop
  endfacet
  facet normal 0.000000 0.000000 -1.000000
    outer loop
      vertex 36.500000 11.200000 -24.630000
      vertex 37.160000 11.200000 -24.630000
      vertex 37.160000 6.000000 -24.630000
    endloop
  endfacet
  facet normal 0.000000 0.000000 -1.000000
    outer loop
      vertex 36.500000 11.200000 -24.630000
      vertex 37.160000 6.000000 -24.630000
      vertex 36.500000 6.000000 -24.630000
    endloop
  endfacet
  facet normal 0.000000 0.000000 1.000000
    outer loop
      vertex 37.160000 6.000000 -25.290000
      vertex 37.160000 11.200000 -25.290000
      vertex 36.500000 11.200000 -25.290000
    endloop
  endfacet
  facet normal 0.000000 0.000000 1.000000
    outer loop
      vertex 37.160000 6.000000 -25.290000
      vertex 36.500000 11.200000 -25.290000
      vertex 36.500000 6.000000 -25.290000
    endloop
  endfacet
  facet normal -1.000000 0.000000 0.000000
    outer loop
      vertex 37.160000 6.000000 -24.630000
      vertex 37.160000 11.200000 -24.630000
      vertex 37.160000 11.200000 -25.290000
    endloop
  endfacet
  facet normal -1.000000 0.000000 0.000000
    outer loop
      vertex 37.160000 6.000000 -24.630000
      vertex 37.160000 11.200000 -25.290000
      vertex 37.160000 6.000000 -25.290000
    endloop
  endfacet
  facet normal 1.000000 0.000000 0.000000
    outer loop
      vertex 36.500000 6.000000 -25.290000
      vertex 36.500000 11.200000 -25.290000
      vertex 36.500000 11.200000 -24.630000
    endloop
  endfacet
  facet normal 1.000000 0.000000 0.000000
    outer loop
      vertex 36.500000 6.000000 -25.290000
      vertex 36.500000 11.200000 -24.630000
      vertex 36.500000 6.000000 -24.630000
    endloop
  endfacet
  facet normal 0.000000 -1.000000 0.000000
    outer loop
      vertex 38.270000 7.225000 -26.060000
      vertex 40.470000 7.225000 -26.060000
      vertex 40.470000 7.225000 -23.860000
    endloop
  endfacet
  facet normal 0.000000 -1.000000 0.000000
    outer loop
      vertex 38.270000 7.225000 -26.060000
      vertex 40.470000 7.225000 -23.860000
      vertex 38.270000 7.225000 -23.860000
    endloop
  endfacet
  facet normal 0.000000 1.000000 0.000000
    outer loop
      vertex 38.270000 5.675000 -23.860000
      vertex 40.470000 5.675000 -23.860000
      vertex 40.470000 5.675000 -26.060000
    endloop
  endfacet
  facet normal 0.000000 1.000000 0.000000
    outer loop
      vertex 38.270000 5.675000 -23.860000
      vertex 40.470000 5.675000 -26.060000
      vertex 38.270000 5.675000 -26.060000
    endloop
  endfacet
  facet normal 0.000000 0.000000 -1.000000
    outer loop
      vertex 38.270000 7.225000 -23.860000
      vertex 40.470000 7.225000 -23.860000
      vertex 40.470000 5.675000 -23.860000
    endloop
  endfacet
  facet normal 0.000000 0.000000 -1.000000
    outer loop
      vertex 38.270000 7.225000 -23.860000
      vertex 40.470000 5.675000 -23.860000
      vertex 38.270000 5.675000 -23.860000
    endloop
  endfacet
  facet normal 0.000000 0.000000 1.000000
    outer loop
      vertex 40.470000 5.675000 -26.060000
      vertex 40.470000 7.225000 -26.060000
      vertex 38.270000 7.225000 -26.060000
    endloop
  endfacet
  facet normal 0.000000 0.000000 1.000000
    outer loop
      vertex 40.470000 5.675000 -26.060000
      vertex 38.270000 7.225000 -26.060000
      vertex 38.270000 5.675000 -26.060000
    endloop
  endfacet
  facet normal -1.000000 0.000000 0.000000
    outer loop
      vertex 40.470000 5.675000 -23.860000
      vertex 40.470000 7.225000 -23.860000
      vertex 40.470000 7.225000 -26.060000
    endloop
  endfacet
  facet normal -1.000000 0.000000 0.000000
    outer loop
      vertex 40.470000 5.675000 -23.860000
      vertex 40.470000 7.225000 -26.060000
      vertex 40.470000 5.675000 -26.060000
    endloop
  endfacet
  facet normal 1.000000 0.000000 0.000000
    outer loop
      vertex 38.270000 5.675000 -26.060000
      vertex 38.270000 7.225000 -26.060000
      vertex 38.270000 7.225000 -23.860000
    endloop
  endfacet
  facet normal 1.000000 0.000000 0.000000
    outer loop
      vertex 38.270000 5.675000 -26.060000
      vertex 38.270000 7.225000 -23.860000
      vertex 38.270000 5.675000 -23.860000
    endloop
  endfacet
  facet normal 0.000000 -1.000000 0.000000
    outer loop
      vertex 39.040000 11.200000 -25.290000
      vertex 39.700000 11.200000 -25.290000
      vertex 39.700000 11.200000 -24.630000
    endloop
  endfacet
  facet normal 0.000000 -1.000000 0.000000
    outer loop
      vertex 39.040000 11.200000 -25.290000
      vertex 39.700000 11.200000 -24.630000
      vertex 39.040000 11.200000 -24.630000
    endloop
  endfacet
  facet normal 0.000000 1.000000 0.000000
    outer loop
      vertex 39.040000 6.000000 -24.630000
      vertex 39.700000 6.000000 -24.630000
      vertex 39.700000 6.000000 -25.290000
    endloop
  endfacet
  facet normal 0.000000 1.000000 0.000000
    outer loop
      vertex 39.040000 6.000000 -24.630000
      vertex 39.700000 6.000000 -25.290000
      vertex 39.040000 6.000000 -25.290000
    endloop
  endfacet
  facet normal 0.000000 0.000000 -1.000000
    outer loop
      vertex 39.040000 11.200000 -24.630000
      vertex 39.700000 11.200000 -24.630000
      vertex 39.700000 6.000000 -24.630000
    endloop
  endfacet
  facet normal 0.000000 0.000000 -1.000000
    outer loop
      vertex 39.040000 11.200000 -24.630000
      vertex 39.700000 6.000000 -24.630000
      vertex 39.040000 6.000000 -24.630000
    endloop
  endfacet
  facet normal 0.000000 0.000000 1.000000
    outer loop
      vertex 39.700000 6.000000 -25.290000
      vertex 39.700000 11.200000 -25.290000
      vertex 39.040000 11.200000 -25.290000
    endloop
  endfacet
  facet normal 0.000000 0.000000 1.000000
    outer loop
      vertex 39.700000 6.000000 -25.290000
      vertex 39.040000 11.200000 -25.290000
      vertex 39.040000 6.000000 -25.290000
    endloop
  endfacet
  facet normal -1.000000 0.000000 0.000000
    outer loop
      vertex 39.700000 6.000000 -24.630000
      vertex 39.700000 11.200000 -24.630000
      vertex 39.700000 11.200000 -25.290000
    endloop
  endfacet
  facet normal -1.000000 0.000000 0.000000
    outer loop
      vertex 39.700000 6.000000 -24.630000
      vertex 39.700000 11.200000 -25.290000
      vertex 39.700000 6.000000 -25.290000
    endloop
  endfacet
  facet normal 1.000000 0.000000 0.000000
    outer loop
      vertex 39.040000 6.000000 -25.290000
      vertex 39.040000 11.200000 -25.290000
      vertex 39.040000 11.200000 -24.630000
    endloop
  endfacet
  facet normal 1.000000 0.000000 0.000000
    outer loop
      vertex 39.040000 6.000000 -25.290000
      vertex 39.040000 11.200000 -24.630000
      vertex 39.040000 6.000000 -24.630000
    endloop
  endfacet
  facet normal 0.000000 -1.000000 0.000000
    outer loop
      vertex 40.810000 7.225000 -26.060000
      vertex 43.010000 7.225000 -26.060000
      vertex 43.010000 7.225000 -23.860000
    endloop
  endfacet
  facet normal 0.000000 -1.000000 0.000000
    outer loop
      vertex 40.810000 7.225000 -26.060000
      vertex 43.010000 7.225000 -23.860000
      vertex 40.810000 7.225000 -23.860000
    endloop
  endfacet
  facet normal 0.000000 1.000000 0.000000
    outer loop
      vertex 40.810000 5.675000 -23.860000
      vertex 43.010000 5.675000 -23.860000
      vertex 43.010000 5.675000 -26.060000
    endloop
  endfacet
  facet normal 0.000000 1.000000 0.000000
    outer loop
      vertex 40.810000 5.675000 -23.860000
      vertex 43.010000 5.675000 -26.060000
      vertex 40.810000 5.675000 -26.060000
    endloop
  endfacet
  facet normal 0.000000 0.000000 -1.000000
    outer loop
      vertex 40.810000 7.225000 -23.860000
      vertex 43.010000 7.225000 -23.860000
      vertex 43.010000 5.675000 -23.860000
    endloop
  endfacet
  facet normal 0.000000 0.000000 -1.000000
    outer loop
      vertex 40.810000 7.225000 -23.860000
      vertex 43.010000 5.675000 -23.860000
      vertex 40.810000 5.675000 -23.860000
    endloop
  endfacet
  facet normal 0.000000 0.000000 1.000000
    outer loop
      vertex 43.010000 5.675000 -26.060000
      vertex 43.010000 7.225000 -26.060000
      vertex 40.810000 7.225000 -26.060000
    endloop
  endfacet
  facet normal 0.000000 0.000000 1.000000
    outer loop
      vertex 43.010000 5.675000 -26.060000
      vertex 40.810000 7.225000 -26.060000
      vertex 40.810000 5.675000 -26.060000
    endloop
  endfacet
  facet normal -1.000000 0.000000 0.000000
    outer loop
      vertex 43.010000 5.675000 -23.860000
      vertex 43.010000 7.225000 -23.860000
      vertex 43.010000 7.225000 -26.060000
    endloop
  endfacet
  facet normal -1.000000 0.000000 0.000000
    outer loop
      vertex 43.010000 5.675000 -23.860000
      vertex 43.010000 7.225000 -26.060000
      vertex 43.010000 5.675000 -26.060000
    endloop
  endfacet
  facet normal 1.000000 0.000000 0.000000
    outer loop
      vertex 40.810000 5.675000 -26.060000
      vertex 40.810000 7.225000 -26.060000
      vertex 40.810000 7.225000 -23.860000
    endloop
  endfacet
  facet normal 1.000000 0.000000 0.000000
    outer loop
      vertex 40.810000 5.675000 -26.060000
      vertex 40.810000 7.225000 -23.860000
      vertex 40.810000 5.675000 -23.860000
    endloop
  endfacet
  facet normal 0.000000 -1.000000 0.000000
    outer loop
      vertex 41.580000 11.200000 -25.290000
      vertex 42.240000 11.200000 -25.290000
      vertex 42.240000 11.200000 -24.630000
    endloop
  endfacet
  facet normal 0.000000 -1.000000 0.000000
    outer loop
      vertex 41.580000 11.200000 -25.290000
      vertex 42.240000 11.200000 -24.630000
      vertex 41.580000 11.200000 -24.630000
    endloop
  endfacet
  facet normal 0.000000 1.000000 0.000000
    outer loop
      vertex 41.580000 6.000000 -24.630000
      vertex 42.240000 6.000000 -24.630000
      vertex 42.240000 6.000000 -25.290000
    endloop
  endfacet
  facet normal 0.000000 1.000000 0.000000
    outer loop
      vertex 41.580000 6.000000 -24.630000
      vertex 42.240000 6.000000 -25.290000
      vertex 41.580000 6.000000 -25.290000
    endloop
  endfacet
  facet normal 0.000000 0.000000 -1.000000
    outer loop
      vertex 41.580000 11.200000 -24.630000
      vertex 42.240000 11.200000 -24.630000
      vertex 42.240000 6.000000 -24.630000
    endloop
  endfacet
  facet normal 0.000000 0.000000 -1.000000
    outer loop
      vertex 41.580000 11.200000 -24.630000
      vertex 42.240000 6.000000 -24.630000
      vertex 41.580000 6.000000 -24.630000
    endloop
  endfacet
  facet normal 0.000000 0.000000 1.000000
    outer loop
      vertex 42.240000 6.000000 -25.290000
      vertex 42.240000 11.200000 -25.290000
      vertex 41.580000 11.200000 -25.290000
    endloop
  endfacet
  facet normal 0.000000 0.000000 1.000000
    outer loop
      vertex 42.240000 6.000000 -25.290000
      vertex 41.580000 11.200000 -25.290000
      vertex 41.580000 6.000000 -25.290000
    endloop
  endfacet
  facet normal -1.000000 0.000000 0.000000
    outer loop
      vertex 42.240000 6.000000 -24.630000
      vertex 42.240000 11.200000 -24.630000
      vertex 42.240000 11.200000 -25.290000
    endloop
  endfacet
  facet normal -1.000000 0.000000 0.000000
    outer loop
      vertex 42.240000 6.000000 -24.630000
      vertex 42.240000 11.200000 -25.290000
      vertex 42.240000 6.000000 -25.290000
    endloop
  endfacet
  facet normal 1.000000 0.000000 0.000000
    outer loop
      vertex 41.580000 6.000000 -25.290000
      vertex 41.580000 11.200000 -25.290000
      vertex 41.580000 11.200000 -24.630000
    endloop
  endfacet
  facet normal 1.000000 0.000000 0.000000
    outer loop
      vertex 41.580000 6.000000 -25.290000
      vertex 41.580000 11.200000 -24.630000
      vertex 41.580000 6.000000 -24.630000
    endloop
  endfacet
  facet normal 0.000000 -1.000000 0.000000
    outer loop
      vertex 43.350000 7.225000 -26.060000
      vertex 45.550000 7.225000 -26.060000
      vertex 45.550000 7.225000 -23.860000
    endloop
  endfacet
  facet normal 0.000000 -1.000000 0.000000
    outer loop
      vertex 43.350000 7.225000 -26.060000
      vertex 45.550000 7.225000 -23.860000
      vertex 43.350000 7.225000 -23.860000
    endloop
  endfacet
  facet normal 0.000000 1.000000 0.000000
    outer loop
      vertex 43.350000 5.675000 -23.860000
      vertex 45.550000 5.675000 -23.860000
      vertex 45.550000 5.675000 -26.060000
    endloop
  endfacet
  facet normal 0.000000 1.000000 0.000000
    outer loop
      vertex 43.350000 5.675000 -23.860000
      vertex 45.550000 5.675000 -26.060000
      vertex 43.350000 5.675000 -26.060000
    endloop
  endfacet
  facet normal 0.000000 0.000000 -1.000000
    outer loop
      vertex 43.350000 7.225000 -23.860000
      vertex 45.550000 7.225000 -23.860000
      vertex 45.550000 5.675000 -23.860000
    endloop
  endfacet
  facet normal 0.000000 0.000000 -1.000000
    outer loop
      vertex 43.350000 7.225000 -23.860000
      vertex 45.550000 5.675000 -23.860000
      vertex 43.350000 5.675000 -23.860000
    endloop
  endfacet
  facet normal 0.000000 0.000000 1.000000
    outer loop
      vertex 45.550000 5.675000 -26.060000
      vertex 45.550000 7.225000 -26.060000
      vertex 43.350000 7.225000 -26.060000
    endloop
  endfacet
  facet normal 0.000000 0.000000 1.000000
    outer loop
      vertex 45.550000 5.675000 -26.060000
      vertex 43.350000 7.225000 -26.060000
      vertex 43.350000 5.675000 -26.060000
    endloop
  endfacet
  facet normal -1.000000 0.000000 0.000000
    outer loop
      vertex 45.550000 5.675000 -23.860000
      vertex 45.550000 7.225000 -23.860000
      vertex 45.550000 7.225000 -26.060000
    endloop
  endfacet
  facet normal -1.000000 0.000000 0.000000
    outer loop
      vertex 45.550000 5.675000 -23.860000
      vertex 45.550000 7.225000 -26.060000
      vertex 45.550000 5.675000 -26.060000
    endloop
  endfacet
  facet normal 1.000000 0.000000 0.000000
    outer loop
      vertex 43.350000 5.675000 -26.060000
      vertex 43.350000 7.225000 -26.060000
      vertex 43.350000 7.225000 -23.860000
    endloop
  endfacet
  facet normal 1.000000 0.000000 0.000000
    outer loop
      vertex 43.350000 5.675000 -26.060000
      vertex 43.350000 7.225000 -23.860000
      vertex 43.350000 5.675000 -23.860000
    endloop
  endfacet
  facet normal 0.000000 -1.000000 0.000000
    outer loop
      vertex 44.120000 11.200000 -25.290000
      vertex 44.780000 11.200000 -25.290000
      vertex 44.780000 11.200000 -24.630000
    endloop
  endfacet
  facet normal 0.000000 -1.000000 0.000000
    outer loop
      vertex 44.120000 11.200000 -25.290000
      vertex 44.780000 11.200000 -24.630000
      vertex 44.120000 11.200000 -24.630000
    endloop
  endfacet
  facet normal 0.000000 1.000000 0.000000
    outer loop
      vertex 44.120000 6.000000 -24.630000
      vertex 44.780000 6.000000 -24.630000
      vertex 44.780000 6.000000 -25.290000
    endloop
  endfacet
  facet normal 0.000000 1.000000 0.000000
    outer loop
      vertex 44.120000 6.000000 -24.630000
      vertex 44.780000 6.000000 -25.290000
      vertex 44.120000 6.000000 -25.290000
    endloop
  endfacet
  facet normal 0.000000 0.000000 -1.000000
    outer loop
      vertex 44.120000 11.200000 -24.630000
      vertex 44.780000 11.200000 -24.630000
      vertex 44.780000 6.000000 -24.630000
    endloop
  endfacet
  facet normal 0.000000 0.000000 -1.000000
    outer loop
      vertex 44.120000 11.200000 -24.630000
      vertex 44.780000 6.000000 -24.630000
      vertex 44.120000 6.000000 -24.630000
    endloop
  endfacet
  facet normal 0.000000 0.000000 1.000000
    outer loop
      vertex 44.780000 6.000000 -25.290000
      vertex 44.780000 11.200000 -25.290000
      vertex 44.120000 11.200000 -25.290000
    endloop
  endfacet
  facet normal 0.000000 0.000000 1.000000
    outer loop
      vertex 44.780000 6.000000 -25.290000
      vertex 44.120000 11.200000 -25.290000
      vertex 44.120000 6.000000 -25.290000
    endloop
  endfacet
  facet normal -1.000000 0.000000 0.000000
    outer loop
      vertex 44.780000 6.000000 -24.630000
      vertex 44.780000 11.200000 -24.630000
      vertex 44.780000 11.200000 -25.290000
    endloop
  endfacet
  facet normal -1.000000 0.000000 0.000000
    outer loop
      vertex 44.780000 6.000000 -24.630000
      vertex 44.780000 11.200000 -25.290000
      vertex 44.780000 6.000000 -25.290000
    endloop
  endfacet
  facet normal 1.000000 0.000000 0.000000
    outer loop
      vertex 44.120000 6.000000 -25.290000
      vertex 44.120000 11.200000 -25.290000
      vertex 44.120000 11.200000 -24.630000
    endloop
  endfacet
  facet normal 1.000000 0.000000 0.000000
    outer loop
      vertex 44.120000 6.000000 -25.290000
      vertex 44.120000 11.200000 -24.630000
      vertex 44.120000 6.000000 -24.630000
    endloop
  endfacet
  facet normal 0.000000 -1.000000 0.000000
    outer loop
      vertex 45.890000 7.225000 -26.060000
      vertex 48.090000 7.225000 -26.060000
      vertex 48.090000 7.225000 -23.860000
    endloop
  endfacet
  facet normal 0.000000 -1.000000 0.000000
    outer loop
      vertex 45.890000 7.225000 -26.060000
      vertex 48.090000 7.225000 -23.860000
      vertex 45.890000 7.225000 -23.860000
    endloop
  endfacet
  facet normal 0.000000 1.000000 0.000000
    outer loop
      vertex 45.890000 5.675000 -23.860000
      vertex 48.090000 5.675000 -23.860000
      vertex 48.090000 5.675000 -26.060000
    endloop
  endfacet
  facet normal 0.000000 1.000000 0.000000
    outer loop
      vertex 45.890000 5.675000 -23.860000
      vertex 48.090000 5.675000 -26.060000
      vertex 45.890000 5.675000 -26.060000
    endloop
  endfacet
  facet normal 0.000000 0.000000 -1.000000
    outer loop
      vertex 45.890000 7.225000 -23.860000
      vertex 48.090000 7.225000 -23.860000
      vertex 48.090000 5.675000 -23.860000
    endloop
  endfacet
  facet normal 0.000000 0.000000 -1.000000
    outer loop
      vertex 45.890000 7.225000 -23.860000
      vertex 48.090000 5.675000 -23.860000
      vertex 45.890000 5.675000 -23.860000
    endloop
  endfacet
  facet normal 0.000000 0.000000 1.000000
    outer loop
      vertex 48.090000 5.675000 -26.060000
      vertex 48.090000 7.225000 -26.060000
      vertex 45.890000 7.225000 -26.060000
    endloop
  endfacet
  facet normal 0.000000 0.000000 1.000000
    outer loop
      vertex 48.090000 5.675000 -26.060000
      vertex 45.890000 7.225000 -26.060000
      vertex 45.890000 5.675000 -26.060000
    endloop
  endfacet
  facet normal -1.000000 0.000000 0.000000
    outer loop
      vertex 48.090000 5.675000 -23.860000
      vertex 48.090000 7.225000 -23.860000
      vertex 48.090000 7.225000 -26.060000
    endloop
  endfacet
  facet normal -1.000000 0.000000 0.000000
    outer loop
      vertex 48.090000 5.675000 -23.860000
      vertex 48.090000 7.225000 -26.060000
      vertex 48.090000 5.675000 -26.060000
    endloop
  endfacet
  facet normal 1.000000 0.000000 0.000000
    outer loop
      vertex 45.890000 5.675000 -26.060000
      vertex 45.890000 7.225000 -26.060000
      vertex 45.890000 7.225000 -23.860000
    endloop
  endfacet
  facet normal 1.000000 0.000000 0.000000
    outer loop
      vertex 45.890000 5.675000 -26.060000
      vertex 45.890000 7.225000 -23.860000
      vertex 45.890000 5.675000 -23.860000
    endloop
  endfacet
  facet normal 0.000000 -1.000000 0.000000
    outer loop
      vertex 46.660000 11.200000 -25.290000
      vertex 47.320000 11.200000 -25.290000
      vertex 47.320000 11.200000 -24.630000
    endloop
  endfacet
  facet normal 0.000000 -1.000000 0.000000
    outer loop
      vertex 46.660000 11.200000 -25.290000
      vertex 47.320000 11.200000 -24.630000
      vertex 46.660000 11.200000 -24.630000
    endloop
  endfacet
  facet normal 0.000000 1.000000 0.000000
    outer loop
      vertex 46.660000 6.000000 -24.630000
      vertex 47.320000 6.000000 -24.630000
      vertex 47.320000 6.000000 -25.290000
    endloop
  endfacet
  facet normal 0.000000 1.000000 0.000000
    outer loop
      vertex 46.660000 6.000000 -24.630000
      vertex 47.320000 6.000000 -25.290000
      vertex 46.660000 6.000000 -25.290000
    endloop
  endfacet
  facet normal 0.000000 0.000000 -1.000000
    outer loop
      vertex 46.660000 11.200000 -24.630000
      vertex 47.320000 11.200000 -24.630000
      vertex 47.320000 6.000000 -24.630000
    endloop
  endfacet
  facet normal 0.000000 0.000000 -1.000000
    outer loop
      vertex 46.660000 11.200000 -24.630000
      vertex 47.320000 6.000000 -24.630000
      vertex 46.660000 6.000000 -24.630000
    endloop
  endfacet
  facet normal 0.000000 0.000000 1.000000
    outer loop
      vertex 47.320000 6.000000 -25.290000
      vertex 47.320000 11.200000 -25.290000
      vertex 46.660000 11.200000 -25.290000
    endloop
  endfacet
  facet normal 0.000000 0.000000 1.000000
    outer loop
      vertex 47.320000 6.000000 -25.290000
      vertex 46.660000 11.200000 -25.290000
      vertex 46.660000 6.000000 -25.290000
    endloop
  endfacet
  facet normal -1.000000 0.000000 0.000000
    outer loop
      vertex 47.320000 6.000000 -24.630000
      vertex 47.320000 11.200000 -24.630000
      vertex 47.320000 11.200000 -25.290000
    endloop
  endfacet
  facet normal -1.000000 0.000000 0.000000
    outer loop
      vertex 47.320000 6.000000 -24.630000
      vertex 47.320000 11.200000 -25.290000
      vertex 47.320000 6.000000 -25.290000
    endloop
  endfacet
  facet normal 1.000000 0.000000 0.000000
    outer loop
      vertex 46.660000 6.000000 -25.290000
      vertex 46.660000 11.200000 -25.290000
      vertex 46.660000 11.200000 -24.630000
    endloop
  endfacet
  facet normal 1.000000 0.000000 0.000000
    outer loop
      vertex 46.660000 6.000000 -25.290000
      vertex 46.660000 11.200000 -24.630000
      vertex 46.660000 6.000000 -24.630000
    endloop
  endfacet
  facet normal 0.000000 -1.000000 0.000000
    outer loop
      vertex -48.090000 7.225000 -23.520000
      vertex -45.890000 7.225000 -23.520000
      vertex -45.890000 7.225000 -21.320000
    endloop
  endfacet
  facet normal 0.000000 -1.000000 0.000000
    outer loop
      vertex -48.090000 7.225000 -23.520000
      vertex -45.890000 7.225000 -21.320000
      vertex -48.090000 7.225000 -21.320000
    endloop
  endfacet
  facet normal 0.000000 1.000000 0.000000
    outer loop
      vertex -48.090000 5.675000 -21.320000
      vertex -45.890000 5.675000 -21.320000
      vertex -45.890000 5.675000 -23.520000
    endloop
  endfacet
  facet normal 0.000000 1.000000 0.000000
    outer loop
      vertex -48.090000 5.675000 -21.320000
      vertex -45.890000 5.675000 -23.520000
      vertex -48.090000 5.675000 -23.520000
    endloop
  endfacet
  facet normal 0.000000 0.000000 -1.000000
    outer loop
      vertex -48.090000 7.225000 -21.320000
      vertex -45.890000 7.225000 -21.320000
      vertex -45.890000 5.675000 -21.320000
    endloop
  endfacet
  facet normal 0.000000 0.000000 -1.000000
    outer loop
      vertex -48.090000 7.225000 -21.320000
      vertex -45.890000 5.675000 -21.320000
      vertex -48.090000 5.675000 -21.320000
    endloop
  endfacet
  facet normal 0.000000 0.000000 1.000000
    outer loop
      vertex -45.890000 5.675000 -23.520000
      vertex -45.890000 7.225000 -23.520000
      vertex -48.090000 7.225000 -23.520000
    endloop
  endfacet
  facet normal 0.000000 0.000000 1.000000
    outer loop
      vertex -45.890000 5.675000 -23.520000
      vertex -48.090000 7.225000 -23.520000
      vertex -48.090000 5.675000 -23.520000
    endloop
  endfacet
  facet normal -1.000000 0.000000 0.000000
    outer loop
      vertex -45.890000 5.675000 -21.320000
      vertex -45.890000 7.225000 -21.320000
      vertex -45.890000 7.225000 -23.520000
    endloop
  endfacet
  facet normal -1.000000 0.000000 0.000000
    outer loop
      vertex -45.890000 5.675000 -21.320000
      vertex -45.890000 7.225000 -23.520000
      vertex -45.890000 5.675000 -23.520000
    endloop
  endfacet
  facet normal 1.000000 0.000000 0.000000
    outer loop
      vertex -48.090000 5.675000 -23.520000
      vertex -48.090000 7.225000 -23.520000
      vertex -48.090000 7.225000 -21.320000
    endloop
  endfacet
  facet normal 1.000000 0.000000 0.000000
    outer loop
      vertex -48.090000 5.675000 -23.520000
      vertex -48.090000 7.225000 -21.320000
      vertex -48.090000 5.675000 -21.320000
    endloop
  endfacet
  facet normal 0.000000 -1.000000 0.000000
    outer loop
      vertex -47.320000 11.200000 -22.750000
      vertex -46.660000 11.200000 -22.750000
      vertex -46.660000 11.200000 -22.090000
    endloop
  endfacet
  facet normal 0.000000 -1.000000 0.000000
    outer loop
      vertex -47.320000 11.200000 -22.750000
      vertex -46.660000 11.200000 -22.090000
      vertex -47.320000 11.200000 -22.090000
    endloop
  endfacet
  facet normal 0.000000 1.000000 0.000000
    outer loop
      vertex -47.320000 6.000000 -22.090000
      vertex -46.660000 6.000000 -22.090000
      vertex -46.660000 6.000000 -22.750000
    endloop
  endfacet
  facet normal 0.000000 1.000000 0.000000
    outer loop
      vertex -47.320000 6.000000 -22.090000
      vertex -46.660000 6.000000 -22.750000
      vertex -47.320000 6.000000 -22.750000
    endloop
  endfacet
  facet normal 0.000000 0.000000 -1.000000
    outer loop
      vertex -47.320000 11.200000 -22.090000
      vertex -46.660000 11.200000 -22.090000
      vertex -46.660000 6.000000 -22.090000
    endloop
  endfacet
  facet normal 0.000000 0.000000 -1.000000
    outer loop
      vertex -47.320000 11.200000 -22.090000
      vertex -46.660000 6.000000 -22.090000
      vertex -47.320000 6.000000 -22.090000
    endloop
  endfacet
  facet normal 0.000000 0.000000 1.000000
    outer loop
      vertex -46.660000 6.000000 -22.750000
      vertex -46.660000 11.200000 -22.750000
      vertex -47.320000 11.200000 -22.750000
    endloop
  endfacet
  facet normal 0.000000 0.000000 1.000000
    outer loop
      vertex -46.660000 6.000000 -22.750000
      vertex -47.320000 11.200000 -22.750000
      vertex -47.320000 6.000000 -22.750000
    endloop
  endfacet
  facet normal -1.000000 0.000000 0.000000
    outer loop
      vertex -46.660000 6.000000 -22.090000
      vertex -46.660000 11.200000 -22.090000
      vertex -46.660000 11.200000 -22.750000
    endloop
  endfacet
  facet normal -1.000000 0.000000 0.000000
    outer loop
      vertex -46.660000 6.000000 -22.090000
      vertex -46.660000 11.200000 -22.750000
      vertex -46.660000 6.000000 -22.750000
    endloop
  endfacet
  facet normal 1.000000 0.000000 0.000000
    outer loop
      vertex -47.320000 6.000000 -22.750000
      vertex -47.320000 11.200000 -22.750000
      vertex -47.320000 11.200000 -22.090000
    endloop
  endfacet
  facet normal 1.000000 0.000000 0.000000
    outer loop
      vertex -47.320000 6.000000 -22.750000
      vertex -47.320000 11.200000 -22.090000
      vertex -47.320000 6.000000 -22.090000
    endloop
  endfacet
  facet normal 0.000000 -1.000000 0.000000
    outer loop
      vertex -45.550000 7.225000 -23.520000
      vertex -43.350000 7.225000 -23.520000
      vertex -43.350000 7.225000 -21.320000
    endloop
  endfacet
  facet normal 0.000000 -1.000000 0.000000
    outer loop
      vertex -45.550000 7.225000 -23.520000
      vertex -43.350000 7.225000 -21.320000
      vertex -45.550000 7.225000 -21.320000
    endloop
  endfacet
  facet normal 0.000000 1.000000 0.000000
    outer loop
      vertex -45.550000 5.675000 -21.320000
      vertex -43.350000 5.675000 -21.320000
      vertex -43.350000 5.675000 -23.520000
    endloop
  endfacet
  facet normal 0.000000 1.000000 0.000000
    outer loop
      vertex -45.550000 5.675000 -21.320000
      vertex -43.350000 5.675000 -23.520000
      vertex -45.550000 5.675000 -23.520000
    endloop
  endfacet
  facet normal 0.000000 0.000000 -1.000000
    outer loop
      vertex -45.550000 7.225000 -21.320000
      vertex -43.350000 7.225000 -21.320000
      vertex -43.350000 5.675000 -21.320000
    endloop
  endfacet
  facet normal 0.000000 0.000000 -1.000000
    outer loop
      vertex -45.550000 7.225000 -21.320000
      vertex -43.350000 5.675000 -21.320000
      vertex -45.550000 5.675000 -21.320000
    endloop
  endfacet
  facet normal 0.000000 0.000000 1.000000
    outer loop
      vertex -43.350000 5.675000 -23.520000
      vertex -43.350000 7.225000 -23.520000
      vertex -45.550000 7.225000 -23.520000
    endloop
  endfacet
  facet normal 0.000000 0.000000 1.000000
    outer loop
      vertex -43.350000 5.675000 -23.520000
      vertex -45.550000 7.225000 -23.520000
      vertex -45.550000 5.675000 -23.520000
    endloop
  endfacet
  facet normal -1.000000 0.000000 0.000000
    outer loop
      vertex -43.350000 5.675000 -21.320000
      vertex -43.350000 7.225000 -21.320000
      vertex -43.350000 7.225000 -23.520000
    endloop
  endfacet
  facet normal -1.000000 0.000000 0.000000
    outer loop
      vertex -43.350000 5.675000 -21.320000
      vertex -43.350000 7.225000 -23.520000
      vertex -43.350000 5.675000 -23.520000
    endloop
  endfacet
  facet normal 1.000000 0.000000 0.000000
    outer loop
      vertex -45.550000 5.675000 -23.520000
      vertex -45.550000 7.225000 -23.520000
      vertex -45.550000 7.225000 -21.320000
    endloop
  endfacet
  facet normal 1.000000 0.000000 0.000000
    outer loop
      vertex -45.550000 5.675000 -23.520000
      vertex -45.550000 7.225000 -21.320000
      vertex -45.550000 5.675000 -21.320000
    endloop
  endfacet
  facet normal 0.000000 -1.000000 0.000000
    outer loop
      vertex -44.780000 11.200000 -22.750000
      vertex -44.120000 11.200000 -22.750000
      vertex -44.120000 11.200000 -22.090000
    endloop
  endfacet
  facet normal 0.000000 -1.000000 0.000000
    outer loop
      vertex -44.780000 11.200000 -22.750000
      vertex -44.120000 11.200000 -22.090000
      vertex -44.780000 11.200000 -22.090000
    endloop
  endfacet
  facet normal 0.000000 1.000000 0.000000
    outer loop
      vertex -44.780000 6.000000 -22.090000
      vertex -44.120000 6.000000 -22.090000
      vertex -44.120000 6.000000 -22.750000
    endloop
  endfacet
  facet normal 0.000000 1.000000 0.000000
    outer loop
      vertex -44.780000 6.000000 -22.090000
      vertex -44.120000 6.000000 -22.750000
      vertex -44.780000 6.000000 -22.750000
    endloop
  endfacet
  facet normal 0.000000 0.000000 -1.000000
    outer loop
      vertex -44.780000 11.200000 -22.090000
      vertex -44.120000 11.200000 -22.090000
      vertex -44.120000 6.000000 -22.090000
    endloop
  endfacet
  facet normal 0.000000 0.000000 -1.000000
    outer loop
      vertex -44.780000 11.200000 -22.090000
      vertex -44.120000 6.000000 -22.090000
      vertex -44.780000 6.000000 -22.090000
    endloop
  endfacet
  facet normal 0.000000 0.000000 1.000000
    outer loop
      vertex -44.120000 6.000000 -22.750000
      vertex -44.120000 11.200000 -22.750000
      vertex -44.780000 11.200000 -22.750000
    endloop
  endfacet
  facet normal 0.000000 0.000000 1.000000
    outer loop
      vertex -44.120000 6.000000 -22.750000
      vertex -44.780000 11.200000 -22.750000
      vertex -44.780000 6.000000 -22.750000
    endloop
  endfacet
  facet normal -1.000000 0.000000 0.000000
    outer loop
      vertex -44.120000 6.000000 -22.090000
      vertex -44.120000 11.200000 -22.090000
      vertex -44.120000 11.200000 -22.750000
    endloop
  endfacet
  facet normal -1.000000 0.000000 0.000000
    outer loop
      vertex -44.120000 6.000000 -22.090000
      vertex -44.120000 11.200000 -22.750000
      vertex -44.120000 6.000000 -22.750000
    endloop
  endfacet
  facet normal 1.000000 0.000000 0.000000
    outer loop
      vertex -44.780000 6.000000 -22.750000
      vertex -44.780000 11.200000 -22.750000
      vertex -44.780000 11.200000 -22.090000
    endloop
  endfacet
  facet normal 1.000000 0.000000 0.000000
    outer loop
      vertex -44.780000 6.000000 -22.750000
      vertex -44.780000 11.200000 -22.090000
      vertex -44.780000 6.000000 -22.090000
    endloop
  endfacet
  facet normal 0.000000 -1.000000 0.000000
    outer loop
      vertex -43.010000 7.225000 -23.520000
      vertex -40.810000 7.225000 -23.520000
      vertex -40.810000 7.225000 -21.320000
    endloop
  endfacet
  facet normal 0.000000 -1.000000 0.000000
    outer loop
      vertex -43.010000 7.225000 -23.520000
      vertex -40.810000 7.225000 -21.320000
      vertex -43.010000 7.225000 -21.320000
    endloop
  endfacet
  facet normal 0.000000 1.000000 0.000000
    outer loop
      vertex -43.010000 5.675000 -21.320000
      vertex -40.810000 5.675000 -21.320000
      vertex -40.810000 5.675000 -23.520000
    endloop
  endfacet
  facet normal 0.000000 1.000000 0.000000
    outer loop
      vertex -43.010000 5.675000 -21.320000
      vertex -40.810000 5.675000 -23.520000
      vertex -43.010000 5.675000 -23.520000
    endloop
  endfacet
  facet normal 0.000000 0.000000 -1.000000
    outer loop
      vertex -43.010000 7.225000 -21.320000
      vertex -40.810000 7.225000 -21.320000
      vertex -40.810000 5.675000 -21.320000
    endloop
  endfacet
  facet normal 0.000000 0.000000 -1.000000
    outer loop
      vertex -43.010000 7.225000 -21.320000
      vertex -40.810000 5.675000 -21.320000
      vertex -43.010000 5.675000 -21.320000
    endloop
  endfacet
  facet normal 0.000000 0.000000 1.000000
    outer loop
      vertex -40.810000 5.675000 -23.520000
      vertex -40.810000 7.225000 -23.520000
      vertex -43.010000 7.225000 -23.520000
    endloop
  endfacet
  facet normal 0.000000 0.000000 1.000000
    outer loop
      vertex -40.810000 5.675000 -23.520000
      vertex -43.010000 7.225000 -23.520000
      vertex -43.010000 5.675000 -23.520000
    endloop
  endfacet
  facet normal -1.000000 0.000000 0.000000
    outer loop
      vertex -40.810000 5.675000 -21.320000
      vertex -40.810000 7.225000 -21.320000
      vertex -40.810000 7.225000 -23.520000
    endloop
  endfacet
  facet normal -1.000000 0.000000 0.000000
    outer loop
      vertex -40.810000 5.675000 -21.320000
      vertex -40.810000 7.225000 -23.520000
      vertex -40.810000 5.675000 -23.520000
    endloop
  endfacet
  facet normal 1.000000 0.000000 0.000000
    outer loop
      vertex -43.010000 5.675000 -23.520000
      vertex -43.010000 7.225000 -23.520000
      vertex -43.010000 7.225000 -21.320000
    endloop
  endfacet
  facet normal 1.000000 0.000000 0.000000
    outer loop
      vertex -43.010000 5.675000 -23.520000
      vertex -43.010000 7.225000 -21.320000
      vertex -43.010000 5.675000 -21.320000
    endloop
  endfacet
  facet normal 0.000000 -1.000000 0.000000
    outer loop
      vertex -42.240000 11.200000 -22.750000
      vertex -41.580000 11.200000 -22.750000
      vertex -41.580000 11.200000 -22.090000
    endloop
  endfacet
  facet normal 0.000000 -1.000000 0.000000
    outer loop
      vertex -42.240000 11.200000 -22.750000
      vertex -41.580000 11.200000 -22.090000
      vertex -42.240000 11.200000 -22.090000
    endloop
  endfacet
  facet normal 0.000000 1.000000 0.000000
    outer loop
      vertex -42.240000 6.000000 -22.090000
      vertex -41.580000 6.000000 -22.090000
      vertex -41.580000 6.000000 -22.750000
    endloop
  endfacet
  facet normal 0.000000 1.000000 0.000000
    outer loop
      vertex -42.240000 6.000000 -22.090000
      vertex -41.580000 6.000000 -22.750000
      vertex -42.240000 6.000000 -22.750000
    endloop
  endfacet
  facet normal 0.000000 0.000000 -1.000000
    outer loop
      vertex -42.240000 11.200000 -22.090000
      vertex -41.580000 11.200000 -22.090000
      vertex -41.580000 6.000000 -22.090000
    endloop
  endfacet
  facet normal 0.000000 0.000000 -1.000000
    outer loop
      vertex -42.240000 11.200000 -22.090000
      vertex -41.580000 6.000000 -22.090000
      vertex -42.240000 6.000000 -22.090000
    endloop
  endfacet
  facet normal 0.000000 0.000000 1.000000
    outer loop
      vertex -41.580000 6.000000 -22.750000
      vertex -41.580000 11.200000 -22.750000
      vertex -42.240000 11.200000 -22.750000
    endloop
  endfacet
  facet normal 0.000000 0.000000 1.000000
    outer loop
      vertex -41.580000 6.000000 -22.750000
      vertex -42.240000 11.200000 -22.750000
      vertex -42.240000 6.000000 -22.750000
    endloop
  endfacet
  facet normal -1.000000 0.000000 0.000000
    outer loop
      vertex -41.580000 6.000000 -22.090000
      vertex -41.580000 11.200000 -22.090000
      vertex -41.580000 11.200000 -22.750000
    endloop
  endfacet
  facet normal -1.000000 0.000000 0.000000
    outer loop
      vertex -41.580000 6.000000 -22.090000
      vertex -41.580000 11.200000 -22.750000
      vertex -41.580000 6.000000 -22.750000
    endloop
  endfacet
  facet normal 1.000000 0.000000 0.000000
    outer loop
      vertex -42.240000 6.000000 -22.750000
      vertex -42.240000 11.200000 -22.750000
      vertex -42.240000 11.200000 -22.090000
    endloop
  endfacet
  facet normal 1.000000 0.000000 0.000000
    outer loop
      vertex -42.240000 6.000000 -22.750000
      vertex -42.240000 11.200000 -22.090000
      vertex -42.240000 6.000000 -22.090000
    endloop
  endfacet
  facet normal 0.000000 -1.000000 0.000000
    outer loop
      vertex -40.470000 7.225000 -23.520000
      vertex -38.270000 7.225000 -23.520000
      vertex -38.270000 7.225000 -21.320000
    endloop
  endfacet
  facet normal 0.000000 -1.000000 0.000000
    outer loop
      vertex -40.470000 7.225000 -23.520000
      vertex -38.270000 7.225000 -21.320000
      vertex -40.470000 7.225000 -21.320000
    endloop
  endfacet
  facet normal 0.000000 1.000000 0.000000
    outer loop
      vertex -40.470000 5.675000 -21.320000
      vertex -38.270000 5.675000 -21.320000
      vertex -38.270000 5.675000 -23.520000
    endloop
  endfacet
  facet normal 0.000000 1.000000 0.000000
    outer loop
      vertex -40.470000 5.675000 -21.320000
      vertex -38.270000 5.675000 -23.520000
      vertex -40.470000 5.675000 -23.520000
    endloop
  endfacet
  facet normal 0.000000 0.000000 -1.000000
    outer loop
      vertex -40.470000 7.225000 -21.320000
      vertex -38.270000 7.225000 -21.320000
      vertex -38.270000 5.675000 -21.320000
    endloop
  endfacet
  facet normal 0.000000 0.000000 -1.000000
    outer loop
      vertex -40.470000 7.225000 -21.320000
      vertex -38.270000 5.675000 -21.320000
      vertex -40.470000 5.675000 -21.320000
    endloop
  endfacet
  facet normal 0.000000 0.000000 1.000000
    outer loop
      vertex -38.270000 5.675000 -23.520000
      vertex -38.270000 7.225000 -23.520000
      vertex -40.470000 7.225000 -23.520000
    endloop
  endfacet
  facet normal 0.000000 0.000000 1.000000
    outer loop
      vertex -38.270000 5.675000 -23.520000
      vertex -40.470000 7.225000 -23.520000
      vertex -40.470000 5.675000 -23.520000
    endloop
  endfacet
  facet normal -1.000000 0.000000 0.000000
    outer loop
      vertex -38.270000 5.675000 -21.320000
      vertex -38.270000 7.225000 -21.320000
      vertex -38.270000 7.225000 -23.520000
    endloop
  endfacet
  facet normal -1.000000 0.000000 0.000000
    outer loop
      vertex -38.270000 5.675000 -21.320000
      vertex -38.270000 7.225000 -23.520000
      vertex -38.270000 5.675000 -23.520000
    endloop
  endfacet
  facet normal 1.000000 0.000000 0.000000
    outer loop
      vertex -40.470000 5.675000 -23.520000
      vertex -40.470000 7.225000 -23.520000
      vertex -40.470000 7.225000 -21.320000
    endloop
  endfacet
  facet normal 1.000000 0.000000 0.000000
    outer loop
      vertex -40.470000 5.675000 -23.520000
      vertex -40.470000 7.225000 -21.320000
      vertex -40.470000 5.675000 -21.320000
    endloop
  endfacet
  facet normal 0.000000 -1.000000 0.000000
    outer loop
      vertex -39.700000 11.200000 -22.750000
      vertex -39.040000 11.200000 -22.750000
      vertex -39.040000 11.200000 -22.090000
    endloop
  endfacet
  facet normal 0.000000 -1.000000 0.000000
    outer loop
      vertex -39.700000 11.200000 -22.750000
      vertex -39.040000 11.200000 -22.090000
      vertex -39.700000 11.200000 -22.090000
    endloop
  endfacet
  facet normal 0.000000 1.000000 0.000000
    outer loop
      vertex -39.700000 6.000000 -22.090000
      vertex -39.040000 6.000000 -22.090000
      vertex -39.040000 6.000000 -22.750000
    endloop
  endfacet
  facet normal 0.000000 1.000000 0.000000
    outer loop
      vertex -39.700000 6.000000 -22.090000
      vertex -39.040000 6.000000 -22.750000
      vertex -39.700000 6.000000 -22.750000
    endloop
  endfacet
  facet normal 0.000000 0.000000 -1.000000
    outer loop
      vertex -39.700000 11.200000 -22.090000
      vertex -39.040000 11.200000 -22.090000
      vertex -39.040000 6.000000 -22.090000
    endloop
  endfacet
  facet normal 0.000000 0.000000 -1.000000
    outer loop
      vertex -39.700000 11.200000 -22.090000
      vertex -39.040000 6.000000 -22.090000
      vertex -39.700000 6.000000 -22.090000
    endloop
  endfacet
  facet normal 0.000000 0.000000 1.000000
    outer loop
      vertex -39.040000 6.000000 -22.750000
      vertex -39.040000 11.200000 -22.750000
      vertex -39.700000 11.200000 -22.750000
    endloop
  endfacet
  facet normal 0.000000 0.000000 1.000000
    outer loop
      vertex -39.040000 6.000000 -22.750000
      vertex -39.700000 11.200000 -22.750000
      vertex -39.700000 6.000000 -22.750000
    endloop
  endfacet
  facet normal -1.000000 0.000000 0.000000
    outer loop
      vertex -39.040000 6.000000 -22.090000
      vertex -39.040000 11.200000 -22.090000
      vertex -39.040000 11.200000 -22.750000
    endloop
  endfacet
  facet normal -1.000000 0.000000 0.000000
    outer loop
      vertex -39.040000 6.000000 -22.090000
      vertex -39.040000 11.200000 -22.750000
      vertex -39.040000 6.000000 -22.750000
    endloop
  endfacet
  facet normal 1.000000 0.000000 0.000000
    outer loop
      vertex -39.700000 6.000000 -22.750000
      vertex -39.700000 11.200000 -22.750000
      vertex -39.700000 11.200000 -22.090000
    endloop
  endfacet
  facet normal 1.000000 0.000000 0.000000
    outer loop
      vertex -39.700000 6.000000 -22.750000
      vertex -39.700000 11.200000 -22.090000
      vertex -39.700000 6.000000 -22.090000
    endloop
  endfacet
  facet normal 0.000000 -1.000000 0.000000
    outer loop
      vertex -37.930000 7.225000 -23.520000
      vertex -35.730000 7.225000 -23.520000
      vertex -35.730000 7.225000 -21.320000
    endloop
  endfacet
  facet normal 0.000000 -1.000000 0.000000
    outer loop
      vertex -37.930000 7.225000 -23.520000
      vertex -35.730000 7.225000 -21.320000
      vertex -37.930000 7.225000 -21.320000
    endloop
  endfacet
  facet normal 0.000000 1.000000 0.000000
    outer loop
      vertex -37.930000 5.675000 -21.320000
      vertex -35.730000 5.675000 -21.320000
      vertex -35.730000 5.675000 -23.520000
    endloop
  endfacet
  facet normal 0.000000 1.000000 0.000000
    outer loop
      vertex -37.930000 5.675000 -21.320000
      vertex -35.730000 5.675000 -23.520000
      vertex -37.930000 5.675000 -23.520000
    endloop
  endfacet
  facet normal 0.000000 0.000000 -1.000000
    outer loop
      vertex -37.930000 7.225000 -21.320000
      vertex -35.730000 7.225000 -21.320000
      vertex -35.730000 5.675000 -21.320000
    endloop
  endfacet
  facet normal 0.000000 0.000000 -1.000000
    outer loop
      vertex -37.930000 7.225000 -21.320000
      vertex -35.730000 5.675000 -21.320000
      vertex -37.930000 5.675000 -21.320000
    endloop
  endfacet
  facet normal 0.000000 0.000000 1.000000
    outer loop
      vertex -35.730000 5.675000 -23.520000
      vertex -35.730000 7.225000 -23.520000
      vertex -37.930000 7.225000 -23.520000
    endloop
  endfacet
  facet normal 0.000000 0.000000 1.000000
    outer loop
      vertex -35.730000 5.675000 -23.520000
      vertex -37.930000 7.225000 -23.520000
      vertex -37.930000 5.675000 -23.520000
    endloop
  endfacet
  facet normal -1.000000 0.000000 0.000000
    outer loop
      vertex -35.730000 5.675000 -21.320000
      vertex -35.730000 7.225000 -21.320000
      vertex -35.730000 7.225000 -23.520000
    endloop
  endfacet
  facet normal -1.000000 0.000000 0.000000
    outer loop
      vertex -35.730000 5.675000 -21.320000
      vertex -35.730000 7.225000 -23.520000
      vertex -35.730000 5.675000 -23.520000
    endloop
  endfacet
  facet normal 1.000000 0.000000 0.000000
    outer loop
      vertex -37.930000 5.675000 -23.520000
      vertex -37.930000 7.225000 -23.520000
      vertex -37.930000 7.225000 -21.320000
    endloop
  endfacet
  facet normal 1.000000 0.000000 0.000000
    outer loop
      vertex -37.930000 5.675000 -23.520000
      vertex -37.930000 7.225000 -21.320000
      vertex -37.930000 5.675000 -21.320000
    endloop
  endfacet
  facet normal 0.000000 -1.000000 0.000000
    outer loop
      vertex -37.160000 11.200000 -22.750000
      vertex -36.500000 11.200000 -22.750000
      vertex -36.500000 11.200000 -22.090000
    endloop
  endfacet
  facet normal 0.000000 -1.000000 0.000000
    outer loop
      vertex -37.160000 11.200000 -22.750000
      vertex -36.500000 11.200000 -22.090000
      vertex -37.160000 11.200000 -22.090000
    endloop
  endfacet
  facet normal 0.000000 1.000000 0.000000
    outer loop
      vertex -37.160000 6.000000 -22.090000
      vertex -36.500000 6.000000 -22.090000
      vertex -36.500000 6.000000 -22.750000
    endloop
  endfacet
  facet normal 0.000000 1.000000 0.000000
    outer loop
      vertex -37.160000 6.000000 -22.090000
      vertex -36.500000 6.000000 -22.750000
      vertex -37.160000 6.000000 -22.750000
    endloop
  endfacet
  facet normal 0.000000 0.000000 -1.000000
    outer loop
      vertex -37.160000 11.200000 -22.090000
      vertex -36.500000 11.200000 -22.090000
      vertex -36.500000 6.000000 -22.090000
    endloop
  endfacet
  facet normal 0.000000 0.000000 -1.000000
    outer loop
      vertex -37.160000 11.200000 -22.090000
      vertex -36.500000 6.000000 -22.090000
      vertex -37.160000 6.000000 -22.090000
    endloop
  endfacet
  facet normal 0.000000 0.000000 1.000000
    outer loop
      vertex -36.500000 6.000000 -22.750000
      vertex -36.500000 11.200000 -22.750000
      vertex -37.160000 11.200000 -22.750000
    endloop
  endfacet
  facet normal 0.000000 0.000000 1.000000
    outer loop
      vertex -36.500000 6.000000 -22.750000
      vertex -37.160000 11.200000 -22.750000
      vertex -37.160000 6.000000 -22.750000
    endloop
  endfacet
  facet normal -1.000000 0.000000 0.000000
    outer loop
      vertex -36.500000 6.000000 -22.090000
      vertex -36.500000 11.200000 -22.090000
      vertex -36.500000 11.200000 -22.750000
    endloop
  endfacet
  facet normal -1.000000 0.000000 0.000000
    outer loop
      vertex -36.500000 6.000000 -22.090000
      vertex -36.500000 11.200000 -22.750000
      vertex -36.500000 6.000000 -22.750000
    endloop
  endfacet
  facet normal 1.000000 0.000000 0.000000
    outer loop
      vertex -37.160000 6.000000 -22.750000
      vertex -37.160000 11.200000 -22.750000
      vertex -37.160000 11.200000 -22.090000
    endloop
  endfacet
  facet normal 1.000000 0.000000 0.000000
    outer loop
      vertex -37.160000 6.000000 -22.750000
      vertex -37.160000 11.200000 -22.090000
      vertex -37.160000 6.000000 -22.090000
    endloop
  endfacet
  facet normal 0.000000 -1.000000 0.000000
    outer loop
      vertex -35.390000 7.225000 -23.520000
      vertex -33.190000 7.225000 -23.520000
      vertex -33.190000 7.225000 -21.320000
    endloop
  endfacet
  facet normal 0.000000 -1.000000 0.000000
    outer loop
      vertex -35.390000 7.225000 -23.520000
      vertex -33.190000 7.225000 -21.320000
      vertex -35.390000 7.225000 -21.320000
    endloop
  endfacet
  facet normal 0.000000 1.000000 0.000000
    outer loop
      vertex -35.390000 5.675000 -21.320000
      vertex -33.190000 5.675000 -21.320000
      vertex -33.190000 5.675000 -23.520000
    endloop
  endfacet
  facet normal 0.000000 1.000000 0.000000
    outer loop
      vertex -35.390000 5.675000 -21.320000
      vertex -33.190000 5.675000 -23.520000
      vertex -35.390000 5.675000 -23.520000
    endloop
  endfacet
  facet normal 0.000000 0.000000 -1.000000
    outer loop
      vertex -35.390000 7.225000 -21.320000
      vertex -33.190000 7.225000 -21.320000
      vertex -33.190000 5.675000 -21.320000
    endloop
  endfacet
  facet normal 0.000000 0.000000 -1.000000
    outer loop
      vertex -35.390000 7.225000 -21.320000
      vertex -33.190000 5.675000 -21.320000
      vertex -35.390000 5.675000 -21.320000
    endloop
  endfacet
  facet normal 0.000000 0.000000 1.000000
    outer loop
      vertex -33.190000 5.675000 -23.520000
      vertex -33.190000 7.225000 -23.520000
      vertex -35.390000 7.225000 -23.520000
    endloop
  endfacet
  facet normal 0.000000 0.000000 1.000000
    outer loop
      vertex -33.190000 5.675000 -23.520000
      vertex -35.390000 7.225000 -23.520000
      vertex -35.390000 5.675000 -23.520000
    endloop
  endfacet
  facet normal -1.000000 0.000000 0.000000
    outer loop
      vertex -33.190000 5.675000 -21.320000
      vertex -33.190000 7.225000 -21.320000
      vertex -33.190000 7.225000 -23.520000
    endloop
  endfacet
  facet normal -1.000000 0.000000 0.000000
    outer loop
      vertex -33.190000 5.675000 -21.320000
      vertex -33.190000 7.225000 -23.520000
      vertex -33.190000 5.675000 -23.520000
    endloop
  endfacet
  facet normal 1.000000 0.000000 0.000000
    outer loop
      vertex -35.390000 5.675000 -23.520000
      vertex -35.390000 7.225000 -23.520000
      vertex -35.390000 7.225000 -21.320000
    endloop
  endfacet
  facet normal 1.000000 0.000000 0.000000
    outer loop
      vertex -35.390000 5.675000 -23.520000
      vertex -35.390000 7.225000 -21.320000
      vertex -35.390000 5.675000 -21.320000
    endloop
  endfacet
  facet normal 0.000000 -1.000000 0.000000
    outer loop
      vertex -34.620000 11.200000 -22.750000
      vertex -33.960000 11.200000 -22.750000
      vertex -33.960000 11.200000 -22.090000
    endloop
  endfacet
  facet normal 0.000000 -1.000000 0.000000
    outer loop
      vertex -34.620000 11.200000 -22.750000
      vertex -33.960000 11.200000 -22.090000
      vertex -34.620000 11.200000 -22.090000
    endloop
  endfacet
  facet normal 0.000000 1.000000 0.000000
    outer loop
      vertex -34.620000 6.000000 -22.090000
      vertex -33.960000 6.000000 -22.090000
      vertex -33.960000 6.000000 -22.750000
    endloop
  endfacet
  facet normal 0.000000 1.000000 0.000000
    outer loop
      vertex -34.620000 6.000000 -22.090000
      vertex -33.960000 6.000000 -22.750000
      vertex -34.620000 6.000000 -22.750000
    endloop
  endfacet
  facet normal 0.000000 0.000000 -1.000000
    outer loop
      vertex -34.620000 11.200000 -22.090000
      vertex -33.960000 11.200000 -22.090000
      vertex -33.960000 6.000000 -22.090000
    endloop
  endfacet
  facet normal 0.000000 0.000000 -1.000000
    outer loop
      vertex -34.620000 11.200000 -22.090000
      vertex -33.960000 6.000000 -22.090000
      vertex -34.620000 6.000000 -22.090000
    endloop
  endfacet
  facet normal 0.000000 0.000000 1.000000
    outer loop
      vertex -33.960000 6.000000 -22.750000
      vertex -33.960000 11.200000 -22.750000
      vertex -34.620000 11.200000 -22.750000
    endloop
  endfacet
  facet normal 0.000000 0.000000 1.000000
    outer loop
      vertex -33.960000 6.000000 -22.750000
      vertex -34.620000 11.200000 -22.750000
      vertex -34.620000 6.000000 -22.750000
    endloop
  endfacet
  facet normal -1.000000 0.000000 0.000000
    outer loop
      vertex -33.960000 6.000000 -22.090000
      vertex -33.960000 11.200000 -22.090000
      vertex -33.960000 11.200000 -22.750000
    endloop
  endfacet
  facet normal -1.000000 0.000000 0.000000
    outer loop
      vertex -33.960000 6.000000 -22.090000
      vertex -33.960000 11.200000 -22.750000
      vertex -33.960000 6.000000 -22.750000
    endloop
  endfacet
  facet normal 1.000000 0.000000 0.000000
    outer loop
      vertex -34.620000 6.000000 -22.750000
      vertex -34.620000 11.200000 -22.750000
      vertex -34.620000 11.200000 -22.090000
    endloop
  endfacet
  facet normal 1.000000 0.000000 0.000000
    outer loop
      vertex -34.620000 6.000000 -22.750000
      vertex -34.620000 11.200000 -22.090000
      vertex -34.620000 6.000000 -22.090000
    endloop
  endfacet
  facet normal 0.000000 -1.000000 0.000000
    outer loop
      vertex -32.850000 7.225000 -23.520000
      vertex -30.650000 7.225000 -23.520000
      vertex -30.650000 7.225000 -21.320000
    endloop
  endfacet
  facet normal 0.000000 -1.000000 0.000000
    outer loop
      vertex -32.850000 7.225000 -23.520000
      vertex -30.650000 7.225000 -21.320000
      vertex -32.850000 7.225000 -21.320000
    endloop
  endfacet
  facet normal 0.000000 1.000000 0.000000
    outer loop
      vertex -32.850000 5.675000 -21.320000
      vertex -30.650000 5.675000 -21.320000
      vertex -30.650000 5.675000 -23.520000
    endloop
  endfacet
  facet normal 0.000000 1.000000 0.000000
    outer loop
      vertex -32.850000 5.675000 -21.320000
      vertex -30.650000 5.675000 -23.520000
      vertex -32.850000 5.675000 -23.520000
    endloop
  endfacet
  facet normal 0.000000 0.000000 -1.000000
    outer loop
      vertex -32.850000 7.225000 -21.320000
      vertex -30.650000 7.225000 -21.320000
      vertex -30.650000 5.675000 -21.320000
    endloop
  endfacet
  facet normal 0.000000 0.000000 -1.000000
    outer loop
      vertex -32.850000 7.225000 -21.320000
      vertex -30.650000 5.675000 -21.320000
      vertex -32.850000 5.675000 -21.320000
    endloop
  endfacet
  facet normal 0.000000 0.000000 1.000000
    outer loop
      vertex -30.650000 5.675000 -23.520000
      vertex -30.650000 7.225000 -23.520000
      vertex -32.850000 7.225000 -23.520000
    endloop
  endfacet
  facet normal 0.000000 0.000000 1.000000
    outer loop
      vertex -30.650000 5.675000 -23.520000
      vertex -32.850000 7.225000 -23.520000
      vertex -32.850000 5.675000 -23.520000
    endloop
  endfacet
  facet normal -1.000000 0.000000 0.000000
    outer loop
      vertex -30.650000 5.675000 -21.320000
      vertex -30.650000 7.225000 -21.320000
      vertex -30.650000 7.225000 -23.520000
    endloop
  endfacet
  facet normal -1.000000 0.000000 0.000000
    outer loop
      vertex -30.650000 5.675000 -21.320000
      vertex -30.650000 7.225000 -23.520000
      vertex -30.650000 5.675000 -23.520000
    endloop
  endfacet
  facet normal 1.000000 0.000000 0.000000
    outer loop
      vertex -32.850000 5.675000 -23.520000
      vertex -32.850000 7.225000 -23.520000
      vertex -32.850000 7.225000 -21.320000
    endloop
  endfacet
  facet normal 1.000000 0.000000 0.000000
    outer loop
      vertex -32.850000 5.675000 -23.520000
      vertex -32.850000 7.225000 -21.320000
      vertex -32.850000 5.675000 -21.320000
    endloop
  endfacet
  facet normal 0.000000 -1.000000 0.000000
    outer loop
      vertex -32.080000 11.200000 -22.750000
      vertex -31.420000 11.200000 -22.750000
      vertex -31.420000 11.200000 -22.090000
    endloop
  endfacet
  facet normal 0.000000 -1.000000 0.000000
    outer loop
      vertex -32.080000 11.200000 -22.750000
      vertex -31.420000 11.200000 -22.090000
      vertex -32.080000 11.200000 -22.090000
    endloop
  endfacet
  facet normal 0.000000 1.000000 0.000000
    outer loop
      vertex -32.080000 6.000000 -22.090000
      vertex -31.420000 6.000000 -22.090000
      vertex -31.420000 6.000000 -22.750000
    endloop
  endfacet
  facet normal 0.000000 1.000000 0.000000
    outer loop
      vertex -32.080000 6.000000 -22.090000
      vertex -31.420000 6.000000 -22.750000
      vertex -32.080000 6.000000 -22.750000
    endloop
  endfacet
  facet normal 0.000000 0.000000 -1.000000
    outer loop
      vertex -32.080000 11.200000 -22.090000
      vertex -31.420000 11.200000 -22.090000
      vertex -31.420000 6.000000 -22.090000
    endloop
  endfacet
  facet normal 0.000000 0.000000 -1.000000
    outer loop
      vertex -32.080000 11.200000 -22.090000
      vertex -31.420000 6.000000 -22.090000
      vertex -32.080000 6.000000 -22.090000
    endloop
  endfacet
  facet normal 0.000000 0.000000 1.000000
    outer loop
      vertex -31.420000 6.000000 -22.750000
      vertex -31.420000 11.200000 -22.750000
      vertex -32.080000 11.200000 -22.750000
    endloop
  endfacet
  facet normal 0.000000 0.000000 1.000000
    outer loop
      vertex -31.420000 6.000000 -22.750000
      vertex -32.080000 11.200000 -22.750000
      vertex -32.080000 6.000000 -22.750000
    endloop
  endfacet
  facet normal -1.000000 0.000000 0.000000
    outer loop
      vertex -31.420000 6.000000 -22.090000
      vertex -31.420000 11.200000 -22.090000
      vertex -31.420000 11.200000 -22.750000
    endloop
  endfacet
  facet normal -1.000000 0.000000 0.000000
    outer loop
      vertex -31.420000 6.000000 -22.090000
      vertex -31.420000 11.200000 -22.750000
      vertex -31.420000 6.000000 -22.750000
    endloop
  endfacet
  facet normal 1.000000 0.000000 0.000000
    outer loop
      vertex -32.080000 6.000000 -22.750000
      vertex -32.080000 11.200000 -22.750000
      vertex -32.080000 11.200000 -22.090000
    endloop
  endfacet
  facet normal 1.000000 0.000000 0.000000
    outer loop
      vertex -32.080000 6.000000 -22.750000
      vertex -32.080000 11.200000 -22.090000
      vertex -32.080000 6.000000 -22.090000
    endloop
  endfacet
  facet normal 0.000000 -1.000000 0.000000
    outer loop
      vertex -30.310000 7.225000 -23.520000
      vertex -28.110000 7.225000 -23.520000
      vertex -28.110000 7.225000 -21.320000
    endloop
  endfacet
  facet normal 0.000000 -1.000000 0.000000
    outer loop
      vertex -30.310000 7.225000 -23.520000
      vertex -28.110000 7.225000 -21.320000
      vertex -30.310000 7.225000 -21.320000
    endloop
  endfacet
  facet normal 0.000000 1.000000 0.000000
    outer loop
      vertex -30.310000 5.675000 -21.320000
      vertex -28.110000 5.675000 -21.320000
      vertex -28.110000 5.675000 -23.520000
    endloop
  endfacet
  facet normal 0.000000 1.000000 0.000000
    outer loop
      vertex -30.310000 5.675000 -21.320000
      vertex -28.110000 5.675000 -23.520000
      vertex -30.310000 5.675000 -23.520000
    endloop
  endfacet
  facet normal 0.000000 0.000000 -1.000000
    outer loop
      vertex -30.310000 7.225000 -21.320000
      vertex -28.110000 7.225000 -21.320000
      vertex -28.110000 5.675000 -21.320000
    endloop
  endfacet
  facet normal 0.000000 0.000000 -1.000000
    outer loop
      vertex -30.310000 7.225000 -21.320000
      vertex -28.110000 5.675000 -21.320000
      vertex -30.310000 5.675000 -21.320000
    endloop
  endfacet
  facet normal 0.000000 0.000000 1.000000
    outer loop
      vertex -28.110000 5.675000 -23.520000
      vertex -28.110000 7.225000 -23.520000
      vertex -30.310000 7.225000 -23.520000
    endloop
  endfacet
  facet normal 0.000000 0.000000 1.000000
    outer loop
      vertex -28.110000 5.675000 -23.520000
      vertex -30.310000 7.225000 -23.520000
      vertex -30.310000 5.675000 -23.520000
    endloop
  endfacet
  facet normal -1.000000 0.000000 0.000000
    outer loop
      vertex -28.110000 5.675000 -21.320000
      vertex -28.110000 7.225000 -21.320000
      vertex -28.110000 7.225000 -23.520000
    endloop
  endfacet
  facet normal -1.000000 0.000000 0.000000
    outer loop
      vertex -28.110000 5.675000 -21.320000
      vertex -28.110000 7.225000 -23.520000
      vertex -28.110000 5.675000 -23.520000
    endloop
  endfacet
  facet normal 1.000000 0.000000 0.000000
    outer loop
      vertex -30.310000 5.675000 -23.520000
      vertex -30.310000 7.225000 -23.520000
      vertex -30.310000 7.225000 -21.320000
    endloop
  endfacet
  facet normal 1.000000 0.000000 0.000000
    outer loop
      vertex -30.310000 5.675000 -23.520000
      vertex -30.310000 7.225000 -21.320000
      vertex -30.310000 5.675000 -21.320000
    endloop
  endfacet
  facet normal 0.000000 -1.000000 0.000000
    outer loop
      vertex -29.540000 11.200000 -22.750000
      vertex -28.880000 11.200000 -22.750000
      vertex -28.880000 11.200000 -22.090000
    endloop
  endfacet
  facet normal 0.000000 -1.000000 0.000000
    outer loop
      vertex -29.540000 11.200000 -22.750000
      vertex -28.880000 11.200000 -22.090000
      vertex -29.540000 11.200000 -22.090000
    endloop
  endfacet
  facet normal 0.000000 1.000000 0.000000
    outer loop
      vertex -29.540000 6.000000 -22.090000
      vertex -28.880000 6.000000 -22.090000
      vertex -28.880000 6.000000 -22.750000
    endloop
  endfacet
  facet normal 0.000000 1.000000 0.000000
    outer loop
      vertex -29.540000 6.000000 -22.090000
      vertex -28.880000 6.000000 -22.750000
      vertex -29.540000 6.000000 -22.750000
    endloop
  endfacet
  facet normal 0.000000 0.000000 -1.000000
    outer loop
      vertex -29.540000 11.200000 -22.090000
      vertex -28.880000 11.200000 -22.090000
      vertex -28.880000 6.000000 -22.090000
    endloop
  endfacet
  facet normal 0.000000 0.000000 -1.000000
    outer loop
      vertex -29.540000 11.200000 -22.090000
      vertex -28.880000 6.000000 -22.090000
      vertex -29.540000 6.000000 -22.090000
    endloop
  endfacet
  facet normal 0.000000 0.000000 1.000000
    outer loop
      vertex -28.880000 6.000000 -22.750000
      vertex -28.880000 11.200000 -22.750000
      vertex -29.540000 11.200000 -22.750000
    endloop
  endfacet
  facet normal 0.000000 0.000000 1.000000
    outer loop
      vertex -28.880000 6.000000 -22.750000
      vertex -29.540000 11.200000 -22.750000
      vertex -29.540000 6.000000 -22.750000
    endloop
  endfacet
  facet normal -1.000000 0.000000 0.000000
    outer loop
      vertex -28.880000 6.000000 -22.090000
      vertex -28.880000 11.200000 -22.090000
      vertex -28.880000 11.200000 -22.750000
    endloop
  endfacet
  facet normal -1.000000 0.000000 0.000000
    outer loop
      vertex -28.880000 6.000000 -22.090000
      vertex -28.880000 11.200000 -22.750000
      vertex -28.880000 6.000000 -22.750000
    endloop
  endfacet
  facet normal 1.000000 0.000000 0.000000
    outer loop
      vertex -29.540000 6.000000 -22.750000
      vertex -29.540000 11.200000 -22.750000
      vertex -29.540000 11.200000 -22.090000
    endloop
  endfacet
  facet normal 1.000000 0.000000 0.000000
    outer loop
      vertex -29.540000 6.000000 -22.750000
      vertex -29.540000 11.200000 -22.090000
      vertex -29.540000 6.000000 -22.090000
    endloop
  endfacet
  facet normal 0.000000 -1.000000 0.000000
    outer loop
      vertex -27.770000 7.225000 -23.520000
      vertex -25.570000 7.225000 -23.520000
      vertex -25.570000 7.225000 -21.320000
    endloop
  endfacet
  facet normal 0.000000 -1.000000 0.000000
    outer loop
      vertex -27.770000 7.225000 -23.520000
      vertex -25.570000 7.225000 -21.320000
      vertex -27.770000 7.225000 -21.320000
    endloop
  endfacet
  facet normal 0.000000 1.000000 0.000000
    outer loop
      vertex -27.770000 5.675000 -21.320000
      vertex -25.570000 5.675000 -21.320000
      vertex -25.570000 5.675000 -23.520000
    endloop
  endfacet
  facet normal 0.000000 1.000000 0.000000
    outer loop
      vertex -27.770000 5.675000 -21.320000
      vertex -25.570000 5.675000 -23.520000
      vertex -27.770000 5.675000 -23.520000
    endloop
  endfacet
  facet normal 0.000000 0.000000 -1.000000
    outer loop
      vertex -27.770000 7.225000 -21.320000
      vertex -25.570000 7.225000 -21.320000
      vertex -25.570000 5.675000 -21.320000
    endloop
  endfacet
  facet normal 0.000000 0.000000 -1.000000
    outer loop
      vertex -27.770000 7.225000 -21.320000
      vertex -25.570000 5.675000 -21.320000
      vertex -27.770000 5.675000 -21.320000
    endloop
  endfacet
  facet normal 0.000000 0.000000 1.000000
    outer loop
      vertex -25.570000 5.675000 -23.520000
      vertex -25.570000 7.225000 -23.520000
      vertex -27.770000 7.225000 -23.520000
    endloop
  endfacet
  facet normal 0.000000 0.000000 1.000000
    outer loop
      vertex -25.570000 5.675000 -23.520000
      vertex -27.770000 7.225000 -23.520000
      vertex -27.770000 5.675000 -23.520000
    endloop
  endfacet
  facet normal -1.000000 0.000000 0.000000
    outer loop
      vertex -25.570000 5.675000 -21.320000
      vertex -25.570000 7.225000 -21.320000
      vertex -25.570000 7.225000 -23.520000
    endloop
  endfacet
  facet normal -1.000000 0.000000 0.000000
    outer loop
      vertex -25.570000 5.675000 -21.320000
      vertex -25.570000 7.225000 -23.520000
      vertex -25.570000 5.675000 -23.520000
    endloop
  endfacet
  facet normal 1.000000 0.000000 0.000000
    outer loop
      vertex -27.770000 5.675000 -23.520000
      vertex -27.770000 7.225000 -23.520000
      vertex -27.770000 7.225000 -21.320000
    endloop
  endfacet
  facet normal 1.000000 0.000000 0.000000
    outer loop
      vertex -27.770000 5.675000 -23.520000
      vertex -27.770000 7.225000 -21.320000
      vertex -27.770000 5.675000 -21.320000
    endloop
  endfacet
  facet normal 0.000000 -1.000000 0.000000
    outer loop
      vertex -27.000000 11.200000 -22.750000
      vertex -26.340000 11.200000 -22.750000
      vertex -26.340000 11.200000 -22.090000
    endloop
  endfacet
  facet normal 0.000000 -1.000000 0.000000
    outer loop
      vertex -27.000000 11.200000 -22.750000
      vertex -26.340000 11.200000 -22.090000
      vertex -27.000000 11.200000 -22.090000
    endloop
  endfacet
  facet normal 0.000000 1.000000 0.000000
    outer loop
      vertex -27.000000 6.000000 -22.090000
      vertex -26.340000 6.000000 -22.090000
      vertex -26.340000 6.000000 -22.750000
    endloop
  endfacet
  facet normal 0.000000 1.000000 0.000000
    outer loop
      vertex -27.000000 6.000000 -22.090000
      vertex -26.340000 6.000000 -22.750000
      vertex -27.000000 6.000000 -22.750000
    endloop
  endfacet
  facet normal 0.000000 0.000000 -1.000000
    outer loop
      vertex -27.000000 11.200000 -22.090000
      vertex -26.340000 11.200000 -22.090000
      vertex -26.340000 6.000000 -22.090000
    endloop
  endfacet
  facet normal 0.000000 0.000000 -1.000000
    outer loop
      vertex -27.000000 11.200000 -22.090000
      vertex -26.340000 6.000000 -22.090000
      vertex -27.000000 6.000000 -22.090000
    endloop
  endfacet
  facet normal 0.000000 0.000000 1.000000
    outer loop
      vertex -26.340000 6.000000 -22.750000
      vertex -26.340000 11.200000 -22.750000
      vertex -27.000000 11.200000 -22.750000
    endloop
  endfacet
  facet normal 0.000000 0.000000 1.000000
    outer loop
      vertex -26.340000 6.000000 -22.750000
      vertex -27.000000 11.200000 -22.750000
      vertex -27.000000 6.000000 -22.750000
    endloop
  endfacet
  facet normal -1.000000 0.000000 0.000000
    outer loop
      vertex -26.340000 6.000000 -22.090000
      vertex -26.340000 11.200000 -22.090000
      vertex -26.340000 11.200000 -22.750000
    endloop
  endfacet
  facet normal -1.000000 0.000000 0.000000
    outer loop
      vertex -26.340000 6.000000 -22.090000
      vertex -26.340000 11.200000 -22.750000
      vertex -26.340000 6.000000 -22.750000
    endloop
  endfacet
  facet normal 1.000000 0.000000 0.000000
    outer loop
      vertex -27.000000 6.000000 -22.750000
      vertex -27.000000 11.200000 -22.750000
      vertex -27.000000 11.200000 -22.090000
    endloop
  endfacet
  facet normal 1.000000 0.000000 0.000000
    outer loop
      vertex -27.000000 6.000000 -22.750000
      vertex -27.000000 11.200000 -22.090000
      vertex -27.000000 6.000000 -22.090000
    endloop
  endfacet
  facet normal 0.000000 -1.000000 0.000000
    outer loop
      vertex -25.230000 7.225000 -23.520000
      vertex -23.030000 7.225000 -23.520000
      vertex -23.030000 7.225000 -21.320000
    endloop
  endfacet
  facet normal 0.000000 -1.000000 0.000000
    outer loop
      vertex -25.230000 7.225000 -23.520000
      vertex -23.030000 7.225000 -21.320000
      vertex -25.230000 7.225000 -21.320000
    endloop
  endfacet
  facet normal 0.000000 1.000000 0.000000
    outer loop
      vertex -25.230000 5.675000 -21.320000
      vertex -23.030000 5.675000 -21.320000
      vertex -23.030000 5.675000 -23.520000
    endloop
  endfacet
  facet normal 0.000000 1.000000 0.000000
    outer loop
      vertex -25.230000 5.675000 -21.320000
      vertex -23.030000 5.675000 -23.520000
      vertex -25.230000 5.675000 -23.520000
    endloop
  endfacet
  facet normal 0.000000 0.000000 -1.000000
    outer loop
      vertex -25.230000 7.225000 -21.320000
      vertex -23.030000 7.225000 -21.320000
      vertex -23.030000 5.675000 -21.320000
    endloop
  endfacet
  facet normal 0.000000 0.000000 -1.000000
    outer loop
      vertex -25.230000 7.225000 -21.320000
      vertex -23.030000 5.675000 -21.320000
      vertex -25.230000 5.675000 -21.320000
    endloop
  endfacet
  facet normal 0.000000 0.000000 1.000000
    outer loop
      vertex -23.030000 5.675000 -23.520000
      vertex -23.030000 7.225000 -23.520000
      vertex -25.230000 7.225000 -23.520000
    endloop
  endfacet
  facet normal 0.000000 0.000000 1.000000
    outer loop
      vertex -23.030000 5.675000 -23.520000
      vertex -25.230000 7.225000 -23.520000
      vertex -25.230000 5.675000 -23.520000
    endloop
  endfacet
  facet normal -1.000000 0.000000 0.000000
    outer loop
      vertex -23.030000 5.675000 -21.320000
      vertex -23.030000 7.225000 -21.320000
      vertex -23.030000 7.225000 -23.520000
    endloop
  endfacet
  facet normal -1.000000 0.000000 0.000000
    outer loop
      vertex -23.030000 5.675000 -21.320000
      vertex -23.030000 7.225000 -23.520000
      vertex -23.030000 5.675000 -23.520000
    endloop
  endfacet
  facet normal 1.000000 0.000000 0.000000
    outer loop
      vertex -25.230000 5.675000 -23.520000
      vertex -25.230000 7.225000 -23.520000
      vertex -25.230000 7.225000 -21.320000
    endloop
  endfacet
  facet normal 1.000000 0.000000 0.000000
    outer loop
      vertex -25.230000 5.675000 -23.520000
      vertex -25.230000 7.225000 -21.320000
      vertex -25.230000 5.675000 -21.320000
    endloop
  endfacet
  facet normal 0.000000 -1.000000 0.000000
    outer loop
      vertex -24.460000 11.200000 -22.750000
      vertex -23.800000 11.200000 -22.750000
      vertex -23.800000 11.200000 -22.090000
    endloop
  endfacet
  facet normal 0.000000 -1.000000 0.000000
    outer loop
      vertex -24.460000 11.200000 -22.750000
      vertex -23.800000 11.200000 -22.090000
      vertex -24.460000 11.200000 -22.090000
    endloop
  endfacet
  facet normal 0.000000 1.000000 0.000000
    outer loop
      vertex -24.460000 6.000000 -22.090000
      vertex -23.800000 6.000000 -22.090000
      vertex -23.800000 6.000000 -22.750000
    endloop
  endfacet
  facet normal 0.000000 1.000000 0.000000
    outer loop
      vertex -24.460000 6.000000 -22.090000
      vertex -23.800000 6.000000 -22.750000
      vertex -24.460000 6.000000 -22.750000
    endloop
  endfacet
  facet normal 0.000000 0.000000 -1.000000
    outer loop
      vertex -24.460000 11.200000 -22.090000
      vertex -23.800000 11.200000 -22.090000
      vertex -23.800000 6.000000 -22.090000
    endloop
  endfacet
  facet normal 0.000000 0.000000 -1.000000
    outer loop
      vertex -24.460000 11.200000 -22.090000
      vertex -23.800000 6.000000 -22.090000
      vertex -24.460000 6.000000 -22.090000
    endloop
  endfacet
  facet normal 0.000000 0.000000 1.000000
    outer loop
      vertex -23.800000 6.000000 -22.750000
      vertex -23.800000 11.200000 -22.750000
      vertex -24.460000 11.200000 -22.750000
    endloop
  endfacet
  facet normal 0.000000 0.000000 1.000000
    outer loop
      vertex -23.800000 6.000000 -22.750000
      vertex -24.460000 11.200000 -22.750000
      vertex -24.460000 6.000000 -22.750000
    endloop
  endfacet
  facet normal -1.000000 0.000000 0.000000
    outer loop
      vertex -23.800000 6.000000 -22.090000
      vertex -23.800000 11.200000 -22.090000
      vertex -23.800000 11.200000 -22.750000
    endloop
  endfacet
  facet normal -1.000000 0.000000 0.000000
    outer loop
      vertex -23.800000 6.000000 -22.090000
      vertex -23.800000 11.200000 -22.750000
      vertex -23.800000 6.000000 -22.750000
    endloop
  endfacet
  facet normal 1.000000 0.000000 0.000000
    outer loop
      vertex -24.460000 6.000000 -22.750000
      vertex -24.460000 11.200000 -22.750000
      vertex -24.460000 11.200000 -22.090000
    endloop
  endfacet
  facet normal 1.000000 0.000000 0.000000
    outer loop
      vertex -24.460000 6.000000 -22.750000
      vertex -24.460000 11.200000 -22.090000
      vertex -24.460000 6.000000 -22.090000
    endloop
  endfacet
  facet normal 0.000000 -1.000000 0.000000
    outer loop
      vertex -22.690000 7.225000 -23.520000
      vertex -20.490000 7.225000 -23.520000
      vertex -20.490000 7.225000 -21.320000
    endloop
  endfacet
  facet normal 0.000000 -1.000000 0.000000
    outer loop
      vertex -22.690000 7.225000 -23.520000
      vertex -20.490000 7.225000 -21.320000
      vertex -22.690000 7.225000 -21.320000
    endloop
  endfacet
  facet normal 0.000000 1.000000 0.000000
    outer loop
      vertex -22.690000 5.675000 -21.320000
      vertex -20.490000 5.675000 -21.320000
      vertex -20.490000 5.675000 -23.520000
    endloop
  endfacet
  facet normal 0.000000 1.000000 0.000000
    outer loop
      vertex -22.690000 5.675000 -21.320000
      vertex -20.490000 5.675000 -23.520000
      vertex -22.690000 5.675000 -23.520000
    endloop
  endfacet
  facet normal 0.000000 0.000000 -1.000000
    outer loop
      vertex -22.690000 7.225000 -21.320000
      vertex -20.490000 7.225000 -21.320000
      vertex -20.490000 5.675000 -21.320000
    endloop
  endfacet
  facet normal 0.000000 0.000000 -1.000000
    outer loop
      vertex -22.690000 7.225000 -21.320000
      vertex -20.490000 5.675000 -21.320000
      vertex -22.690000 5.675000 -21.320000
    endloop
  endfacet
  facet normal 0.000000 0.000000 1.000000
    outer loop
      vertex -20.490000 5.675000 -23.520000
      vertex -20.490000 7.225000 -23.520000
      vertex -22.690000 7.225000 -23.520000
    endloop
  endfacet
  facet normal 0.000000 0.000000 1.000000
    outer loop
      vertex -20.490000 5.675000 -23.520000
      vertex -22.690000 7.225000 -23.520000
      vertex -22.690000 5.675000 -23.520000
    endloop
  endfacet
  facet normal -1.000000 0.000000 0.000000
    outer loop
      vertex -20.490000 5.675000 -21.320000
      vertex -20.490000 7.225000 -21.320000
      vertex -20.490000 7.225000 -23.520000
    endloop
  endfacet
  facet normal -1.000000 0.000000 0.000000
    outer loop
      vertex -20.490000 5.675000 -21.320000
      vertex -20.490000 7.225000 -23.520000
      vertex -20.490000 5.675000 -23.520000
    endloop
  endfacet
  facet normal 1.000000 0.000000 0.000000
    outer loop
      vertex -22.690000 5.675000 -23.520000
      vertex -22.690000 7.225000 -23.520000
      vertex -22.690000 7.225000 -21.320000
    endloop
  endfacet
  facet normal 1.000000 0.000000 0.000000
    outer loop
      vertex -22.690000 5.675000 -23.520000
      vertex -22.690000 7.225000 -21.320000
      vertex -22.690000 5.675000 -21.320000
    endloop
  endfacet
  facet normal 0.000000 -1.000000 0.000000
    outer loop
      vertex -21.920000 11.200000 -22.750000
      vertex -21.260000 11.200000 -22.750000
      vertex -21.260000 11.200000 -22.090000
    endloop
  endfacet
  facet normal 0.000000 -1.000000 0.000000
    outer loop
      vertex -21.920000 11.200000 -22.750000
      vertex -21.260000 11.200000 -22.090000
      vertex -21.920000 11.200000 -22.090000
    endloop
  endfacet
  facet normal 0.000000 1.000000 0.000000
    outer loop
      vertex -21.920000 6.000000 -22.090000
      vertex -21.260000 6.000000 -22.090000
      vertex -21.260000 6.000000 -22.750000
    endloop
  endfacet
  facet normal 0.000000 1.000000 0.000000
    outer loop
      vertex -21.920000 6.000000 -22.090000
      vertex -21.260000 6.000000 -22.750000
      vertex -21.920000 6.000000 -22.750000
    endloop
  endfacet
  facet normal 0.000000 0.000000 -1.000000
    outer loop
      vertex -21.920000 11.200000 -22.090000
      vertex -21.260000 11.200000 -22.090000
      vertex -21.260000 6.000000 -22.090000
    endloop
  endfacet
  facet normal 0.000000 0.000000 -1.000000
    outer loop
      vertex -21.920000 11.200000 -22.090000
      vertex -21.260000 6.000000 -22.090000
      vertex -21.920000 6.000000 -22.090000
    endloop
  endfacet
  facet normal 0.000000 0.000000 1.000000
    outer loop
      vertex -21.260000 6.000000 -22.750000
      vertex -21.260000 11.200000 -22.750000
      vertex -21.920000 11.200000 -22.750000
    endloop
  endfacet
  facet normal 0.000000 0.000000 1.000000
    outer loop
      vertex -21.260000 6.000000 -22.750000
      vertex -21.920000 11.200000 -22.750000
      vertex -21.920000 6.000000 -22.750000
    endloop
  endfacet
  facet normal -1.000000 0.000000 0.000000
    outer loop
      vertex -21.260000 6.000000 -22.090000
      vertex -21.260000 11.200000 -22.090000
      vertex -21.260000 11.200000 -22.750000
    endloop
  endfacet
  facet normal -1.000000 0.000000 0.000000
    outer loop
      vertex -21.260000 6.000000 -22.090000
      vertex -21.260000 11.200000 -22.750000
      vertex -21.260000 6.000000 -22.750000
    endloop
  endfacet
  facet normal 1.000000 0.000000 0.000000
    outer loop
      vertex -21.920000 6.000000 -22.750000
      vertex -21.920000 11.200000 -22.750000
      vertex -21.920000 11.200000 -22.090000
    endloop
  endfacet
  facet normal 1.000000 0.000000 0.000000
    outer loop
      vertex -21.920000 6.000000 -22.750000
      vertex -21.920000 11.200000 -22.090000
      vertex -21.920000 6.000000 -22.090000
    endloop
  endfacet
  facet normal 0.000000 -1.000000 0.000000
    outer loop
      vertex -20.150000 7.225000 -23.520000
      vertex -17.950000 7.225000 -23.520000
      vertex -17.950000 7.225000 -21.320000
    endloop
  endfacet
  facet normal 0.000000 -1.000000 0.000000
    outer loop
      vertex -20.150000 7.225000 -23.520000
      vertex -17.950000 7.225000 -21.320000
      vertex -20.150000 7.225000 -21.320000
    endloop
  endfacet
  facet normal 0.000000 1.000000 0.000000
    outer loop
      vertex -20.150000 5.675000 -21.320000
      vertex -17.950000 5.675000 -21.320000
      vertex -17.950000 5.675000 -23.520000
    endloop
  endfacet
  facet normal 0.000000 1.000000 0.000000
    outer loop
      vertex -20.150000 5.675000 -21.320000
      vertex -17.950000 5.675000 -23.520000
      vertex -20.150000 5.675000 -23.520000
    endloop
  endfacet
  facet normal 0.000000 0.000000 -1.000000
    outer loop
      vertex -20.150000 7.225000 -21.320000
      vertex -17.950000 7.225000 -21.320000
      vertex -17.950000 5.675000 -21.320000
    endloop
  endfacet
  facet normal 0.000000 0.000000 -1.000000
    outer loop
      vertex -20.150000 7.225000 -21.320000
      vertex -17.950000 5.675000 -21.320000
      vertex -20.150000 5.675000 -21.320000
    endloop
  endfacet
  facet normal 0.000000 0.000000 1.000000
    outer loop
      vertex -17.950000 5.675000 -23.520000
      vertex -17.950000 7.225000 -23.520000
      vertex -20.150000 7.225000 -23.520000
    endloop
  endfacet
  facet normal 0.000000 0.000000 1.000000
    outer loop
      vertex -17.950000 5.675000 -23.520000
      vertex -20.150000 7.225000 -23.520000
      vertex -20.150000 5.675000 -23.520000
    endloop
  endfacet
  facet normal -1.000000 0.000000 0.000000
    outer loop
      vertex -17.950000 5.675000 -21.320000
      vertex -17.950000 7.225000 -21.320000
      vertex -17.950000 7.225000 -23.520000
    endloop
  endfacet
  facet normal -1.000000 0.000000 0.000000
    outer loop
      vertex -17.950000 5.675000 -21.320000
      vertex -17.950000 7.225000 -23.520000
      vertex -17.950000 5.675000 -23.520000
    endloop
  endfacet
  facet normal 1.000000 0.000000 0.000000
    outer loop
      vertex -20.150000 5.675000 -23.520000
      vertex -20.150000 7.225000 -23.520000
      vertex -20.150000 7.225000 -21.320000
    endloop
  endfacet
  facet normal 1.000000 0.000000 0.000000
    outer loop
      vertex -20.150000 5.675000 -23.520000
      vertex -20.150000 7.225000 -21.320000
      vertex -20.150000 5.675000 -21.320000
    endloop
  endfacet
  facet normal 0.000000 -1.000000 0.000000
    outer loop
      vertex -19.380000 11.200000 -22.750000
      vertex -18.720000 11.200000 -22.750000
      vertex -18.720000 11.200000 -22.090000
    endloop
  endfacet
  facet normal 0.000000 -1.000000 0.000000
    outer loop
      vertex -19.380000 11.200000 -22.750000
      vertex -18.720000 11.200000 -22.090000
      vertex -19.380000 11.200000 -22.090000
    endloop
  endfacet
  facet normal 0.000000 1.000000 0.000000
    outer loop
      vertex -19.380000 6.000000 -22.090000
      vertex -18.720000 6.000000 -22.090000
      vertex -18.720000 6.000000 -22.750000
    endloop
  endfacet
  facet normal 0.000000 1.000000 0.000000
    outer loop
      vertex -19.380000 6.000000 -22.090000
      vertex -18.720000 6.000000 -22.750000
      vertex -19.380000 6.000000 -22.750000
    endloop
  endfacet
  facet normal 0.000000 0.000000 -1.000000
    outer loop
      vertex -19.380000 11.200000 -22.090000
      vertex -18.720000 11.200000 -22.090000
      vertex -18.720000 6.000000 -22.090000
    endloop
  endfacet
  facet normal 0.000000 0.000000 -1.000000
    outer loop
      vertex -19.380000 11.200000 -22.090000
      vertex -18.720000 6.000000 -22.090000
      vertex -19.380000 6.000000 -22.090000
    endloop
  endfacet
  facet normal 0.000000 0.000000 1.000000
    outer loop
      vertex -18.720000 6.000000 -22.750000
      vertex -18.720000 11.200000 -22.750000
      vertex -19.380000 11.200000 -22.750000
    endloop
  endfacet
  facet normal 0.000000 0.000000 1.000000
    outer loop
      vertex -18.720000 6.000000 -22.750000
      vertex -19.380000 11.200000 -22.750000
      vertex -19.380000 6.000000 -22.750000
    endloop
  endfacet
  facet normal -1.000000 0.000000 0.000000
    outer loop
      vertex -18.720000 6.000000 -22.090000
      vertex -18.720000 11.200000 -22.090000
      vertex -18.720000 11.200000 -22.750000
    endloop
  endfacet
  facet normal -1.000000 0.000000 0.000000
    outer loop
      vertex -18.720000 6.000000 -22.090000
      vertex -18.720000 11.200000 -22.750000
      vertex -18.720000 6.000000 -22.750000
    endloop
  endfacet
  facet normal 1.000000 0.000000 0.000000
    outer loop
      vertex -19.380000 6.000000 -22.750000
      vertex -19.380000 11.200000 -22.750000
      vertex -19.380000 11.200000 -22.090000
    endloop
  endfacet
  facet normal 1.000000 0.000000 0.000000
    outer loop
      vertex -19.380000 6.000000 -22.750000
      vertex -19.380000 11.200000 -22.090000
      vertex -19.380000 6.000000 -22.090000
    endloop
  endfacet
  facet normal 0.000000 -1.000000 0.000000
    outer loop
      vertex -17.610000 7.225000 -23.520000
      vertex -15.410000 7.225000 -23.520000
      vertex -15.410000 7.225000 -21.320000
    endloop
  endfacet
  facet normal 0.000000 -1.000000 0.000000
    outer loop
      vertex -17.610000 7.225000 -23.520000
      vertex -15.410000 7.225000 -21.320000
      vertex -17.610000 7.225000 -21.320000
    endloop
  endfacet
  facet normal 0.000000 1.000000 0.000000
    outer loop
      vertex -17.610000 5.675000 -21.320000
      vertex -15.410000 5.675000 -21.320000
      vertex -15.410000 5.675000 -23.520000
    endloop
  endfacet
  facet normal 0.000000 1.000000 0.000000
    outer loop
      vertex -17.610000 5.675000 -21.320000
      vertex -15.410000 5.675000 -23.520000
      vertex -17.610000 5.675000 -23.520000
    endloop
  endfacet
  facet normal 0.000000 0.000000 -1.000000
    outer loop
      vertex -17.610000 7.225000 -21.320000
      vertex -15.410000 7.225000 -21.320000
      vertex -15.410000 5.675000 -21.320000
    endloop
  endfacet
  facet normal 0.000000 0.000000 -1.000000
    outer loop
      vertex -17.610000 7.225000 -21.320000
      vertex -15.410000 5.675000 -21.320000
      vertex -17.610000 5.675000 -21.320000
    endloop
  endfacet
  facet normal 0.000000 0.000000 1.000000
    outer loop
      vertex -15.410000 5.675000 -23.520000
      vertex -15.410000 7.225000 -23.520000
      vertex -17.610000 7.225000 -23.520000
    endloop
  endfacet
  facet normal 0.000000 0.000000 1.000000
    outer loop
      vertex -15.410000 5.675000 -23.520000
      vertex -17.610000 7.225000 -23.520000
      vertex -17.610000 5.675000 -23.520000
    endloop
  endfacet
  facet normal -1.000000 0.000000 0.000000
    outer loop
      vertex -15.410000 5.675000 -21.320000
      vertex -15.410000 7.225000 -21.320000
      vertex -15.410000 7.225000 -23.520000
    endloop
  endfacet
  facet normal -1.000000 0.000000 0.000000
    outer loop
      vertex -15.410000 5.675000 -21.320000
      vertex -15.410000 7.225000 -23.520000
      vertex -15.410000 5.675000 -23.520000
    endloop
  endfacet
  facet normal 1.000000 0.000000 0.000000
    outer loop
      vertex -17.610000 5.675000 -23.520000
      vertex -17.610000 7.225000 -23.520000
      vertex -17.610000 7.225000 -21.320000
    endloop
  endfacet
  facet normal 1.000000 0.000000 0.000000
    outer loop
      vertex -17.610000 5.675000 -23.520000
      vertex -17.610000 7.225000 -21.320000
      vertex -17.610000 5.675000 -21.320000
    endloop
  endfacet
  facet normal 0.000000 -1.000000 0.000000
    outer loop
      vertex -16.840000 11.200000 -22.750000
      vertex -16.180000 11.200000 -22.750000
      vertex -16.180000 11.200000 -22.090000
    endloop
  endfacet
  facet normal 0.000000 -1.000000 0.000000
    outer loop
      vertex -16.840000 11.200000 -22.750000
      vertex -16.180000 11.200000 -22.090000
      vertex -16.840000 11.200000 -22.090000
    endloop
  endfacet
  facet normal 0.000000 1.000000 0.000000
    outer loop
      vertex -16.840000 6.000000 -22.090000
      vertex -16.180000 6.000000 -22.090000
      vertex -16.180000 6.000000 -22.750000
    endloop
  endfacet
  facet normal 0.000000 1.000000 0.000000
    outer loop
      vertex -16.840000 6.000000 -22.090000
      vertex -16.180000 6.000000 -22.750000
      vertex -16.840000 6.000000 -22.750000
    endloop
  endfacet
  facet normal 0.000000 0.000000 -1.000000
    outer loop
      vertex -16.840000 11.200000 -22.090000
      vertex -16.180000 11.200000 -22.090000
      vertex -16.180000 6.000000 -22.090000
    endloop
  endfacet
  facet normal 0.000000 0.000000 -1.000000
    outer loop
      vertex -16.840000 11.200000 -22.090000
      vertex -16.180000 6.000000 -22.090000
      vertex -16.840000 6.000000 -22.090000
    endloop
  endfacet
  facet normal 0.000000 0.000000 1.000000
    outer loop
      vertex -16.180000 6.000000 -22.750000
      vertex -16.180000 11.200000 -22.750000
      vertex -16.840000 11.200000 -22.750000
    endloop
  endfacet
  facet normal 0.000000 0.000000 1.000000
    outer loop
      vertex -16.180000 6.000000 -22.750000
      vertex -16.840000 11.200000 -22.750000
      vertex -16.840000 6.000000 -22.750000
    endloop
  endfacet
  facet normal -1.000000 0.000000 0.000000
    outer loop
      vertex -16.180000 6.000000 -22.090000
      vertex -16.180000 11.200000 -22.090000
      vertex -16.180000 11.200000 -22.750000
    endloop
  endfacet
  facet normal -1.000000 0.000000 0.000000
    outer loop
      vertex -16.180000 6.000000 -22.090000
      vertex -16.180000 11.200000 -22.750000
      vertex -16.180000 6.000000 -22.750000
    endloop
  endfacet
  facet normal 1.000000 0.000000 0.000000
    outer loop
      vertex -16.840000 6.000000 -22.750000
      vertex -16.840000 11.200000 -22.750000
      vertex -16.840000 11.200000 -22.090000
    endloop
  endfacet
  facet normal 1.000000 0.000000 0.000000
    outer loop
      vertex -16.840000 6.000000 -22.750000
      vertex -16.840000 11.200000 -22.090000
      vertex -16.840000 6.000000 -22.090000
    endloop
  endfacet
  facet normal 0.000000 -1.000000 0.000000
    outer loop
      vertex -15.070000 7.225000 -23.520000
      vertex -12.870000 7.225000 -23.520000
      vertex -12.870000 7.225000 -21.320000
    endloop
  endfacet
  facet normal 0.000000 -1.000000 0.000000
    outer loop
      vertex -15.070000 7.225000 -23.520000
      vertex -12.870000 7.225000 -21.320000
      vertex -15.070000 7.225000 -21.320000
    endloop
  endfacet
  facet normal 0.000000 1.000000 0.000000
    outer loop
      vertex -15.070000 5.675000 -21.320000
      vertex -12.870000 5.675000 -21.320000
      vertex -12.870000 5.675000 -23.520000
    endloop
  endfacet
  facet normal 0.000000 1.000000 0.000000
    outer loop
      vertex -15.070000 5.675000 -21.320000
      vertex -12.870000 5.675000 -23.520000
      vertex -15.070000 5.675000 -23.520000
    endloop
  endfacet
  facet normal 0.000000 0.000000 -1.000000
    outer loop
      vertex -15.070000 7.225000 -21.320000
      vertex -12.870000 7.225000 -21.320000
      vertex -12.870000 5.675000 -21.320000
    endloop
  endfacet
  facet normal 0.000000 0.000000 -1.000000
    outer loop
      vertex -15.070000 7.225000 -21.320000
      vertex -12.870000 5.675000 -21.320000
      vertex -15.070000 5.675000 -21.320000
    endloop
  endfacet
  facet normal 0.000000 0.000000 1.000000
    outer loop
      vertex -12.870000 5.675000 -23.520000
      vertex -12.870000 7.225000 -23.520000
      vertex -15.070000 7.225000 -23.520000
    endloop
  endfacet
  facet normal 0.000000 0.000000 1.000000
    outer loop
      vertex -12.870000 5.675000 -23.520000
      vertex -15.070000 7.225000 -23.520000
      vertex -15.070000 5.675000 -23.520000
    endloop
  endfacet
  facet normal -1.000000 0.000000 0.000000
    outer loop
      vertex -12.870000 5.675000 -21.320000
      vertex -12.870000 7.225000 -21.320000
      vertex -12.870000 7.225000 -23.520000
    endloop
  endfacet
  facet normal -1.000000 0.000000 0.000000
    outer loop
      vertex -12.870000 5.675000 -21.320000
      vertex -12.870000 7.225000 -23.520000
      vertex -12.870000 5.675000 -23.520000
    endloop
  endfacet
  facet normal 1.000000 0.000000 0.000000
    outer loop
      vertex -15.070000 5.675000 -23.520000
      vertex -15.070000 7.225000 -23.520000
      vertex -15.070000 7.225000 -21.320000
    endloop
  endfacet
  facet normal 1.000000 0.000000 0.000000
    outer loop
      vertex -15.070000 5.675000 -23.520000
      vertex -15.070000 7.225000 -21.320000
      vertex -15.070000 5.675000 -21.320000
    endloop
  endfacet
  facet normal 0.000000 -1.000000 0.000000
    outer loop
      vertex -14.300000 11.200000 -22.750000
      vertex -13.640000 11.200000 -22.750000
      vertex -13.640000 11.200000 -22.090000
    endloop
  endfacet
  facet normal 0.000000 -1.000000 0.000000
    outer loop
      vertex -14.300000 11.200000 -22.750000
      vertex -13.640000 11.200000 -22.090000
      vertex -14.300000 11.200000 -22.090000
    endloop
  endfacet
  facet normal 0.000000 1.000000 0.000000
    outer loop
      vertex -14.300000 6.000000 -22.090000
      vertex -13.640000 6.000000 -22.090000
      vertex -13.640000 6.000000 -22.750000
    endloop
  endfacet
  facet normal 0.000000 1.000000 0.000000
    outer loop
      vertex -14.300000 6.000000 -22.090000
      vertex -13.640000 6.000000 -22.750000
      vertex -14.300000 6.000000 -22.750000
    endloop
  endfacet
  facet normal 0.000000 0.000000 -1.000000
    outer loop
      vertex -14.300000 11.200000 -22.090000
      vertex -13.640000 11.200000 -22.090000
      vertex -13.640000 6.000000 -22.090000
    endloop
  endfacet
  facet normal 0.000000 0.000000 -1.000000
    outer loop
      vertex -14.300000 11.200000 -22.090000
      vertex -13.640000 6.000000 -22.090000
      vertex -14.300000 6.000000 -22.090000
    endloop
  endfacet
  facet normal 0.000000 0.000000 1.000000
    outer loop
      vertex -13.640000 6.000000 -22.750000
      vertex -13.640000 11.200000 -22.750000
      vertex -14.300000 11.200000 -22.750000
    endloop
  endfacet
  facet normal 0.000000 0.000000 1.000000
    outer loop
      vertex -13.640000 6.000000 -22.750000
      vertex -14.300000 11.200000 -22.750000
      vertex -14.300000 6.000000 -22.750000
    endloop
  endfacet
  facet normal -1.000000 0.000000 0.000000
    outer loop
      vertex -13.640000 6.000000 -22.090000
      vertex -13.640000 11.200000 -22.090000
      vertex -13.640000 11.200000 -22.750000
    endloop
  endfacet
  facet normal -1.000000 0.000000 0.000000
    outer loop
      vertex -13.640000 6.000000 -22.090000
      vertex -13.640000 11.200000 -22.750000
      vertex -13.640000 6.000000 -22.750000
    endloop
  endfacet
  facet normal 1.000000 0.000000 0.000000
    outer loop
      vertex -14.300000 6.000000 -22.750000
      vertex -14.300000 11.200000 -22.750000
      vertex -14.300000 11.200000 -22.090000
    endloop
  endfacet
  facet normal 1.000000 0.000000 0.000000
    outer loop
      vertex -14.300000 6.000000 -22.750000
      vertex -14.300000 11.200000 -22.090000
      vertex -14.300000 6.000000 -22.090000
    endloop
  endfacet
  facet normal 0.000000 -1.000000 0.000000
    outer loop
      vertex -12.530000 7.225000 -23.520000
      vertex -10.330000 7.225000 -23.520000
      vertex -10.330000 7.225000 -21.320000
    endloop
  endfacet
  facet normal 0.000000 -1.000000 0.000000
    outer loop
      vertex -12.530000 7.225000 -23.520000
      vertex -10.330000 7.225000 -21.320000
      vertex -12.530000 7.225000 -21.320000
    endloop
  endfacet
  facet normal 0.000000 1.000000 0.000000
    outer loop
      vertex -12.530000 5.675000 -21.320000
      vertex -10.330000 5.675000 -21.320000
      vertex -10.330000 5.675000 -23.520000
    endloop
  endfacet
  facet normal 0.000000 1.000000 0.000000
    outer loop
      vertex -12.530000 5.675000 -21.320000
      vertex -10.330000 5.675000 -23.520000
      vertex -12.530000 5.675000 -23.520000
    endloop
  endfacet
  facet normal 0.000000 0.000000 -1.000000
    outer loop
      vertex -12.530000 7.225000 -21.320000
      vertex -10.330000 7.225000 -21.320000
      vertex -10.330000 5.675000 -21.320000
    endloop
  endfacet
  facet normal 0.000000 0.000000 -1.000000
    outer loop
      vertex -12.530000 7.225000 -21.320000
      vertex -10.330000 5.675000 -21.320000
      vertex -12.530000 5.675000 -21.320000
    endloop
  endfacet
  facet normal 0.000000 0.000000 1.000000
    outer loop
      vertex -10.330000 5.675000 -23.520000
      vertex -10.330000 7.225000 -23.520000
      vertex -12.530000 7.225000 -23.520000
    endloop
  endfacet
  facet normal 0.000000 0.000000 1.000000
    outer loop
      vertex -10.330000 5.675000 -23.520000
      vertex -12.530000 7.225000 -23.520000
      vertex -12.530000 5.675000 -23.520000
    endloop
  endfacet
  facet normal -1.000000 0.000000 0.000000
    outer loop
      vertex -10.330000 5.675000 -21.320000
      vertex -10.330000 7.225000 -21.320000
      vertex -10.330000 7.225000 -23.520000
    endloop
  endfacet
  facet normal -1.000000 0.000000 0.000000
    outer loop
      vertex -10.330000 5.675000 -21.320000
      vertex -10.330000 7.225000 -23.520000
      vertex -10.330000 5.675000 -23.520000
    endloop
  endfacet
  facet normal 1.000000 0.000000 0.000000
    outer loop
      vertex -12.530000 5.675000 -23.520000
      vertex -12.530000 7.225000 -23.520000
      vertex -12.530000 7.225000 -21.320000
    endloop
  endfacet
  facet normal 1.000000 0.000000 0.000000
    outer loop
      vertex -12.530000 5.675000 -23.520000
      vertex -12.530000 7.225000 -21.320000
      vertex -12.530000 5.675000 -21.320000
    endloop
  endfacet
  facet normal 0.000000 -1.000000 0.000000
    outer loop
      vertex -11.760000 11.200000 -22.750000
      vertex -11.100000 11.200000 -22.750000
      vertex -11.100000 11.200000 -22.090000
    endloop
  endfacet
  facet normal 0.000000 -1.000000 0.000000
    outer loop
      vertex -11.760000 11.200000 -22.750000
      vertex -11.100000 11.200000 -22.090000
      vertex -11.760000 11.200000 -22.090000
    endloop
  endfacet
  facet normal 0.000000 1.000000 0.000000
    outer loop
      vertex -11.760000 6.000000 -22.090000
      vertex -11.100000 6.000000 -22.090000
      vertex -11.100000 6.000000 -22.750000
    endloop
  endfacet
  facet normal 0.000000 1.000000 0.000000
    outer loop
      vertex -11.760000 6.000000 -22.090000
      vertex -11.100000 6.000000 -22.750000
      vertex -11.760000 6.000000 -22.750000
    endloop
  endfacet
  facet normal 0.000000 0.000000 -1.000000
    outer loop
      vertex -11.760000 11.200000 -22.090000
      vertex -11.100000 11.200000 -22.090000
      vertex -11.100000 6.000000 -22.090000
    endloop
  endfacet
  facet normal 0.000000 0.000000 -1.000000
    outer loop
      vertex -11.760000 11.200000 -22.090000
      vertex -11.100000 6.000000 -22.090000
      vertex -11.760000 6.000000 -22.090000
    endloop
  endfacet
  facet normal 0.000000 0.000000 1.000000
    outer loop
      vertex -11.100000 6.000000 -22.750000
      vertex -11.100000 11.200000 -22.750000
      vertex -11.760000 11.200000 -22.750000
    endloop
  endfacet
  facet normal 0.000000 0.000000 1.000000
    outer loop
      vertex -11.100000 6.000000 -22.750000
      vertex -11.760000 11.200000 -22.750000
      vertex -11.760000 6.000000 -22.750000
    endloop
  endfacet
  facet normal -1.000000 0.000000 0.000000
    outer loop
      vertex -11.100000 6.000000 -22.090000
      vertex -11.100000 11.200000 -22.090000
      vertex -11.100000 11.200000 -22.750000
    endloop
  endfacet
  facet normal -1.000000 0.000000 0.000000
    outer loop
      vertex -11.100000 6.000000 -22.090000
      vertex -11.100000 11.200000 -22.750000
      vertex -11.100000 6.000000 -22.750000
    endloop
  endfacet
  facet normal 1.000000 0.000000 0.000000
    outer loop
      vertex -11.760000 6.000000 -22.750000
      vertex -11.760000 11.200000 -22.750000
      vertex -11.760000 11.200000 -22.090000
    endloop
  endfacet
  facet normal 1.000000 0.000000 0.000000
    outer loop
      vertex -11.760000 6.000000 -22.750000
      vertex -11.760000 11.200000 -22.090000
      vertex -11.760000 6.000000 -22.090000
    endloop
  endfacet
  facet normal 0.000000 -1.000000 0.000000
    outer loop
      vertex -9.990000 7.225000 -23.520000
      vertex -7.790000 7.225000 -23.520000
      vertex -7.790000 7.225000 -21.320000
    endloop
  endfacet
  facet normal 0.000000 -1.000000 0.000000
    outer loop
      vertex -9.990000 7.225000 -23.520000
      vertex -7.790000 7.225000 -21.320000
      vertex -9.990000 7.225000 -21.320000
    endloop
  endfacet
  facet normal 0.000000 1.000000 0.000000
    outer loop
      vertex -9.990000 5.675000 -21.320000
      vertex -7.790000 5.675000 -21.320000
      vertex -7.790000 5.675000 -23.520000
    endloop
  endfacet
  facet normal 0.000000 1.000000 0.000000
    outer loop
      vertex -9.990000 5.675000 -21.320000
      vertex -7.790000 5.675000 -23.520000
      vertex -9.990000 5.675000 -23.520000
    endloop
  endfacet
  facet normal 0.000000 0.000000 -1.000000
    outer loop
      vertex -9.990000 7.225000 -21.320000
      vertex -7.790000 7.225000 -21.320000
      vertex -7.790000 5.675000 -21.320000
    endloop
  endfacet
  facet normal 0.000000 0.000000 -1.000000
    outer loop
      vertex -9.990000 7.225000 -21.320000
      vertex -7.790000 5.675000 -21.320000
      vertex -9.990000 5.675000 -21.320000
    endloop
  endfacet
  facet normal 0.000000 0.000000 1.000000
    outer loop
      vertex -7.790000 5.675000 -23.520000
      vertex -7.790000 7.225000 -23.520000
      vertex -9.990000 7.225000 -23.520000
    endloop
  endfacet
  facet normal 0.000000 0.000000 1.000000
    outer loop
      vertex -7.790000 5.675000 -23.520000
      vertex -9.990000 7.225000 -23.520000
      vertex -9.990000 5.675000 -23.520000
    endloop
  endfacet
  facet normal -1.000000 0.000000 0.000000
    outer loop
      vertex -7.790000 5.675000 -21.320000
      vertex -7.790000 7.225000 -21.320000
      vertex -7.790000 7.225000 -23.520000
    endloop
  endfacet
  facet normal -1.000000 0.000000 0.000000
    outer loop
      vertex -7.790000 5.675000 -21.320000
      vertex -7.790000 7.225000 -23.520000
      vertex -7.790000 5.675000 -23.520000
    endloop
  endfacet
  facet normal 1.000000 0.000000 0.000000
    outer loop
      vertex -9.990000 5.675000 -23.520000
      vertex -9.990000 7.225000 -23.520000
      vertex -9.990000 7.225000 -21.320000
    endloop
  endfacet
  facet normal 1.000000 0.000000 0.000000
    outer loop
      vertex -9.990000 5.675000 -23.520000
      vertex -9.990000 7.225000 -21.320000
      vertex -9.990000 5.675000 -21.320000
    endloop
  endfacet
  facet normal 0.000000 -1.000000 0.000000
    outer loop
      vertex -9.220000 11.200000 -22.750000
      vertex -8.560000 11.200000 -22.750000
      vertex -8.560000 11.200000 -22.090000
    endloop
  endfacet
  facet normal 0.000000 -1.000000 0.000000
    outer loop
      vertex -9.220000 11.200000 -22.750000
      vertex -8.560000 11.200000 -22.090000
      vertex -9.220000 11.200000 -22.090000
    endloop
  endfacet
  facet normal 0.000000 1.000000 0.000000
    outer loop
      vertex -9.220000 6.000000 -22.090000
      vertex -8.560000 6.000000 -22.090000
      vertex -8.560000 6.000000 -22.750000
    endloop
  endfacet
  facet normal 0.000000 1.000000 0.000000
    outer loop
      vertex -9.220000 6.000000 -22.090000
      vertex -8.560000 6.000000 -22.750000
      vertex -9.220000 6.000000 -22.750000
    endloop
  endfacet
  facet normal 0.000000 0.000000 -1.000000
    outer loop
      vertex -9.220000 11.200000 -22.090000
      vertex -8.560000 11.200000 -22.090000
      vertex -8.560000 6.000000 -22.090000
    endloop
  endfacet
  facet normal 0.000000 0.000000 -1.000000
    outer loop
      vertex -9.220000 11.200000 -22.090000
      vertex -8.560000 6.000000 -22.090000
      vertex -9.220000 6.000000 -22.090000
    endloop
  endfacet
  facet normal 0.000000 0.000000 1.000000
    outer loop
      vertex -8.560000 6.000000 -22.750000
      vertex -8.560000 11.200000 -22.750000
      vertex -9.220000 11.200000 -22.750000
    endloop
  endfacet
  facet normal 0.000000 0.000000 1.000000
    outer loop
      vertex -8.560000 6.000000 -22.750000
      vertex -9.220000 11.200000 -22.750000
      vertex -9.220000 6.000000 -22.750000
    endloop
  endfacet
  facet normal -1.000000 0.000000 0.000000
    outer loop
      vertex -8.560000 6.000000 -22.090000
      vertex -8.560000 11.200000 -22.090000
      vertex -8.560000 11.200000 -22.750000
    endloop
  endfacet
  facet normal -1.000000 0.000000 0.000000
    outer loop
      vertex -8.560000 6.000000 -22.090000
      vertex -8.560000 11.200000 -22.750000
      vertex -8.560000 6.000000 -22.750000
    endloop
  endfacet
  facet normal 1.000000 0.000000 0.000000
    outer loop
      vertex -9.220000 6.000000 -22.750000
      vertex -9.220000 11.200000 -22.750000
      vertex -9.220000 11.200000 -22.090000
    endloop
  endfacet
  facet normal 1.000000 0.000000 0.000000
    outer loop
      vertex -9.220000 6.000000 -22.750000
      vertex -9.220000 11.200000 -22.090000
      vertex -9.220000 6.000000 -22.090000
    endloop
  endfacet
  facet normal 0.000000 -1.000000 0.000000
    outer loop
      vertex -7.450000 7.225000 -23.520000
      vertex -5.250000 7.225000 -23.520000
      vertex -5.250000 7.225000 -21.320000
    endloop
  endfacet
  facet normal 0.000000 -1.000000 0.000000
    outer loop
      vertex -7.450000 7.225000 -23.520000
      vertex -5.250000 7.225000 -21.320000
      vertex -7.450000 7.225000 -21.320000
    endloop
  endfacet
  facet normal 0.000000 1.000000 0.000000
    outer loop
      vertex -7.450000 5.675000 -21.320000
      vertex -5.250000 5.675000 -21.320000
      vertex -5.250000 5.675000 -23.520000
    endloop
  endfacet
  facet normal 0.000000 1.000000 0.000000
    outer loop
      vertex -7.450000 5.675000 -21.320000
      vertex -5.250000 5.675000 -23.520000
      vertex -7.450000 5.675000 -23.520000
    endloop
  endfacet
  facet normal 0.000000 0.000000 -1.000000
    outer loop
      vertex -7.450000 7.225000 -21.320000
      vertex -5.250000 7.225000 -21.320000
      vertex -5.250000 5.675000 -21.320000
    endloop
  endfacet
  facet normal 0.000000 0.000000 -1.000000
    outer loop
      vertex -7.450000 7.225000 -21.320000
      vertex -5.250000 5.675000 -21.320000
      vertex -7.450000 5.675000 -21.320000
    endloop
  endfacet
  facet normal 0.000000 0.000000 1.000000
    outer loop
      vertex -5.250000 5.675000 -23.520000
      vertex -5.250000 7.225000 -23.520000
      vertex -7.450000 7.225000 -23.520000
    endloop
  endfacet
  facet normal 0.000000 0.000000 1.000000
    outer loop
      vertex -5.250000 5.675000 -23.520000
      vertex -7.450000 7.225000 -23.520000
      vertex -7.450000 5.675000 -23.520000
    endloop
  endfacet
  facet normal -1.000000 0.000000 0.000000
    outer loop
      vertex -5.250000 5.675000 -21.320000
      vertex -5.250000 7.225000 -21.320000
      vertex -5.250000 7.225000 -23.520000
    endloop
  endfacet
  facet normal -1.000000 0.000000 0.000000
    outer loop
      vertex -5.250000 5.675000 -21.320000
      vertex -5.250000 7.225000 -23.520000
      vertex -5.250000 5.675000 -23.520000
    endloop
  endfacet
  facet normal 1.000000 0.000000 0.000000
    outer loop
      vertex -7.450000 5.675000 -23.520000
      vertex -7.450000 7.225000 -23.520000
      vertex -7.450000 7.225000 -21.320000
    endloop
  endfacet
  facet normal 1.000000 0.000000 0.000000
    outer loop
      vertex -7.450000 5.675000 -23.520000
      vertex -7.450000 7.225000 -21.320000
      vertex -7.450000 5.675000 -21.320000
    endloop
  endfacet
  facet normal 0.000000 -1.000000 0.000000
    outer loop
      vertex -6.680000 11.200000 -22.750000
      vertex -6.020000 11.200000 -22.750000
      vertex -6.020000 11.200000 -22.090000
    endloop
  endfacet
  facet normal 0.000000 -1.000000 0.000000
    outer loop
      vertex -6.680000 11.200000 -22.750000
      vertex -6.020000 11.200000 -22.090000
      vertex -6.680000 11.200000 -22.090000
    endloop
  endfacet
  facet normal 0.000000 1.000000 0.000000
    outer loop
      vertex -6.680000 6.000000 -22.090000
      vertex -6.020000 6.000000 -22.090000
      vertex -6.020000 6.000000 -22.750000
    endloop
  endfacet
  facet normal 0.000000 1.000000 0.000000
    outer loop
      vertex -6.680000 6.000000 -22.090000
      vertex -6.020000 6.000000 -22.750000
      vertex -6.680000 6.000000 -22.750000
    endloop
  endfacet
  facet normal 0.000000 0.000000 -1.000000
    outer loop
      vertex -6.680000 11.200000 -22.090000
      vertex -6.020000 11.200000 -22.090000
      vertex -6.020000 6.000000 -22.090000
    endloop
  endfacet
  facet normal 0.000000 0.000000 -1.000000
    outer loop
      vertex -6.680000 11.200000 -22.090000
      vertex -6.020000 6.000000 -22.090000
      vertex -6.680000 6.000000 -22.090000
    endloop
  endfacet
  facet normal 0.000000 0.000000 1.000000
    outer loop
      vertex -6.020000 6.000000 -22.750000
      vertex -6.020000 11.200000 -22.750000
      vertex -6.680000 11.200000 -22.750000
    endloop
  endfacet
  facet normal 0.000000 0.000000 1.000000
    outer loop
      vertex -6.020000 6.000000 -22.750000
      vertex -6.680000 11.200000 -22.750000
      vertex -6.680000 6.000000 -22.750000
    endloop
  endfacet
  facet normal -1.000000 0.000000 0.000000
    outer loop
      vertex -6.020000 6.000000 -22.090000
      vertex -6.020000 11.200000 -22.090000
      vertex -6.020000 11.200000 -22.750000
    endloop
  endfacet
  facet normal -1.000000 0.000000 0.000000
    outer loop
      vertex -6.020000 6.000000 -22.090000
      vertex -6.020000 11.200000 -22.750000
      vertex -6.020000 6.000000 -22.750000
    endloop
  endfacet
  facet normal 1.000000 0.000000 0.000000
    outer loop
      vertex -6.680000 6.000000 -22.750000
      vertex -6.680000 11.200000 -22.750000
      vertex -6.680000 11.200000 -22.090000
    endloop
  endfacet
  facet normal 1.000000 0.000000 0.000000
    outer loop
      vertex -6.680000 6.000000 -22.750000
      vertex -6.680000 11.200000 -22.090000
      vertex -6.680000 6.000000 -22.090000
    endloop
  endfacet
  facet normal 0.000000 -1.000000 0.000000
    outer loop
      vertex -4.910000 7.225000 -23.520000
      vertex -2.710000 7.225000 -23.520000
      vertex -2.710000 7.225000 -21.320000
    endloop
  endfacet
  facet normal 0.000000 -1.000000 0.000000
    outer loop
      vertex -4.910000 7.225000 -23.520000
      vertex -2.710000 7.225000 -21.320000
      vertex -4.910000 7.225000 -21.320000
    endloop
  endfacet
  facet normal 0.000000 1.000000 0.000000
    outer loop
      vertex -4.910000 5.675000 -21.320000
      vertex -2.710000 5.675000 -21.320000
      vertex -2.710000 5.675000 -23.520000
    endloop
  endfacet
  facet normal 0.000000 1.000000 0.000000
    outer loop
      vertex -4.910000 5.675000 -21.320000
      vertex -2.710000 5.675000 -23.520000
      vertex -4.910000 5.675000 -23.520000
    endloop
  endfacet
  facet normal 0.000000 0.000000 -1.000000
    outer loop
      vertex -4.910000 7.225000 -21.320000
      vertex -2.710000 7.225000 -21.320000
      vertex -2.710000 5.675000 -21.320000
    endloop
  endfacet
  facet normal 0.000000 0.000000 -1.000000
    outer loop
      vertex -4.910000 7.225000 -21.320000
      vertex -2.710000 5.675000 -21.320000
      vertex -4.910000 5.675000 -21.320000
    endloop
  endfacet
  facet normal 0.000000 0.000000 1.000000
    outer loop
      vertex -2.710000 5.675000 -23.520000
      vertex -2.710000 7.225000 -23.520000
      vertex -4.910000 7.225000 -23.520000
    endloop
  endfacet
  facet normal 0.000000 0.000000 1.000000
    outer loop
      vertex -2.710000 5.675000 -23.520000
      vertex -4.910000 7.225000 -23.520000
      vertex -4.910000 5.675000 -23.520000
    endloop
  endfacet
  facet normal -1.000000 0.000000 0.000000
    outer loop
      vertex -2.710000 5.675000 -21.320000
      vertex -2.710000 7.225000 -21.320000
      vertex -2.710000 7.225000 -23.520000
    endloop
  endfacet
  facet normal -1.000000 0.000000 0.000000
    outer loop
      vertex -2.710000 5.675000 -21.320000
      vertex -2.710000 7.225000 -23.520000
      vertex -2.710000 5.675000 -23.520000
    endloop
  endfacet
  facet normal 1.000000 0.000000 0.000000
    outer loop
      vertex -4.910000 5.675000 -23.520000
      vertex -4.910000 7.225000 -23.520000
      vertex -4.910000 7.225000 -21.320000
    endloop
  endfacet
  facet normal 1.000000 0.000000 0.000000
    outer loop
      vertex -4.910000 5.675000 -23.520000
      vertex -4.910000 7.225000 -21.320000
      vertex -4.910000 5.675000 -21.320000
    endloop
  endfacet
  facet normal 0.000000 -1.000000 0.000000
    outer loop
      vertex -4.140000 11.200000 -22.750000
      vertex -3.480000 11.200000 -22.750000
      vertex -3.480000 11.200000 -22.090000
    endloop
  endfacet
  facet normal 0.000000 -1.000000 0.000000
    outer loop
      vertex -4.140000 11.200000 -22.750000
      vertex -3.480000 11.200000 -22.090000
      vertex -4.140000 11.200000 -22.090000
    endloop
  endfacet
  facet normal 0.000000 1.000000 0.000000
    outer loop
      vertex -4.140000 6.000000 -22.090000
      vertex -3.480000 6.000000 -22.090000
      vertex -3.480000 6.000000 -22.750000
    endloop
  endfacet
  facet normal 0.000000 1.000000 0.000000
    outer loop
      vertex -4.140000 6.000000 -22.090000
      vertex -3.480000 6.000000 -22.750000
      vertex -4.140000 6.000000 -22.750000
    endloop
  endfacet
  facet normal 0.000000 0.000000 -1.000000
    outer loop
      vertex -4.140000 11.200000 -22.090000
      vertex -3.480000 11.200000 -22.090000
      vertex -3.480000 6.000000 -22.090000
    endloop
  endfacet
  facet normal 0.000000 0.000000 -1.000000
    outer loop
      vertex -4.140000 11.200000 -22.090000
      vertex -3.480000 6.000000 -22.090000
      vertex -4.140000 6.000000 -22.090000
    endloop
  endfacet
  facet normal 0.000000 0.000000 1.000000
    outer loop
      vertex -3.480000 6.000000 -22.750000
      vertex -3.480000 11.200000 -22.750000
      vertex -4.140000 11.200000 -22.750000
    endloop
  endfacet
  facet normal 0.000000 0.000000 1.000000
    outer loop
      vertex -3.480000 6.000000 -22.750000
      vertex -4.140000 11.200000 -22.750000
      vertex -4.140000 6.000000 -22.750000
    endloop
  endfacet
  facet normal -1.000000 0.000000 0.000000
    outer loop
      vertex -3.480000 6.000000 -22.090000
      vertex -3.480000 11.200000 -22.090000
      vertex -3.480000 11.200000 -22.750000
    endloop
  endfacet
  facet normal -1.000000 0.000000 0.000000
    outer loop
      vertex -3.480000 6.000000 -22.090000
      vertex -3.480000 11.200000 -22.750000
      vertex -3.480000 6.000000 -22.750000
    endloop
  endfacet
  facet normal 1.000000 0.000000 0.000000
    outer loop
      vertex -4.140000 6.000000 -22.750000
      vertex -4.140000 11.200000 -22.750000
      vertex -4.140000 11.200000 -22.090000
    endloop
  endfacet
  facet normal 1.000000 0.000000 0.000000
    outer loop
      vertex -4.140000 6.000000 -22.750000
      vertex -4.140000 11.200000 -22.090000
      vertex -4.140000 6.000000 -22.090000
    endloop
  endfacet
  facet normal 0.000000 -1.000000 0.000000
    outer loop
      vertex -2.370000 7.225000 -23.520000
      vertex -0.170000 7.225000 -23.520000
      vertex -0.170000 7.225000 -21.320000
    endloop
  endfacet
  facet normal 0.000000 -1.000000 0.000000
    outer loop
      vertex -2.370000 7.225000 -23.520000
      vertex -0.170000 7.225000 -21.320000
      vertex -2.370000 7.225000 -21.320000
    endloop
  endfacet
  facet normal 0.000000 1.000000 0.000000
    outer loop
      vertex -2.370000 5.675000 -21.320000
      vertex -0.170000 5.675000 -21.320000
      vertex -0.170000 5.675000 -23.520000
    endloop
  endfacet
  facet normal 0.000000 1.000000 0.000000
    outer loop
      vertex -2.370000 5.675000 -21.320000
      vertex -0.170000 5.675000 -23.520000
      vertex -2.370000 5.675000 -23.520000
    endloop
  endfacet
  facet normal 0.000000 0.000000 -1.000000
    outer loop
      vertex -2.370000 7.225000 -21.320000
      vertex -0.170000 7.225000 -21.320000
      vertex -0.170000 5.675000 -21.320000
    endloop
  endfacet
  facet normal 0.000000 0.000000 -1.000000
    outer loop
      vertex -2.370000 7.225000 -21.320000
      vertex -0.170000 5.675000 -21.320000
      vertex -2.370000 5.675000 -21.320000
    endloop
  endfacet
  facet normal 0.000000 0.000000 1.000000
    outer loop
      vertex -0.170000 5.675000 -23.520000
      vertex -0.170000 7.225000 -23.520000
      vertex -2.370000 7.225000 -23.520000
    endloop
  endfacet
  facet normal 0.000000 0.000000 1.000000
    outer loop
      vertex -0.170000 5.675000 -23.520000
      vertex -2.370000 7.225000 -23.520000
      vertex -2.370000 5.675000 -23.520000
    endloop
  endfacet
  facet normal -1.000000 0.000000 0.000000
    outer loop
      vertex -0.170000 5.675000 -21.320000
      vertex -0.170000 7.225000 -21.320000
      vertex -0.170000 7.225000 -23.520000
    endloop
  endfacet
  facet normal -1.000000 0.000000 0.000000
    outer loop
      vertex -0.170000 5.675000 -21.320000
      vertex -0.170000 7.225000 -23.520000
      vertex -0.170000 5.675000 -23.520000
    endloop
  endfacet
  facet normal 1.000000 0.000000 0.000000
    outer loop
      vertex -2.370000 5.675000 -23.520000
      vertex -2.370000 7.225000 -23.520000
      vertex -2.370000 7.225000 -21.320000
    endloop
  endfacet
  facet normal 1.000000 0.000000 0.000000
    outer loop
      vertex -2.370000 5.675000 -23.520000
      vertex -2.370000 7.225000 -21.320000
      vertex -2.370000 5.675000 -21.320000
    endloop
  endfacet
  facet normal 0.000000 -1.000000 0.000000
    outer loop
      vertex -1.600000 11.200000 -22.750000
      vertex -0.940000 11.200000 -22.750000
      vertex -0.940000 11.200000 -22.090000
    endloop
  endfacet
  facet normal 0.000000 -1.000000 0.000000
    outer loop
      vertex -1.600000 11.200000 -22.750000
      vertex -0.940000 11.200000 -22.090000
      vertex -1.600000 11.200000 -22.090000
    endloop
  endfacet
  facet normal 0.000000 1.000000 0.000000
    outer loop
      vertex -1.600000 6.000000 -22.090000
      vertex -0.940000 6.000000 -22.090000
      vertex -0.940000 6.000000 -22.750000
    endloop
  endfacet
  facet normal 0.000000 1.000000 0.000000
    outer loop
      vertex -1.600000 6.000000 -22.090000
      vertex -0.940000 6.000000 -22.750000
      vertex -1.600000 6.000000 -22.750000
    endloop
  endfacet
  facet normal 0.000000 0.000000 -1.000000
    outer loop
      vertex -1.600000 11.200000 -22.090000
      vertex -0.940000 11.200000 -22.090000
      vertex -0.940000 6.000000 -22.090000
    endloop
  endfacet
  facet normal 0.000000 0.000000 -1.000000
    outer loop
      vertex -1.600000 11.200000 -22.090000
      vertex -0.940000 6.000000 -22.090000
      vertex -1.600000 6.000000 -22.090000
    endloop
  endfacet
  facet normal 0.000000 0.000000 1.000000
    outer loop
      vertex -0.940000 6.000000 -22.750000
      vertex -0.940000 11.200000 -22.750000
      vertex -1.600000 11.200000 -22.750000
    endloop
  endfacet
  facet normal 0.000000 0.000000 1.000000
    outer loop
      vertex -0.940000 6.000000 -22.750000
      vertex -1.600000 11.200000 -22.750000
      vertex -1.600000 6.000000 -22.750000
    endloop
  endfacet
  facet normal -1.000000 0.000000 0.000000
    outer loop
      vertex -0.940000 6.000000 -22.090000
      vertex -0.940000 11.200000 -22.090000
      vertex -0.940000 11.200000 -22.750000
    endloop
  endfacet
  facet normal -1.000000 0.000000 0.000000
    outer loop
      vertex -0.940000 6.000000 -22.090000
      vertex -0.940000 11.200000 -22.750000
      vertex -0.940000 6.000000 -22.750000
    endloop
  endfacet
  facet normal 1.000000 0.000000 0.000000
    outer loop
      vertex -1.600000 6.000000 -22.750000
      vertex -1.600000 11.200000 -22.750000
      vertex -1.600000 11.200000 -22.090000
    endloop
  endfacet
  facet normal 1.000000 0.000000 0.000000
    outer loop
      vertex -1.600000 6.000000 -22.750000
      vertex -1.600000 11.200000 -22.090000
      vertex -1.600000 6.000000 -22.090000
    endloop
  endfacet
  facet normal 0.000000 -1.000000 0.000000
    outer loop
      vertex 0.170000 7.225000 -23.520000
      vertex 2.370000 7.225000 -23.520000
      vertex 2.370000 7.225000 -21.320000
    endloop
  endfacet
  facet normal 0.000000 -1.000000 0.000000
    outer loop
      vertex 0.170000 7.225000 -23.520000
      vertex 2.370000 7.225000 -21.320000
      vertex 0.170000 7.225000 -21.320000
    endloop
  endfacet
  facet normal 0.000000 1.000000 0.000000
    outer loop
      vertex 0.170000 5.675000 -21.320000
      vertex 2.370000 5.675000 -21.320000
      vertex 2.370000 5.675000 -23.520000
    endloop
  endfacet
  facet normal 0.000000 1.000000 0.000000
    outer loop
      vertex 0.170000 5.675000 -21.320000
      vertex 2.370000 5.675000 -23.520000
      vertex 0.170000 5.675000 -23.520000
    endloop
  endfacet
  facet normal 0.000000 0.000000 -1.000000
    outer loop
      vertex 0.170000 7.225000 -21.320000
      vertex 2.370000 7.225000 -21.320000
      vertex 2.370000 5.675000 -21.320000
    endloop
  endfacet
  facet normal 0.000000 0.000000 -1.000000
    outer loop
      vertex 0.170000 7.225000 -21.320000
      vertex 2.370000 5.675000 -21.320000
      vertex 0.170000 5.675000 -21.320000
    endloop
  endfacet
  facet normal 0.000000 0.000000 1.000000
    outer loop
      vertex 2.370000 5.675000 -23.520000
      vertex 2.370000 7.225000 -23.520000
      vertex 0.170000 7.225000 -23.520000
    endloop
  endfacet
  facet normal 0.000000 0.000000 1.000000
    outer loop
      vertex 2.370000 5.675000 -23.520000
      vertex 0.170000 7.225000 -23.520000
      vertex 0.170000 5.675000 -23.520000
    endloop
  endfacet
  facet normal -1.000000 0.000000 0.000000
    outer loop
      vertex 2.370000 5.675000 -21.320000
      vertex 2.370000 7.225000 -21.320000
      vertex 2.370000 7.225000 -23.520000
    endloop
  endfacet
  facet normal -1.000000 0.000000 0.000000
    outer loop
      vertex 2.370000 5.675000 -21.320000
      vertex 2.370000 7.225000 -23.520000
      vertex 2.370000 5.675000 -23.520000
    endloop
  endfacet
  facet normal 1.000000 0.000000 0.000000
    outer loop
      vertex 0.170000 5.675000 -23.520000
      vertex 0.170000 7.225000 -23.520000
      vertex 0.170000 7.225000 -21.320000
    endloop
  endfacet
  facet normal 1.000000 0.000000 0.000000
    outer loop
      vertex 0.170000 5.675000 -23.520000
      vertex 0.170000 7.225000 -21.320000
      vertex 0.170000 5.675000 -21.320000
    endloop
  endfacet
  facet normal 0.000000 -1.000000 0.000000
    outer loop
      vertex 0.940000 11.200000 -22.750000
      vertex 1.600000 11.200000 -22.750000
      vertex 1.600000 11.200000 -22.090000
    endloop
  endfacet
  facet normal 0.000000 -1.000000 0.000000
    outer loop
      vertex 0.940000 11.200000 -22.750000
      vertex 1.600000 11.200000 -22.090000
      vertex 0.940000 11.200000 -22.090000
    endloop
  endfacet
  facet normal 0.000000 1.000000 0.000000
    outer loop
      vertex 0.940000 6.000000 -22.090000
      vertex 1.600000 6.000000 -22.090000
      vertex 1.600000 6.000000 -22.750000
    endloop
  endfacet
  facet normal 0.000000 1.000000 0.000000
    outer loop
      vertex 0.940000 6.000000 -22.090000
      vertex 1.600000 6.000000 -22.750000
      vertex 0.940000 6.000000 -22.750000
    endloop
  endfacet
  facet normal 0.000000 0.000000 -1.000000
    outer loop
      vertex 0.940000 11.200000 -22.090000
      vertex 1.600000 11.200000 -22.090000
      vertex 1.600000 6.000000 -22.090000
    endloop
  endfacet
  facet normal 0.000000 0.000000 -1.000000
    outer loop
      vertex 0.940000 11.200000 -22.090000
      vertex 1.600000 6.000000 -22.090000
      vertex 0.940000 6.000000 -22.090000
    endloop
  endfacet
  facet normal 0.000000 0.000000 1.000000
    outer loop
      vertex 1.600000 6.000000 -22.750000
      vertex 1.600000 11.200000 -22.750000
      vertex 0.940000 11.200000 -22.750000
    endloop
  endfacet
  facet normal 0.000000 0.000000 1.000000
    outer loop
      vertex 1.600000 6.000000 -22.750000
      vertex 0.940000 11.200000 -22.750000
      vertex 0.940000 6.000000 -22.750000
    endloop
  endfacet
  facet normal -1.000000 0.000000 0.000000
    outer loop
      vertex 1.600000 6.000000 -22.090000
      vertex 1.600000 11.200000 -22.090000
      vertex 1.600000 11.200000 -22.750000
    endloop
  endfacet
  facet normal -1.000000 0.000000 0.000000
    outer loop
      vertex 1.600000 6.000000 -22.090000
      vertex 1.600000 11.200000 -22.750000
      vertex 1.600000 6.000000 -22.750000
    endloop
  endfacet
  facet normal 1.000000 0.000000 0.000000
    outer loop
      vertex 0.940000 6.000000 -22.750000
      vertex 0.940000 11.200000 -22.750000
      vertex 0.940000 11.200000 -22.090000
    endloop
  endfacet
  facet normal 1.000000 0.000000 0.000000
    outer loop
      vertex 0.940000 6.000000 -22.750000
      vertex 0.940000 11.200000 -22.090000
      vertex 0.940000 6.000000 -22.090000
    endloop
  endfacet
  facet normal 0.000000 -1.000000 0.000000
    outer loop
      vertex 2.710000 7.225000 -23.520000
      vertex 4.910000 7.225000 -23.520000
      vertex 4.910000 7.225000 -21.320000
    endloop
  endfacet
  facet normal 0.000000 -1.000000 0.000000
    outer loop
      vertex 2.710000 7.225000 -23.520000
      vertex 4.910000 7.225000 -21.320000
      vertex 2.710000 7.225000 -21.320000
    endloop
  endfacet
  facet normal 0.000000 1.000000 0.000000
    outer loop
      vertex 2.710000 5.675000 -21.320000
      vertex 4.910000 5.675000 -21.320000
      vertex 4.910000 5.675000 -23.520000
    endloop
  endfacet
  facet normal 0.000000 1.000000 0.000000
    outer loop
      vertex 2.710000 5.675000 -21.320000
      vertex 4.910000 5.675000 -23.520000
      vertex 2.710000 5.675000 -23.520000
    endloop
  endfacet
  facet normal 0.000000 0.000000 -1.000000
    outer loop
      vertex 2.710000 7.225000 -21.320000
      vertex 4.910000 7.225000 -21.320000
      vertex 4.910000 5.675000 -21.320000
    endloop
  endfacet
  facet normal 0.000000 0.000000 -1.000000
    outer loop
      vertex 2.710000 7.225000 -21.320000
      vertex 4.910000 5.675000 -21.320000
      vertex 2.710000 5.675000 -21.320000
    endloop
  endfacet
  facet normal 0.000000 0.000000 1.000000
    outer loop
      vertex 4.910000 5.675000 -23.520000
      vertex 4.910000 7.225000 -23.520000
      vertex 2.710000 7.225000 -23.520000
    endloop
  endfacet
  facet normal 0.000000 0.000000 1.000000
    outer loop
      vertex 4.910000 5.675000 -23.520000
      vertex 2.710000 7.225000 -23.520000
      vertex 2.710000 5.675000 -23.520000
    endloop
  endfacet
  facet normal -1.000000 0.000000 0.000000
    outer loop
      vertex 4.910000 5.675000 -21.320000
      vertex 4.910000 7.225000 -21.320000
      vertex 4.910000 7.225000 -23.520000
    endloop
  endfacet
  facet normal -1.000000 0.000000 0.000000
    outer loop
      vertex 4.910000 5.675000 -21.320000
      vertex 4.910000 7.225000 -23.520000
      vertex 4.910000 5.675000 -23.520000
    endloop
  endfacet
  facet normal 1.000000 0.000000 0.000000
    outer loop
      vertex 2.710000 5.675000 -23.520000
      vertex 2.710000 7.225000 -23.520000
      vertex 2.710000 7.225000 -21.320000
    endloop
  endfacet
  facet normal 1.000000 0.000000 0.000000
    outer loop
      vertex 2.710000 5.675000 -23.520000
      vertex 2.710000 7.225000 -21.320000
      vertex 2.710000 5.675000 -21.320000
    endloop
  endfacet
  facet normal 0.000000 -1.000000 0.000000
    outer loop
      vertex 3.480000 11.200000 -22.750000
      vertex 4.140000 11.200000 -22.750000
      vertex 4.140000 11.200000 -22.090000
    endloop
  endfacet
  facet normal 0.000000 -1.000000 0.000000
    outer loop
      vertex 3.480000 11.200000 -22.750000
      vertex 4.140000 11.200000 -22.090000
      vertex 3.480000 11.200000 -22.090000
    endloop
  endfacet
  facet normal 0.000000 1.000000 0.000000
    outer loop
      vertex 3.480000 6.000000 -22.090000
      vertex 4.140000 6.000000 -22.090000
      vertex 4.140000 6.000000 -22.750000
    endloop
  endfacet
  facet normal 0.000000 1.000000 0.000000
    outer loop
      vertex 3.480000 6.000000 -22.090000
      vertex 4.140000 6.000000 -22.750000
      vertex 3.480000 6.000000 -22.750000
    endloop
  endfacet
  facet normal 0.000000 0.000000 -1.000000
    outer loop
      vertex 3.480000 11.200000 -22.090000
      vertex 4.140000 11.200000 -22.090000
      vertex 4.140000 6.000000 -22.090000
    endloop
  endfacet
  facet normal 0.000000 0.000000 -1.000000
    outer loop
      vertex 3.480000 11.200000 -22.090000
      vertex 4.140000 6.000000 -22.090000
      vertex 3.480000 6.000000 -22.090000
    endloop
  endfacet
  facet normal 0.000000 0.000000 1.000000
    outer loop
      vertex 4.140000 6.000000 -22.750000
      vertex 4.140000 11.200000 -22.750000
      vertex 3.480000 11.200000 -22.750000
    endloop
  endfacet
  facet normal 0.000000 0.000000 1.000000
    outer loop
      vertex 4.140000 6.000000 -22.750000
      vertex 3.480000 11.200000 -22.750000
      vertex 3.480000 6.000000 -22.750000
    endloop
  endfacet
  facet normal -1.000000 0.000000 0.000000
    outer loop
      vertex 4.140000 6.000000 -22.090000
      vertex 4.140000 11.200000 -22.090000
      vertex 4.140000 11.200000 -22.750000
    endloop
  endfacet
  facet normal -1.000000 0.000000 0.000000
    outer loop
      vertex 4.140000 6.000000 -22.090000
      vertex 4.140000 11.200000 -22.750000
      vertex 4.140000 6.000000 -22.750000
    endloop
  endfacet
  facet normal 1.000000 0.000000 0.000000
    outer loop
      vertex 3.480000 6.000000 -22.750000
      vertex 3.480000 11.200000 -22.750000
      vertex 3.480000 11.200000 -22.090000
    endloop
  endfacet
  facet normal 1.000000 0.000000 0.000000
    outer loop
      vertex 3.480000 6.000000 -22.750000
      vertex 3.480000 11.200000 -22.090000
      vertex 3.480000 6.000000 -22.090000
    endloop
  endfacet
  facet normal 0.000000 -1.000000 0.000000
    outer loop
      vertex 5.250000 7.225000 -23.520000
      vertex 7.450000 7.225000 -23.520000
      vertex 7.450000 7.225000 -21.320000
    endloop
  endfacet
  facet normal 0.000000 -1.000000 0.000000
    outer loop
      vertex 5.250000 7.225000 -23.520000
      vertex 7.450000 7.225000 -21.320000
      vertex 5.250000 7.225000 -21.320000
    endloop
  endfacet
  facet normal 0.000000 1.000000 0.000000
    outer loop
      vertex 5.250000 5.675000 -21.320000
      vertex 7.450000 5.675000 -21.320000
      vertex 7.450000 5.675000 -23.520000
    endloop
  endfacet
  facet normal 0.000000 1.000000 0.000000
    outer loop
      vertex 5.250000 5.675000 -21.320000
      vertex 7.450000 5.675000 -23.520000
      vertex 5.250000 5.675000 -23.520000
    endloop
  endfacet
  facet normal 0.000000 0.000000 -1.000000
    outer loop
      vertex 5.250000 7.225000 -21.320000
      vertex 7.450000 7.225000 -21.320000
      vertex 7.450000 5.675000 -21.320000
    endloop
  endfacet
  facet normal 0.000000 0.000000 -1.000000
    outer loop
      vertex 5.250000 7.225000 -21.320000
      vertex 7.450000 5.675000 -21.320000
      vertex 5.250000 5.675000 -21.320000
    endloop
  endfacet
  facet normal 0.000000 0.000000 1.000000
    outer loop
      vertex 7.450000 5.675000 -23.520000
      vertex 7.450000 7.225000 -23.520000
      vertex 5.250000 7.225000 -23.520000
    endloop
  endfacet
  facet normal 0.000000 0.000000 1.000000
    outer loop
      vertex 7.450000 5.675000 -23.520000
      vertex 5.250000 7.225000 -23.520000
      vertex 5.250000 5.675000 -23.520000
    endloop
  endfacet
  facet normal -1.000000 0.000000 0.000000
    outer loop
      vertex 7.450000 5.675000 -21.320000
      vertex 7.450000 7.225000 -21.320000
      vertex 7.450000 7.225000 -23.520000
    endloop
  endfacet
  facet normal -1.000000 0.000000 0.000000
    outer loop
      vertex 7.450000 5.675000 -21.320000
      vertex 7.450000 7.225000 -23.520000
      vertex 7.450000 5.675000 -23.520000
    endloop
  endfacet
  facet normal 1.000000 0.000000 0.000000
    outer loop
      vertex 5.250000 5.675000 -23.520000
      vertex 5.250000 7.225000 -23.520000
      vertex 5.250000 7.225000 -21.320000
    endloop
  endfacet
  facet normal 1.000000 0.000000 0.000000
    outer loop
      vertex 5.250000 5.675000 -23.520000
      vertex 5.250000 7.225000 -21.320000
      vertex 5.250000 5.675000 -21.320000
    endloop
  endfacet
  facet normal 0.000000 -1.000000 0.000000
    outer loop
      vertex 6.020000 11.200000 -22.750000
      vertex 6.680000 11.200000 -22.750000
      vertex 6.680000 11.200000 -22.090000
    endloop
  endfacet
  facet normal 0.000000 -1.000000 0.000000
    outer loop
      vertex 6.020000 11.200000 -22.750000
      vertex 6.680000 11.200000 -22.090000
      vertex 6.020000 11.200000 -22.090000
    endloop
  endfacet
  facet normal 0.000000 1.000000 0.000000
    outer loop
      vertex 6.020000 6.000000 -22.090000
      vertex 6.680000 6.000000 -22.090000
      vertex 6.680000 6.000000 -22.750000
    endloop
  endfacet
  facet normal 0.000000 1.000000 0.000000
    outer loop
      vertex 6.020000 6.000000 -22.090000
      vertex 6.680000 6.000000 -22.750000
      vertex 6.020000 6.000000 -22.750000
    endloop
  endfacet
  facet normal 0.000000 0.000000 -1.000000
    outer loop
      vertex 6.020000 11.200000 -22.090000
      vertex 6.680000 11.200000 -22.090000
      vertex 6.680000 6.000000 -22.090000
    endloop
  endfacet
  facet normal 0.000000 0.000000 -1.000000
    outer loop
      vertex 6.020000 11.200000 -22.090000
      vertex 6.680000 6.000000 -22.090000
      vertex 6.020000 6.000000 -22.090000
    endloop
  endfacet
  facet normal 0.000000 0.000000 1.000000
    outer loop
      vertex 6.680000 6.000000 -22.750000
      vertex 6.680000 11.200000 -22.750000
      vertex 6.020000 11.200000 -22.750000
    endloop
  endfacet
  facet normal 0.000000 0.000000 1.000000
    outer loop
      vertex 6.680000 6.000000 -22.750000
      vertex 6.020000 11.200000 -22.750000
      vertex 6.020000 6.000000 -22.750000
    endloop
  endfacet
  facet normal -1.000000 0.000000 0.000000
    outer loop
      vertex 6.680000 6.000000 -22.090000
      vertex 6.680000 11.200000 -22.090000
      vertex 6.680000 11.200000 -22.750000
    endloop
  endfacet
  facet normal -1.000000 0.000000 0.000000
    outer loop
      vertex 6.680000 6.000000 -22.090000
      vertex 6.680000 11.200000 -22.750000
      vertex 6.680000 6.000000 -22.750000
    endloop
  endfacet
  facet normal 1.000000 0.000000 0.000000
    outer loop
      vertex 6.020000 6.000000 -22.750000
      vertex 6.020000 11.200000 -22.750000
      vertex 6.020000 11.200000 -22.090000
    endloop
  endfacet
  facet normal 1.000000 0.000000 0.000000
    outer loop
      vertex 6.020000 6.000000 -22.750000
      vertex 6.020000 11.200000 -22.090000
      vertex 6.020000 6.000000 -22.090000
    endloop
  endfacet
  facet normal 0.000000 -1.000000 0.000000
    outer loop
      vertex 7.790000 7.225000 -23.520000
      vertex 9.990000 7.225000 -23.520000
      vertex 9.990000 7.225000 -21.320000
    endloop
  endfacet
  facet normal 0.000000 -1.000000 0.000000
    outer loop
      vertex 7.790000 7.225000 -23.520000
      vertex 9.990000 7.225000 -21.320000
      vertex 7.790000 7.225000 -21.320000
    endloop
  endfacet
  facet normal 0.000000 1.000000 0.000000
    outer loop
      vertex 7.790000 5.675000 -21.320000
      vertex 9.990000 5.675000 -21.320000
      vertex 9.990000 5.675000 -23.520000
    endloop
  endfacet
  facet normal 0.000000 1.000000 0.000000
    outer loop
      vertex 7.790000 5.675000 -21.320000
      vertex 9.990000 5.675000 -23.520000
      vertex 7.790000 5.675000 -23.520000
    endloop
  endfacet
  facet normal 0.000000 0.000000 -1.000000
    outer loop
      vertex 7.790000 7.225000 -21.320000
      vertex 9.990000 7.225000 -21.320000
      vertex 9.990000 5.675000 -21.320000
    endloop
  endfacet
  facet normal 0.000000 0.000000 -1.000000
    outer loop
      vertex 7.790000 7.225000 -21.320000
      vertex 9.990000 5.675000 -21.320000
      vertex 7.790000 5.675000 -21.320000
    endloop
  endfacet
  facet normal 0.000000 0.000000 1.000000
    outer loop
      vertex 9.990000 5.675000 -23.520000
      vertex 9.990000 7.225000 -23.520000
      vertex 7.790000 7.225000 -23.520000
    endloop
  endfacet
  facet normal 0.000000 0.000000 1.000000
    outer loop
      vertex 9.990000 5.675000 -23.520000
      vertex 7.790000 7.225000 -23.520000
      vertex 7.790000 5.675000 -23.520000
    endloop
  endfacet
  facet normal -1.000000 0.000000 0.000000
    outer loop
      vertex 9.990000 5.675000 -21.320000
      vertex 9.990000 7.225000 -21.320000
      vertex 9.990000 7.225000 -23.520000
    endloop
  endfacet
  facet normal -1.000000 0.000000 0.000000
    outer loop
      vertex 9.990000 5.675000 -21.320000
      vertex 9.990000 7.225000 -23.520000
      vertex 9.990000 5.675000 -23.520000
    endloop
  endfacet
  facet normal 1.000000 0.000000 0.000000
    outer loop
      vertex 7.790000 5.675000 -23.520000
      vertex 7.790000 7.225000 -23.520000
      vertex 7.790000 7.225000 -21.320000
    endloop
  endfacet
  facet normal 1.000000 0.000000 0.000000
    outer loop
      vertex 7.790000 5.675000 -23.520000
      vertex 7.790000 7.225000 -21.320000
      vertex 7.790000 5.675000 -21.320000
    endloop
  endfacet
  facet normal 0.000000 -1.000000 0.000000
    outer loop
      vertex 8.560000 11.200000 -22.750000
      vertex 9.220000 11.200000 -22.750000
      vertex 9.220000 11.200000 -22.090000
    endloop
  endfacet
  facet normal 0.000000 -1.000000 0.000000
    outer loop
      vertex 8.560000 11.200000 -22.750000
      vertex 9.220000 11.200000 -22.090000
      vertex 8.560000 11.200000 -22.090000
    endloop
  endfacet
  facet normal 0.000000 1.000000 0.000000
    outer loop
      vertex 8.560000 6.000000 -22.090000
      vertex 9.220000 6.000000 -22.090000
      vertex 9.220000 6.000000 -22.750000
    endloop
  endfacet
  facet normal 0.000000 1.000000 0.000000
    outer loop
      vertex 8.560000 6.000000 -22.090000
      vertex 9.220000 6.000000 -22.750000
      vertex 8.560000 6.000000 -22.750000
    endloop
  endfacet
  facet normal 0.000000 0.000000 -1.000000
    outer loop
      vertex 8.560000 11.200000 -22.090000
      vertex 9.220000 11.200000 -22.090000
      vertex 9.220000 6.000000 -22.090000
    endloop
  endfacet
  facet normal 0.000000 0.000000 -1.000000
    outer loop
      vertex 8.560000 11.200000 -22.090000
      vertex 9.220000 6.000000 -22.090000
      vertex 8.560000 6.000000 -22.090000
    endloop
  endfacet
  facet normal 0.000000 0.000000 1.000000
    outer loop
      vertex 9.220000 6.000000 -22.750000
      vertex 9.220000 11.200000 -22.750000
      vertex 8.560000 11.200000 -22.750000
    endloop
  endfacet
  facet normal 0.000000 0.000000 1.000000
    outer loop
      vertex 9.220000 6.000000 -22.750000
      vertex 8.560000 11.200000 -22.750000
      vertex 8.560000 6.000000 -22.750000
    endloop
  endfacet
  facet normal -1.000000 0.000000 0.000000
    outer loop
      vertex 9.220000 6.000000 -22.090000
      vertex 9.220000 11.200000 -22.090000
      vertex 9.220000 11.200000 -22.750000
    endloop
  endfacet
  facet normal -1.000000 0.000000 0.000000
    outer loop
      vertex 9.220000 6.000000 -22.090000
      vertex 9.220000 11.200000 -22.750000
      vertex 9.220000 6.000000 -22.750000
    endloop
  endfacet
  facet normal 1.000000 0.000000 0.000000
    outer loop
      vertex 8.560000 6.000000 -22.750000
      vertex 8.560000 11.200000 -22.750000
      vertex 8.560000 11.200000 -22.090000
    endloop
  endfacet
  facet normal 1.000000 0.000000 0.000000
    outer loop
      vertex 8.560000 6.000000 -22.750000
      vertex 8.560000 11.200000 -22.090000
      vertex 8.560000 6.000000 -22.090000
    endloop
  endfacet
  facet normal 0.000000 -1.000000 0.000000
    outer loop
      vertex 10.330000 7.225000 -23.520000
      vertex 12.530000 7.225000 -23.520000
      vertex 12.530000 7.225000 -21.320000
    endloop
  endfacet
  facet normal 0.000000 -1.000000 0.000000
    outer loop
      vertex 10.330000 7.225000 -23.520000
      vertex 12.530000 7.225000 -21.320000
      vertex 10.330000 7.225000 -21.320000
    endloop
  endfacet
  facet normal 0.000000 1.000000 0.000000
    outer loop
      vertex 10.330000 5.675000 -21.320000
      vertex 12.530000 5.675000 -21.320000
      vertex 12.530000 5.675000 -23.520000
    endloop
  endfacet
  facet normal 0.000000 1.000000 0.000000
    outer loop
      vertex 10.330000 5.675000 -21.320000
      vertex 12.530000 5.675000 -23.520000
      vertex 10.330000 5.675000 -23.520000
    endloop
  endfacet
  facet normal 0.000000 0.000000 -1.000000
    outer loop
      vertex 10.330000 7.225000 -21.320000
      vertex 12.530000 7.225000 -21.320000
      vertex 12.530000 5.675000 -21.320000
    endloop
  endfacet
  facet normal 0.000000 0.000000 -1.000000
    outer loop
      vertex 10.330000 7.225000 -21.320000
      vertex 12.530000 5.675000 -21.320000
      vertex 10.330000 5.675000 -21.320000
    endloop
  endfacet
  facet normal 0.000000 0.000000 1.000000
    outer loop
      vertex 12.530000 5.675000 -23.520000
      vertex 12.530000 7.225000 -23.520000
      vertex 10.330000 7.225000 -23.520000
    endloop
  endfacet
  facet normal 0.000000 0.000000 1.000000
    outer loop
      vertex 12.530000 5.675000 -23.520000
      vertex 10.330000 7.225000 -23.520000
      vertex 10.330000 5.675000 -23.520000
    endloop
  endfacet
  facet normal -1.000000 0.000000 0.000000
    outer loop
      vertex 12.530000 5.675000 -21.320000
      vertex 12.530000 7.225000 -21.320000
      vertex 12.530000 7.225000 -23.520000
    endloop
  endfacet
  facet normal -1.000000 0.000000 0.000000
    outer loop
      vertex 12.530000 5.675000 -21.320000
      vertex 12.530000 7.225000 -23.520000
      vertex 12.530000 5.675000 -23.520000
    endloop
  endfacet
  facet normal 1.000000 0.000000 0.000000
    outer loop
      vertex 10.330000 5.675000 -23.520000
      vertex 10.330000 7.225000 -23.520000
      vertex 10.330000 7.225000 -21.320000
    endloop
  endfacet
  facet normal 1.000000 0.000000 0.000000
    outer loop
      vertex 10.330000 5.675000 -23.520000
      vertex 10.330000 7.225000 -21.320000
      vertex 10.330000 5.675000 -21.320000
    endloop
  endfacet
  facet normal 0.000000 -1.000000 0.000000
    outer loop
      vertex 11.100000 11.200000 -22.750000
      vertex 11.760000 11.200000 -22.750000
      vertex 11.760000 11.200000 -22.090000
    endloop
  endfacet
  facet normal 0.000000 -1.000000 0.000000
    outer loop
      vertex 11.100000 11.200000 -22.750000
      vertex 11.760000 11.200000 -22.090000
      vertex 11.100000 11.200000 -22.090000
    endloop
  endfacet
  facet normal 0.000000 1.000000 0.000000
    outer loop
      vertex 11.100000 6.000000 -22.090000
      vertex 11.760000 6.000000 -22.090000
      vertex 11.760000 6.000000 -22.750000
    endloop
  endfacet
  facet normal 0.000000 1.000000 0.000000
    outer loop
      vertex 11.100000 6.000000 -22.090000
      vertex 11.760000 6.000000 -22.750000
      vertex 11.100000 6.000000 -22.750000
    endloop
  endfacet
  facet normal 0.000000 0.000000 -1.000000
    outer loop
      vertex 11.100000 11.200000 -22.090000
      vertex 11.760000 11.200000 -22.090000
      vertex 11.760000 6.000000 -22.090000
    endloop
  endfacet
  facet normal 0.000000 0.000000 -1.000000
    outer loop
      vertex 11.100000 11.200000 -22.090000
      vertex 11.760000 6.000000 -22.090000
      vertex 11.100000 6.000000 -22.090000
    endloop
  endfacet
  facet normal 0.000000 0.000000 1.000000
    outer loop
      vertex 11.760000 6.000000 -22.750000
      vertex 11.760000 11.200000 -22.750000
      vertex 11.100000 11.200000 -22.750000
    endloop
  endfacet
  facet normal 0.000000 0.000000 1.000000
    outer loop
      vertex 11.760000 6.000000 -22.750000
      vertex 11.100000 11.200000 -22.750000
      vertex 11.100000 6.000000 -22.750000
    endloop
  endfacet
  facet normal -1.000000 0.000000 0.000000
    outer loop
      vertex 11.760000 6.000000 -22.090000
      vertex 11.760000 11.200000 -22.090000
      vertex 11.760000 11.200000 -22.750000
    endloop
  endfacet
  facet normal -1.000000 0.000000 0.000000
    outer loop
      vertex 11.760000 6.000000 -22.090000
      vertex 11.760000 11.200000 -22.750000
      vertex 11.760000 6.000000 -22.750000
    endloop
  endfacet
  facet normal 1.000000 0.000000 0.000000
    outer loop
      vertex 11.100000 6.000000 -22.750000
      vertex 11.100000 11.200000 -22.750000
      vertex 11.100000 11.200000 -22.090000
    endloop
  endfacet
  facet normal 1.000000 0.000000 0.000000
    outer loop
      vertex 11.100000 6.000000 -22.750000
      vertex 11.100000 11.200000 -22.090000
      vertex 11.100000 6.000000 -22.090000
    endloop
  endfacet
  facet normal 0.000000 -1.000000 0.000000
    outer loop
      vertex 12.870000 7.225000 -23.520000
      vertex 15.070000 7.225000 -23.520000
      vertex 15.070000 7.225000 -21.320000
    endloop
  endfacet
  facet normal 0.000000 -1.000000 0.000000
    outer loop
      vertex 12.870000 7.225000 -23.520000
      vertex 15.070000 7.225000 -21.320000
      vertex 12.870000 7.225000 -21.320000
    endloop
  endfacet
  facet normal 0.000000 1.000000 0.000000
    outer loop
      vertex 12.870000 5.675000 -21.320000
      vertex 15.070000 5.675000 -21.320000
      vertex 15.070000 5.675000 -23.520000
    endloop
  endfacet
  facet normal 0.000000 1.000000 0.000000
    outer loop
      vertex 12.870000 5.675000 -21.320000
      vertex 15.070000 5.675000 -23.520000
      vertex 12.870000 5.675000 -23.520000
    endloop
  endfacet
  facet normal 0.000000 0.000000 -1.000000
    outer loop
      vertex 12.870000 7.225000 -21.320000
      vertex 15.070000 7.225000 -21.320000
      vertex 15.070000 5.675000 -21.320000
    endloop
  endfacet
  facet normal 0.000000 0.000000 -1.000000
    outer loop
      vertex 12.870000 7.225000 -21.320000
      vertex 15.070000 5.675000 -21.320000
      vertex 12.870000 5.675000 -21.320000
    endloop
  endfacet
  facet normal 0.000000 0.000000 1.000000
    outer loop
      vertex 15.070000 5.675000 -23.520000
      vertex 15.070000 7.225000 -23.520000
      vertex 12.870000 7.225000 -23.520000
    endloop
  endfacet
  facet normal 0.000000 0.000000 1.000000
    outer loop
      vertex 15.070000 5.675000 -23.520000
      vertex 12.870000 7.225000 -23.520000
      vertex 12.870000 5.675000 -23.520000
    endloop
  endfacet
  facet normal -1.000000 0.000000 0.000000
    outer loop
      vertex 15.070000 5.675000 -21.320000
      vertex 15.070000 7.225000 -21.320000
      vertex 15.070000 7.225000 -23.520000
    endloop
  endfacet
  facet normal -1.000000 0.000000 0.000000
    outer loop
      vertex 15.070000 5.675000 -21.320000
      vertex 15.070000 7.225000 -23.520000
      vertex 15.070000 5.675000 -23.520000
    endloop
  endfacet
  facet normal 1.000000 0.000000 0.000000
    outer loop
      vertex 12.870000 5.675000 -23.520000
      vertex 12.870000 7.225000 -23.520000
      vertex 12.870000 7.225000 -21.320000
    endloop
  endfacet
  facet normal 1.000000 0.000000 0.000000
    outer loop
      vertex 12.870000 5.675000 -23.520000
      vertex 12.870000 7.225000 -21.320000
      vertex 12.870000 5.675000 -21.320000
    endloop
  endfacet
  facet normal 0.000000 -1.000000 0.000000
    outer loop
      vertex 13.640000 11.200000 -22.750000
      vertex 14.300000 11.200000 -22.750000
      vertex 14.300000 11.200000 -22.090000
    endloop
  endfacet
  facet normal 0.000000 -1.000000 0.000000
    outer loop
      vertex 13.640000 11.200000 -22.750000
      vertex 14.300000 11.200000 -22.090000
      vertex 13.640000 11.200000 -22.090000
    endloop
  endfacet
  facet normal 0.000000 1.000000 0.000000
    outer loop
      vertex 13.640000 6.000000 -22.090000
      vertex 14.300000 6.000000 -22.090000
      vertex 14.300000 6.000000 -22.750000
    endloop
  endfacet
  facet normal 0.000000 1.000000 0.000000
    outer loop
      vertex 13.640000 6.000000 -22.090000
      vertex 14.300000 6.000000 -22.750000
      vertex 13.640000 6.000000 -22.750000
    endloop
  endfacet
  facet normal 0.000000 0.000000 -1.000000
    outer loop
      vertex 13.640000 11.200000 -22.090000
      vertex 14.300000 11.200000 -22.090000
      vertex 14.300000 6.000000 -22.090000
    endloop
  endfacet
  facet normal 0.000000 0.000000 -1.000000
    outer loop
      vertex 13.640000 11.200000 -22.090000
      vertex 14.300000 6.000000 -22.090000
      vertex 13.640000 6.000000 -22.090000
    endloop
  endfacet
  facet normal 0.000000 0.000000 1.000000
    outer loop
      vertex 14.300000 6.000000 -22.750000
      vertex 14.300000 11.200000 -22.750000
      vertex 13.640000 11.200000 -22.750000
    endloop
  endfacet
  facet normal 0.000000 0.000000 1.000000
    outer loop
      vertex 14.300000 6.000000 -22.750000
      vertex 13.640000 11.200000 -22.750000
      vertex 13.640000 6.000000 -22.750000
    endloop
  endfacet
  facet normal -1.000000 0.000000 0.000000
    outer loop
      vertex 14.300000 6.000000 -22.090000
      vertex 14.300000 11.200000 -22.090000
      vertex 14.300000 11.200000 -22.750000
    endloop
  endfacet
  facet normal -1.000000 0.000000 0.000000
    outer loop
      vertex 14.300000 6.000000 -22.090000
      vertex 14.300000 11.200000 -22.750000
      vertex 14.300000 6.000000 -22.750000
    endloop
  endfacet
  facet normal 1.000000 0.000000 0.000000
    outer loop
      vertex 13.640000 6.000000 -22.750000
      vertex 13.640000 11.200000 -22.750000
      vertex 13.640000 11.200000 -22.090000
    endloop
  endfacet
  facet normal 1.000000 0.000000 0.000000
    outer loop
      vertex 13.640000 6.000000 -22.750000
      vertex 13.640000 11.200000 -22.090000
      vertex 13.640000 6.000000 -22.090000
    endloop
  endfacet
  facet normal 0.000000 -1.000000 0.000000
    outer loop
      vertex 15.410000 7.225000 -23.520000
      vertex 17.610000 7.225000 -23.520000
      vertex 17.610000 7.225000 -21.320000
    endloop
  endfacet
  facet normal 0.000000 -1.000000 0.000000
    outer loop
      vertex 15.410000 7.225000 -23.520000
      vertex 17.610000 7.225000 -21.320000
      vertex 15.410000 7.225000 -21.320000
    endloop
  endfacet
  facet normal 0.000000 1.000000 0.000000
    outer loop
      vertex 15.410000 5.675000 -21.320000
      vertex 17.610000 5.675000 -21.320000
      vertex 17.610000 5.675000 -23.520000
    endloop
  endfacet
  facet normal 0.000000 1.000000 0.000000
    outer loop
      vertex 15.410000 5.675000 -21.320000
      vertex 17.610000 5.675000 -23.520000
      vertex 15.410000 5.675000 -23.520000
    endloop
  endfacet
  facet normal 0.000000 0.000000 -1.000000
    outer loop
      vertex 15.410000 7.225000 -21.320000
      vertex 17.610000 7.225000 -21.320000
      vertex 17.610000 5.675000 -21.320000
    endloop
  endfacet
  facet normal 0.000000 0.000000 -1.000000
    outer loop
      vertex 15.410000 7.225000 -21.320000
      vertex 17.610000 5.675000 -21.320000
      vertex 15.410000 5.675000 -21.320000
    endloop
  endfacet
  facet normal 0.000000 0.000000 1.000000
    outer loop
      vertex 17.610000 5.675000 -23.520000
      vertex 17.610000 7.225000 -23.520000
      vertex 15.410000 7.225000 -23.520000
    endloop
  endfacet
  facet normal 0.000000 0.000000 1.000000
    outer loop
      vertex 17.610000 5.675000 -23.520000
      vertex 15.410000 7.225000 -23.520000
      vertex 15.410000 5.675000 -23.520000
    endloop
  endfacet
  facet normal -1.000000 0.000000 0.000000
    outer loop
      vertex 17.610000 5.675000 -21.320000
      vertex 17.610000 7.225000 -21.320000
      vertex 17.610000 7.225000 -23.520000
    endloop
  endfacet
  facet normal -1.000000 0.000000 0.000000
    outer loop
      vertex 17.610000 5.675000 -21.320000
      vertex 17.610000 7.225000 -23.520000
      vertex 17.610000 5.675000 -23.520000
    endloop
  endfacet
  facet normal 1.000000 0.000000 0.000000
    outer loop
      vertex 15.410000 5.675000 -23.520000
      vertex 15.410000 7.225000 -23.520000
      vertex 15.410000 7.225000 -21.320000
    endloop
  endfacet
  facet normal 1.000000 0.000000 0.000000
    outer loop
      vertex 15.410000 5.675000 -23.520000
      vertex 15.410000 7.225000 -21.320000
      vertex 15.410000 5.675000 -21.320000
    endloop
  endfacet
  facet normal 0.000000 -1.000000 0.000000
    outer loop
      vertex 16.180000 11.200000 -22.750000
      vertex 16.840000 11.200000 -22.750000
      vertex 16.840000 11.200000 -22.090000
    endloop
  endfacet
  facet normal 0.000000 -1.000000 0.000000
    outer loop
      vertex 16.180000 11.200000 -22.750000
      vertex 16.840000 11.200000 -22.090000
      vertex 16.180000 11.200000 -22.090000
    endloop
  endfacet
  facet normal 0.000000 1.000000 0.000000
    outer loop
      vertex 16.180000 6.000000 -22.090000
      vertex 16.840000 6.000000 -22.090000
      vertex 16.840000 6.000000 -22.750000
    endloop
  endfacet
  facet normal 0.000000 1.000000 0.000000
    outer loop
      vertex 16.180000 6.000000 -22.090000
      vertex 16.840000 6.000000 -22.750000
      vertex 16.180000 6.000000 -22.750000
    endloop
  endfacet
  facet normal 0.000000 0.000000 -1.000000
    outer loop
      vertex 16.180000 11.200000 -22.090000
      vertex 16.840000 11.200000 -22.090000
      vertex 16.840000 6.000000 -22.090000
    endloop
  endfacet
  facet normal 0.000000 0.000000 -1.000000
    outer loop
      vertex 16.180000 11.200000 -22.090000
      vertex 16.840000 6.000000 -22.090000
      vertex 16.180000 6.000000 -22.090000
    endloop
  endfacet
  facet normal 0.000000 0.000000 1.000000
    outer loop
      vertex 16.840000 6.000000 -22.750000
      vertex 16.840000 11.200000 -22.750000
      vertex 16.180000 11.200000 -22.750000
    endloop
  endfacet
  facet normal 0.000000 0.000000 1.000000
    outer loop
      vertex 16.840000 6.000000 -22.750000
      vertex 16.180000 11.200000 -22.750000
      vertex 16.180000 6.000000 -22.750000
    endloop
  endfacet
  facet normal -1.000000 0.000000 0.000000
    outer loop
      vertex 16.840000 6.000000 -22.090000
      vertex 16.840000 11.200000 -22.090000
      vertex 16.840000 11.200000 -22.750000
    endloop
  endfacet
  facet normal -1.000000 0.000000 0.000000
    outer loop
      vertex 16.840000 6.000000 -22.090000
      vertex 16.840000 11.200000 -22.750000
      vertex 16.840000 6.000000 -22.750000
    endloop
  endfacet
  facet normal 1.000000 0.000000 0.000000
    outer loop
      vertex 16.180000 6.000000 -22.750000
      vertex 16.180000 11.200000 -22.750000
      vertex 16.180000 11.200000 -22.090000
    endloop
  endfacet
  facet normal 1.000000 0.000000 0.000000
    outer loop
      vertex 16.180000 6.000000 -22.750000
      vertex 16.180000 11.200000 -22.090000
      vertex 16.180000 6.000000 -22.090000
    endloop
  endfacet
  facet normal 0.000000 -1.000000 0.000000
    outer loop
      vertex 17.950000 7.225000 -23.520000
      vertex 20.150000 7.225000 -23.520000
      vertex 20.150000 7.225000 -21.320000
    endloop
  endfacet
  facet normal 0.000000 -1.000000 0.000000
    outer loop
      vertex 17.950000 7.225000 -23.520000
      vertex 20.150000 7.225000 -21.320000
      vertex 17.950000 7.225000 -21.320000
    endloop
  endfacet
  facet normal 0.000000 1.000000 0.000000
    outer loop
      vertex 17.950000 5.675000 -21.320000
      vertex 20.150000 5.675000 -21.320000
      vertex 20.150000 5.675000 -23.520000
    endloop
  endfacet
  facet normal 0.000000 1.000000 0.000000
    outer loop
      vertex 17.950000 5.675000 -21.320000
      vertex 20.150000 5.675000 -23.520000
      vertex 17.950000 5.675000 -23.520000
    endloop
  endfacet
  facet normal 0.000000 0.000000 -1.000000
    outer loop
      vertex 17.950000 7.225000 -21.320000
      vertex 20.150000 7.225000 -21.320000
      vertex 20.150000 5.675000 -21.320000
    endloop
  endfacet
  facet normal 0.000000 0.000000 -1.000000
    outer loop
      vertex 17.950000 7.225000 -21.320000
      vertex 20.150000 5.675000 -21.320000
      vertex 17.950000 5.675000 -21.320000
    endloop
  endfacet
  facet normal 0.000000 0.000000 1.000000
    outer loop
      vertex 20.150000 5.675000 -23.520000
      vertex 20.150000 7.225000 -23.520000
      vertex 17.950000 7.225000 -23.520000
    endloop
  endfacet
  facet normal 0.000000 0.000000 1.000000
    outer loop
      vertex 20.150000 5.675000 -23.520000
      vertex 17.950000 7.225000 -23.520000
      vertex 17.950000 5.675000 -23.520000
    endloop
  endfacet
  facet normal -1.000000 0.000000 0.000000
    outer loop
      vertex 20.150000 5.675000 -21.320000
      vertex 20.150000 7.225000 -21.320000
      vertex 20.150000 7.225000 -23.520000
    endloop
  endfacet
  facet normal -1.000000 0.000000 0.000000
    outer loop
      vertex 20.150000 5.675000 -21.320000
      vertex 20.150000 7.225000 -23.520000
      vertex 20.150000 5.675000 -23.520000
    endloop
  endfacet
  facet normal 1.000000 0.000000 0.000000
    outer loop
      vertex 17.950000 5.675000 -23.520000
      vertex 17.950000 7.225000 -23.520000
      vertex 17.950000 7.225000 -21.320000
    endloop
  endfacet
  facet normal 1.000000 0.000000 0.000000
    outer loop
      vertex 17.950000 5.675000 -23.520000
      vertex 17.950000 7.225000 -21.320000
      vertex 17.950000 5.675000 -21.320000
    endloop
  endfacet
  facet normal 0.000000 -1.000000 0.000000
    outer loop
      vertex 18.720000 11.200000 -22.750000
      vertex 19.380000 11.200000 -22.750000
      vertex 19.380000 11.200000 -22.090000
    endloop
  endfacet
  facet normal 0.000000 -1.000000 0.000000
    outer loop
      vertex 18.720000 11.200000 -22.750000
      vertex 19.380000 11.200000 -22.090000
      vertex 18.720000 11.200000 -22.090000
    endloop
  endfacet
  facet normal 0.000000 1.000000 0.000000
    outer loop
      vertex 18.720000 6.000000 -22.090000
      vertex 19.380000 6.000000 -22.090000
      vertex 19.380000 6.000000 -22.750000
    endloop
  endfacet
  facet normal 0.000000 1.000000 0.000000
    outer loop
      vertex 18.720000 6.000000 -22.090000
      vertex 19.380000 6.000000 -22.750000
      vertex 18.720000 6.000000 -22.750000
    endloop
  endfacet
  facet normal 0.000000 0.000000 -1.000000
    outer loop
      vertex 18.720000 11.200000 -22.090000
      vertex 19.380000 11.200000 -22.090000
      vertex 19.380000 6.000000 -22.090000
    endloop
  endfacet
  facet normal 0.000000 0.000000 -1.000000
    outer loop
      vertex 18.720000 11.200000 -22.090000
      vertex 19.380000 6.000000 -22.090000
      vertex 18.720000 6.000000 -22.090000
    endloop
  endfacet
  facet normal 0.000000 0.000000 1.000000
    outer loop
      vertex 19.380000 6.000000 -22.750000
      vertex 19.380000 11.200000 -22.750000
      vertex 18.720000 11.200000 -22.750000
    endloop
  endfacet
  facet normal 0.000000 0.000000 1.000000
    outer loop
      vertex 19.380000 6.000000 -22.750000
      vertex 18.720000 11.200000 -22.750000
      vertex 18.720000 6.000000 -22.750000
    endloop
  endfacet
  facet normal -1.000000 0.000000 0.000000
    outer loop
      vertex 19.380000 6.000000 -22.090000
      vertex 19.380000 11.200000 -22.090000
      vertex 19.380000 11.200000 -22.750000
    endloop
  endfacet
  facet normal -1.000000 0.000000 0.000000
    outer loop
      vertex 19.380000 6.000000 -22.090000
      vertex 19.380000 11.200000 -22.750000
      vertex 19.380000 6.000000 -22.750000
    endloop
  endfacet
  facet normal 1.000000 0.000000 0.000000
    outer loop
      vertex 18.720000 6.000000 -22.750000
      vertex 18.720000 11.200000 -22.750000
      vertex 18.720000 11.200000 -22.090000
    endloop
  endfacet
  facet normal 1.000000 0.000000 0.000000
    outer loop
      vertex 18.720000 6.000000 -22.750000
      vertex 18.720000 11.200000 -22.090000
      vertex 18.720000 6.000000 -22.090000
    endloop
  endfacet
  facet normal 0.000000 -1.000000 0.000000
    outer loop
      vertex 20.490000 7.225000 -23.520000
      vertex 22.690000 7.225000 -23.520000
      vertex 22.690000 7.225000 -21.320000
    endloop
  endfacet
  facet normal 0.000000 -1.000000 0.000000
    outer loop
      vertex 20.490000 7.225000 -23.520000
      vertex 22.690000 7.225000 -21.320000
      vertex 20.490000 7.225000 -21.320000
    endloop
  endfacet
  facet normal 0.000000 1.000000 0.000000
    outer loop
      vertex 20.490000 5.675000 -21.320000
      vertex 22.690000 5.675000 -21.320000
      vertex 22.690000 5.675000 -23.520000
    endloop
  endfacet
  facet normal 0.000000 1.000000 0.000000
    outer loop
      vertex 20.490000 5.675000 -21.320000
      vertex 22.690000 5.675000 -23.520000
      vertex 20.490000 5.675000 -23.520000
    endloop
  endfacet
  facet normal 0.000000 0.000000 -1.000000
    outer loop
      vertex 20.490000 7.225000 -21.320000
      vertex 22.690000 7.225000 -21.320000
      vertex 22.690000 5.675000 -21.320000
    endloop
  endfacet
  facet normal 0.000000 0.000000 -1.000000
    outer loop
      vertex 20.490000 7.225000 -21.320000
      vertex 22.690000 5.675000 -21.320000
      vertex 20.490000 5.675000 -21.320000
    endloop
  endfacet
  facet normal 0.000000 0.000000 1.000000
    outer loop
      vertex 22.690000 5.675000 -23.520000
      vertex 22.690000 7.225000 -23.520000
      vertex 20.490000 7.225000 -23.520000
    endloop
  endfacet
  facet normal 0.000000 0.000000 1.000000
    outer loop
      vertex 22.690000 5.675000 -23.520000
      vertex 20.490000 7.225000 -23.520000
      vertex 20.490000 5.675000 -23.520000
    endloop
  endfacet
  facet normal -1.000000 0.000000 0.000000
    outer loop
      vertex 22.690000 5.675000 -21.320000
      vertex 22.690000 7.225000 -21.320000
      vertex 22.690000 7.225000 -23.520000
    endloop
  endfacet
  facet normal -1.000000 0.000000 0.000000
    outer loop
      vertex 22.690000 5.675000 -21.320000
      vertex 22.690000 7.225000 -23.520000
      vertex 22.690000 5.675000 -23.520000
    endloop
  endfacet
  facet normal 1.000000 0.000000 0.000000
    outer loop
      vertex 20.490000 5.675000 -23.520000
      vertex 20.490000 7.225000 -23.520000
      vertex 20.490000 7.225000 -21.320000
    endloop
  endfacet
  facet normal 1.000000 0.000000 0.000000
    outer loop
      vertex 20.490000 5.675000 -23.520000
      vertex 20.490000 7.225000 -21.320000
      vertex 20.490000 5.675000 -21.320000
    endloop
  endfacet
  facet normal 0.000000 -1.000000 0.000000
    outer loop
      vertex 21.260000 11.200000 -22.750000
      vertex 21.920000 11.200000 -22.750000
      vertex 21.920000 11.200000 -22.090000
    endloop
  endfacet
  facet normal 0.000000 -1.000000 0.000000
    outer loop
      vertex 21.260000 11.200000 -22.750000
      vertex 21.920000 11.200000 -22.090000
      vertex 21.260000 11.200000 -22.090000
    endloop
  endfacet
  facet normal 0.000000 1.000000 0.000000
    outer loop
      vertex 21.260000 6.000000 -22.090000
      vertex 21.920000 6.000000 -22.090000
      vertex 21.920000 6.000000 -22.750000
    endloop
  endfacet
  facet normal 0.000000 1.000000 0.000000
    outer loop
      vertex 21.260000 6.000000 -22.090000
      vertex 21.920000 6.000000 -22.750000
      vertex 21.260000 6.000000 -22.750000
    endloop
  endfacet
  facet normal 0.000000 0.000000 -1.000000
    outer loop
      vertex 21.260000 11.200000 -22.090000
      vertex 21.920000 11.200000 -22.090000
      vertex 21.920000 6.000000 -22.090000
    endloop
  endfacet
  facet normal 0.000000 0.000000 -1.000000
    outer loop
      vertex 21.260000 11.200000 -22.090000
      vertex 21.920000 6.000000 -22.090000
      vertex 21.260000 6.000000 -22.090000
    endloop
  endfacet
  facet normal 0.000000 0.000000 1.000000
    outer loop
      vertex 21.920000 6.000000 -22.750000
      vertex 21.920000 11.200000 -22.750000
      vertex 21.260000 11.200000 -22.750000
    endloop
  endfacet
  facet normal 0.000000 0.000000 1.000000
    outer loop
      vertex 21.920000 6.000000 -22.750000
      vertex 21.260000 11.200000 -22.750000
      vertex 21.260000 6.000000 -22.750000
    endloop
  endfacet
  facet normal -1.000000 0.000000 0.000000
    outer loop
      vertex 21.920000 6.000000 -22.090000
      vertex 21.920000 11.200000 -22.090000
      vertex 21.920000 11.200000 -22.750000
    endloop
  endfacet
  facet normal -1.000000 0.000000 0.000000
    outer loop
      vertex 21.920000 6.000000 -22.090000
      vertex 21.920000 11.200000 -22.750000
      vertex 21.920000 6.000000 -22.750000
    endloop
  endfacet
  facet normal 1.000000 0.000000 0.000000
    outer loop
      vertex 21.260000 6.000000 -22.750000
      vertex 21.260000 11.200000 -22.750000
      vertex 21.260000 11.200000 -22.090000
    endloop
  endfacet
  facet normal 1.000000 0.000000 0.000000
    outer loop
      vertex 21.260000 6.000000 -22.750000
      vertex 21.260000 11.200000 -22.090000
      vertex 21.260000 6.000000 -22.090000
    endloop
  endfacet
  facet normal 0.000000 -1.000000 0.000000
    outer loop
      vertex 23.030000 7.225000 -23.520000
      vertex 25.230000 7.225000 -23.520000
      vertex 25.230000 7.225000 -21.320000
    endloop
  endfacet
  facet normal 0.000000 -1.000000 0.000000
    outer loop
      vertex 23.030000 7.225000 -23.520000
      vertex 25.230000 7.225000 -21.320000
      vertex 23.030000 7.225000 -21.320000
    endloop
  endfacet
  facet normal 0.000000 1.000000 0.000000
    outer loop
      vertex 23.030000 5.675000 -21.320000
      vertex 25.230000 5.675000 -21.320000
      vertex 25.230000 5.675000 -23.520000
    endloop
  endfacet
  facet normal 0.000000 1.000000 0.000000
    outer loop
      vertex 23.030000 5.675000 -21.320000
      vertex 25.230000 5.675000 -23.520000
      vertex 23.030000 5.675000 -23.520000
    endloop
  endfacet
  facet normal 0.000000 0.000000 -1.000000
    outer loop
      vertex 23.030000 7.225000 -21.320000
      vertex 25.230000 7.225000 -21.320000
      vertex 25.230000 5.675000 -21.320000
    endloop
  endfacet
  facet normal 0.000000 0.000000 -1.000000
    outer loop
      vertex 23.030000 7.225000 -21.320000
      vertex 25.230000 5.675000 -21.320000
      vertex 23.030000 5.675000 -21.320000
    endloop
  endfacet
  facet normal 0.000000 0.000000 1.000000
    outer loop
      vertex 25.230000 5.675000 -23.520000
      vertex 25.230000 7.225000 -23.520000
      vertex 23.030000 7.225000 -23.520000
    endloop
  endfacet
  facet normal 0.000000 0.000000 1.000000
    outer loop
      vertex 25.230000 5.675000 -23.520000
      vertex 23.030000 7.225000 -23.520000
      vertex 23.030000 5.675000 -23.520000
    endloop
  endfacet
  facet normal -1.000000 0.000000 0.000000
    outer loop
      vertex 25.230000 5.675000 -21.320000
      vertex 25.230000 7.225000 -21.320000
      vertex 25.230000 7.225000 -23.520000
    endloop
  endfacet
  facet normal -1.000000 0.000000 0.000000
    outer loop
      vertex 25.230000 5.675000 -21.320000
      vertex 25.230000 7.225000 -23.520000
      vertex 25.230000 5.675000 -23.520000
    endloop
  endfacet
  facet normal 1.000000 0.000000 0.000000
    outer loop
      vertex 23.030000 5.675000 -23.520000
      vertex 23.030000 7.225000 -23.520000
      vertex 23.030000 7.225000 -21.320000
    endloop
  endfacet
  facet normal 1.000000 0.000000 0.000000
    outer loop
      vertex 23.030000 5.675000 -23.520000
      vertex 23.030000 7.225000 -21.320000
      vertex 23.030000 5.675000 -21.320000
    endloop
  endfacet
  facet normal 0.000000 -1.000000 0.000000
    outer loop
      vertex 23.800000 11.200000 -22.750000
      vertex 24.460000 11.200000 -22.750000
      vertex 24.460000 11.200000 -22.090000
    endloop
  endfacet
  facet normal 0.000000 -1.000000 0.000000
    outer loop
      vertex 23.800000 11.200000 -22.750000
      vertex 24.460000 11.200000 -22.090000
      vertex 23.800000 11.200000 -22.090000
    endloop
  endfacet
  facet normal 0.000000 1.000000 0.000000
    outer loop
      vertex 23.800000 6.000000 -22.090000
      vertex 24.460000 6.000000 -22.090000
      vertex 24.460000 6.000000 -22.750000
    endloop
  endfacet
  facet normal 0.000000 1.000000 0.000000
    outer loop
      vertex 23.800000 6.000000 -22.090000
      vertex 24.460000 6.000000 -22.750000
      vertex 23.800000 6.000000 -22.750000
    endloop
  endfacet
  facet normal 0.000000 0.000000 -1.000000
    outer loop
      vertex 23.800000 11.200000 -22.090000
      vertex 24.460000 11.200000 -22.090000
      vertex 24.460000 6.000000 -22.090000
    endloop
  endfacet
  facet normal 0.000000 0.000000 -1.000000
    outer loop
      vertex 23.800000 11.200000 -22.090000
      vertex 24.460000 6.000000 -22.090000
      vertex 23.800000 6.000000 -22.090000
    endloop
  endfacet
  facet normal 0.000000 0.000000 1.000000
    outer loop
      vertex 24.460000 6.000000 -22.750000
      vertex 24.460000 11.200000 -22.750000
      vertex 23.800000 11.200000 -22.750000
    endloop
  endfacet
  facet normal 0.000000 0.000000 1.000000
    outer loop
      vertex 24.460000 6.000000 -22.750000
      vertex 23.800000 11.200000 -22.750000
      vertex 23.800000 6.000000 -22.750000
    endloop
  endfacet
  facet normal -1.000000 0.000000 0.000000
    outer loop
      vertex 24.460000 6.000000 -22.090000
      vertex 24.460000 11.200000 -22.090000
      vertex 24.460000 11.200000 -22.750000
    endloop
  endfacet
  facet normal -1.000000 0.000000 0.000000
    outer loop
      vertex 24.460000 6.000000 -22.090000
      vertex 24.460000 11.200000 -22.750000
      vertex 24.460000 6.000000 -22.750000
    endloop
  endfacet
  facet normal 1.000000 0.000000 0.000000
    outer loop
      vertex 23.800000 6.000000 -22.750000
      vertex 23.800000 11.200000 -22.750000
      vertex 23.800000 11.200000 -22.090000
    endloop
  endfacet
  facet normal 1.000000 0.000000 0.000000
    outer loop
      vertex 23.800000 6.000000 -22.750000
      vertex 23.800000 11.200000 -22.090000
      vertex 23.800000 6.000000 -22.090000
    endloop
  endfacet
  facet normal 0.000000 -1.000000 0.000000
    outer loop
      vertex 25.570000 7.225000 -23.520000
      vertex 27.770000 7.225000 -23.520000
      vertex 27.770000 7.225000 -21.320000
    endloop
  endfacet
  facet normal 0.000000 -1.000000 0.000000
    outer loop
      vertex 25.570000 7.225000 -23.520000
      vertex 27.770000 7.225000 -21.320000
      vertex 25.570000 7.225000 -21.320000
    endloop
  endfacet
  facet normal 0.000000 1.000000 0.000000
    outer loop
      vertex 25.570000 5.675000 -21.320000
      vertex 27.770000 5.675000 -21.320000
      vertex 27.770000 5.675000 -23.520000
    endloop
  endfacet
  facet normal 0.000000 1.000000 0.000000
    outer loop
      vertex 25.570000 5.675000 -21.320000
      vertex 27.770000 5.675000 -23.520000
      vertex 25.570000 5.675000 -23.520000
    endloop
  endfacet
  facet normal 0.000000 0.000000 -1.000000
    outer loop
      vertex 25.570000 7.225000 -21.320000
      vertex 27.770000 7.225000 -21.320000
      vertex 27.770000 5.675000 -21.320000
    endloop
  endfacet
  facet normal 0.000000 0.000000 -1.000000
    outer loop
      vertex 25.570000 7.225000 -21.320000
      vertex 27.770000 5.675000 -21.320000
      vertex 25.570000 5.675000 -21.320000
    endloop
  endfacet
  facet normal 0.000000 0.000000 1.000000
    outer loop
      vertex 27.770000 5.675000 -23.520000
      vertex 27.770000 7.225000 -23.520000
      vertex 25.570000 7.225000 -23.520000
    endloop
  endfacet
  facet normal 0.000000 0.000000 1.000000
    outer loop
      vertex 27.770000 5.675000 -23.520000
      vertex 25.570000 7.225000 -23.520000
      vertex 25.570000 5.675000 -23.520000
    endloop
  endfacet
  facet normal -1.000000 0.000000 0.000000
    outer loop
      vertex 27.770000 5.675000 -21.320000
      vertex 27.770000 7.225000 -21.320000
      vertex 27.770000 7.225000 -23.520000
    endloop
  endfacet
  facet normal -1.000000 0.000000 0.000000
    outer loop
      vertex 27.770000 5.675000 -21.320000
      vertex 27.770000 7.225000 -23.520000
      vertex 27.770000 5.675000 -23.520000
    endloop
  endfacet
  facet normal 1.000000 0.000000 0.000000
    outer loop
      vertex 25.570000 5.675000 -23.520000
      vertex 25.570000 7.225000 -23.520000
      vertex 25.570000 7.225000 -21.320000
    endloop
  endfacet
  facet normal 1.000000 0.000000 0.000000
    outer loop
      vertex 25.570000 5.675000 -23.520000
      vertex 25.570000 7.225000 -21.320000
      vertex 25.570000 5.675000 -21.320000
    endloop
  endfacet
  facet normal 0.000000 -1.000000 0.000000
    outer loop
      vertex 26.340000 11.200000 -22.750000
      vertex 27.000000 11.200000 -22.750000
      vertex 27.000000 11.200000 -22.090000
    endloop
  endfacet
  facet normal 0.000000 -1.000000 0.000000
    outer loop
      vertex 26.340000 11.200000 -22.750000
      vertex 27.000000 11.200000 -22.090000
      vertex 26.340000 11.200000 -22.090000
    endloop
  endfacet
  facet normal 0.000000 1.000000 0.000000
    outer loop
      vertex 26.340000 6.000000 -22.090000
      vertex 27.000000 6.000000 -22.090000
      vertex 27.000000 6.000000 -22.750000
    endloop
  endfacet
  facet normal 0.000000 1.000000 0.000000
    outer loop
      vertex 26.340000 6.000000 -22.090000
      vertex 27.000000 6.000000 -22.750000
      vertex 26.340000 6.000000 -22.750000
    endloop
  endfacet
  facet normal 0.000000 0.000000 -1.000000
    outer loop
      vertex 26.340000 11.200000 -22.090000
      vertex 27.000000 11.200000 -22.090000
      vertex 27.000000 6.000000 -22.090000
    endloop
  endfacet
  facet normal 0.000000 0.000000 -1.000000
    outer loop
      vertex 26.340000 11.200000 -22.090000
      vertex 27.000000 6.000000 -22.090000
      vertex 26.340000 6.000000 -22.090000
    endloop
  endfacet
  facet normal 0.000000 0.000000 1.000000
    outer loop
      vertex 27.000000 6.000000 -22.750000
      vertex 27.000000 11.200000 -22.750000
      vertex 26.340000 11.200000 -22.750000
    endloop
  endfacet
  facet normal 0.000000 0.000000 1.000000
    outer loop
      vertex 27.000000 6.000000 -22.750000
      vertex 26.340000 11.200000 -22.750000
      vertex 26.340000 6.000000 -22.750000
    endloop
  endfacet
  facet normal -1.000000 0.000000 0.000000
    outer loop
      vertex 27.000000 6.000000 -22.090000
      vertex 27.000000 11.200000 -22.090000
      vertex 27.000000 11.200000 -22.750000
    endloop
  endfacet
  facet normal -1.000000 0.000000 0.000000
    outer loop
      vertex 27.000000 6.000000 -22.090000
      vertex 27.000000 11.200000 -22.750000
      vertex 27.000000 6.000000 -22.750000
    endloop
  endfacet
  facet normal 1.000000 0.000000 0.000000
    outer loop
      vertex 26.340000 6.000000 -22.750000
      vertex 26.340000 11.200000 -22.750000
      vertex 26.340000 11.200000 -22.090000
    endloop
  endfacet
  facet normal 1.000000 0.000000 0.000000
    outer loop
      vertex 26.340000 6.000000 -22.750000
      vertex 26.340000 11.200000 -22.090000
      vertex 26.340000 6.000000 -22.090000
    endloop
  endfacet
  facet normal 0.000000 -1.000000 0.000000
    outer loop
      vertex 28.110000 7.225000 -23.520000
      vertex 30.310000 7.225000 -23.520000
      vertex 30.310000 7.225000 -21.320000
    endloop
  endfacet
  facet normal 0.000000 -1.000000 0.000000
    outer loop
      vertex 28.110000 7.225000 -23.520000
      vertex 30.310000 7.225000 -21.320000
      vertex 28.110000 7.225000 -21.320000
    endloop
  endfacet
  facet normal 0.000000 1.000000 0.000000
    outer loop
      vertex 28.110000 5.675000 -21.320000
      vertex 30.310000 5.675000 -21.320000
      vertex 30.310000 5.675000 -23.520000
    endloop
  endfacet
  facet normal 0.000000 1.000000 0.000000
    outer loop
      vertex 28.110000 5.675000 -21.320000
      vertex 30.310000 5.675000 -23.520000
      vertex 28.110000 5.675000 -23.520000
    endloop
  endfacet
  facet normal 0.000000 0.000000 -1.000000
    outer loop
      vertex 28.110000 7.225000 -21.320000
      vertex 30.310000 7.225000 -21.320000
      vertex 30.310000 5.675000 -21.320000
    endloop
  endfacet
  facet normal 0.000000 0.000000 -1.000000
    outer loop
      vertex 28.110000 7.225000 -21.320000
      vertex 30.310000 5.675000 -21.320000
      vertex 28.110000 5.675000 -21.320000
    endloop
  endfacet
  facet normal 0.000000 0.000000 1.000000
    outer loop
      vertex 30.310000 5.675000 -23.520000
      vertex 30.310000 7.225000 -23.520000
      vertex 28.110000 7.225000 -23.520000
    endloop
  endfacet
  facet normal 0.000000 0.000000 1.000000
    outer loop
      vertex 30.310000 5.675000 -23.520000
      vertex 28.110000 7.225000 -23.520000
      vertex 28.110000 5.675000 -23.520000
    endloop
  endfacet
  facet normal -1.000000 0.000000 0.000000
    outer loop
      vertex 30.310000 5.675000 -21.320000
      vertex 30.310000 7.225000 -21.320000
      vertex 30.310000 7.225000 -23.520000
    endloop
  endfacet
  facet normal -1.000000 0.000000 0.000000
    outer loop
      vertex 30.310000 5.675000 -21.320000
      vertex 30.310000 7.225000 -23.520000
      vertex 30.310000 5.675000 -23.520000
    endloop
  endfacet
  facet normal 1.000000 0.000000 0.000000
    outer loop
      vertex 28.110000 5.675000 -23.520000
      vertex 28.110000 7.225000 -23.520000
      vertex 28.110000 7.225000 -21.320000
    endloop
  endfacet
  facet normal 1.000000 0.000000 0.000000
    outer loop
      vertex 28.110000 5.675000 -23.520000
      vertex 28.110000 7.225000 -21.320000
      vertex 28.110000 5.675000 -21.320000
    endloop
  endfacet
  facet normal 0.000000 -1.000000 0.000000
    outer loop
      vertex 28.880000 11.200000 -22.750000
      vertex 29.540000 11.200000 -22.750000
      vertex 29.540000 11.200000 -22.090000
    endloop
  endfacet
  facet normal 0.000000 -1.000000 0.000000
    outer loop
      vertex 28.880000 11.200000 -22.750000
      vertex 29.540000 11.200000 -22.090000
      vertex 28.880000 11.200000 -22.090000
    endloop
  endfacet
  facet normal 0.000000 1.000000 0.000000
    outer loop
      vertex 28.880000 6.000000 -22.090000
      vertex 29.540000 6.000000 -22.090000
      vertex 29.540000 6.000000 -22.750000
    endloop
  endfacet
  facet normal 0.000000 1.000000 0.000000
    outer loop
      vertex 28.880000 6.000000 -22.090000
      vertex 29.540000 6.000000 -22.750000
      vertex 28.880000 6.000000 -22.750000
    endloop
  endfacet
  facet normal 0.000000 0.000000 -1.000000
    outer loop
      vertex 28.880000 11.200000 -22.090000
      vertex 29.540000 11.200000 -22.090000
      vertex 29.540000 6.000000 -22.090000
    endloop
  endfacet
  facet normal 0.000000 0.000000 -1.000000
    outer loop
      vertex 28.880000 11.200000 -22.090000
      vertex 29.540000 6.000000 -22.090000
      vertex 28.880000 6.000000 -22.090000
    endloop
  endfacet
  facet normal 0.000000 0.000000 1.000000
    outer loop
      vertex 29.540000 6.000000 -22.750000
      vertex 29.540000 11.200000 -22.750000
      vertex 28.880000 11.200000 -22.750000
    endloop
  endfacet
  facet normal 0.000000 0.000000 1.000000
    outer loop
      vertex 29.540000 6.000000 -22.750000
      vertex 28.880000 11.200000 -22.750000
      vertex 28.880000 6.000000 -22.750000
    endloop
  endfacet
  facet normal -1.000000 0.000000 0.000000
    outer loop
      vertex 29.540000 6.000000 -22.090000
      vertex 29.540000 11.200000 -22.090000
      vertex 29.540000 11.200000 -22.750000
    endloop
  endfacet
  facet normal -1.000000 0.000000 0.000000
    outer loop
      vertex 29.540000 6.000000 -22.090000
      vertex 29.540000 11.200000 -22.750000
      vertex 29.540000 6.000000 -22.750000
    endloop
  endfacet
  facet normal 1.000000 0.000000 0.000000
    outer loop
      vertex 28.880000 6.000000 -22.750000
      vertex 28.880000 11.200000 -22.750000
      vertex 28.880000 11.200000 -22.090000
    endloop
  endfacet
  facet normal 1.000000 0.000000 0.000000
    outer loop
      vertex 28.880000 6.000000 -22.750000
      vertex 28.880000 11.200000 -22.090000
      vertex 28.880000 6.000000 -22.090000
    endloop
  endfacet
  facet normal 0.000000 -1.000000 0.000000
    outer loop
      vertex 30.650000 7.225000 -23.520000
      vertex 32.850000 7.225000 -23.520000
      vertex 32.850000 7.225000 -21.320000
    endloop
  endfacet
  facet normal 0.000000 -1.000000 0.000000
    outer loop
      vertex 30.650000 7.225000 -23.520000
      vertex 32.850000 7.225000 -21.320000
      vertex 30.650000 7.225000 -21.320000
    endloop
  endfacet
  facet normal 0.000000 1.000000 0.000000
    outer loop
      vertex 30.650000 5.675000 -21.320000
      vertex 32.850000 5.675000 -21.320000
      vertex 32.850000 5.675000 -23.520000
    endloop
  endfacet
  facet normal 0.000000 1.000000 0.000000
    outer loop
      vertex 30.650000 5.675000 -21.320000
      vertex 32.850000 5.675000 -23.520000
      vertex 30.650000 5.675000 -23.520000
    endloop
  endfacet
  facet normal 0.000000 0.000000 -1.000000
    outer loop
      vertex 30.650000 7.225000 -21.320000
      vertex 32.850000 7.225000 -21.320000
      vertex 32.850000 5.675000 -21.320000
    endloop
  endfacet
  facet normal 0.000000 0.000000 -1.000000
    outer loop
      vertex 30.650000 7.225000 -21.320000
      vertex 32.850000 5.675000 -21.320000
      vertex 30.650000 5.675000 -21.320000
    endloop
  endfacet
  facet normal 0.000000 0.000000 1.000000
    outer loop
      vertex 32.850000 5.675000 -23.520000
      vertex 32.850000 7.225000 -23.520000
      vertex 30.650000 7.225000 -23.520000
    endloop
  endfacet
  facet normal 0.000000 0.000000 1.000000
    outer loop
      vertex 32.850000 5.675000 -23.520000
      vertex 30.650000 7.225000 -23.520000
      vertex 30.650000 5.675000 -23.520000
    endloop
  endfacet
  facet normal -1.000000 0.000000 0.000000
    outer loop
      vertex 32.850000 5.675000 -21.320000
      vertex 32.850000 7.225000 -21.320000
      vertex 32.850000 7.225000 -23.520000
    endloop
  endfacet
  facet normal -1.000000 0.000000 0.000000
    outer loop
      vertex 32.850000 5.675000 -21.320000
      vertex 32.850000 7.225000 -23.520000
      vertex 32.850000 5.675000 -23.520000
    endloop
  endfacet
  facet normal 1.000000 0.000000 0.000000
    outer loop
      vertex 30.650000 5.675000 -23.520000
      vertex 30.650000 7.225000 -23.520000
      vertex 30.650000 7.225000 -21.320000
    endloop
  endfacet
  facet normal 1.000000 0.000000 0.000000
    outer loop
      vertex 30.650000 5.675000 -23.520000
      vertex 30.650000 7.225000 -21.320000
      vertex 30.650000 5.675000 -21.320000
    endloop
  endfacet
  facet normal 0.000000 -1.000000 0.000000
    outer loop
      vertex 31.420000 11.200000 -22.750000
      vertex 32.080000 11.200000 -22.750000
      vertex 32.080000 11.200000 -22.090000
    endloop
  endfacet
  facet normal 0.000000 -1.000000 0.000000
    outer loop
      vertex 31.420000 11.200000 -22.750000
      vertex 32.080000 11.200000 -22.090000
      vertex 31.420000 11.200000 -22.090000
    endloop
  endfacet
  facet normal 0.000000 1.000000 0.000000
    outer loop
      vertex 31.420000 6.000000 -22.090000
      vertex 32.080000 6.000000 -22.090000
      vertex 32.080000 6.000000 -22.750000
    endloop
  endfacet
  facet normal 0.000000 1.000000 0.000000
    outer loop
      vertex 31.420000 6.000000 -22.090000
      vertex 32.080000 6.000000 -22.750000
      vertex 31.420000 6.000000 -22.750000
    endloop
  endfacet
  facet normal 0.000000 0.000000 -1.000000
    outer loop
      vertex 31.420000 11.200000 -22.090000
      vertex 32.080000 11.200000 -22.090000
      vertex 32.080000 6.000000 -22.090000
    endloop
  endfacet
  facet normal 0.000000 0.000000 -1.000000
    outer loop
      vertex 31.420000 11.200000 -22.090000
      vertex 32.080000 6.000000 -22.090000
      vertex 31.420000 6.000000 -22.090000
    endloop
  endfacet
  facet normal 0.000000 0.000000 1.000000
    outer loop
      vertex 32.080000 6.000000 -22.750000
      vertex 32.080000 11.200000 -22.750000
      vertex 31.420000 11.200000 -22.750000
    endloop
  endfacet
  facet normal 0.000000 0.000000 1.000000
    outer loop
      vertex 32.080000 6.000000 -22.750000
      vertex 31.420000 11.200000 -22.750000
      vertex 31.420000 6.000000 -22.750000
    endloop
  endfacet
  facet normal -1.000000 0.000000 0.000000
    outer loop
      vertex 32.080000 6.000000 -22.090000
      vertex 32.080000 11.200000 -22.090000
      vertex 32.080000 11.200000 -22.750000
    endloop
  endfacet
  facet normal -1.000000 0.000000 0.000000
    outer loop
      vertex 32.080000 6.000000 -22.090000
      vertex 32.080000 11.200000 -22.750000
      vertex 32.080000 6.000000 -22.750000
    endloop
  endfacet
  facet normal 1.000000 0.000000 0.000000
    outer loop
      vertex 31.420000 6.000000 -22.750000
      vertex 31.420000 11.200000 -22.750000
      vertex 31.420000 11.200000 -22.090000
    endloop
  endfacet
  facet normal 1.000000 0.000000 0.000000
    outer loop
      vertex 31.420000 6.000000 -22.750000
      vertex 31.420000 11.200000 -22.090000
      vertex 31.420000 6.000000 -22.090000
    endloop
  endfacet
  facet normal 0.000000 -1.000000 0.000000
    outer loop
      vertex 33.190000 7.225000 -23.520000
      vertex 35.390000 7.225000 -23.520000
      vertex 35.390000 7.225000 -21.320000
    endloop
  endfacet
  facet normal 0.000000 -1.000000 0.000000
    outer loop
      vertex 33.190000 7.225000 -23.520000
      vertex 35.390000 7.225000 -21.320000
      vertex 33.190000 7.225000 -21.320000
    endloop
  endfacet
  facet normal 0.000000 1.000000 0.000000
    outer loop
      vertex 33.190000 5.675000 -21.320000
      vertex 35.390000 5.675000 -21.320000
      vertex 35.390000 5.675000 -23.520000
    endloop
  endfacet
  facet normal 0.000000 1.000000 0.000000
    outer loop
      vertex 33.190000 5.675000 -21.320000
      vertex 35.390000 5.675000 -23.520000
      vertex 33.190000 5.675000 -23.520000
    endloop
  endfacet
  facet normal 0.000000 0.000000 -1.000000
    outer loop
      vertex 33.190000 7.225000 -21.320000
      vertex 35.390000 7.225000 -21.320000
      vertex 35.390000 5.675000 -21.320000
    endloop
  endfacet
  facet normal 0.000000 0.000000 -1.000000
    outer loop
      vertex 33.190000 7.225000 -21.320000
      vertex 35.390000 5.675000 -21.320000
      vertex 33.190000 5.675000 -21.320000
    endloop
  endfacet
  facet normal 0.000000 0.000000 1.000000
    outer loop
      vertex 35.390000 5.675000 -23.520000
      vertex 35.390000 7.225000 -23.520000
      vertex 33.190000 7.225000 -23.520000
    endloop
  endfacet
  facet normal 0.000000 0.000000 1.000000
    outer loop
      vertex 35.390000 5.675000 -23.520000
      vertex 33.190000 7.225000 -23.520000
      vertex 33.190000 5.675000 -23.520000
    endloop
  endfacet
  facet normal -1.000000 0.000000 0.000000
    outer loop
      vertex 35.390000 5.675000 -21.320000
      vertex 35.390000 7.225000 -21.320000
      vertex 35.390000 7.225000 -23.520000
    endloop
  endfacet
  facet normal -1.000000 0.000000 0.000000
    outer loop
      vertex 35.390000 5.675000 -21.320000
      vertex 35.390000 7.225000 -23.520000
      vertex 35.390000 5.675000 -23.520000
    endloop
  endfacet
  facet normal 1.000000 0.000000 0.000000
    outer loop
      vertex 33.190000 5.675000 -23.520000
      vertex 33.190000 7.225000 -23.520000
      vertex 33.190000 7.225000 -21.320000
    endloop
  endfacet
  facet normal 1.000000 0.000000 0.000000
    outer loop
      vertex 33.190000 5.675000 -23.520000
      vertex 33.190000 7.225000 -21.320000
      vertex 33.190000 5.675000 -21.320000
    endloop
  endfacet
  facet normal 0.000000 -1.000000 0.000000
    outer loop
      vertex 33.960000 11.200000 -22.750000
      vertex 34.620000 11.200000 -22.750000
      vertex 34.620000 11.200000 -22.090000
    endloop
  endfacet
  facet normal 0.000000 -1.000000 0.000000
    outer loop
      vertex 33.960000 11.200000 -22.750000
      vertex 34.620000 11.200000 -22.090000
      vertex 33.960000 11.200000 -22.090000
    endloop
  endfacet
  facet normal 0.000000 1.000000 0.000000
    outer loop
      vertex 33.960000 6.000000 -22.090000
      vertex 34.620000 6.000000 -22.090000
      vertex 34.620000 6.000000 -22.750000
    endloop
  endfacet
  facet normal 0.000000 1.000000 0.000000
    outer loop
      vertex 33.960000 6.000000 -22.090000
      vertex 34.620000 6.000000 -22.750000
      vertex 33.960000 6.000000 -22.750000
    endloop
  endfacet
  facet normal 0.000000 0.000000 -1.000000
    outer loop
      vertex 33.960000 11.200000 -22.090000
      vertex 34.620000 11.200000 -22.090000
      vertex 34.620000 6.000000 -22.090000
    endloop
  endfacet
  facet normal 0.000000 0.000000 -1.000000
    outer loop
      vertex 33.960000 11.200000 -22.090000
      vertex 34.620000 6.000000 -22.090000
      vertex 33.960000 6.000000 -22.090000
    endloop
  endfacet
  facet normal 0.000000 0.000000 1.000000
    outer loop
      vertex 34.620000 6.000000 -22.750000
      vertex 34.620000 11.200000 -22.750000
      vertex 33.960000 11.200000 -22.750000
    endloop
  endfacet
  facet normal 0.000000 0.000000 1.000000
    outer loop
      vertex 34.620000 6.000000 -22.750000
      vertex 33.960000 11.200000 -22.750000
      vertex 33.960000 6.000000 -22.750000
    endloop
  endfacet
  facet normal -1.000000 0.000000 0.000000
    outer loop
      vertex 34.620000 6.000000 -22.090000
      vertex 34.620000 11.200000 -22.090000
      vertex 34.620000 11.200000 -22.750000
    endloop
  endfacet
  facet normal -1.000000 0.000000 0.000000
    outer loop
      vertex 34.620000 6.000000 -22.090000
      vertex 34.620000 11.200000 -22.750000
      vertex 34.620000 6.000000 -22.750000
    endloop
  endfacet
  facet normal 1.000000 0.000000 0.000000
    outer loop
      vertex 33.960000 6.000000 -22.750000
      vertex 33.960000 11.200000 -22.750000
      vertex 33.960000 11.200000 -22.090000
    endloop
  endfacet
  facet normal 1.000000 0.000000 0.000000
    outer loop
      vertex 33.960000 6.000000 -22.750000
      vertex 33.960000 11.200000 -22.090000
      vertex 33.960000 6.000000 -22.090000
    endloop
  endfacet
  facet normal 0.000000 -1.000000 0.000000
    outer loop
      vertex 35.730000 7.225000 -23.520000
      vertex 37.930000 7.225000 -23.520000
      vertex 37.930000 7.225000 -21.320000
    endloop
  endfacet
  facet normal 0.000000 -1.000000 0.000000
    outer loop
      vertex 35.730000 7.225000 -23.520000
      vertex 37.930000 7.225000 -21.320000
      vertex 35.730000 7.225000 -21.320000
    endloop
  endfacet
  facet normal 0.000000 1.000000 0.000000
    outer loop
      vertex 35.730000 5.675000 -21.320000
      vertex 37.930000 5.675000 -21.320000
      vertex 37.930000 5.675000 -23.520000
    endloop
  endfacet
  facet normal 0.000000 1.000000 0.000000
    outer loop
      vertex 35.730000 5.675000 -21.320000
      vertex 37.930000 5.675000 -23.520000
      vertex 35.730000 5.675000 -23.520000
    endloop
  endfacet
  facet normal 0.000000 0.000000 -1.000000
    outer loop
      vertex 35.730000 7.225000 -21.320000
      vertex 37.930000 7.225000 -21.320000
      vertex 37.930000 5.675000 -21.320000
    endloop
  endfacet
  facet normal 0.000000 0.000000 -1.000000
    outer loop
      vertex 35.730000 7.225000 -21.320000
      vertex 37.930000 5.675000 -21.320000
      vertex 35.730000 5.675000 -21.320000
    endloop
  endfacet
  facet normal 0.000000 0.000000 1.000000
    outer loop
      vertex 37.930000 5.675000 -23.520000
      vertex 37.930000 7.225000 -23.520000
      vertex 35.730000 7.225000 -23.520000
    endloop
  endfacet
  facet normal 0.000000 0.000000 1.000000
    outer loop
      vertex 37.930000 5.675000 -23.520000
      vertex 35.730000 7.225000 -23.520000
      vertex 35.730000 5.675000 -23.520000
    endloop
  endfacet
  facet normal -1.000000 0.000000 0.000000
    outer loop
      vertex 37.930000 5.675000 -21.320000
      vertex 37.930000 7.225000 -21.320000
      vertex 37.930000 7.225000 -23.520000
    endloop
  endfacet
  facet normal -1.000000 0.000000 0.000000
    outer loop
      vertex 37.930000 5.675000 -21.320000
      vertex 37.930000 7.225000 -23.520000
      vertex 37.930000 5.675000 -23.520000
    endloop
  endfacet
  facet normal 1.000000 0.000000 0.000000
    outer loop
      vertex 35.730000 5.675000 -23.520000
      vertex 35.730000 7.225000 -23.520000
      vertex 35.730000 7.225000 -21.320000
    endloop
  endfacet
  facet normal 1.000000 0.000000 0.000000
    outer loop
      vertex 35.730000 5.675000 -23.520000
      vertex 35.730000 7.225000 -21.320000
      vertex 35.730000 5.675000 -21.320000
    endloop
  endfacet
  facet normal 0.000000 -1.000000 0.000000
    outer loop
      vertex 36.500000 11.200000 -22.750000
      vertex 37.160000 11.200000 -22.750000
      vertex 37.160000 11.200000 -22.090000
    endloop
  endfacet
  facet normal 0.000000 -1.000000 0.000000
    outer loop
      vertex 36.500000 11.200000 -22.750000
      vertex 37.160000 11.200000 -22.090000
      vertex 36.500000 11.200000 -22.090000
    endloop
  endfacet
  facet normal 0.000000 1.000000 0.000000
    outer loop
      vertex 36.500000 6.000000 -22.090000
      vertex 37.160000 6.000000 -22.090000
      vertex 37.160000 6.000000 -22.750000
    endloop
  endfacet
  facet normal 0.000000 1.000000 0.000000
    outer loop
      vertex 36.500000 6.000000 -22.090000
      vertex 37.160000 6.000000 -22.750000
      vertex 36.500000 6.000000 -22.750000
    endloop
  endfacet
  facet normal 0.000000 0.000000 -1.000000
    outer loop
      vertex 36.500000 11.200000 -22.090000
      vertex 37.160000 11.200000 -22.090000
      vertex 37.160000 6.000000 -22.090000
    endloop
  endfacet
  facet normal 0.000000 0.000000 -1.000000
    outer loop
      vertex 36.500000 11.200000 -22.090000
      vertex 37.160000 6.000000 -22.090000
      vertex 36.500000 6.000000 -22.090000
    endloop
  endfacet
  facet normal 0.000000 0.000000 1.000000
    outer loop
      vertex 37.160000 6.000000 -22.750000
      vertex 37.160000 11.200000 -22.750000
      vertex 36.500000 11.200000 -22.750000
    endloop
  endfacet
  facet normal 0.000000 0.000000 1.000000
    outer loop
      vertex 37.160000 6.000000 -22.750000
      vertex 36.500000 11.200000 -22.750000
      vertex 36.500000 6.000000 -22.750000
    endloop
  endfacet
  facet normal -1.000000 0.000000 0.000000
    outer loop
      vertex 37.160000 6.000000 -22.090000
      vertex 37.160000 11.200000 -22.090000
      vertex 37.160000 11.200000 -22.750000
    endloop
  endfacet
  facet normal -1.000000 0.000000 0.000000
    outer loop
      vertex 37.160000 6.000000 -22.090000
      vertex 37.160000 11.200000 -22.750000
      vertex 37.160000 6.000000 -22.750000
    endloop
  endfacet
  facet normal 1.000000 0.000000 0.000000
    outer loop
      vertex 36.500000 6.000000 -22.750000
      vertex 36.500000 11.200000 -22.750000
      vertex 36.500000 11.200000 -22.090000
    endloop
  endfacet
  facet normal 1.000000 0.000000 0.000000
    outer loop
      vertex 36.500000 6.000000 -22.750000
      vertex 36.500000 11.200000 -22.090000
      vertex 36.500000 6.000000 -22.090000
    endloop
  endfacet
  facet normal 0.000000 -1.000000 0.000000
    outer loop
      vertex 38.270000 7.225000 -23.520000
      vertex 40.470000 7.225000 -23.520000
      vertex 40.470000 7.225000 -21.320000
    endloop
  endfacet
  facet normal 0.000000 -1.000000 0.000000
    outer loop
      vertex 38.270000 7.225000 -23.520000
      vertex 40.470000 7.225000 -21.320000
      vertex 38.270000 7.225000 -21.320000
    endloop
  endfacet
  facet normal 0.000000 1.000000 0.000000
    outer loop
      vertex 38.270000 5.675000 -21.320000
      vertex 40.470000 5.675000 -21.320000
      vertex 40.470000 5.675000 -23.520000
    endloop
  endfacet
  facet normal 0.000000 1.000000 0.000000
    outer loop
      vertex 38.270000 5.675000 -21.320000
      vertex 40.470000 5.675000 -23.520000
      vertex 38.270000 5.675000 -23.520000
    endloop
  endfacet
  facet normal 0.000000 0.000000 -1.000000
    outer loop
      vertex 38.270000 7.225000 -21.320000
      vertex 40.470000 7.225000 -21.320000
      vertex 40.470000 5.675000 -21.320000
    endloop
  endfacet
  facet normal 0.000000 0.000000 -1.000000
    outer loop
      vertex 38.270000 7.225000 -21.320000
      vertex 40.470000 5.675000 -21.320000
      vertex 38.270000 5.675000 -21.320000
    endloop
  endfacet
  facet normal 0.000000 0.000000 1.000000
    outer loop
      vertex 40.470000 5.675000 -23.520000
      vertex 40.470000 7.225000 -23.520000
      vertex 38.270000 7.225000 -23.520000
    endloop
  endfacet
  facet normal 0.000000 0.000000 1.000000
    outer loop
      vertex 40.470000 5.675000 -23.520000
      vertex 38.270000 7.225000 -23.520000
      vertex 38.270000 5.675000 -23.520000
    endloop
  endfacet
  facet normal -1.000000 0.000000 0.000000
    outer loop
      vertex 40.470000 5.675000 -21.320000
      vertex 40.470000 7.225000 -21.320000
      vertex 40.470000 7.225000 -23.520000
    endloop
  endfacet
  facet normal -1.000000 0.000000 0.000000
    outer loop
      vertex 40.470000 5.675000 -21.320000
      vertex 40.470000 7.225000 -23.520000
      vertex 40.470000 5.675000 -23.520000
    endloop
  endfacet
  facet normal 1.000000 0.000000 0.000000
    outer loop
      vertex 38.270000 5.675000 -23.520000
      vertex 38.270000 7.225000 -23.520000
      vertex 38.270000 7.225000 -21.320000
    endloop
  endfacet
  facet normal 1.000000 0.000000 0.000000
    outer loop
      vertex 38.270000 5.675000 -23.520000
      vertex 38.270000 7.225000 -21.320000
      vertex 38.270000 5.675000 -21.320000
    endloop
  endfacet
  facet normal 0.000000 -1.000000 0.000000
    outer loop
      vertex 39.040000 11.200000 -22.750000
      vertex 39.700000 11.200000 -22.750000
      vertex 39.700000 11.200000 -22.090000
    endloop
  endfacet
  facet normal 0.000000 -1.000000 0.000000
    outer loop
      vertex 39.040000 11.200000 -22.750000
      vertex 39.700000 11.200000 -22.090000
      vertex 39.040000 11.200000 -22.090000
    endloop
  endfacet
  facet normal 0.000000 1.000000 0.000000
    outer loop
      vertex 39.040000 6.000000 -22.090000
      vertex 39.700000 6.000000 -22.090000
      vertex 39.700000 6.000000 -22.750000
    endloop
  endfacet
  facet normal 0.000000 1.000000 0.000000
    outer loop
      vertex 39.040000 6.000000 -22.090000
      vertex 39.700000 6.000000 -22.750000
      vertex 39.040000 6.000000 -22.750000
    endloop
  endfacet
  facet normal 0.000000 0.000000 -1.000000
    outer loop
      vertex 39.040000 11.200000 -22.090000
      vertex 39.700000 11.200000 -22.090000
      vertex 39.700000 6.000000 -22.090000
    endloop
  endfacet
  facet normal 0.000000 0.000000 -1.000000
    outer loop
      vertex 39.040000 11.200000 -22.090000
      vertex 39.700000 6.000000 -22.090000
      vertex 39.040000 6.000000 -22.090000
    endloop
  endfacet
  facet normal 0.000000 0.000000 1.000000
    outer loop
      vertex 39.700000 6.000000 -22.750000
      vertex 39.700000 11.200000 -22.750000
      vertex 39.040000 11.200000 -22.750000
    endloop
  endfacet
  facet normal 0.000000 0.000000 1.000000
    outer loop
      vertex 39.700000 6.000000 -22.750000
      vertex 39.040000 11.200000 -22.750000
      vertex 39.040000 6.000000 -22.750000
    endloop
  endfacet
  facet normal -1.000000 0.000000 0.000000
    outer loop
      vertex 39.700000 6.000000 -22.090000
      vertex 39.700000 11.200000 -22.090000
      vertex 39.700000 11.200000 -22.750000
    endloop
  endfacet
  facet normal -1.000000 0.000000 0.000000
    outer loop
      vertex 39.700000 6.000000 -22.090000
      vertex 39.700000 11.200000 -22.750000
      vertex 39.700000 6.000000 -22.750000
    endloop
  endfacet
  facet normal 1.000000 0.000000 0.000000
    outer loop
      vertex 39.040000 6.000000 -22.750000
      vertex 39.040000 11.200000 -22.750000
      vertex 39.040000 11.200000 -22.090000
    endloop
  endfacet
  facet normal 1.000000 0.000000 0.000000
    outer loop
      vertex 39.040000 6.000000 -22.750000
      vertex 39.040000 11.200000 -22.090000
      vertex 39.040000 6.000000 -22.090000
    endloop
  endfacet
  facet normal 0.000000 -1.000000 0.000000
    outer loop
      vertex 40.810000 7.225000 -23.520000
      vertex 43.010000 7.225000 -23.520000
      vertex 43.010000 7.225000 -21.320000
    endloop
  endfacet
  facet normal 0.000000 -1.000000 0.000000
    outer loop
      vertex 40.810000 7.225000 -23.520000
      vertex 43.010000 7.225000 -21.320000
      vertex 40.810000 7.225000 -21.320000
    endloop
  endfacet
  facet normal 0.000000 1.000000 0.000000
    outer loop
      vertex 40.810000 5.675000 -21.320000
      vertex 43.010000 5.675000 -21.320000
      vertex 43.010000 5.675000 -23.520000
    endloop
  endfacet
  facet normal 0.000000 1.000000 0.000000
    outer loop
      vertex 40.810000 5.675000 -21.320000
      vertex 43.010000 5.675000 -23.520000
      vertex 40.810000 5.675000 -23.520000
    endloop
  endfacet
  facet normal 0.000000 0.000000 -1.000000
    outer loop
      vertex 40.810000 7.225000 -21.320000
      vertex 43.010000 7.225000 -21.320000
      vertex 43.010000 5.675000 -21.320000
    endloop
  endfacet
  facet normal 0.000000 0.000000 -1.000000
    outer loop
      vertex 40.810000 7.225000 -21.320000
      vertex 43.010000 5.675000 -21.320000
      vertex 40.810000 5.675000 -21.320000
    endloop
  endfacet
  facet normal 0.000000 0.000000 1.000000
    outer loop
      vertex 43.010000 5.675000 -23.520000
      vertex 43.010000 7.225000 -23.520000
      vertex 40.810000 7.225000 -23.520000
    endloop
  endfacet
  facet normal 0.000000 0.000000 1.000000
    outer loop
      vertex 43.010000 5.675000 -23.520000
      vertex 40.810000 7.225000 -23.520000
      vertex 40.810000 5.675000 -23.520000
    endloop
  endfacet
  facet normal -1.000000 0.000000 0.000000
    outer loop
      vertex 43.010000 5.675000 -21.320000
      vertex 43.010000 7.225000 -21.320000
      vertex 43.010000 7.225000 -23.520000
    endloop
  endfacet
  facet normal -1.000000 0.000000 0.000000
    outer loop
      vertex 43.010000 5.675000 -21.320000
      vertex 43.010000 7.225000 -23.520000
      vertex 43.010000 5.675000 -23.520000
    endloop
  endfacet
  facet normal 1.000000 0.000000 0.000000
    outer loop
      vertex 40.810000 5.675000 -23.520000
      vertex 40.810000 7.225000 -23.520000
      vertex 40.810000 7.225000 -21.320000
    endloop
  endfacet
  facet normal 1.000000 0.000000 0.000000
    outer loop
      vertex 40.810000 5.675000 -23.520000
      vertex 40.810000 7.225000 -21.320000
      vertex 40.810000 5.675000 -21.320000
    endloop
  endfacet
  facet normal 0.000000 -1.000000 0.000000
    outer loop
      vertex 41.580000 11.200000 -22.750000
      vertex 42.240000 11.200000 -22.750000
      vertex 42.240000 11.200000 -22.090000
    endloop
  endfacet
  facet normal 0.000000 -1.000000 0.000000
    outer loop
      vertex 41.580000 11.200000 -22.750000
      vertex 42.240000 11.200000 -22.090000
      vertex 41.580000 11.200000 -22.090000
    endloop
  endfacet
  facet normal 0.000000 1.000000 0.000000
    outer loop
      vertex 41.580000 6.000000 -22.090000
      vertex 42.240000 6.000000 -22.090000
      vertex 42.240000 6.000000 -22.750000
    endloop
  endfacet
  facet normal 0.000000 1.000000 0.000000
    outer loop
      vertex 41.580000 6.000000 -22.090000
      vertex 42.240000 6.000000 -22.750000
      vertex 41.580000 6.000000 -22.750000
    endloop
  endfacet
  facet normal 0.000000 0.000000 -1.000000
    outer loop
      vertex 41.580000 11.200000 -22.090000
      vertex 42.240000 11.200000 -22.090000
      vertex 42.240000 6.000000 -22.090000
    endloop
  endfacet
  facet normal 0.000000 0.000000 -1.000000
    outer loop
      vertex 41.580000 11.200000 -22.090000
      vertex 42.240000 6.000000 -22.090000
      vertex 41.580000 6.000000 -22.090000
    endloop
  endfacet
  facet normal 0.000000 0.000000 1.000000
    outer loop
      vertex 42.240000 6.000000 -22.750000
      vertex 42.240000 11.200000 -22.750000
      vertex 41.580000 11.200000 -22.750000
    endloop
  endfacet
  facet normal 0.000000 0.000000 1.000000
    outer loop
      vertex 42.240000 6.000000 -22.750000
      vertex 41.580000 11.200000 -22.750000
      vertex 41.580000 6.000000 -22.750000
    endloop
  endfacet
  facet normal -1.000000 0.000000 0.000000
    outer loop
      vertex 42.240000 6.000000 -22.090000
      vertex 42.240000 11.200000 -22.090000
      vertex 42.240000 11.200000 -22.750000
    endloop
  endfacet
  facet normal -1.000000 0.000000 0.000000
    outer loop
      vertex 42.240000 6.000000 -22.090000
      vertex 42.240000 11.200000 -22.750000
      vertex 42.240000 6.000000 -22.750000
    endloop
  endfacet
  facet normal 1.000000 0.000000 0.000000
    outer loop
      vertex 41.580000 6.000000 -22.750000
      vertex 41.580000 11.200000 -22.750000
      vertex 41.580000 11.200000 -22.090000
    endloop
  endfacet
  facet normal 1.000000 0.000000 0.000000
    outer loop
      vertex 41.580000 6.000000 -22.750000
      vertex 41.580000 11.200000 -22.090000
      vertex 41.580000 6.000000 -22.090000
    endloop
  endfacet
  facet normal 0.000000 -1.000000 0.000000
    outer loop
      vertex 43.350000 7.225000 -23.520000
      vertex 45.550000 7.225000 -23.520000
      vertex 45.550000 7.225000 -21.320000
    endloop
  endfacet
  facet normal 0.000000 -1.000000 0.000000
    outer loop
      vertex 43.350000 7.225000 -23.520000
      vertex 45.550000 7.225000 -21.320000
      vertex 43.350000 7.225000 -21.320000
    endloop
  endfacet
  facet normal 0.000000 1.000000 0.000000
    outer loop
      vertex 43.350000 5.675000 -21.320000
      vertex 45.550000 5.675000 -21.320000
      vertex 45.550000 5.675000 -23.520000
    endloop
  endfacet
  facet normal 0.000000 1.000000 0.000000
    outer loop
      vertex 43.350000 5.675000 -21.320000
      vertex 45.550000 5.675000 -23.520000
      vertex 43.350000 5.675000 -23.520000
    endloop
  endfacet
  facet normal 0.000000 0.000000 -1.000000
    outer loop
      vertex 43.350000 7.225000 -21.320000
      vertex 45.550000 7.225000 -21.320000
      vertex 45.550000 5.675000 -21.320000
    endloop
  endfacet
  facet normal 0.000000 0.000000 -1.000000
    outer loop
      vertex 43.350000 7.225000 -21.320000
      vertex 45.550000 5.675000 -21.320000
      vertex 43.350000 5.675000 -21.320000
    endloop
  endfacet
  facet normal 0.000000 0.000000 1.000000
    outer loop
      vertex 45.550000 5.675000 -23.520000
      vertex 45.550000 7.225000 -23.520000
      vertex 43.350000 7.225000 -23.520000
    endloop
  endfacet
  facet normal 0.000000 0.000000 1.000000
    outer loop
      vertex 45.550000 5.675000 -23.520000
      vertex 43.350000 7.225000 -23.520000
      vertex 43.350000 5.675000 -23.520000
    endloop
  endfacet
  facet normal -1.000000 0.000000 0.000000
    outer loop
      vertex 45.550000 5.675000 -21.320000
      vertex 45.550000 7.225000 -21.320000
      vertex 45.550000 7.225000 -23.520000
    endloop
  endfacet
  facet normal -1.000000 0.000000 0.000000
    outer loop
      vertex 45.550000 5.675000 -21.320000
      vertex 45.550000 7.225000 -23.520000
      vertex 45.550000 5.675000 -23.520000
    endloop
  endfacet
  facet normal 1.000000 0.000000 0.000000
    outer loop
      vertex 43.350000 5.675000 -23.520000
      vertex 43.350000 7.225000 -23.520000
      vertex 43.350000 7.225000 -21.320000
    endloop
  endfacet
  facet normal 1.000000 0.000000 0.000000
    outer loop
      vertex 43.350000 5.675000 -23.520000
      vertex 43.350000 7.225000 -21.320000
      vertex 43.350000 5.675000 -21.320000
    endloop
  endfacet
  facet normal 0.000000 -1.000000 0.000000
    outer loop
      vertex 44.120000 11.200000 -22.750000
      vertex 44.780000 11.200000 -22.750000
      vertex 44.780000 11.200000 -22.090000
    endloop
  endfacet
  facet normal 0.000000 -1.000000 0.000000
    outer loop
      vertex 44.120000 11.200000 -22.750000
      vertex 44.780000 11.200000 -22.090000
      vertex 44.120000 11.200000 -22.090000
    endloop
  endfacet
  facet normal 0.000000 1.000000 0.000000
    outer loop
      vertex 44.120000 6.000000 -22.090000
      vertex 44.780000 6.000000 -22.090000
      vertex 44.780000 6.000000 -22.750000
    endloop
  endfacet
  facet normal 0.000000 1.000000 0.000000
    outer loop
      vertex 44.120000 6.000000 -22.090000
      vertex 44.780000 6.000000 -22.750000
      vertex 44.120000 6.000000 -22.750000
    endloop
  endfacet
  facet normal 0.000000 0.000000 -1.000000
    outer loop
      vertex 44.120000 11.200000 -22.090000
      vertex 44.780000 11.200000 -22.090000
      vertex 44.780000 6.000000 -22.090000
    endloop
  endfacet
  facet normal 0.000000 0.000000 -1.000000
    outer loop
      vertex 44.120000 11.200000 -22.090000
      vertex 44.780000 6.000000 -22.090000
      vertex 44.120000 6.000000 -22.090000
    endloop
  endfacet
  facet normal 0.000000 0.000000 1.000000
    outer loop
      vertex 44.780000 6.000000 -22.750000
      vertex 44.780000 11.200000 -22.750000
      vertex 44.120000 11.200000 -22.750000
    endloop
  endfacet
  facet normal 0.000000 0.000000 1.000000
    outer loop
      vertex 44.780000 6.000000 -22.750000
      vertex 44.120000 11.200000 -22.750000
      vertex 44.120000 6.000000 -22.750000
    endloop
  endfacet
  facet normal -1.000000 0.000000 0.000000
    outer loop
      vertex 44.780000 6.000000 -22.090000
      vertex 44.780000 11.200000 -22.090000
      vertex 44.780000 11.200000 -22.750000
    endloop
  endfacet
  facet normal -1.000000 0.000000 0.000000
    outer loop
      vertex 44.780000 6.000000 -22.090000
      vertex 44.780000 11.200000 -22.750000
      vertex 44.780000 6.000000 -22.750000
    endloop
  endfacet
  facet normal 1.000000 0.000000 0.000000
    outer loop
      vertex 44.120000 6.000000 -22.750000
      vertex 44.120000 11.200000 -22.750000
      vertex 44.120000 11.200000 -22.090000
    endloop
  endfacet
  facet normal 1.000000 0.000000 0.000000
    outer loop
      vertex 44.120000 6.000000 -22.750000
      vertex 44.120000 11.200000 -22.090000
      vertex 44.120000 6.000000 -22.090000
    endloop
  endfacet
  facet normal 0.000000 -1.000000 0.000000
    outer loop
      vertex 45.890000 7.225000 -23.520000
      vertex 48.090000 7.225000 -23.520000
      vertex 48.090000 7.225000 -21.320000
    endloop
  endfacet
  facet normal 0.000000 -1.000000 0.000000
    outer loop
      vertex 45.890000 7.225000 -23.520000
      vertex 48.090000 7.225000 -21.320000
      vertex 45.890000 7.225000 -21.320000
    endloop
  endfacet
  facet normal 0.000000 1.000000 0.000000
    outer loop
      vertex 45.890000 5.675000 -21.320000
      vertex 48.090000 5.675000 -21.320000
      vertex 48.090000 5.675000 -23.520000
    endloop
  endfacet
  facet normal 0.000000 1.000000 0.000000
    outer loop
      vertex 45.890000 5.675000 -21.320000
      vertex 48.090000 5.675000 -23.520000
      vertex 45.890000 5.675000 -23.520000
    endloop
  endfacet
  facet normal 0.000000 0.000000 -1.000000
    outer loop
      vertex 45.890000 7.225000 -21.320000
      vertex 48.090000 7.225000 -21.320000
      vertex 48.090000 5.675000 -21.320000
    endloop
  endfacet
  facet normal 0.000000 0.000000 -1.000000
    outer loop
      vertex 45.890000 7.225000 -21.320000
      vertex 48.090000 5.675000 -21.320000
      vertex 45.890000 5.675000 -21.320000
    endloop
  endfacet
  facet normal 0.000000 0.000000 1.000000
    outer loop
      vertex 48.090000 5.675000 -23.520000
      vertex 48.090000 7.225000 -23.520000
      vertex 45.890000 7.225000 -23.520000
    endloop
  endfacet
  facet normal 0.000000 0.000000 1.000000
    outer loop
      vertex 48.090000 5.675000 -23.520000
      vertex 45.890000 7.225000 -23.520000
      vertex 45.890000 5.675000 -23.520000
    endloop
  endfacet
  facet normal -1.000000 0.000000 0.000000
    outer loop
      vertex 48.090000 5.675000 -21.320000
      vertex 48.090000 7.225000 -21.320000
      vertex 48.090000 7.225000 -23.520000
    endloop
  endfacet
  facet normal -1.000000 0.000000 0.000000
    outer loop
      vertex 48.090000 5.675000 -21.320000
      vertex 48.090000 7.225000 -23.520000
      vertex 48.090000 5.675000 -23.520000
    endloop
  endfacet
  facet normal 1.000000 0.000000 0.000000
    outer loop
      vertex 45.890000 5.675000 -23.520000
      vertex 45.890000 7.225000 -23.520000
      vertex 45.890000 7.225000 -21.320000
    endloop
  endfacet
  facet normal 1.000000 0.000000 0.000000
    outer loop
      vertex 45.890000 5.675000 -23.520000
      vertex 45.890000 7.225000 -21.320000
      vertex 45.890000 5.675000 -21.320000
    endloop
  endfacet
  facet normal 0.000000 -1.000000 0.000000
    outer loop
      vertex 46.660000 11.200000 -22.750000
      vertex 47.320000 11.200000 -22.750000
      vertex 47.320000 11.200000 -22.090000
    endloop
  endfacet
  facet normal 0.000000 -1.000000 0.000000
    outer loop
      vertex 46.660000 11.200000 -22.750000
      vertex 47.320000 11.200000 -22.090000
      vertex 46.660000 11.200000 -22.090000
    endloop
  endfacet
  facet normal 0.000000 1.000000 0.000000
    outer loop
      vertex 46.660000 6.000000 -22.090000
      vertex 47.320000 6.000000 -22.090000
      vertex 47.320000 6.000000 -22.750000
    endloop
  endfacet
  facet normal 0.000000 1.000000 0.000000
    outer loop
      vertex 46.660000 6.000000 -22.090000
      vertex 47.320000 6.000000 -22.750000
      vertex 46.660000 6.000000 -22.750000
    endloop
  endfacet
  facet normal 0.000000 0.000000 -1.000000
    outer loop
      vertex 46.660000 11.200000 -22.090000
      vertex 47.320000 11.200000 -22.090000
      vertex 47.320000 6.000000 -22.090000
    endloop
  endfacet
  facet normal 0.000000 0.000000 -1.000000
    outer loop
      vertex 46.660000 11.200000 -22.090000
      vertex 47.320000 6.000000 -22.090000
      vertex 46.660000 6.000000 -22.090000
    endloop
  endfacet
  facet normal 0.000000 0.000000 1.000000
    outer loop
      vertex 47.320000 6.000000 -22.750000
      vertex 47.320000 11.200000 -22.750000
      vertex 46.660000 11.200000 -22.750000
    endloop
  endfacet
  facet normal 0.000000 0.000000 1.000000
    outer loop
      vertex 47.320000 6.000000 -22.750000
      vertex 46.660000 11.200000 -22.750000
      vertex 46.660000 6.000000 -22.750000
    endloop
  endfacet
  facet normal -1.000000 0.000000 0.000000
    outer loop
      vertex 47.320000 6.000000 -22.090000
      vertex 47.320000 11.200000 -22.090000
      vertex 47.320000 11.200000 -22.750000
    endloop
  endfacet
  facet normal -1.000000 0.000000 0.000000
    outer loop
      vertex 47.320000 6.000000 -22.090000
      vertex 47.320000 11.200000 -22.750000
      vertex 47.320000 6.000000 -22.750000
    endloop
  endfacet
  facet normal 1.000000 0.000000 0.000000
    outer loop
      vertex 46.660000 6.000000 -22.750000
      vertex 46.660000 11.200000 -22.750000
      vertex 46.660000 11.200000 -22.090000
    endloop
  endfacet
  facet normal 1.000000 0.000000 0.000000
    outer loop
      vertex 46.660000 6.000000 -22.750000
      vertex 46.660000 11.200000 -22.090000
      vertex 46.660000 6.000000 -22.090000
    endloop
  endfacet
  facet normal 0.000000 -1.000000 0.000000
    outer loop
      vertex -1.100000 7.225000 -20.980000
      vertex 1.100000 7.225000 -20.980000
      vertex 1.100000 7.225000 -18.780000
    endloop
  endfacet
  facet normal 0.000000 -1.000000 0.000000
    outer loop
      vertex -1.100000 7.225000 -20.980000
      vertex 1.100000 7.225000 -18.780000
      vertex -1.100000 7.225000 -18.780000
    endloop
  endfacet
  facet normal 0.000000 1.000000 0.000000
    outer loop
      vertex -1.100000 5.675000 -18.780000
      vertex 1.100000 5.675000 -18.780000
      vertex 1.100000 5.675000 -20.980000
    endloop
  endfacet
  facet normal 0.000000 1.000000 0.000000
    outer loop
      vertex -1.100000 5.675000 -18.780000
      vertex 1.100000 5.675000 -20.980000
      vertex -1.100000 5.675000 -20.980000
    endloop
  endfacet
  facet normal 0.000000 0.000000 -1.000000
    outer loop
      vertex -1.100000 7.225000 -18.780000
      vertex 1.100000 7.225000 -18.780000
      vertex 1.100000 5.675000 -18.780000
    endloop
  endfacet
  facet normal 0.000000 0.000000 -1.000000
    outer loop
      vertex -1.100000 7.225000 -18.780000
      vertex 1.100000 5.675000 -18.780000
      vertex -1.100000 5.675000 -18.780000
    endloop
  endfacet
  facet normal 0.000000 0.000000 1.000000
    outer loop
      vertex 1.100000 5.675000 -20.980000
      vertex 1.100000 7.225000 -20.980000
      vertex -1.100000 7.225000 -20.980000
    endloop
  endfacet
  facet normal 0.000000 0.000000 1.000000
    outer loop
      vertex 1.100000 5.675000 -20.980000
      vertex -1.100000 7.225000 -20.980000
      vertex -1.100000 5.675000 -20.980000
    endloop
  endfacet
  facet normal -1.000000 0.000000 0.000000
    outer loop
      vertex 1.100000 5.675000 -18.780000
      vertex 1.100000 7.225000 -18.780000
      vertex 1.100000 7.225000 -20.980000
    endloop
  endfacet
  facet normal -1.000000 0.000000 0.000000
    outer loop
      vertex 1.100000 5.675000 -18.780000
      vertex 1.100000 7.225000 -20.980000
      vertex 1.100000 5.675000 -20.980000
    endloop
  endfacet
  facet normal 1.000000 0.000000 0.000000
    outer loop
      vertex -1.100000 5.675000 -20.980000
      vertex -1.100000 7.225000 -20.980000
      vertex -1.100000 7.225000 -18.780000
    endloop
  endfacet
  facet normal 1.000000 0.000000 0.000000
    outer loop
      vertex -1.100000 5.675000 -20.980000
      vertex -1.100000 7.225000 -18.780000
      vertex -1.100000 5.675000 -18.780000
    endloop
  endfacet
  facet normal 0.000000 -1.000000 0.000000
    outer loop
      vertex -0.330000 11.200000 -20.210000
      vertex 0.330000 11.200000 -20.210000
      vertex 0.330000 11.200000 -19.550000
    endloop
  endfacet
  facet normal 0.000000 -1.000000 0.000000
    outer loop
      vertex -0.330000 11.200000 -20.210000
      vertex 0.330000 11.200000 -19.550000
      vertex -0.330000 11.200000 -19.550000
    endloop
  endfacet
  facet normal 0.000000 1.000000 0.000000
    outer loop
      vertex -0.330000 6.000000 -19.550000
      vertex 0.330000 6.000000 -19.550000
      vertex 0.330000 6.000000 -20.210000
    endloop
  endfacet
  facet normal 0.000000 1.000000 0.000000
    outer loop
      vertex -0.330000 6.000000 -19.550000
      vertex 0.330000 6.000000 -20.210000
      vertex -0.330000 6.000000 -20.210000
    endloop
  endfacet
  facet normal 0.000000 0.000000 -1.000000
    outer loop
      vertex -0.330000 11.200000 -19.550000
      vertex 0.330000 11.200000 -19.550000
      vertex 0.330000 6.000000 -19.550000
    endloop
  endfacet
  facet normal 0.000000 0.000000 -1.000000
    outer loop
      vertex -0.330000 11.200000 -19.550000
      vertex 0.330000 6.000000 -19.550000
      vertex -0.330000 6.000000 -19.550000
    endloop
  endfacet
  facet normal 0.000000 0.000000 1.000000
    outer loop
      vertex 0.330000 6.000000 -20.210000
      vertex 0.330000 11.200000 -20.210000
      vertex -0.330000 11.200000 -20.210000
    endloop
  endfacet
  facet normal 0.000000 0.000000 1.000000
    outer loop
      vertex 0.330000 6.000000 -20.210000
      vertex -0.330000 11.200000 -20.210000
      vertex -0.330000 6.000000 -20.210000
    endloop
  endfacet
  facet normal -1.000000 0.000000 0.000000
    outer loop
      vertex 0.330000 6.000000 -19.550000
      vertex 0.330000 11.200000 -19.550000
      vertex 0.330000 11.200000 -20.210000
    endloop
  endfacet
  facet normal -1.000000 0.000000 0.000000
    outer loop
      vertex 0.330000 6.000000 -19.550000
      vertex 0.330000 11.200000 -20.210000
      vertex 0.330000 6.000000 -20.210000
    endloop
  endfacet
  facet normal 1.000000 0.000000 0.000000
    outer loop
      vertex -0.330000 6.000000 -20.210000
      vertex -0.330000 11.200000 -20.210000
      vertex -0.330000 11.200000 -19.550000
    endloop
  endfacet
  facet normal 1.000000 0.000000 0.000000
    outer loop
      vertex -0.330000 6.000000 -20.210000
      vertex -0.330000 11.200000 -19.550000
      vertex -0.330000 6.000000 -19.550000
    endloop
  endfacet
  facet normal 0.000000 -1.000000 0.000000
    outer loop
      vertex -50.145000 4.050000 -26.210000
      vertex 50.145000 4.050000 -26.210000
      vertex 50.145000 4.050000 -23.710000
    endloop
  endfacet
  facet normal 0.000000 -1.000000 0.000000
    outer loop
      vertex -50.145000 4.050000 -26.210000
      vertex 50.145000 4.050000 -23.710000
      vertex -50.145000 4.050000 -23.710000
    endloop
  endfacet
  facet normal 0.000000 1.000000 0.000000
    outer loop
      vertex -50.145000 1.550000 -23.710000
      vertex 50.145000 1.550000 -23.710000
      vertex 50.145000 1.550000 -26.210000
    endloop
  endfacet
  facet normal 0.000000 1.000000 0.000000
    outer loop
      vertex -50.145000 1.550000 -23.710000
      vertex 50.145000 1.550000 -26.210000
      vertex -50.145000 1.550000 -26.210000
    endloop
  endfacet
  facet normal 0.000000 0.000000 -1.000000
    outer loop
      vertex -50.145000 4.050000 -23.710000
      vertex 50.145000 4.050000 -23.710000
      vertex 50.145000 1.550000 -23.710000
    endloop
  endfacet
  facet normal 0.000000 0.000000 -1.000000
    outer loop
      vertex -50.145000 4.050000 -23.710000
      vertex 50.145000 1.550000 -23.710000
      vertex -50.145000 1.550000 -23.710000
    endloop
  endfacet
  facet normal 0.000000 0.000000 1.000000
    outer loop
      vertex 50.145000 1.550000 -26.210000
      vertex 50.145000 4.050000 -26.210000
      vertex -50.145000 4.050000 -26.210000
    endloop
  endfacet
  facet normal 0.000000 0.000000 1.000000
    outer loop
      vertex 50.145000 1.550000 -26.210000
      vertex -50.145000 4.050000 -26.210000
      vertex -50.145000 1.550000 -26.210000
    endloop
  endfacet
  facet normal -1.000000 0.000000 0.000000
    outer loop
      vertex 50.145000 1.550000 -23.710000
      vertex 50.145000 4.050000 -23.710000
      vertex 50.145000 4.050000 -26.210000
    endloop
  endfacet
  facet normal -1.000000 0.000000 0.000000
    outer loop
      vertex 50.145000 1.550000 -23.710000
      vertex 50.145000 4.050000 -26.210000
      vertex 50.145000 1.550000 -26.210000
    endloop
  endfacet
  facet normal 1.000000 0.000000 0.000000
    outer loop
      vertex -50.145000 1.550000 -26.210000
      vertex -50.145000 4.050000 -26.210000
      vertex -50.145000 4.050000 -23.710000
    endloop
  endfacet
  facet normal 1.000000 0.000000 0.000000
    outer loop
      vertex -50.145000 1.550000 -26.210000
      vertex -50.145000 4.050000 -23.710000
      vertex -50.145000 1.550000 -23.710000
    endloop
  endfacet
  facet normal 0.000000 -1.000000 0.000000
    outer loop
      vertex -3.000000 3.500000 -3.000000
      vertex 3.000000 3.500000 -3.000000
      vertex 3.000000 3.500000 3.000000
    endloop
  endfacet
  facet normal 0.000000 -1.000000 0.000000
    outer loop
      vertex -3.000000 3.500000 -3.000000
      vertex 3.000000 3.500000 3.000000
      vertex -3.000000 3.500000 3.000000
    endloop
  endfacet
  facet normal 0.000000 1.000000 0.000000
    outer loop
      vertex -3.000000 2.100000 3.000000
      vertex 3.000000 2.100000 3.000000
      vertex 3.000000 2.100000 -3.000000
    endloop
  endfacet
  facet normal 0.000000 1.000000 0.000000
    outer loop
      vertex -3.000000 2.100000 3.000000
      vertex 3.000000 2.100000 -3.000000
      vertex -3.000000 2.100000 -3.000000
    endloop
  endfacet
  facet normal 0.000000 0.000000 -1.000000
    outer loop
      vertex -3.000000 3.500000 3.000000
      vertex 3.000000 3.500000 3.000000
      vertex 3.000000 2.100000 3.000000
    endloop
  endfacet
  facet normal 0.000000 0.000000 -1.000000
    outer loop
      vertex -3.000000 3.500000 3.000000
      vertex 3.000000 2.100000 3.000000
      vertex -3.000000 2.100000 3.000000
    endloop
  endfacet
  facet normal 0.000000 0.000000 1.000000
    outer loop
      vertex 3.000000 2.100000 -3.000000
      vertex 3.000000 3.500000 -3.000000
      vertex -3.000000 3.500000 -3.000000
    endloop
  endfacet
  facet normal 0.000000 0.000000 1.000000
    outer loop
      vertex 3.000000 2.100000 -3.000000
      vertex -3.000000 3.500000 -3.000000
      vertex -3.000000 2.100000 -3.000000
    endloop
  endfacet
  facet normal -1.000000 0.000000 0.000000
    outer loop
      vertex 3.000000 2.100000 3.000000
      vertex 3.000000 3.500000 3.000000
      vertex 3.000000 3.500000 -3.000000
    endloop
  endfacet
  facet normal -1.000000 0.000000 0.000000
    outer loop
      vertex 3.000000 2.100000 3.000000
      vertex 3.000000 3.500000 -3.000000
      vertex 3.000000 2.100000 -3.000000
    endloop
  endfacet
  facet normal 1.000000 0.000000 0.000000
    outer loop
      vertex -3.000000 2.100000 -3.000000
      vertex -3.000000 3.500000 -3.000000
      vertex -3.000000 3.500000 3.000000
    endloop
  endfacet
  facet normal 1.000000 0.000000 0.000000
    outer loop
      vertex -3.000000 2.100000 -3.000000
      vertex -3.000000 3.500000 3.000000
      vertex -3.000000 2.100000 3.000000
    endloop
  endfacet
endsolid arduino_mega