solid neopixel_ws2812b_strip
  facet normal 0.000000 -1.000000 0.000000
    outer loop
      vertex -30.000000 1.000000 -5.000000
      vertex 30.000000 1.000000 -5.000000
      vertex 30.000000 1.000000 5.000000
    endloop
  endfacet
  facet normal 0.000000 -1.000000 0.000000
    outer loop
      vertex -30.000000 1.000000 -5.000000
      vertex 30.000000 1.000000 5.000000
      vertex -30.000000 1.000000 5.000000
    endloop
  endfacet
  facet normal 0.000000 1.000000 0.000000
    outer loop
      vertex -30.000000 0.000000 5.000000
      vertex 30.000000 0.000000 5.000000
      vertex 30.000000 0.000000 -5.000000
    endloop
  endfacet
  facet normal 0.000000 1.000000 0.000000
    outer loop
      vertex -30.000000 0.000000 5.000000
      vertex 30.000000 0.000000 -5.000000
      vertex -30.000000 0.000000 -5.000000
    endloop
  endfacet
  facet normal 0.000000 0.000000 -1.000000
    outer loop
      vertex -30.000000 1.000000 5.000000
      vertex 30.000000 1.000000 5.000000
      vertex 30.000000 0.000000 5.000000
    endloop
  endfacet
  facet normal 0.000000 0.000000 -1.000000
    outer loop
      vertex -30.000000 1.000000 5.000000
      vertex 30.000000 0.000000 5.000000
      vertex -30.000000 0.000000 5.000000
    endloop
  endfacet
  facet normal 0.000000 0.000000 1.000000
    outer loop
      vertex 30.000000 0.000000 -5.000000
      vertex 30.000000 1.000000 -5.000000
      vertex -30.000000 1.000000 -5.000000
    endloop
  endfacet
  facet normal 0.000000 0.000000 1.000000
    outer loop
      vertex 30.000000 0.000000 -5.000000
      vertex -30.000000 1.000000 -5.000000
      vertex -30.000000 0.000000 -5.000000
    endloop
  endfacet
  facet normal -1.000000 0.000000 0.000000
    outer loop
      vertex 30.000000 0.000000 5.000000
      vertex 30.000000 1.000000 5.000000
      vertex 30.000000 1.000000 -5.000000
    endloop
  endfacet
  facet normal -1.000000 0.000000 0.000000
    outer loop
      vertex 30.000000 0.000000 5.000000
      vertex 30.000000 1.000000 -5.000000
      vertex 30.000000 0.000000 -5.000000
    endloop
  endfacet
  facet normal 1.000000 0.000000 0.000000
    outer loop
      vertex -30.000000 0.000000 -5.000000
      vertex -30.000000 1.000000 -5.000000
      vertex -30.000000 1.000000 5.000000
    endloop
  endfacet
  facet normal 1.000000 0.000000 0.000000
    outer loop
      vertex -30.000000 0.000000 -5.000000
      vertex -30.000000 1.000000 5.000000
      vertex -30.000000 0.000000 5.000000
    endloop
  endfacet
  facet normal 0.000000 -1.000000 0.000000
    outer loop
      vertex -4.910000 6.625000 -3.560000
      vertex -2.710000 6.625000 -3.560000
      vertex -2.710000 6.625000 -1.360000
    endloop
  endfacet
  facet normal 0.000000 -1.000000 0.000000
    outer loop
      vertex -4.910000 6.625000 -3.560000
      vertex -2.710000 6.625000 -1.360000
      vertex -4.910000 6.625000 -1.360000
    endloop
  endfacet
  facet normal 0.000000 1.000000 0.000000
    outer loop
      vertex -4.910000 5.075000 -1.360000
      vertex -2.710000 5.075000 -1.360000
      vertex -2.710000 5.075000 -3.560000
    endloop
  endfacet
  facet normal 0.000000 1.000000 0.000000
    outer loop
      vertex -4.910000 5.075000 -1.360000
      vertex -2.710000 5.075000 -3.560000
      vertex -4.910000 5.075000 -3.560000
    endloop
  endfacet
  facet normal 0.000000 0.000000 -1.000000
    outer loop
      vertex -4.910000 6.625000 -1.360000
      vertex -2.710000 6.625000 -1.360000
      vertex -2.710000 5.075000 -1.360000
    endloop
  endfacet
  facet normal 0.000000 0.000000 -1.000000
    outer loop
      vertex -4.910000 6.625000 -1.360000
      vertex -2.710000 5.075000 -1.360000
      vertex -4.910000 5.075000 -1.360000
    endloop
  endfacet
  facet normal 0.000000 0.000000 1.000000
    outer loop
      vertex -2.710000 5.075000 -3.560000
      vertex -2.710000 6.625000 -3.560000
      vertex -4.910000 6.625000 -3.560000
    endloop
  endfacet
  facet normal 0.000000 0.000000 1.000000
    outer loop
      vertex -2.710000 5.075000 -3.560000
      vertex -4.910000 6.625000 -3.560000
      vertex -4.910000 5.075000 -3.560000
    endloop
  endfacet
  facet normal -1.000000 0.000000 0.000000
    outer loop
      vertex -2.710000 5.075000 -1.360000
      vertex -2.710000 6.625000 -1.360000
      vertex -2.710000 6.625000 -3.560000
    endloop
  endfacet
  facet normal -1.000000 0.000000 0.000000
    outer loop
      vertex -2.710000 5.075000 -1.360000
      vertex -2.710000 6.625000 -3.560000
      vertex -2.710000 5.075000 -3.560000
    endloop
  endfacet
  facet normal 1.000000 0.000000 0.000000
    outer loop
      vertex -4.910000 5.075000 -3.560000
      vertex -4.910000 6.625000 -3.560000
      vertex -4.910000 6.625000 -1.360000
    endloop
  endfacet
  facet normal 1.000000 0.000000 0.000000
    outer loop
      vertex -4.910000 5.075000 -3.560000
      vertex -4.910000 6.625000 -1.360000
      vertex -4.910000 5.075000 -1.360000
    endloop
  endfacet
  facet normal 0.000000 -1.000000 0.000000
    outer loop
      vertex -4.140000 10.600000 -2.790000
      vertex -3.480000 10.600000 -2.790000
      vertex -3.480000 10.600000 -2.130000
    endloop
  endfacet
  facet normal 0.000000 -1.000000 0.000000
    outer loop
      vertex -4.140000 10.600000 -2.790000
      vertex -3.480000 10.600000 -2.130000
      vertex -4.140000 10.600000 -2.130000
    endloop
  endfacet
  facet normal 0.000000 1.000000 0.000000
    outer loop
      vertex -4.140000 5.400000 -2.130000
      vertex -3.480000 5.400000 -2.130000
      vertex -3.480000 5.400000 -2.790000
    endloop
  endfacet
  facet normal 0.000000 1.000000 0.000000
    outer loop
      vertex -4.140000 5.400000 -2.130000
      vertex -3.480000 5.400000 -2.790000
      vertex -4.140000 5.400000 -2.790000
    endloop
  endfacet
  facet normal 0.000000 0.000000 -1.000000
    outer loop
      vertex -4.140000 10.600000 -2.130000
      vertex -3.480000 10.600000 -2.130000
      vertex -3.480000 5.400000 -2.130000
    endloop
  endfacet
  facet normal 0.000000 0.000000 -1.000000
    outer loop
      vertex -4.140000 10.600000 -2.130000
      vertex -3.480000 5.400000 -2.130000
      vertex -4.140000 5.400000 -2.130000
    endloop
  endfacet
  facet normal 0.000000 0.000000 1.000000
    outer loop
      vertex -3.480000 5.400000 -2.790000
      vertex -3.480000 10.600000 -2.790000
      vertex -4.140000 10.600000 -2.790000
    endloop
  endfacet
  facet normal 0.000000 0.000000 1.000000
    outer loop
      vertex -3.480000 5.400000 -2.790000
      vertex -4.140000 10.600000 -2.790000
      vertex -4.140000 5.400000 -2.790000
    endloop
  endfacet
  facet normal -1.000000 0.000000 0.000000
    outer loop
      vertex -3.480000 5.400000 -2.130000
      vertex -3.480000 10.600000 -2.130000
      vertex -3.480000 10.600000 -2.790000
    endloop
  endfacet
  facet normal -1.000000 0.000000 0.000000
    outer loop
      vertex -3.480000 5.400000 -2.130000
      vertex -3.480000 10.600000 -2.790000
      vertex -3.480000 5.400000 -2.790000
    endloop
  endfacet
  facet normal 1.000000 0.000000 0.000000
    outer loop
      vertex -4.140000 5.400000 -2.790000
      vertex -4.140000 10.600000 -2.790000
      vertex -4.140000 10.600000 -2.130000
    endloop
  endfacet
  facet normal 1.000000 0.000000 0.000000
    outer loop
      vertex -4.140000 5.400000 -2.790000
      vertex -4.140000 10.600000 -2.130000
      vertex -4.140000 5.400000 -2.130000
    endloop
  endfacet
  facet normal 0.000000 -1.000000 0.000000
    outer loop
      vertex -2.370000 6.625000 -3.560000
      vertex -0.170000 6.625000 -3.560000
      vertex -0.170000 6.625000 -1.360000
    endloop
  endfacet
  facet normal 0.000000 -1.000000 0.000000
    outer loop
      vertex -2.370000 6.625000 -3.560000
      vertex -0.170000 6.625000 -1.360000
      vertex -2.370000 6.625000 -1.360000
    endloop
  endfacet
  facet normal 0.000000 1.000000 0.000000
    outer loop
      vertex -2.370000 5.075000 -1.360000
      vertex -0.170000 5.075000 -1.360000
      vertex -0.170000 5.075000 -3.560000
    endloop
  endfacet
  facet normal 0.000000 1.000000 0.000000
    outer loop
      vertex -2.370000 5.075000 -1.360000
      vertex -0.170000 5.075000 -3.560000
      vertex -2.370000 5.075000 -3.560000
    endloop
  endfacet
  facet normal 0.000000 0.000000 -1.000000
    outer loop
      vertex -2.370000 6.625000 -1.360000
      vertex -0.170000 6.625000 -1.360000
      vertex -0.170000 5.075000 -1.360000
    endloop
  endfacet
  facet normal 0.000000 0.000000 -1.000000
    outer loop
      vertex -2.370000 6.625000 -1.360000
      vertex -0.170000 5.075000 -1.360000
      vertex -2.370000 5.075000 -1.360000
    endloop
  endfacet
  facet normal 0.000000 0.000000 1.000000
    outer loop
      vertex -0.170000 5.075000 -3.560000
      vertex -0.170000 6.625000 -3.560000
      vertex -2.370000 6.625000 -3.560000
    endloop
  endfacet
  facet normal 0.000000 0.000000 1.000000
    outer loop
      vertex -0.170000 5.075000 -3.560000
      vertex -2.370000 6.625000 -3.560000
      vertex -2.370000 5.075000 -3.560000
    endloop
  endfacet
  facet normal -1.000000 0.000000 0.000000
    outer loop
      vertex -0.170000 5.075000 -1.360000
      vertex -0.170000 6.625000 -1.360000
      vertex -0.170000 6.625000 -3.560000
    endloop
  endfacet
  facet normal -1.000000 0.000000 0.000000
    outer loop
      vertex -0.170000 5.075000 -1.360000
      vertex -0.170000 6.625000 -3.560000
      vertex -0.170000 5.075000 -3.560000
    endloop
  endfacet
  facet normal 1.000000 0.000000 0.000000
    outer loop
      vertex -2.370000 5.075000 -3.560000
      vertex -2.370000 6.625000 -3.560000
      vertex -2.370000 6.625000 -1.360000
    endloop
  endfacet
  facet normal 1.000000 0.000000 0.000000
    outer loop
      vertex -2.370000 5.075000 -3.560000
      vertex -2.370000 6.625000 -1.360000
      vertex -2.370000 5.075000 -1.360000
    endloop
  endfacet
  facet normal 0.000000 -1.000000 0.000000
    outer loop
      vertex -1.600000 10.600000 -2.790000
      vertex -0.940000 10.600000 -2.790000
      vertex -0.940000 10.600000 -2.130000
    endloop
  endfacet
  facet normal 0.000000 -1.000000 0.000000
    outer loop
      vertex -1.600000 10.600000 -2.790000
      vertex -0.940000 10.600000 -2.130000
      vertex -1.600000 10.600000 -2.130000
    endloop
  endfacet
  facet normal 0.000000 1.000000 0.000000
    outer loop
      vertex -1.600000 5.400000 -2.130000
      vertex -0.940000 5.400000 -2.130000
      vertex -0.940000 5.400000 -2.790000
    endloop
  endfacet
  facet normal 0.000000 1.000000 0.000000
    outer loop
      vertex -1.600000 5.400000 -2.130000
      vertex -0.940000 5.400000 -2.790000
      vertex -1.600000 5.400000 -2.790000
    endloop
  endfacet
  facet normal 0.000000 0.000000 -1.000000
    outer loop
      vertex -1.600000 10.600000 -2.130000
      vertex -0.940000 10.600000 -2.130000
      vertex -0.940000 5.400000 -2.130000
    endloop
  endfacet
  facet normal 0.000000 0.000000 -1.000000
    outer loop
      vertex -1.600000 10.600000 -2.130000
      vertex -0.940000 5.400000 -2.130000
      vertex -1.600000 5.400000 -2.130000
    endloop
  endfacet
  facet normal 0.000000 0.000000 1.000000
    outer loop
      vertex -0.940000 5.400000 -2.790000
      vertex -0.940000 10.600000 -2.790000
      vertex -1.600000 10.600000 -2.790000
    endloop
  endfacet
  facet normal 0.000000 0.000000 1.000000
    outer loop
      vertex -0.940000 5.400000 -2.790000
      vertex -1.600000 10.600000 -2.790000
      vertex -1.600000 5.400000 -2.790000
    endloop
  endfacet
  facet normal -1.000000 0.000000 0.000000
    outer loop
      vertex -0.940000 5.400000 -2.130000
      vertex -0.940000 10.600000 -2.130000
      vertex -0.940000 10.600000 -2.790000
    endloop
  endfacet
  facet normal -1.000000 0.000000 0.000000
    outer loop
      vertex -0.940000 5.400000 -2.130000
      vertex -0.940000 10.600000 -2.790000
      vertex -0.940000 5.400000 -2.790000
    endloop
  endfacet
  facet normal 1.000000 0.000000 0.000000
    outer loop
      vertex -1.600000 5.400000 -2.790000
      vertex -1.600000 10.600000 -2.790000
      vertex -1.600000 10.600000 -2.130000
    endloop
  endfacet
  facet normal 1.000000 0.000000 0.000000
    outer loop
      vertex -1.600000 5.400000 -2.790000
      vertex -1.600000 10.600000 -2.130000
      vertex -1.600000 5.400000 -2.130000
    endloop
  endfacet
  facet normal 0.000000 -1.000000 0.000000
    outer loop
      vertex 0.170000 6.625000 -3.560000
      vertex 2.370000 6.625000 -3.560000
      vertex 2.370000 6.625000 -1.360000
    endloop
  endfacet
  facet normal 0.000000 -1.000000 0.000000
    outer loop
      vertex 0.170000 6.625000 -3.560000
      vertex 2.370000 6.625000 -1.360000
      vertex 0.170000 6.625000 -1.360000
    endloop
  endfacet
  facet normal 0.000000 1.000000 0.000000
    outer loop
      vertex 0.170000 5.075000 -1.360000
      vertex 2.370000 5.075000 -1.360000
      vertex 2.370000 5.075000 -3.560000
    endloop
  endfacet
  facet normal 0.000000 1.000000 0.000000
    outer loop
      vertex 0.170000 5.075000 -1.360000
      vertex 2.370000 5.075000 -3.560000
      vertex 0.170000 5.075000 -3.560000
    endloop
  endfacet
  facet normal 0.000000 0.000000 -1.000000
    outer loop
      vertex 0.170000 6.625000 -1.360000
      vertex 2.370000 6.625000 -1.360000
      vertex 2.370000 5.075000 -1.360000
    endloop
  endfacet
  facet normal 0.000000 0.000000 -1.000000
    outer loop
      vertex 0.170000 6.625000 -1.360000
      vertex 2.370000 5.075000 -1.360000
      vertex 0.170000 5.075000 -1.360000
    endloop
  endfacet
  facet normal 0.000000 0.000000 1.000000
    outer loop
      vertex 2.370000 5.075000 -3.560000
      vertex 2.370000 6.625000 -3.560000
      vertex 0.170000 6.625000 -3.560000
    endloop
  endfacet
  facet normal 0.000000 0.000000 1.000000
    outer loop
      vertex 2.370000 5.075000 -3.560000
      vertex 0.170000 6.625000 -3.560000
      vertex 0.170000 5.075000 -3.560000
    endloop
  endfacet
  facet normal -1.000000 0.000000 0.000000
    outer loop
      vertex 2.370000 5.075000 -1.360000
      vertex 2.370000 6.625000 -1.360000
      vertex 2.370000 6.625000 -3.560000
    endloop
  endfacet
  facet normal -1.000000 0.000000 0.000000
    outer loop
      vertex 2.370000 5.075000 -1.360000
      vertex 2.370000 6.625000 -3.560000
      vertex 2.370000 5.075000 -3.560000
    endloop
  endfacet
  facet normal 1.000000 0.000000 0.000000
    outer loop
      vertex 0.170000 5.075000 -3.560000
      vertex 0.170000 6.625000 -3.560000
      vertex 0.170000 6.625000 -1.360000
    endloop
  endfacet
  facet normal 1.000000 0.000000 0.000000
    outer loop
      vertex 0.170000 5.075000 -3.560000
      vertex 0.170000 6.625000 -1.360000
      vertex 0.170000 5.075000 -1.360000
    endloop
  endfacet
  facet normal 0.000000 -1.000000 0.000000
    outer loop
      vertex 0.940000 10.600000 -2.790000
      vertex 1.600000 10.600000 -2.790000
      vertex 1.600000 10.600000 -2.130000
    endloop
  endfacet
  facet normal 0.000000 -1.000000 0.000000
    outer loop
      vertex 0.940000 10.600000 -2.790000
      vertex 1.600000 10.600000 -2.130000
      vertex 0.940000 10.600000 -2.130000
    endloop
  endfacet
  facet normal 0.000000 1.000000 0.000000
    outer loop
      vertex 0.940000 5.400000 -2.130000
      vertex 1.600000 5.400000 -2.130000
      vertex 1.600000 5.400000 -2.790000
    endloop
  endfacet
  facet normal 0.000000 1.000000 0.000000
    outer loop
      vertex 0.940000 5.400000 -2.130000
      vertex 1.600000 5.400000 -2.790000
      vertex 0.940000 5.400000 -2.790000
    endloop
  endfacet
  facet normal 0.000000 0.000000 -1.000000
    outer loop
      vertex 0.940000 10.600000 -2.130000
      vertex 1.600000 10.600000 -2.130000
      vertex 1.600000 5.400000 -2.130000
    endloop
  endfacet
  facet normal 0.000000 0.000000 -1.000000
    outer loop
      vertex 0.940000 10.600000 -2.130000
      vertex 1.600000 5.400000 -2.130000
      vertex 0.940000 5.400000 -2.130000
    endloop
  endfacet
  facet normal 0.000000 0.000000 1.000000
    outer loop
      vertex 1.600000 5.400000 -2.790000
      vertex 1.600000 10.600000 -2.790000
      vertex 0.940000 10.600000 -2.790000
    endloop
  endfacet
  facet normal 0.000000 0.000000 1.000000
    outer loop
      vertex 1.600000 5.400000 -2.790000
      vertex 0.940000 10.600000 -2.790000
      vertex 0.940000 5.400000 -2.790000
    endloop
  endfacet
  facet normal -1.000000 0.000000 0.000000
    outer loop
      vertex 1.600000 5.400000 -2.130000
      vertex 1.600000 10.600000 -2.130000
      vertex 1.600000 10.600000 -2.790000
    endloop
  endfacet
  facet normal -1.000000 0.000000 0.000000
    outer loop
      vertex 1.600000 5.400000 -2.130000
      vertex 1.600000 10.600000 -2.790000
      vertex 1.600000 5.400000 -2.790000
    endloop
  endfacet
  facet normal 1.000000 0.000000 0.000000
    outer loop
      vertex 0.940000 5.400000 -2.790000
      vertex 0.940000 10.600000 -2.790000
      vertex 0.940000 10.600000 -2.130000
    endloop
  endfacet
  facet normal 1.000000 0.000000 0.000000
    outer loop
      vertex 0.940000 5.400000 -2.790000
      vertex 0.940000 10.600000 -2.130000
      vertex 0.940000 5.400000 -2.130000
    endloop
  endfacet
  facet normal 0.000000 -1.000000 0.000000
    outer loop
      vertex 2.710000 6.625000 -3.560000
      vertex 4.910000 6.625000 -3.560000
      vertex 4.910000 6.625000 -1.360000
    endloop
  endfacet
  facet normal 0.000000 -1.000000 0.000000
    outer loop
      vertex 2.710000 6.625000 -3.560000
      vertex 4.910000 6.625000 -1.360000
      vertex 2.710000 6.625000 -1.360000
    endloop
  endfacet
  facet normal 0.000000 1.000000 0.000000
    outer loop
      vertex 2.710000 5.075000 -1.360000
      vertex 4.910000 5.075000 -1.360000
      vertex 4.910000 5.075000 -3.560000
    endloop
  endfacet
  facet normal 0.000000 1.000000 0.000000
    outer loop
      vertex 2.710000 5.075000 -1.360000
      vertex 4.910000 5.075000 -3.560000
      vertex 2.710000 5.075000 -3.560000
    endloop
  endfacet
  facet normal 0.000000 0.000000 -1.000000
    outer loop
      vertex 2.710000 6.625000 -1.360000
      vertex 4.910000 6.625000 -1.360000
      vertex 4.910000 5.075000 -1.360000
    endloop
  endfacet
  facet normal 0.000000 0.000000 -1.000000
    outer loop
      vertex 2.710000 6.625000 -1.360000
      vertex 4.910000 5.075000 -1.360000
      vertex 2.710000 5.075000 -1.360000
    endloop
  endfacet
  facet normal 0.000000 0.000000 1.000000
    outer loop
      vertex 4.910000 5.075000 -3.560000
      vertex 4.910000 6.625000 -3.560000
      vertex 2.710000 6.625000 -3.560000
    endloop
  endfacet
  facet normal 0.000000 0.000000 1.000000
    outer loop
      vertex 4.910000 5.075000 -3.560000
      vertex 2.710000 6.625000 -3.560000
      vertex 2.710000 5.075000 -3.560000
    endloop
  endfacet
  facet normal -1.000000 0.000000 0.000000
    outer loop
      vertex 4.910000 5.075000 -1.360000
      vertex 4.910000 6.625000 -1.360000
      vertex 4.910000 6.625000 -3.560000
    endloop
  endfacet
  facet normal -1.000000 0.000000 0.000000
    outer loop
      vertex 4.910000 5.075000 -1.360000
      vertex 4.910000 6.625000 -3.560000
      vertex 4.910000 5.075000 -3.560000
    endloop
  endfacet
  facet normal 1.000000 0.000000 0.000000
    outer loop
      vertex 2.710000 5.075000 -3.560000
      vertex 2.710000 6.625000 -3.560000
      vertex 2.710000 6.625000 -1.360000
    endloop
  endfacet
  facet normal 1.000000 0.000000 0.000000
    outer loop
      vertex 2.710000 5.075000 -3.560000
      vertex 2.710000 6.625000 -1.360000
      vertex 2.710000 5.075000 -1.360000
    endloop
  endfacet
  facet normal 0.000000 -1.000000 0.000000
    outer loop
      vertex 3.480000 10.600000 -2.790000
      vertex 4.140000 10.600000 -2.790000
      vertex 4.140000 10.600000 -2.130000
    endloop
  endfacet
  facet normal 0.000000 -1.000000 0.000000
    outer loop
      vertex 3.480000 10.600000 -2.790000
      vertex 4.140000 10.600000 -2.130000
      vertex 3.480000 10.600000 -2.130000
    endloop
  endfacet
  facet normal 0.000000 1.000000 0.000000
    outer loop
      vertex 3.480000 5.400000 -2.130000
      vertex 4.140000 5.400000 -2.130000
      vertex 4.140000 5.400000 -2.790000
    endloop
  endfacet
  facet normal 0.000000 1.000000 0.000000
    outer loop
      vertex 3.480000 5.400000 -2.130000
      vertex 4.140000 5.400000 -2.790000
      vertex 3.480000 5.400000 -2.790000
    endloop
  endfacet
  facet normal 0.000000 0.000000 -1.000000
    outer loop
      vertex 3.480000 10.600000 -2.130000
      vertex 4.140000 10.600000 -2.130000
      vertex 4.140000 5.400000 -2.130000
    endloop
  endfacet
  facet normal 0.000000 0.000000 -1.000000
    outer loop
      vertex 3.480000 10.600000 -2.130000
      vertex 4.140000 5.400000 -2.130000
      vertex 3.480000 5.400000 -2.130000
    endloop
  endfacet
  facet normal 0.000000 0.000000 1.000000
    outer loop
      vertex 4.140000 5.400000 -2.790000
      vertex 4.140000 10.600000 -2.790000
      vertex 3.480000 10.600000 -2.790000
    endloop
  endfacet
  facet normal 0.000000 0.000000 1.000000
    outer loop
      vertex 4.140000 5.400000 -2.790000
      vertex 3.480000 10.600000 -2.790000
      vertex 3.480000 5.400000 -2.790000
    endloop
  endfacet
  facet normal -1.000000 0.000000 0.000000
    outer loop
      vertex 4.140000 5.400000 -2.130000
      vertex 4.140000 10.600000 -2.130000
      vertex 4.140000 10.600000 -2.790000
    endloop
  endfacet
  facet normal -1.000000 0.000000 0.000000
    outer loop
      vertex 4.140000 5.400000 -2.130000
      vertex 4.140000 10.600000 -2.790000
      vertex 4.140000 5.400000 -2.790000
    endloop
  endfacet
  facet normal 1.000000 0.000000 0.000000
    outer loop
      vertex 3.480000 5.400000 -2.790000
      vertex 3.480000 10.600000 -2.790000
      vertex 3.480000 10.600000 -2.130000
    endloop
  endfacet
  facet normal 1.000000 0.000000 0.000000
    outer loop
      vertex 3.480000 5.400000 -2.790000
      vertex 3.480000 10.600000 -2.130000
      vertex 3.480000 5.400000 -2.130000
    endloop
  endfacet
  facet normal 0.000000 -1.000000 0.000000
    outer loop
      vertex -30.000000 0.600000 -5.000000
      vertex 30.000000 0.600000 -5.000000
      vertex 30.000000 0.600000 5.000000
    endloop
  endfacet
  facet normal 0.000000 -1.000000 0.000000
    outer loop
      vertex -30.000000 0.600000 -5.000000
      vertex 30.000000 0.600000 5.000000
      vertex -30.000000 0.600000 5.000000
    endloop
  endfacet
  facet normal 0.000000 1.000000 0.000000
    outer loop
      vertex -30.000000 0.000000 5.000000
      vertex 30.000000 0.000000 5.000000
      vertex 30.000000 0.000000 -5.000000
    endloop
  endfacet
  facet normal 0.000000 1.000000 0.000000
    outer loop
      vertex -30.000000 0.000000 5.000000
      vertex 30.000000 0.000000 -5.000000
      vertex -30.000000 0.000000 -5.000000
    endloop
  endfacet
  facet normal 0.000000 0.000000 -1.000000
    outer loop
      vertex -30.000000 0.600000 5.000000
      vertex 30.000000 0.600000 5.000000
      vertex 30.000000 0.000000 5.000000
    endloop
  endfacet
  facet normal 0.000000 0.000000 -1.000000
    outer loop
      vertex -30.000000 0.600000 5.000000
      vertex 30.000000 0.000000 5.000000
      vertex -30.000000 0.000000 5.000000
    endloop
  endfacet
  facet normal 0.000000 0.000000 1.000000
    outer loop
      vertex 30.000000 0.000000 -5.000000
      vertex 30.000000 0.600000 -5.000000
      vertex -30.000000 0.600000 -5.000000
    endloop
  endfacet
  facet normal 0.000000 0.000000 1.000000
    outer loop
      vertex 30.000000 0.000000 -5.000000
      vertex -30.000000 0.600000 -5.000000
      vertex -30.000000 0.000000 -5.000000
    endloop
  endfacet
  facet normal -1.000000 0.000000 0.000000
    outer loop
      vertex 30.000000 0.000000 5.000000
      vertex 30.000000 0.600000 5.000000
      vertex 30.000000 0.600000 -5.000000
    endloop
  endfacet
  facet normal -1.000000 0.000000 0.000000
    outer loop
      vertex 30.000000 0.000000 5.000000
      vertex 30.000000 0.600000 -5.000000
      vertex 30.000000 0.000000 -5.000000
    endloop
  endfacet
  facet normal 1.000000 0.000000 0.000000
    outer loop
      vertex -30.000000 0.000000 -5.000000
      vertex -30.000000 0.600000 -5.000000
      vertex -30.000000 0.600000 5.000000
    endloop
  endfacet
  facet normal 1.000000 0.000000 0.000000
    outer loop
      vertex -30.000000 0.000000 -5.000000
      vertex -30.000000 0.600000 5.000000
      vertex -30.000000 0.000000 5.000000
    endloop
  endfacet
  facet normal 0.000000 -1.000000 0.000000
    outer loop
      vertex -27.500000 0.840000 -1.500000
      vertex -22.500000 0.840000 -1.500000
      vertex -22.500000 0.840000 1.500000
    endloop
  endfacet
  facet normal 0.000000 -1.000000 0.000000
    outer loop
      vertex -27.500000 0.840000 -1.500000
      vertex -22.500000 0.840000 1.500000
      vertex -27.500000 0.840000 1.500000
    endloop
  endfacet
  facet normal 0.000000 1.000000 0.000000
    outer loop
      vertex -27.500000 0.660000 1.500000
      vertex -22.500000 0.660000 1.500000
      vertex -22.500000 0.660000 -1.500000
    endloop
  endfacet
  facet normal 0.000000 1.000000 0.000000
    outer loop
      vertex -27.500000 0.660000 1.500000
      vertex -22.500000 0.660000 -1.500000
      vertex -27.500000 0.660000 -1.500000
    endloop
  endfacet
  facet normal 0.000000 0.000000 -1.000000
    outer loop
      vertex -27.500000 0.840000 1.500000
      vertex -22.500000 0.840000 1.500000
      vertex -22.500000 0.660000 1.500000
    endloop
  endfacet
  facet normal 0.000000 0.000000 -1.000000
    outer loop
      vertex -27.500000 0.840000 1.500000
      vertex -22.500000 0.660000 1.500000
      vertex -27.500000 0.660000 1.500000
    endloop
  endfacet
  facet normal 0.000000 0.000000 1.000000
    outer loop
      vertex -22.500000 0.660000 -1.500000
      vertex -22.500000 0.840000 -1.500000
      vertex -27.500000 0.840000 -1.500000
    endloop
  endfacet
  facet normal 0.000000 0.000000 1.000000
    outer loop
      vertex -22.500000 0.660000 -1.500000
      vertex -27.500000 0.840000 -1.500000
      vertex -27.500000 0.660000 -1.500000
    endloop
  endfacet
  facet normal -1.000000 0.000000 0.000000
    outer loop
      vertex -22.500000 0.660000 1.500000
      vertex -22.500000 0.840000 1.500000
      vertex -22.500000 0.840000 -1.500000
    endloop
  endfacet
  facet normal -1.000000 0.000000 0.000000
    outer loop
      vertex -22.500000 0.660000 1.500000
      vertex -22.500000 0.840000 -1.500000
      vertex -22.500000 0.660000 -1.500000
    endloop
  endfacet
  facet normal 1.000000 0.000000 0.000000
    outer loop
      vertex -27.500000 0.660000 -1.500000
      vertex -27.500000 0.840000 -1.500000
      vertex -27.500000 0.840000 1.500000
    endloop
  endfacet
  facet normal 1.000000 0.000000 0.000000
    outer loop
      vertex -27.500000 0.660000 -1.500000
      vertex -27.500000 0.840000 1.500000
      vertex -27.500000 0.660000 1.500000
    endloop
  endfacet
  facet normal 0.000000 -1.000000 0.000000
    outer loop
      vertex 22.500000 0.840000 -1.500000
      vertex 27.500000 0.840000 -1.500000
      vertex 27.500000 0.840000 1.500000
    endloop
  endfacet
  facet normal 0.000000 -1.000000 0.000000
    outer loop
      vertex 22.500000 0.840000 -1.500000
      vertex 27.500000 0.840000 1.500000
      vertex 22.500000 0.840000 1.500000
    endloop
  endfacet
  facet normal 0.000000 1.000000 0.000000
    outer loop
      vertex 22.500000 0.660000 1.500000
      vertex 27.500000 0.660000 1.500000
      vertex 27.500000 0.660000 -1.500000
    endloop
  endfacet
  facet normal 0.000000 1.000000 0.000000
    outer loop
      vertex 22.500000 0.660000 1.500000
      vertex 27.500000 0.660000 -1.500000
      vertex 22.500000 0.660000 -1.500000
    endloop
  endfacet
  facet normal 0.000000 0.000000 -1.000000
    outer loop
      vertex 22.500000 0.840000 1.500000
      vertex 27.500000 0.840000 1.500000
      vertex 27.500000 0.660000 1.500000
    endloop
  endfacet
  facet normal 0.000000 0.000000 -1.000000
    outer loop
      vertex 22.500000 0.840000 1.500000
      vertex 27.500000 0.660000 1.500000
      vertex 22.500000 0.660000 1.500000
    endloop
  endfacet
  facet normal 0.000000 0.000000 1.000000
    outer loop
      vertex 27.500000 0.660000 -1.500000
      vertex 27.500000 0.840000 -1.500000
      vertex 22.500000 0.840000 -1.500000
    endloop
  endfacet
  facet normal 0.000000 0.000000 1.000000
    outer loop
      vertex 27.500000 0.660000 -1.500000
      vertex 22.500000 0.840000 -1.500000
      vertex 22.500000 0.660000 -1.500000
    endloop
  endfacet
  facet normal -1.000000 0.000000 0.000000
    outer loop
      vertex 27.500000 0.660000 1.500000
      vertex 27.500000 0.840000 1.500000
      vertex 27.500000 0.840000 -1.500000
    endloop
  endfacet
  facet normal -1.000000 0.000000 0.000000
    outer loop
      vertex 27.500000 0.660000 1.500000
      vertex 27.500000 0.840000 -1.500000
      vertex 27.500000 0.660000 -1.500000
    endloop
  endfacet
  facet normal 1.000000 0.000000 0.000000
    outer loop
      vertex 22.500000 0.660000 -1.500000
      vertex 22.500000 0.840000 -1.500000
      vertex 22.500000 0.840000 1.500000
    endloop
  endfacet
  facet normal 1.000000 0.000000 0.000000
    outer loop
      vertex 22.500000 0.660000 -1.500000
      vertex 22.500000 0.840000 1.500000
      vertex 22.500000 0.660000 1.500000
    endloop
  endfacet
  facet normal 0.000000 -1.000000 0.000000
    outer loop
      vertex -18.000000 2.212500 0.000000
      vertex -15.650000 2.212500 0.000000
      vertex -15.708919 2.212500 0.522924
    endloop
  endfacet
  facet normal 0.000000 1.000000 0.000000
    outer loop
      vertex -18.000000 -0.125000 0.000000
      vertex -15.708919 -0.125000 0.522924
      vertex -15.650000 -0.125000 0.000000
    endloop
  endfacet
  facet normal -0.993712 0.000000 -0.111964
    outer loop
      vertex -15.650000 -0.125000 0.000000
      vertex -15.708919 -0.125000 0.522924
      vertex -15.708919 2.212500 0.522924
    endloop
  endfacet
  facet normal -0.993712 0.000000 -0.111964
    outer loop
      vertex -15.650000 -0.125000 0.000000
      vertex -15.708919 2.212500 0.522924
      vertex -15.650000 2.212500 0.000000
    endloop
  endfacet
  facet normal 0.000000 -1.000000 0.000000
    outer loop
      vertex -18.000000 2.212500 0.000000
      vertex -15.708919 2.212500 0.522924
      vertex -15.882723 2.212500 1.019627
    endloop
  endfacet
  facet normal 0.000000 1.000000 0.000000
    outer loop
      vertex -18.000000 -0.125000 0.000000
      vertex -15.882723 -0.125000 1.019627
      vertex -15.708919 -0.125000 0.522924
    endloop
  endfacet
  facet normal -0.943883 0.000000 -0.330279
    outer loop
      vertex -15.708919 -0.125000 0.522924
      vertex -15.882723 -0.125000 1.019627
      vertex -15.882723 2.212500 1.019627
    endloop
  endfacet
  facet normal -0.943883 0.000000 -0.330279
    outer loop
      vertex -15.708919 -0.125000 0.522924
      vertex -15.882723 2.212500 1.019627
      vertex -15.708919 2.212500 0.522924
    endloop
  endfacet
  facet normal 0.000000 -1.000000 0.000000
    outer loop
      vertex -18.000000 2.212500 0.000000
      vertex -15.882723 2.212500 1.019627
      vertex -16.162696 2.212500 1.465201
    endloop
  endfacet
  facet normal 0.000000 1.000000 0.000000
    outer loop
      vertex -18.000000 -0.125000 0.000000
      vertex -16.162696 -0.125000 1.465201
      vertex -15.882723 -0.125000 1.019627
    endloop
  endfacet
  facet normal -0.846724 0.000000 -0.532032
    outer loop
      vertex -15.882723 -0.125000 1.019627
      vertex -16.162696 -0.125000 1.465201
      vertex -16.162696 2.212500 1.465201
    endloop
  endfacet
  facet normal -0.846724 0.000000 -0.532032
    outer loop
      vertex -15.882723 -0.125000 1.019627
      vertex -16.162696 2.212500 1.465201
      vertex -15.882723 2.212500 1.019627
    endloop
  endfacet
  facet normal 0.000000 -1.000000 0.000000
    outer loop
      vertex -18.000000 2.212500 0.000000
      vertex -16.162696 2.212500 1.465201
      vertex -16.534799 2.212500 1.837304
    endloop
  endfacet
  facet normal 0.000000 1.000000 0.000000
    outer loop
      vertex -18.000000 -0.125000 0.000000
      vertex -16.534799 -0.125000 1.837304
      vertex -16.162696 -0.125000 1.465201
    endloop
  endfacet
  facet normal -0.707107 0.000000 -0.707107
    outer loop
      vertex -16.162696 -0.125000 1.465201
      vertex -16.534799 -0.125000 1.837304
      vertex -16.534799 2.212500 1.837304
    endloop
  endfacet
  facet normal -0.707107 0.000000 -0.707107
    outer loop
      vertex -16.162696 -0.125000 1.465201
      vertex -16.534799 2.212500 1.837304
      vertex -16.162696 2.212500 1.465201
    endloop
  endfacet
  facet normal 0.000000 -1.000000 0.000000
    outer loop
      vertex -18.000000 2.212500 0.000000
      vertex -16.534799 2.212500 1.837304
      vertex -16.980373 2.212500 2.117277
    endloop
  endfacet
  facet normal 0.000000 1.000000 0.000000
    outer loop
      vertex -18.000000 -0.125000 0.000000
      vertex -16.980373 -0.125000 2.117277
      vertex -16.534799 -0.125000 1.837304
    endloop
  endfacet
  facet normal -0.532032 0.000000 -0.846724
    outer loop
      vertex -16.534799 -0.125000 1.837304
      vertex -16.980373 -0.125000 2.117277
      vertex -16.980373 2.212500 2.117277
    endloop
  endfacet
  facet normal -0.532032 0.000000 -0.846724
    outer loop
      vertex -16.534799 -0.125000 1.837304
      vertex -16.980373 2.212500 2.117277
      vertex -16.534799 2.212500 1.837304
    endloop
  endfacet
  facet normal 0.000000 -1.000000 0.000000
    outer loop
      vertex -18.000000 2.212500 0.000000
      vertex -16.980373 2.212500 2.117277
      vertex -17.477076 2.212500 2.291081
    endloop
  endfacet
  facet normal 0.000000 1.000000 0.000000
    outer loop
      vertex -18.000000 -0.125000 0.000000
      vertex -17.477076 -0.125000 2.291081
      vertex -16.980373 -0.125000 2.117277
    endloop
  endfacet
  facet normal -0.330279 0.000000 -0.943883
    outer loop
      vertex -16.980373 -0.125000 2.117277
      vertex -17.477076 -0.125000 2.291081
      vertex -17.477076 2.212500 2.291081
    endloop
  endfacet
  facet normal -0.330279 0.000000 -0.943883
    outer loop
      vertex -16.980373 -0.125000 2.117277
      vertex -17.477076 2.212500 2.291081
      vertex -16.980373 2.212500 2.117277
    endloop
  endfacet
  facet normal 0.000000 -1.000000 0.000000
    outer loop
      vertex -18.000000 2.212500 0.000000
      vertex -17.477076 2.212500 2.291081
      vertex -18.000000 2.212500 2.350000
    endloop
  endfacet
  facet normal 0.000000 1.000000 0.000000
    outer loop
      vertex -18.000000 -0.125000 0.000000
      vertex -18.000000 -0.125000 2.350000
      vertex -17.477076 -0.125000 2.291081
    endloop
  endfacet
  facet normal -0.111964 0.000000 -0.993712
    outer loop
      vertex -17.477076 -0.125000 2.291081
      vertex -18.000000 -0.125000 2.350000
      vertex -18.000000 2.212500 2.350000
    endloop
  endfacet
  facet normal -0.111964 0.000000 -0.993712
    outer loop
      vertex -17.477076 -0.125000 2.291081
      vertex -18.000000 2.212500 2.350000
      vertex -17.477076 2.212500 2.291081
    endloop
  endfacet
  facet normal 0.000000 -1.000000 0.000000
    outer loop
      vertex -18.000000 2.212500 0.000000
      vertex -18.000000 2.212500 2.350000
      vertex -18.522924 2.212500 2.291081
    endloop
  endfacet
  facet normal 0.000000 1.000000 0.000000
    outer loop
      vertex -18.000000 -0.125000 0.000000
      vertex -18.522924 -0.125000 2.291081
      vertex -18.000000 -0.125000 2.350000
    endloop
  endfacet
  facet normal 0.111964 0.000000 -0.993712
    outer loop
      vertex -18.000000 -0.125000 2.350000
      vertex -18.522924 -0.125000 2.291081
      vertex -18.522924 2.212500 2.291081
    endloop
  endfacet
  facet normal 0.111964 0.000000 -0.993712
    outer loop
      vertex -18.000000 -0.125000 2.350000
      vertex -18.522924 2.212500 2.291081
      vertex -18.000000 2.212500 2.350000
    endloop
  endfacet
  facet normal 0.000000 -1.000000 0.000000
    outer loop
      vertex -18.000000 2.212500 0.000000
      vertex -18.522924 2.212500 2.291081
      vertex -19.019627 2.212500 2.117277
    endloop
  endfacet
  facet normal 0.000000 1.000000 0.000000
    outer loop
      vertex -18.000000 -0.125000 0.000000
      vertex -19.019627 -0.125000 2.117277
      vertex -18.522924 -0.125000 2.291081
    endloop
  endfacet
  facet normal 0.330279 0.000000 -0.943883
    outer loop
      vertex -18.522924 -0.125000 2.291081
      vertex -19.019627 -0.125000 2.117277
      vertex -19.019627 2.212500 2.117277
    endloop
  endfacet
  facet normal 0.330279 0.000000 -0.943883
    outer loop
      vertex -18.522924 -0.125000 2.291081
      vertex -19.019627 2.212500 2.117277
      vertex -18.522924 2.212500 2.291081
    endloop
  endfacet
  facet normal 0.000000 -1.000000 0.000000
    outer loop
      vertex -18.000000 2.212500 0.000000
      vertex -19.019627 2.212500 2.117277
      vertex -19.465201 2.212500 1.837304
    endloop
  endfacet
  facet normal 0.000000 1.000000 0.000000
    outer loop
      vertex -18.000000 -0.125000 0.000000
      vertex -19.465201 -0.125000 1.837304
      vertex -19.019627 -0.125000 2.117277
    endloop
  endfacet
  facet normal 0.532032 0.000000 -0.846724
    outer loop
      vertex -19.019627 -0.125000 2.117277
      vertex -19.465201 -0.125000 1.837304
      vertex -19.465201 2.212500 1.837304
    endloop
  endfacet
  facet normal 0.532032 0.000000 -0.846724
    outer loop
      vertex -19.019627 -0.125000 2.117277
      vertex -19.465201 2.212500 1.837304
      vertex -19.019627 2.212500 2.117277
    endloop
  endfacet
  facet normal 0.000000 -1.000000 0.000000
    outer loop
      vertex -18.000000 2.212500 0.000000
      vertex -19.465201 2.212500 1.837304
      vertex -19.837304 2.212500 1.465201
    endloop
  endfacet
  facet normal 0.000000 1.000000 0.000000
    outer loop
      vertex -18.000000 -0.125000 0.000000
      vertex -19.837304 -0.125000 1.465201
      vertex -19.465201 -0.125000 1.837304
    endloop
  endfacet
  facet normal 0.707107 0.000000 -0.707107
    outer loop
      vertex -19.465201 -0.125000 1.837304
      vertex -19.837304 -0.125000 1.465201
      vertex -19.837304 2.212500 1.465201
    endloop
  endfacet
  facet normal 0.707107 0.000000 -0.707107
    outer loop
      vertex -19.465201 -0.125000 1.837304
      vertex -19.837304 2.212500 1.465201
      vertex -19.465201 2.212500 1.837304
    endloop
  endfacet
  facet normal 0.000000 -1.000000 0.000000
    outer loop
      vertex -18.000000 2.212500 0.000000
      vertex -19.837304 2.212500 1.465201
      vertex -20.117277 2.212500 1.019627
    endloop
  endfacet
  facet normal 0.000000 1.000000 0.000000
    outer loop
      vertex -18.000000 -0.125000 0.000000
      vertex -20.117277 -0.125000 1.019627
      vertex -19.837304 -0.125000 1.465201
    endloop
  endfacet
  facet normal 0.846724 0.000000 -0.532032
    outer loop
      vertex -19.837304 -0.125000 1.465201
      vertex -20.117277 -0.125000 1.019627
      vertex -20.117277 2.212500 1.019627
    endloop
  endfacet
  facet normal 0.846724 0.000000 -0.532032
    outer loop
      vertex -19.837304 -0.125000 1.465201
      vertex -20.117277 2.212500 1.019627
      vertex -19.837304 2.212500 1.465201
    endloop
  endfacet
  facet normal 0.000000 -1.000000 0.000000
    outer loop
      vertex -18.000000 2.212500 0.000000
      vertex -20.117277 2.212500 1.019627
      vertex -20.291081 2.212500 0.522924
    endloop
  endfacet
  facet normal 0.000000 1.000000 0.000000
    outer loop
      vertex -18.000000 -0.125000 0.000000
      vertex -20.291081 -0.125000 0.522924
      vertex -20.117277 -0.125000 1.019627
    endloop
  endfacet
  facet normal 0.943883 0.000000 -0.330279
    outer loop
      vertex -20.117277 -0.125000 1.019627
      vertex -20.291081 -0.125000 0.522924
      vertex -20.291081 2.212500 0.522924
    endloop
  endfacet
  facet normal 0.943883 0.000000 -0.330279
    outer loop
      vertex -20.117277 -0.125000 1.019627
      vertex -20.291081 2.212500 0.522924
      vertex -20.117277 2.212500 1.019627
    endloop
  endfacet
  facet normal 0.000000 -1.000000 0.000000
    outer loop
      vertex -18.000000 2.212500 0.000000
      vertex -20.291081 2.212500 0.522924
      vertex -20.350000 2.212500 0.000000
    endloop
  endfacet
  facet normal 0.000000 1.000000 0.000000
    outer loop
      vertex -18.000000 -0.125000 0.000000
      vertex -20.350000 -0.125000 0.000000
      vertex -20.291081 -0.125000 0.522924
    endloop
  endfacet
  facet normal 0.993712 0.000000 -0.111964
    outer loop
      vertex -20.291081 -0.125000 0.522924
      vertex -20.350000 -0.125000 0.000000
      vertex -20.350000 2.212500 0.000000
    endloop
  endfacet
  facet normal 0.993712 0.000000 -0.111964
    outer loop
      vertex -20.291081 -0.125000 0.522924
      vertex -20.350000 2.212500 0.000000
      vertex -20.291081 2.212500 0.522924
    endloop
  endfacet
  facet normal 0.000000 -1.000000 0.000000
    outer loop
      vertex -18.000000 2.212500 0.000000
      vertex -20.350000 2.212500 0.000000
      vertex -20.291081 2.212500 -0.522924
    endloop
  endfacet
  facet normal 0.000000 1.000000 0.000000
    outer loop
      vertex -18.000000 -0.125000 0.000000
      vertex -20.291081 -0.125000 -0.522924
      vertex -20.350000 -0.125000 0.000000
    endloop
  endfacet
  facet normal 0.993712 0.000000 0.111964
    outer loop
      vertex -20.350000 -0.125000 0.000000
      vertex -20.291081 -0.125000 -0.522924
      vertex -20.291081 2.212500 -0.522924
    endloop
  endfacet
  facet normal 0.993712 0.000000 0.111964
    outer loop
      vertex -20.350000 -0.125000 0.000000
      vertex -20.291081 2.212500 -0.522924
      vertex -20.350000 2.212500 0.000000
    endloop
  endfacet
  facet normal 0.000000 -1.000000 0.000000
    outer loop
      vertex -18.000000 2.212500 0.000000
      vertex -20.291081 2.212500 -0.522924
      vertex -20.117277 2.212500 -1.019627
    endloop
  endfacet
  facet normal 0.000000 1.000000 0.000000
    outer loop
      vertex -18.000000 -0.125000 0.000000
      vertex -20.117277 -0.125000 -1.019627
      vertex -20.291081 -0.125000 -0.522924
    endloop
  endfacet
  facet normal 0.943883 0.000000 0.330279
    outer loop
      vertex -20.291081 -0.125000 -0.522924
      vertex -20.117277 -0.125000 -1.019627
      vertex -20.117277 2.212500 -1.019627
    endloop
  endfacet
  facet normal 0.943883 0.000000 0.330279
    outer loop
      vertex -20.291081 -0.125000 -0.522924
      vertex -20.117277 2.212500 -1.019627
      vertex -20.291081 2.212500 -0.522924
    endloop
  endfacet
  facet normal 0.000000 -1.000000 0.000000
    outer loop
      vertex -18.000000 2.212500 0.000000
      vertex -20.117277 2.212500 -1.019627
      vertex -19.837304 2.212500 -1.465201
    endloop
  endfacet
  facet normal 0.000000 1.000000 0.000000
    outer loop
      vertex -18.000000 -0.125000 0.000000
      vertex -19.837304 -0.125000 -1.465201
      vertex -20.117277 -0.125000 -1.019627
    endloop
  endfacet
  facet normal 0.846724 0.000000 0.532032
    outer loop
      vertex -20.117277 -0.125000 -1.019627
      vertex -19.837304 -0.125000 -1.465201
      vertex -19.837304 2.212500 -1.465201
    endloop
  endfacet
  facet normal 0.846724 0.000000 0.532032
    outer loop
      vertex -20.117277 -0.125000 -1.019627
      vertex -19.837304 2.212500 -1.465201
      vertex -20.117277 2.212500 -1.019627
    endloop
  endfacet
  facet normal 0.000000 -1.000000 0.000000
    outer loop
      vertex -18.000000 2.212500 0.000000
      vertex -19.837304 2.212500 -1.465201
      vertex -19.465201 2.212500 -1.837304
    endloop
  endfacet
  facet normal 0.000000 1.000000 0.000000
    outer loop
      vertex -18.000000 -0.125000 0.000000
      vertex -19.465201 -0.125000 -1.837304
      vertex -19.837304 -0.125000 -1.465201
    endloop
  endfacet
  facet normal 0.707107 0.000000 0.707107
    outer loop
      vertex -19.837304 -0.125000 -1.465201
      vertex -19.465201 -0.125000 -1.837304
      vertex -19.465201 2.212500 -1.837304
    endloop
  endfacet
  facet normal 0.707107 0.000000 0.707107
    outer loop
      vertex -19.837304 -0.125000 -1.465201
      vertex -19.465201 2.212500 -1.837304
      vertex -19.837304 2.212500 -1.465201
    endloop
  endfacet
  facet normal 0.000000 -1.000000 0.000000
    outer loop
      vertex -18.000000 2.212500 0.000000
      vertex -19.465201 2.212500 -1.837304
      vertex -19.019627 2.212500 -2.117277
    endloop
  endfacet
  facet normal 0.000000 1.000000 0.000000
    outer loop
      vertex -18.000000 -0.125000 0.000000
      vertex -19.019627 -0.125000 -2.117277
      vertex -19.465201 -0.125000 -1.837304
    endloop
  endfacet
  facet normal 0.532032 0.000000 0.846724
    outer loop
      vertex -19.465201 -0.125000 -1.837304
      vertex -19.019627 -0.125000 -2.117277
      vertex -19.019627 2.212500 -2.117277
    endloop
  endfacet
  facet normal 0.532032 0.000000 0.846724
    outer loop
      vertex -19.465201 -0.125000 -1.837304
      vertex -19.019627 2.212500 -2.117277
      vertex -19.465201 2.212500 -1.837304
    endloop
  endfacet
  facet normal 0.000000 -1.000000 0.000000
    outer loop
      vertex -18.000000 2.212500 0.000000
      vertex -19.019627 2.212500 -2.117277
      vertex -18.522924 2.212500 -2.291081
    endloop
  endfacet
  facet normal 0.000000 1.000000 0.000000
    outer loop
      vertex -18.000000 -0.125000 0.000000
      vertex -18.522924 -0.125000 -2.291081
      vertex -19.019627 -0.125000 -2.117277
    endloop
  endfacet
  facet normal 0.330279 0.000000 0.943883
    outer loop
      vertex -19.019627 -0.125000 -2.117277
      vertex -18.522924 -0.125000 -2.291081
      vertex -18.522924 2.212500 -2.291081
    endloop
  endfacet
  facet normal 0.330279 0.000000 0.943883
    outer loop
      vertex -19.019627 -0.125000 -2.117277
      vertex -18.522924 2.212500 -2.291081
      vertex -19.019627 2.212500 -2.117277
    endloop
  endfacet
  facet normal 0.000000 -1.000000 0.000000
    outer loop
      vertex -18.000000 2.212500 0.000000
      vertex -18.522924 2.212500 -2.291081
      vertex -18.000000 2.212500 -2.350000
    endloop
  endfacet
  facet normal 0.000000 1.000000 0.000000
    outer loop
      vertex -18.000000 -0.125000 0.000000
      vertex -18.000000 -0.125000 -2.350000
      vertex -18.522924 -0.125000 -2.291081
    endloop
  endfacet
  facet normal 0.111964 0.000000 0.993712
    outer loop
      vertex -18.522924 -0.125000 -2.291081
      vertex -18.000000 -0.125000 -2.350000
      vertex -18.000000 2.212500 -2.350000
    endloop
  endfacet
  facet normal 0.111964 0.000000 0.993712
    outer loop
      vertex -18.522924 -0.125000 -2.291081
      vertex -18.000000 2.212500 -2.350000
      vertex -18.522924 2.212500 -2.291081
    endloop
  endfacet
  facet normal 0.000000 -1.000000 0.000000
    outer loop
      vertex -18.000000 2.212500 0.000000
      vertex -18.000000 2.212500 -2.350000
      vertex -17.477076 2.212500 -2.291081
    endloop
  endfacet
  facet normal 0.000000 1.000000 0.000000
    outer loop
      vertex -18.000000 -0.125000 0.000000
      vertex -17.477076 -0.125000 -2.291081
      vertex -18.000000 -0.125000 -2.350000
    endloop
  endfacet
  facet normal -0.111964 0.000000 0.993712
    outer loop
      vertex -18.000000 -0.125000 -2.350000
      vertex -17.477076 -0.125000 -2.291081
      vertex -17.477076 2.212500 -2.291081
    endloop
  endfacet
  facet normal -0.111964 0.000000 0.993712
    outer loop
      vertex -18.000000 -0.125000 -2.350000
      vertex -17.477076 2.212500 -2.291081
      vertex -18.000000 2.212500 -2.350000
    endloop
  endfacet
  facet normal 0.000000 -1.000000 0.000000
    outer loop
      vertex -18.000000 2.212500 0.000000
      vertex -17.477076 2.212500 -2.291081
      vertex -16.980373 2.212500 -2.117277
    endloop
  endfacet
  facet normal 0.000000 1.000000 0.000000
    outer loop
      vertex -18.000000 -0.125000 0.000000
      vertex -16.980373 -0.125000 -2.117277
      vertex -17.477076 -0.125000 -2.291081
    endloop
  endfacet
  facet normal -0.330279 0.000000 0.943883
    outer loop
      vertex -17.477076 -0.125000 -2.291081
      vertex -16.980373 -0.125000 -2.117277
      vertex -16.980373 2.212500 -2.117277
    endloop
  endfacet
  facet normal -0.330279 0.000000 0.943883
    outer loop
      vertex -17.477076 -0.125000 -2.291081
      vertex -16.980373 2.212500 -2.117277
      vertex -17.477076 2.212500 -2.291081
    endloop
  endfacet
  facet normal 0.000000 -1.000000 0.000000
    outer loop
      vertex -18.000000 2.212500 0.000000
      vertex -16.980373 2.212500 -2.117277
      vertex -16.534799 2.212500 -1.837304
    endloop
  endfacet
  facet normal 0.000000 1.000000 0.000000
    outer loop
      vertex -18.000000 -0.125000 0.000000
      vertex -16.534799 -0.125000 -1.837304
      vertex -16.980373 -0.125000 -2.117277
    endloop
  endfacet
  facet normal -0.532032 0.000000 0.846724
    outer loop
      vertex -16.980373 -0.125000 -2.117277
      vertex -16.534799 -0.125000 -1.837304
      vertex -16.534799 2.212500 -1.837304
    endloop
  endfacet
  facet normal -0.532032 0.000000 0.846724
    outer loop
      vertex -16.980373 -0.125000 -2.117277
      vertex -16.534799 2.212500 -1.837304
      vertex -16.980373 2.212500 -2.117277
    endloop
  endfacet
  facet normal 0.000000 -1.000000 0.000000
    outer loop
      vertex -18.000000 2.212500 0.000000
      vertex -16.534799 2.212500 -1.837304
      vertex -16.162696 2.212500 -1.465201
    endloop
  endfacet
  facet normal 0.000000 1.000000 0.000000
    outer loop
      vertex -18.000000 -0.125000 0.000000
      vertex -16.162696 -0.125000 -1.465201
      vertex -16.534799 -0.125000 -1.837304
    endloop
  endfacet
  facet normal -0.707107 0.000000 0.707107
    outer loop
      vertex -16.534799 -0.125000 -1.837304
      vertex -16.162696 -0.125000 -1.465201
      vertex -16.162696 2.212500 -1.465201
    endloop
  endfacet
  facet normal -0.707107 0.000000 0.707107
    outer loop
      vertex -16.534799 -0.125000 -1.837304
      vertex -16.162696 2.212500 -1.465201
      vertex -16.534799 2.212500 -1.837304
    endloop
  endfacet
  facet normal 0.000000 -1.000000 0.000000
    outer loop
      vertex -18.000000 2.212500 0.000000
      vertex -16.162696 2.212500 -1.465201
      vertex -15.882723 2.212500 -1.019627
    endloop
  endfacet
  facet normal 0.000000 1.000000 0.000000
    outer loop
      vertex -18.000000 -0.125000 0.000000
      vertex -15.882723 -0.125000 -1.019627
      vertex -16.162696 -0.125000 -1.465201
    endloop
  endfacet
  facet normal -0.846724 0.000000 0.532032
    outer loop
      vertex -16.162696 -0.125000 -1.465201
      vertex -15.882723 -0.125000 -1.019627
      vertex -15.882723 2.212500 -1.019627
    endloop
  endfacet
  facet normal -0.846724 0.000000 0.532032
    outer loop
      vertex -16.162696 -0.125000 -1.465201
      vertex -15.882723 2.212500 -1.019627
      vertex -16.162696 2.212500 -1.465201
    endloop
  endfacet
  facet normal 0.000000 -1.000000 0.000000
    outer loop
      vertex -18.000000 2.212500 0.000000
      vertex -15.882723 2.212500 -1.019627
      vertex -15.708919 2.212500 -0.522924
    endloop
  endfacet
  facet normal 0.000000 1.000000 0.000000
    outer loop
      vertex -18.000000 -0.125000 0.000000
      vertex -15.708919 -0.125000 -0.522924
      vertex -15.882723 -0.125000 -1.019627
    endloop
  endfacet
  facet normal -0.943883 0.000000 0.330279
    outer loop
      vertex -15.882723 -0.125000 -1.019627
      vertex -15.708919 -0.125000 -0.522924
      vertex -15.708919 2.212500 -0.522924
    endloop
  endfacet
  facet normal -0.943883 0.000000 0.330279
    outer loop
      vertex -15.882723 -0.125000 -1.019627
      vertex -15.708919 2.212500 -0.522924
      vertex -15.882723 2.212500 -1.019627
    endloop
  endfacet
  facet normal 0.000000 -1.000000 0.000000
    outer loop
      vertex -18.000000 2.212500 0.000000
      vertex -15.708919 2.212500 -0.522924
      vertex -15.650000 2.212500 0.000000
    endloop
  endfacet
  facet normal 0.000000 1.000000 0.000000
    outer loop
      vertex -18.000000 -0.125000 0.000000
      vertex -15.650000 -0.125000 0.000000
      vertex -15.708919 -0.125000 -0.522924
    endloop
  endfacet
  facet normal -0.993712 0.000000 0.111964
    outer loop
      vertex -15.708919 -0.125000 -0.522924
      vertex -15.650000 -0.125000 0.000000
      vertex -15.650000 2.212500 0.000000
    endloop
  endfacet
  facet normal -0.993712 0.000000 0.111964
    outer loop
      vertex -15.708919 -0.125000 -0.522924
      vertex -15.650000 2.212500 0.000000
      vertex -15.708919 2.212500 -0.522924
    endloop
  endfacet
  facet normal -0.098011 -0.995124 -0.011043
    outer loop
      vertex -18.000000 4.125000 0.000000
      vertex -17.626890 4.088252 0.000000
      vertex -17.636244 4.088252 0.083025
    endloop
  endfacet
  facet normal -0.093096 -0.995124 -0.032576
    outer loop
      vertex -18.000000 4.125000 0.000000
      vertex -17.636244 4.088252 0.083025
      vertex -17.663839 4.088252 0.161886
    endloop
  endfacet
  facet normal -0.083514 -0.995124 -0.052475
    outer loop
      vertex -18.000000 4.125000 0.000000
      vertex -17.663839 4.088252 0.161886
      vertex -17.708291 4.088252 0.232630
    endloop
  endfacet
  facet normal -0.069743 -0.995124 -0.069743
    outer loop
      vertex -18.000000 4.125000 0.000000
      vertex -17.708291 4.088252 0.232630
      vertex -17.767370 4.088252 0.291709
    endloop
  endfacet
  facet normal -0.052475 -0.995124 -0.083514
    outer loop
      vertex -18.000000 4.125000 0.000000
      vertex -17.767370 4.088252 0.291709
      vertex -17.838114 4.088252 0.336161
    endloop
  endfacet
  facet normal -0.032576 -0.995124 -0.093096
    outer loop
      vertex -18.000000 4.125000 0.000000
      vertex -17.838114 4.088252 0.336161
      vertex -17.916975 4.088252 0.363756
    endloop
  endfacet
  facet normal -0.011043 -0.995124 -0.098011
    outer loop
      vertex -18.000000 4.125000 0.000000
      vertex -17.916975 4.088252 0.363756
      vertex -18.000000 4.088252 0.373110
    endloop
  endfacet
  facet normal 0.011043 -0.995124 -0.098011
    outer loop
      vertex -18.000000 4.125000 0.000000
      vertex -18.000000 4.088252 0.373110
      vertex -18.083025 4.088252 0.363756
    endloop
  endfacet
  facet normal 0.032576 -0.995124 -0.093096
    outer loop
      vertex -18.000000 4.125000 0.000000
      vertex -18.083025 4.088252 0.363756
      vertex -18.161886 4.088252 0.336161
    endloop
  endfacet
  facet normal 0.052475 -0.995124 -0.083514
    outer loop
      vertex -18.000000 4.125000 0.000000
      vertex -18.161886 4.088252 0.336161
      vertex -18.232630 4.088252 0.291709
    endloop
  endfacet
  facet normal 0.069743 -0.995124 -0.069743
    outer loop
      vertex -18.000000 4.125000 0.000000
      vertex -18.232630 4.088252 0.291709
      vertex -18.291709 4.088252 0.232630
    endloop
  endfacet
  facet normal 0.083514 -0.995124 -0.052475
    outer loop
      vertex -18.000000 4.125000 0.000000
      vertex -18.291709 4.088252 0.232630
      vertex -18.336161 4.088252 0.161886
    endloop
  endfacet
  facet normal 0.093096 -0.995124 -0.032576
    outer loop
      vertex -18.000000 4.125000 0.000000
      vertex -18.336161 4.088252 0.161886
      vertex -18.363756 4.088252 0.083025
    endloop
  endfacet
  facet normal 0.098011 -0.995124 -0.011043
    outer loop
      vertex -18.000000 4.125000 0.000000
      vertex -18.363756 4.088252 0.083025
      vertex -18.373110 4.088252 0.000000
    endloop
  endfacet
  facet normal 0.098011 -0.995124 0.011043
    outer loop
      vertex -18.000000 4.125000 0.000000
      vertex -18.373110 4.088252 0.000000
      vertex -18.363756 4.088252 -0.083025
    endloop
  endfacet
  facet normal 0.093096 -0.995124 0.032576
    outer loop
      vertex -18.000000 4.125000 0.000000
      vertex -18.363756 4.088252 -0.083025
      vertex -18.336161 4.088252 -0.161886
    endloop
  endfacet
  facet normal 0.083514 -0.995124 0.052475
    outer loop
      vertex -18.000000 4.125000 0.000000
      vertex -18.336161 4.088252 -0.161886
      vertex -18.291709 4.088252 -0.232630
    endloop
  endfacet
  facet normal 0.069743 -0.995124 0.069743
    outer loop
      vertex -18.000000 4.125000 0.000000
      vertex -18.291709 4.088252 -0.232630
      vertex -18.232630 4.088252 -0.291709
    endloop
  endfacet
  facet normal 0.052475 -0.995124 0.083514
    outer loop
      vertex -18.000000 4.125000 0.000000
      vertex -18.232630 4.088252 -0.291709
      vertex -18.161886 4.088252 -0.336161
    endloop
  endfacet
  facet normal 0.032576 -0.995124 0.093096
    outer loop
      vertex -18.000000 4.125000 0.000000
      vertex -18.161886 4.088252 -0.336161
      vertex -18.083025 4.088252 -0.363756
    endloop
  endfacet
  facet normal 0.011043 -0.995124 0.098011
    outer loop
      vertex -18.000000 4.125000 0.000000
      vertex -18.083025 4.088252 -0.363756
      vertex -18.000000 4.088252 -0.373110
    endloop
  endfacet
  facet normal -0.011043 -0.995124 0.098011
    outer loop
      vertex -18.000000 4.125000 0.000000
      vertex -18.000000 4.088252 -0.373110
      vertex -17.916975 4.088252 -0.363756
    endloop
  endfacet
  facet normal -0.032576 -0.995124 0.093096
    outer loop
      vertex -18.000000 4.125000 0.000000
      vertex -17.916975 4.088252 -0.363756
      vertex -17.838114 4.088252 -0.336161
    endloop
  endfacet
  facet normal -0.052475 -0.995124 0.083514
    outer loop
      vertex -18.000000 4.125000 0.000000
      vertex -17.838114 4.088252 -0.336161
      vertex -17.767370 4.088252 -0.291709
    endloop
  endfacet
  facet normal -0.069743 -0.995124 0.069743
    outer loop
      vertex -18.000000 4.125000 0.000000
      vertex -17.767370 4.088252 -0.291709
      vertex -17.708291 4.088252 -0.232630
    endloop
  endfacet
  facet normal -0.083514 -0.995124 0.052475
    outer loop
      vertex -18.000000 4.125000 0.000000
      vertex -17.708291 4.088252 -0.232630
      vertex -17.663839 4.088252 -0.161886
    endloop
  endfacet
  facet normal -0.093096 -0.995124 0.032576
    outer loop
      vertex -18.000000 4.125000 0.000000
      vertex -17.663839 4.088252 -0.161886
      vertex -17.636244 4.088252 -0.083025
    endloop
  endfacet
  facet normal -0.098011 -0.995124 0.011043
    outer loop
      vertex -18.000000 4.125000 0.000000
      vertex -17.636244 4.088252 -0.083025
      vertex -17.626890 4.088252 0.000000
    endloop
  endfacet
  facet normal -0.290130 -0.956429 -0.032690
    outer loop
      vertex -17.626890 4.088252 0.000000
      vertex -17.268118 3.979420 0.000000
      vertex -17.286468 3.979420 0.162859
    endloop
  endfacet
  facet normal -0.290130 -0.956429 -0.032690
    outer loop
      vertex -17.626890 4.088252 0.000000
      vertex -17.286468 3.979420 0.162859
      vertex -17.636244 4.088252 0.083025
    endloop
  endfacet
  facet normal -0.275581 -0.956429 -0.096430
    outer loop
      vertex -17.636244 4.088252 0.083025
      vertex -17.286468 3.979420 0.162859
      vertex -17.340597 3.979420 0.317552
    endloop
  endfacet
  facet normal -0.275581 -0.956429 -0.096430
    outer loop
      vertex -17.636244 4.088252 0.083025
      vertex -17.340597 3.979420 0.317552
      vertex -17.663839 4.088252 0.161886
    endloop
  endfacet
  facet normal -0.247214 -0.956429 -0.155335
    outer loop
      vertex -17.663839 4.088252 0.161886
      vertex -17.340597 3.979420 0.317552
      vertex -17.427792 3.979420 0.456321
    endloop
  endfacet
  facet normal -0.247214 -0.956429 -0.155335
    outer loop
      vertex -17.663839 4.088252 0.161886
      vertex -17.427792 3.979420 0.456321
      vertex -17.708291 4.088252 0.232630
    endloop
  endfacet
  facet normal -0.206451 -0.956429 -0.206451
    outer loop
      vertex -17.708291 4.088252 0.232630
      vertex -17.427792 3.979420 0.456321
      vertex -17.543679 3.979420 0.572208
    endloop
  endfacet
  facet normal -0.206451 -0.956429 -0.206451
    outer loop
      vertex -17.708291 4.088252 0.232630
      vertex -17.543679 3.979420 0.572208
      vertex -17.767370 4.088252 0.291709
    endloop
  endfacet
  facet normal -0.155335 -0.956429 -0.247214
    outer loop
      vertex -17.767370 4.088252 0.291709
      vertex -17.543679 3.979420 0.572208
      vertex -17.682448 3.979420 0.659403
    endloop
  endfacet
  facet normal -0.155335 -0.956429 -0.247214
    outer loop
      vertex -17.767370 4.088252 0.291709
      vertex -17.682448 3.979420 0.659403
      vertex -17.838114 4.088252 0.336161
    endloop
  endfacet
  facet normal -0.096430 -0.956429 -0.275581
    outer loop
      vertex -17.838114 4.088252 0.336161
      vertex -17.682448 3.979420 0.659403
      vertex -17.837141 3.979420 0.713532
    endloop
  endfacet
  facet normal -0.096430 -0.956429 -0.275581
    outer loop
      vertex -17.838114 4.088252 0.336161
      vertex -17.837141 3.979420 0.713532
      vertex -17.916975 4.088252 0.363756
    endloop
  endfacet
  facet normal -0.032690 -0.956429 -0.290130
    outer loop
      vertex -17.916975 4.088252 0.363756
      vertex -17.837141 3.979420 0.713532
      vertex -18.000000 3.979420 0.731882
    endloop
  endfacet
  facet normal -0.032690 -0.956429 -0.290130
    outer loop
      vertex -17.916975 4.088252 0.363756
      vertex -18.000000 3.979420 0.731882
      vertex -18.000000 4.088252 0.373110
    endloop
  endfacet
  facet normal 0.032690 -0.956429 -0.290130
    outer loop
      vertex -18.000000 4.088252 0.373110
      vertex -18.000000 3.979420 0.731882
      vertex -18.162859 3.979420 0.713532
    endloop
  endfacet
  facet normal 0.032690 -0.956429 -0.290130
    outer loop
      vertex -18.000000 4.088252 0.373110
      vertex -18.162859 3.979420 0.713532
      vertex -18.083025 4.088252 0.363756
    endloop
  endfacet
  facet normal 0.096430 -0.956429 -0.275581
    outer loop
      vertex -18.083025 4.088252 0.363756
      vertex -18.162859 3.979420 0.713532
      vertex -18.317552 3.979420 0.659403
    endloop
  endfacet
  facet normal 0.096430 -0.956429 -0.275581
    outer loop
      vertex -18.083025 4.088252 0.363756
      vertex -18.317552 3.979420 0.659403
      vertex -18.161886 4.088252 0.336161
    endloop
  endfacet
  facet normal 0.155335 -0.956429 -0.247214
    outer loop
      vertex -18.161886 4.088252 0.336161
      vertex -18.317552 3.979420 0.659403
      vertex -18.456321 3.979420 0.572208
    endloop
  endfacet
  facet normal 0.155335 -0.956429 -0.247214
    outer loop
      vertex -18.161886 4.088252 0.336161
      vertex -18.456321 3.979420 0.572208
      vertex -18.232630 4.088252 0.291709
    endloop
  endfacet
  facet normal 0.206451 -0.956429 -0.206451
    outer loop
      vertex -18.232630 4.088252 0.291709
      vertex -18.456321 3.979420 0.572208
      vertex -18.572208 3.979420 0.456321
    endloop
  endfacet
  facet normal 0.206451 -0.956429 -0.206451
    outer loop
      vertex -18.232630 4.088252 0.291709
      vertex -18.572208 3.979420 0.456321
      vertex -18.291709 4.088252 0.232630
    endloop
  endfacet
  facet normal 0.247214 -0.956429 -0.155335
    outer loop
      vertex -18.291709 4.088252 0.232630
      vertex -18.572208 3.979420 0.456321
      vertex -18.659403 3.979420 0.317552
    endloop
  endfacet
  facet normal 0.247214 -0.956429 -0.155335
    outer loop
      vertex -18.291709 4.088252 0.232630
      vertex -18.659403 3.979420 0.317552
      vertex -18.336161 4.088252 0.161886
    endloop
  endfacet
  facet normal 0.275581 -0.956429 -0.096430
    outer loop
      vertex -18.336161 4.088252 0.161886
      vertex -18.659403 3.979420 0.317552
      vertex -18.713532 3.979420 0.162859
    endloop
  endfacet
  facet normal 0.275581 -0.956429 -0.096430
    outer loop
      vertex -18.336161 4.088252 0.161886
      vertex -18.713532 3.979420 0.162859
      vertex -18.363756 4.088252 0.083025
    endloop
  endfacet
  facet normal 0.290130 -0.956429 -0.032690
    outer loop
      vertex -18.363756 4.088252 0.083025
      vertex -18.713532 3.979420 0.162859
      vertex -18.731882 3.979420 0.000000
    endloop
  endfacet
  facet normal 0.290130 -0.956429 -0.032690
    outer loop
      vertex -18.363756 4.088252 0.083025
      vertex -18.731882 3.979420 0.000000
      vertex -18.373110 4.088252 0.000000
    endloop
  endfacet
  facet normal 0.290130 -0.956429 0.032690
    outer loop
      vertex -18.373110 4.088252 0.000000
      vertex -18.731882 3.979420 0.000000
      vertex -18.713532 3.979420 -0.162859
    endloop
  endfacet
  facet normal 0.290130 -0.956429 0.032690
    outer loop
      vertex -18.373110 4.088252 0.000000
      vertex -18.713532 3.979420 -0.162859
      vertex -18.363756 4.088252 -0.083025
    endloop
  endfacet
  facet normal 0.275581 -0.956429 0.096430
    outer loop
      vertex -18.363756 4.088252 -0.083025
      vertex -18.713532 3.979420 -0.162859
      vertex -18.659403 3.979420 -0.317552
    endloop
  endfacet
  facet normal 0.275581 -0.956429 0.096430
    outer loop
      vertex -18.363756 4.088252 -0.083025
      vertex -18.659403 3.979420 -0.317552
      vertex -18.336161 4.088252 -0.161886
    endloop
  endfacet
  facet normal 0.247214 -0.956429 0.155335
    outer loop
      vertex -18.336161 4.088252 -0.161886
      vertex -18.659403 3.979420 -0.317552
      vertex -18.572208 3.979420 -0.456321
    endloop
  endfacet
  facet normal 0.247214 -0.956429 0.155335
    outer loop
      vertex -18.336161 4.088252 -0.161886
      vertex -18.572208 3.979420 -0.456321
      vertex -18.291709 4.088252 -0.232630
    endloop
  endfacet
  facet normal 0.206451 -0.956429 0.206451
    outer loop
      vertex -18.291709 4.088252 -0.232630
      vertex -18.572208 3.979420 -0.456321
      vertex -18.456321 3.979420 -0.572208
    endloop
  endfacet
  facet normal 0.206451 -0.956429 0.206451
    outer loop
      vertex -18.291709 4.088252 -0.232630
      vertex -18.456321 3.979420 -0.572208
      vertex -18.232630 4.088252 -0.291709
    endloop
  endfacet
  facet normal 0.155335 -0.956429 0.247214
    outer loop
      vertex -18.232630 4.088252 -0.291709
      vertex -18.456321 3.979420 -0.572208
      vertex -18.317552 3.979420 -0.659403
    endloop
  endfacet
  facet normal 0.155335 -0.956429 0.247214
    outer loop
      vertex -18.232630 4.088252 -0.291709
      vertex -18.317552 3.979420 -0.659403
      vertex -18.161886 4.088252 -0.336161
    endloop
  endfacet
  facet normal 0.096430 -0.956429 0.275581
    outer loop
      vertex -18.161886 4.088252 -0.336161
      vertex -18.317552 3.979420 -0.659403
      vertex -18.162859 3.979420 -0.713532
    endloop
  endfacet
  facet normal 0.096430 -0.956429 0.275581
    outer loop
      vertex -18.161886 4.088252 -0.336161
      vertex -18.162859 3.979420 -0.713532
      vertex -18.083025 4.088252 -0.363756
    endloop
  endfacet
  facet normal 0.032690 -0.956429 0.290130
    outer loop
      vertex -18.083025 4.088252 -0.363756
      vertex -18.162859 3.979420 -0.713532
      vertex -18.000000 3.979420 -0.731882
    endloop
  endfacet
  facet normal 0.032690 -0.956429 0.290130
    outer loop
      vertex -18.083025 4.088252 -0.363756
      vertex -18.000000 3.979420 -0.731882
      vertex -18.000000 4.088252 -0.373110
    endloop
  endfacet
  facet normal -0.032690 -0.956429 0.290130
    outer loop
      vertex -18.000000 4.088252 -0.373110
      vertex -18.000000 3.979420 -0.731882
      vertex -17.837141 3.979420 -0.713532
    endloop
  endfacet
  facet normal -0.032690 -0.956429 0.290130
    outer loop
      vertex -18.000000 4.088252 -0.373110
      vertex -17.837141 3.979420 -0.713532
      vertex -17.916975 4.088252 -0.363756
    endloop
  endfacet
  facet normal -0.096430 -0.956429 0.275581
    outer loop
      vertex -17.916975 4.088252 -0.363756
      vertex -17.837141 3.979420 -0.713532
      vertex -17.682448 3.979420 -0.659403
    endloop
  endfacet
  facet normal -0.096430 -0.956429 0.275581
    outer loop
      vertex -17.916975 4.088252 -0.363756
      vertex -17.682448 3.979420 -0.659403
      vertex -17.838114 4.088252 -0.336161
    endloop
  endfacet
  facet normal -0.155335 -0.956429 0.247214
    outer loop
      vertex -17.838114 4.088252 -0.336161
      vertex -17.682448 3.979420 -0.659403
      vertex -17.543679 3.979420 -0.572208
    endloop
  endfacet
  facet normal -0.155335 -0.956429 0.247214
    outer loop
      vertex -17.838114 4.088252 -0.336161
      vertex -17.543679 3.979420 -0.572208
      vertex -17.767370 4.088252 -0.291709
    endloop
  endfacet
  facet normal -0.206451 -0.956429 0.206451
    outer loop
      vertex -17.767370 4.088252 -0.291709
      vertex -17.543679 3.979420 -0.572208
      vertex -17.427792 3.979420 -0.456321
    endloop
  endfacet
  facet normal -0.206451 -0.956429 0.206451
    outer loop
      vertex -17.767370 4.088252 -0.291709
      vertex -17.427792 3.979420 -0.456321
      vertex -17.708291 4.088252 -0.232630
    endloop
  endfacet
  facet normal -0.247214 -0.956429 0.155335
    outer loop
      vertex -17.708291 4.088252 -0.232630
      vertex -17.427792 3.979420 -0.456321
      vertex -17.340597 3.979420 -0.317552
    endloop
  endfacet
  facet normal -0.247214 -0.956429 0.155335
    outer loop
      vertex -17.708291 4.088252 -0.232630
      vertex -17.340597 3.979420 -0.317552
      vertex -17.663839 4.088252 -0.161886
    endloop
  endfacet
  facet normal -0.275581 -0.956429 0.096430
    outer loop
      vertex -17.663839 4.088252 -0.161886
      vertex -17.340597 3.979420 -0.317552
      vertex -17.286468 3.979420 -0.162859
    endloop
  endfacet
  facet normal -0.275581 -0.956429 0.096430
    outer loop
      vertex -17.663839 4.088252 -0.161886
      vertex -17.286468 3.979420 -0.162859
      vertex -17.636244 4.088252 -0.083025
    endloop
  endfacet
  facet normal -0.290130 -0.956429 0.032690
    outer loop
      vertex -17.636244 4.088252 -0.083025
      vertex -17.286468 3.979420 -0.162859
      vertex -17.268118 3.979420 0.000000
    endloop
  endfacet
  facet normal -0.290130 -0.956429 0.032690
    outer loop
      vertex -17.636244 4.088252 -0.083025
      vertex -17.268118 3.979420 0.000000
      vertex -17.626890 4.088252 0.000000
    endloop
  endfacet
  facet normal -0.470733 -0.880680 -0.053039
    outer loop
      vertex -17.268118 3.979420 0.000000
      vertex -16.937472 3.802686 0.000000
      vertex -16.964112 3.802686 0.236435
    endloop
  endfacet
  facet normal -0.470733 -0.880680 -0.053039
    outer loop
      vertex -17.268118 3.979420 0.000000
      vertex -16.964112 3.802686 0.236435
      vertex -17.286468 3.979420 0.162859
    endloop
  endfacet
  facet normal -0.447129 -0.880680 -0.156457
    outer loop
      vertex -17.286468 3.979420 0.162859
      vertex -16.964112 3.802686 0.236435
      vertex -17.042695 3.802686 0.461014
    endloop
  endfacet
  facet normal -0.447129 -0.880680 -0.156457
    outer loop
      vertex -17.286468 3.979420 0.162859
      vertex -17.042695 3.802686 0.461014
      vertex -17.340597 3.979420 0.317552
    endloop
  endfacet
  facet normal -0.401103 -0.880680 -0.252030
    outer loop
      vertex -17.340597 3.979420 0.317552
      vertex -17.042695 3.802686 0.461014
      vertex -17.169282 3.802686 0.662475
    endloop
  endfacet
  facet normal -0.401103 -0.880680 -0.252030
    outer loop
      vertex -17.340597 3.979420 0.317552
      vertex -17.169282 3.802686 0.662475
      vertex -17.427792 3.979420 0.456321
    endloop
  endfacet
  facet normal -0.334965 -0.880680 -0.334965
    outer loop
      vertex -17.427792 3.979420 0.456321
      vertex -17.169282 3.802686 0.662475
      vertex -17.337525 3.802686 0.830718
    endloop
  endfacet
  facet normal -0.334965 -0.880680 -0.334965
    outer loop
      vertex -17.427792 3.979420 0.456321
      vertex -17.337525 3.802686 0.830718
      vertex -17.543679 3.979420 0.572208
    endloop
  endfacet
  facet normal -0.252030 -0.880680 -0.401103
    outer loop
      vertex -17.543679 3.979420 0.572208
      vertex -17.337525 3.802686 0.830718
      vertex -17.538986 3.802686 0.957305
    endloop
  endfacet
  facet normal -0.252030 -0.880680 -0.401103
    outer loop
      vertex -17.543679 3.979420 0.572208
      vertex -17.538986 3.802686 0.957305
      vertex -17.682448 3.979420 0.659403
    endloop
  endfacet
  facet normal -0.156457 -0.880680 -0.447129
    outer loop
      vertex -17.682448 3.979420 0.659403
      vertex -17.538986 3.802686 0.957305
      vertex -17.763565 3.802686 1.035888
    endloop
  endfacet
  facet normal -0.156457 -0.880680 -0.447129
    outer loop
      vertex -17.682448 3.979420 0.659403
      vertex -17.763565 3.802686 1.035888
      vertex -17.837141 3.979420 0.713532
    endloop
  endfacet
  facet normal -0.053039 -0.880680 -0.470733
    outer loop
      vertex -17.837141 3.979420 0.713532
      vertex -17.763565 3.802686 1.035888
      vertex -18.000000 3.802686 1.062528
    endloop
  endfacet
  facet normal -0.053039 -0.880680 -0.470733
    outer loop
      vertex -17.837141 3.979420 0.713532
      vertex -18.000000 3.802686 1.062528
      vertex -18.000000 3.979420 0.731882
    endloop
  endfacet
  facet normal 0.053039 -0.880680 -0.470733
    outer loop
      vertex -18.000000 3.979420 0.731882
      vertex -18.000000 3.802686 1.062528
      vertex -18.236435 3.802686 1.035888
    endloop
  endfacet
  facet normal 0.053039 -0.880680 -0.470733
    outer loop
      vertex -18.000000 3.979420 0.731882
      vertex -18.236435 3.802686 1.035888
      vertex -18.162859 3.979420 0.713532
    endloop
  endfacet
  facet normal 0.156457 -0.880680 -0.447129
    outer loop
      vertex -18.162859 3.979420 0.713532
      vertex -18.236435 3.802686 1.035888
      vertex -18.461014 3.802686 0.957305
    endloop
  endfacet
  facet normal 0.156457 -0.880680 -0.447129
    outer loop
      vertex -18.162859 3.979420 0.713532
      vertex -18.461014 3.802686 0.957305
      vertex -18.317552 3.979420 0.659403
    endloop
  endfacet
  facet normal 0.252030 -0.880680 -0.401103
    outer loop
      vertex -18.317552 3.979420 0.659403
      vertex -18.461014 3.802686 0.957305
      vertex -18.662475 3.802686 0.830718
    endloop
  endfacet
  facet normal 0.252030 -0.880680 -0.401103
    outer loop
      vertex -18.317552 3.979420 0.659403
      vertex -18.662475 3.802686 0.830718
      vertex -18.456321 3.979420 0.572208
    endloop
  endfacet
  facet normal 0.334965 -0.880680 -0.334965
    outer loop
      vertex -18.456321 3.979420 0.572208
      vertex -18.662475 3.802686 0.830718
      vertex -18.830718 3.802686 0.662475
    endloop
  endfacet
  facet normal 0.334965 -0.880680 -0.334965
    outer loop
      vertex -18.456321 3.979420 0.572208
      vertex -18.830718 3.802686 0.662475
      vertex -18.572208 3.979420 0.456321
    endloop
  endfacet
  facet normal 0.401103 -0.880680 -0.252030
    outer loop
      vertex -18.572208 3.979420 0.456321
      vertex -18.830718 3.802686 0.662475
      vertex -18.957305 3.802686 0.461014
    endloop
  endfacet
  facet normal 0.401103 -0.880680 -0.252030
    outer loop
      vertex -18.572208 3.979420 0.456321
      vertex -18.957305 3.802686 0.461014
      vertex -18.659403 3.979420 0.317552
    endloop
  endfacet
  facet normal 0.447129 -0.880680 -0.156457
    outer loop
      vertex -18.659403 3.979420 0.317552
      vertex -18.957305 3.802686 0.461014
      vertex -19.035888 3.802686 0.236435
    endloop
  endfacet
  facet normal 0.447129 -0.880680 -0.156457
    outer loop
      vertex -18.659403 3.979420 0.317552
      vertex -19.035888 3.802686 0.236435
      vertex -18.713532 3.979420 0.162859
    endloop
  endfacet
  facet normal 0.470733 -0.880680 -0.053039
    outer loop
      vertex -18.713532 3.979420 0.162859
      vertex -19.035888 3.802686 0.236435
      vertex -19.062528 3.802686 0.000000
    endloop
  endfacet
  facet normal 0.470733 -0.880680 -0.053039
    outer loop
      vertex -18.713532 3.979420 0.162859
      vertex -19.062528 3.802686 0.000000
      vertex -18.731882 3.979420 0.000000
    endloop
  endfacet
  facet normal 0.470733 -0.880680 0.053039
    outer loop
      vertex -18.731882 3.979420 0.000000
      vertex -19.062528 3.802686 0.000000
      vertex -19.035888 3.802686 -0.236435
    endloop
  endfacet
  facet normal 0.470733 -0.880680 0.053039
    outer loop
      vertex -18.731882 3.979420 0.000000
      vertex -19.035888 3.802686 -0.236435
      vertex -18.713532 3.979420 -0.162859
    endloop
  endfacet
  facet normal 0.447129 -0.880680 0.156457
    outer loop
      vertex -18.713532 3.979420 -0.162859
      vertex -19.035888 3.802686 -0.236435
      vertex -18.957305 3.802686 -0.461014
    endloop
  endfacet
  facet normal 0.447129 -0.880680 0.156457
    outer loop
      vertex -18.713532 3.979420 -0.162859
      vertex -18.957305 3.802686 -0.461014
      vertex -18.659403 3.979420 -0.317552
    endloop
  endfacet
  facet normal 0.401103 -0.880680 0.252030
    outer loop
      vertex -18.659403 3.979420 -0.317552
      vertex -18.957305 3.802686 -0.461014
      vertex -18.830718 3.802686 -0.662475
    endloop
  endfacet
  facet normal 0.401103 -0.880680 0.252030
    outer loop
      vertex -18.659403 3.979420 -0.317552
      vertex -18.830718 3.802686 -0.662475
      vertex -18.572208 3.979420 -0.456321
    endloop
  endfacet
  facet normal 0.334965 -0.880680 0.334965
    outer loop
      vertex -18.572208 3.979420 -0.456321
      vertex -18.830718 3.802686 -0.662475
      vertex -18.662475 3.802686 -0.830718
    endloop
  endfacet
  facet normal 0.334965 -0.880680 0.334965
    outer loop
      vertex -18.572208 3.979420 -0.456321
      vertex -18.662475 3.802686 -0.830718
      vertex -18.456321 3.979420 -0.572208
    endloop
  endfacet
  facet normal 0.252030 -0.880680 0.401103
    outer loop
      vertex -18.456321 3.979420 -0.572208
      vertex -18.662475 3.802686 -0.830718
      vertex -18.461014 3.802686 -0.957305
    endloop
  endfacet
  facet normal 0.252030 -0.880680 0.401103
    outer loop
      vertex -18.456321 3.979420 -0.572208
      vertex -18.461014 3.802686 -0.957305
      vertex -18.317552 3.979420 -0.659403
    endloop
  endfacet
  facet normal 0.156457 -0.880680 0.447129
    outer loop
      vertex -18.317552 3.979420 -0.659403
      vertex -18.461014 3.802686 -0.957305
      vertex -18.236435 3.802686 -1.035888
    endloop
  endfacet
  facet normal 0.156457 -0.880680 0.447129
    outer loop
      vertex -18.317552 3.979420 -0.659403
      vertex -18.236435 3.802686 -1.035888
      vertex -18.162859 3.979420 -0.713532
    endloop
  endfacet
  facet normal 0.053039 -0.880680 0.470733
    outer loop
      vertex -18.162859 3.979420 -0.713532
      vertex -18.236435 3.802686 -1.035888
      vertex -18.000000 3.802686 -1.062528
    endloop
  endfacet
  facet normal 0.053039 -0.880680 0.470733
    outer loop
      vertex -18.162859 3.979420 -0.713532
      vertex -18.000000 3.802686 -1.062528
      vertex -18.000000 3.979420 -0.731882
    endloop
  endfacet
  facet normal -0.053039 -0.880680 0.470733
    outer loop
      vertex -18.000000 3.979420 -0.731882
      vertex -18.000000 3.802686 -1.062528
      vertex -17.763565 3.802686 -1.035888
    endloop
  endfacet
  facet normal -0.053039 -0.880680 0.470733
    outer loop
      vertex -18.000000 3.979420 -0.731882
      vertex -17.763565 3.802686 -1.035888
      vertex -17.837141 3.979420 -0.713532
    endloop
  endfacet
  facet normal -0.156457 -0.880680 0.447129
    outer loop
      vertex -17.837141 3.979420 -0.713532
      vertex -17.763565 3.802686 -1.035888
      vertex -17.538986 3.802686 -0.957305
    endloop
  endfacet
  facet normal -0.156457 -0.880680 0.447129
    outer loop
      vertex -17.837141 3.979420 -0.713532
      vertex -17.538986 3.802686 -0.957305
      vertex -17.682448 3.979420 -0.659403
    endloop
  endfacet
  facet normal -0.252030 -0.880680 0.401103
    outer loop
      vertex -17.682448 3.979420 -0.659403
      vertex -17.538986 3.802686 -0.957305
      vertex -17.337525 3.802686 -0.830718
    endloop
  endfacet
  facet normal -0.252030 -0.880680 0.401103
    outer loop
      vertex -17.682448 3.979420 -0.659403
      vertex -17.337525 3.802686 -0.830718
      vertex -17.543679 3.979420 -0.572208
    endloop
  endfacet
  facet normal -0.334965 -0.880680 0.334965
    outer loop
      vertex -17.543679 3.979420 -0.572208
      vertex -17.337525 3.802686 -0.830718
      vertex -17.169282 3.802686 -0.662475
    endloop
  endfacet
  facet normal -0.334965 -0.880680 0.334965
    outer loop
      vertex -17.543679 3.979420 -0.572208
      vertex -17.169282 3.802686 -0.662475
      vertex -17.427792 3.979420 -0.456321
    endloop
  endfacet
  facet normal -0.401103 -0.880680 0.252030
    outer loop
      vertex -17.427792 3.979420 -0.456321
      vertex -17.169282 3.802686 -0.662475
      vertex -17.042695 3.802686 -0.461014
    endloop
  endfacet
  facet normal -0.401103 -0.880680 0.252030
    outer loop
      vertex -17.427792 3.979420 -0.456321
      vertex -17.042695 3.802686 -0.461014
      vertex -17.340597 3.979420 -0.317552
    endloop
  endfacet
  facet normal -0.447129 -0.880680 0.156457
    outer loop
      vertex -17.340597 3.979420 -0.317552
      vertex -17.042695 3.802686 -0.461014
      vertex -16.964112 3.802686 -0.236435
    endloop
  endfacet
  facet normal -0.447129 -0.880680 0.156457
    outer loop
      vertex -17.340597 3.979420 -0.317552
      vertex -16.964112 3.802686 -0.236435
      vertex -17.286468 3.979420 -0.162859
    endloop
  endfacet
  facet normal -0.470733 -0.880680 0.053039
    outer loop
      vertex -17.286468 3.979420 -0.162859
      vertex -16.964112 3.802686 -0.236435
      vertex -16.937472 3.802686 0.000000
    endloop
  endfacet
  facet normal -0.470733 -0.880680 0.053039
    outer loop
      vertex -17.286468 3.979420 -0.162859
      vertex -16.937472 3.802686 0.000000
      vertex -17.268118 3.979420 0.000000
    endloop
  endfacet
  facet normal -0.632779 -0.771043 -0.071297
    outer loop
      vertex -16.937472 3.802686 0.000000
      vertex -16.647658 3.564842 0.000000
      vertex -16.681564 3.564842 0.300924
    endloop
  endfacet
  facet normal -0.632779 -0.771043 -0.071297
    outer loop
      vertex -16.937472 3.802686 0.000000
      vertex -16.681564 3.564842 0.300924
      vertex -16.964112 3.802686 0.236435
    endloop
  endfacet
  facet normal -0.601049 -0.771043 -0.210316
    outer loop
      vertex -16.964112 3.802686 0.236435
      vertex -16.681564 3.564842 0.300924
      vertex -16.781582 3.564842 0.586759
    endloop
  endfacet
  facet normal -0.601049 -0.771043 -0.210316
    outer loop
      vertex -16.964112 3.802686 0.236435
      vertex -16.781582 3.564842 0.586759
      vertex -17.042695 3.802686 0.461014
    endloop
  endfacet
  facet normal -0.539179 -0.771043 -0.338789
    outer loop
      vertex -17.042695 3.802686 0.461014
      vertex -16.781582 3.564842 0.586759
      vertex -16.942697 3.564842 0.843171
    endloop
  endfacet
  facet normal -0.539179 -0.771043 -0.338789
    outer loop
      vertex -17.042695 3.802686 0.461014
      vertex -16.942697 3.564842 0.843171
      vertex -17.169282 3.802686 0.662475
    endloop
  endfacet
  facet normal -0.450273 -0.771043 -0.450273
    outer loop
      vertex -17.169282 3.802686 0.662475
      vertex -16.942697 3.564842 0.843171
      vertex -17.156829 3.564842 1.057303
    endloop
  endfacet
  facet normal -0.450273 -0.771043 -0.450273
    outer loop
      vertex -17.169282 3.802686 0.662475
      vertex -17.156829 3.564842 1.057303
      vertex -17.337525 3.802686 0.830718
    endloop
  endfacet
  facet normal -0.338789 -0.771043 -0.539179
    outer loop
      vertex -17.337525 3.802686 0.830718
      vertex -17.156829 3.564842 1.057303
      vertex -17.413241 3.564842 1.218418
    endloop
  endfacet
  facet normal -0.338789 -0.771043 -0.539179
    outer loop
      vertex -17.337525 3.802686 0.830718
      vertex -17.413241 3.564842 1.218418
      vertex -17.538986 3.802686 0.957305
    endloop
  endfacet
  facet normal -0.210316 -0.771043 -0.601049
    outer loop
      vertex -17.538986 3.802686 0.957305
      vertex -17.413241 3.564842 1.218418
      vertex -17.699076 3.564842 1.318436
    endloop
  endfacet
  facet normal -0.210316 -0.771043 -0.601049
    outer loop
      vertex -17.538986 3.802686 0.957305
      vertex -17.699076 3.564842 1.318436
      vertex -17.763565 3.802686 1.035888
    endloop
  endfacet
  facet normal -0.071297 -0.771043 -0.632779
    outer loop
      vertex -17.763565 3.802686 1.035888
      vertex -17.699076 3.564842 1.318436
      vertex -18.000000 3.564842 1.352342
    endloop
  endfacet
  facet normal -0.071297 -0.771043 -0.632779
    outer loop
      vertex -17.763565 3.802686 1.035888
      vertex -18.000000 3.564842 1.352342
      vertex -18.000000 3.802686 1.062528
    endloop
  endfacet
  facet normal 0.071297 -0.771043 -0.632779
    outer loop
      vertex -18.000000 3.802686 1.062528
      vertex -18.000000 3.564842 1.352342
      vertex -18.300924 3.564842 1.318436
    endloop
  endfacet
  facet normal 0.071297 -0.771043 -0.632779
    outer loop
      vertex -18.000000 3.802686 1.062528
      vertex -18.300924 3.564842 1.318436
      vertex -18.236435 3.802686 1.035888
    endloop
  endfacet
  facet normal 0.210316 -0.771043 -0.601049
    outer loop
      vertex -18.236435 3.802686 1.035888
      vertex -18.300924 3.564842 1.318436
      vertex -18.586759 3.564842 1.218418
    endloop
  endfacet
  facet normal 0.210316 -0.771043 -0.601049
    outer loop
      vertex -18.236435 3.802686 1.035888
      vertex -18.586759 3.564842 1.218418
      vertex -18.461014 3.802686 0.957305
    endloop
  endfacet
  facet normal 0.338789 -0.771043 -0.539179
    outer loop
      vertex -18.461014 3.802686 0.957305
      vertex -18.586759 3.564842 1.218418
      vertex -18.843171 3.564842 1.057303
    endloop
  endfacet
  facet normal 0.338789 -0.771043 -0.539179
    outer loop
      vertex -18.461014 3.802686 0.957305
      vertex -18.843171 3.564842 1.057303
      vertex -18.662475 3.802686 0.830718
    endloop
  endfacet
  facet normal 0.450273 -0.771043 -0.450273
    outer loop
      vertex -18.662475 3.802686 0.830718
      vertex -18.843171 3.564842 1.057303
      vertex -19.057303 3.564842 0.843171
    endloop
  endfacet
  facet normal 0.450273 -0.771043 -0.450273
    outer loop
      vertex -18.662475 3.802686 0.830718
      vertex -19.057303 3.564842 0.843171
      vertex -18.830718 3.802686 0.662475
    endloop
  endfacet
  facet normal 0.539179 -0.771043 -0.338789
    outer loop
      vertex -18.830718 3.802686 0.662475
      vertex -19.057303 3.564842 0.843171
      vertex -19.218418 3.564842 0.586759
    endloop
  endfacet
  facet normal 0.539179 -0.771043 -0.338789
    outer loop
      vertex -18.830718 3.802686 0.662475
      vertex -19.218418 3.564842 0.586759
      vertex -18.957305 3.802686 0.461014
    endloop
  endfacet
  facet normal 0.601049 -0.771043 -0.210316
    outer loop
      vertex -18.957305 3.802686 0.461014
      vertex -19.218418 3.564842 0.586759
      vertex -19.318436 3.564842 0.300924
    endloop
  endfacet
  facet normal 0.601049 -0.771043 -0.210316
    outer loop
      vertex -18.957305 3.802686 0.461014
      vertex -19.318436 3.564842 0.300924
      vertex -19.035888 3.802686 0.236435
    endloop
  endfacet
  facet normal 0.632779 -0.771043 -0.071297
    outer loop
      vertex -19.035888 3.802686 0.236435
      vertex -19.318436 3.564842 0.300924
      vertex -19.352342 3.564842 0.000000
    endloop
  endfacet
  facet normal 0.632779 -0.771043 -0.071297
    outer loop
      vertex -19.035888 3.802686 0.236435
      vertex -19.352342 3.564842 0.000000
      vertex -19.062528 3.802686 0.000000
    endloop
  endfacet
  facet normal 0.632779 -0.771043 0.071297
    outer loop
      vertex -19.062528 3.802686 0.000000
      vertex -19.352342 3.564842 0.000000
      vertex -19.318436 3.564842 -0.300924
    endloop
  endfacet
  facet normal 0.632779 -0.771043 0.071297
    outer loop
      vertex -19.062528 3.802686 0.000000
      vertex -19.318436 3.564842 -0.300924
      vertex -19.035888 3.802686 -0.236435
    endloop
  endfacet
  facet normal 0.601049 -0.771043 0.210316
    outer loop
      vertex -19.035888 3.802686 -0.236435
      vertex -19.318436 3.564842 -0.300924
      vertex -19.218418 3.564842 -0.586759
    endloop
  endfacet
  facet normal 0.601049 -0.771043 0.210316
    outer loop
      vertex -19.035888 3.802686 -0.236435
      vertex -19.218418 3.564842 -0.586759
      vertex -18.957305 3.802686 -0.461014
    endloop
  endfacet
  facet normal 0.539179 -0.771043 0.338789
    outer loop
      vertex -18.957305 3.802686 -0.461014
      vertex -19.218418 3.564842 -0.586759
      vertex -19.057303 3.564842 -0.843171
    endloop
  endfacet
  facet normal 0.539179 -0.771043 0.338789
    outer loop
      vertex -18.957305 3.802686 -0.461014
      vertex -19.057303 3.564842 -0.843171
      vertex -18.830718 3.802686 -0.662475
    endloop
  endfacet
  facet normal 0.450273 -0.771043 0.450273
    outer loop
      vertex -18.830718 3.802686 -0.662475
      vertex -19.057303 3.564842 -0.843171
      vertex -18.843171 3.564842 -1.057303
    endloop
  endfacet
  facet normal 0.450273 -0.771043 0.450273
    outer loop
      vertex -18.830718 3.802686 -0.662475
      vertex -18.843171 3.564842 -1.057303
      vertex -18.662475 3.802686 -0.830718
    endloop
  endfacet
  facet normal 0.338789 -0.771043 0.539179
    outer loop
      vertex -18.662475 3.802686 -0.830718
      vertex -18.843171 3.564842 -1.057303
      vertex -18.586759 3.564842 -1.218418
    endloop
  endfacet
  facet normal 0.338789 -0.771043 0.539179
    outer loop
      vertex -18.662475 3.802686 -0.830718
      vertex -18.586759 3.564842 -1.218418
      vertex -18.461014 3.802686 -0.957305
    endloop
  endfacet
  facet normal 0.210316 -0.771043 0.601049
    outer loop
      vertex -18.461014 3.802686 -0.957305
      vertex -18.586759 3.564842 -1.218418
      vertex -18.300924 3.564842 -1.318436
    endloop
  endfacet
  facet normal 0.210316 -0.771043 0.601049
    outer loop
      vertex -18.461014 3.802686 -0.957305
      vertex -18.300924 3.564842 -1.318436
      vertex -18.236435 3.802686 -1.035888
    endloop
  endfacet
  facet normal 0.071297 -0.771043 0.632779
    outer loop
      vertex -18.236435 3.802686 -1.035888
      vertex -18.300924 3.564842 -1.318436
      vertex -18.000000 3.564842 -1.352342
    endloop
  endfacet
  facet normal 0.071297 -0.771043 0.632779
    outer loop
      vertex -18.236435 3.802686 -1.035888
      vertex -18.000000 3.564842 -1.352342
      vertex -18.000000 3.802686 -1.062528
    endloop
  endfacet
  facet normal -0.071297 -0.771043 0.632779
    outer loop
      vertex -18.000000 3.802686 -1.062528
      vertex -18.000000 3.564842 -1.352342
      vertex -17.699076 3.564842 -1.318436
    endloop
  endfacet
  facet normal -0.071297 -0.771043 0.632779
    outer loop
      vertex -18.000000 3.802686 -1.062528
      vertex -17.699076 3.564842 -1.318436
      vertex -17.763565 3.802686 -1.035888
    endloop
  endfacet
  facet normal -0.210316 -0.771043 0.601049
    outer loop
      vertex -17.763565 3.802686 -1.035888
      vertex -17.699076 3.564842 -1.318436
      vertex -17.413241 3.564842 -1.218418
    endloop
  endfacet
  facet normal -0.210316 -0.771043 0.601049
    outer loop
      vertex -17.763565 3.802686 -1.035888
      vertex -17.413241 3.564842 -1.218418
      vertex -17.538986 3.802686 -0.957305
    endloop
  endfacet
  facet normal -0.338789 -0.771043 0.539179
    outer loop
      vertex -17.538986 3.802686 -0.957305
      vertex -17.413241 3.564842 -1.218418
      vertex -17.156829 3.564842 -1.057303
    endloop
  endfacet
  facet normal -0.338789 -0.771043 0.539179
    outer loop
      vertex -17.538986 3.802686 -0.957305
      vertex -17.156829 3.564842 -1.057303
      vertex -17.337525 3.802686 -0.830718
    endloop
  endfacet
  facet normal -0.450273 -0.771043 0.450273
    outer loop
      vertex -17.337525 3.802686 -0.830718
      vertex -17.156829 3.564842 -1.057303
      vertex -16.942697 3.564842 -0.843171
    endloop
  endfacet
  facet normal -0.450273 -0.771043 0.450273
    outer loop
      vertex -17.337525 3.802686 -0.830718
      vertex -16.942697 3.564842 -0.843171
      vertex -17.169282 3.802686 -0.662475
    endloop
  endfacet
  facet normal -0.539179 -0.771043 0.338789
    outer loop
      vertex -17.169282 3.802686 -0.662475
      vertex -16.942697 3.564842 -0.843171
      vertex -16.781582 3.564842 -0.586759
    endloop
  endfacet
  facet normal -0.539179 -0.771043 0.338789
    outer loop
      vertex -17.169282 3.802686 -0.662475
      vertex -16.781582 3.564842 -0.586759
      vertex -17.042695 3.802686 -0.461014
    endloop
  endfacet
  facet normal -0.601049 -0.771043 0.210316
    outer loop
      vertex -17.042695 3.802686 -0.461014
      vertex -16.781582 3.564842 -0.586759
      vertex -16.681564 3.564842 -0.300924
    endloop
  endfacet
  facet normal -0.601049 -0.771043 0.210316
    outer loop
      vertex -17.042695 3.802686 -0.461014
      vertex -16.681564 3.564842 -0.300924
      vertex -16.964112 3.802686 -0.236435
    endloop
  endfacet
  facet normal -0.632779 -0.771043 0.071297
    outer loop
      vertex -16.964112 3.802686 -0.236435
      vertex -16.681564 3.564842 -0.300924
      vertex -16.647658 3.564842 0.000000
    endloop
  endfacet
  facet normal -0.632779 -0.771043 0.071297
    outer loop
      vertex -16.964112 3.802686 -0.236435
      vertex -16.647658 3.564842 0.000000
      vertex -16.937472 3.802686 0.000000
    endloop
  endfacet
  facet normal -0.770095 -0.632001 -0.086769
    outer loop
      vertex -16.647658 3.564842 0.000000
      vertex -16.409814 3.275028 0.000000
      vertex -16.449684 3.275028 0.353850
    endloop
  endfacet
  facet normal -0.770095 -0.632001 -0.086769
    outer loop
      vertex -16.647658 3.564842 0.000000
      vertex -16.449684 3.275028 0.353850
      vertex -16.681564 3.564842 0.300924
    endloop
  endfacet
  facet normal -0.731479 -0.632001 -0.255956
    outer loop
      vertex -16.681564 3.564842 0.300924
      vertex -16.449684 3.275028 0.353850
      vertex -16.567292 3.275028 0.689956
    endloop
  endfacet
  facet normal -0.731479 -0.632001 -0.255956
    outer loop
      vertex -16.681564 3.564842 0.300924
      vertex -16.567292 3.275028 0.689956
      vertex -16.781582 3.564842 0.586759
    endloop
  endfacet
  facet normal -0.656184 -0.632001 -0.412308
    outer loop
      vertex -16.781582 3.564842 0.586759
      vertex -16.567292 3.275028 0.689956
      vertex -16.756743 3.275028 0.991465
    endloop
  endfacet
  facet normal -0.656184 -0.632001 -0.412308
    outer loop
      vertex -16.781582 3.564842 0.586759
      vertex -16.756743 3.275028 0.991465
      vertex -16.942697 3.564842 0.843171
    endloop
  endfacet
  facet normal -0.547985 -0.632001 -0.547985
    outer loop
      vertex -16.942697 3.564842 0.843171
      vertex -16.756743 3.275028 0.991465
      vertex -17.008535 3.275028 1.243257
    endloop
  endfacet
  facet normal -0.547985 -0.632001 -0.547985
    outer loop
      vertex -16.942697 3.564842 0.843171
      vertex -17.008535 3.275028 1.243257
      vertex -17.156829 3.564842 1.057303
    endloop
  endfacet
  facet normal -0.412308 -0.632001 -0.656184
    outer loop
      vertex -17.156829 3.564842 1.057303
      vertex -17.008535 3.275028 1.243257
      vertex -17.310044 3.275028 1.432708
    endloop
  endfacet
  facet normal -0.412308 -0.632001 -0.656184
    outer loop
      vertex -17.156829 3.564842 1.057303
      vertex -17.310044 3.275028 1.432708
      vertex -17.413241 3.564842 1.218418
    endloop
  endfacet
  facet normal -0.255956 -0.632001 -0.731479
    outer loop
      vertex -17.413241 3.564842 1.218418
      vertex -17.310044 3.275028 1.432708
      vertex -17.646150 3.275028 1.550316
    endloop
  endfacet
  facet normal -0.255956 -0.632001 -0.731479
    outer loop
      vertex -17.413241 3.564842 1.218418
      vertex -17.646150 3.275028 1.550316
      vertex -17.699076 3.564842 1.318436
    endloop
  endfacet
  facet normal -0.086769 -0.632001 -0.770095
    outer loop
      vertex -17.699076 3.564842 1.318436
      vertex -17.646150 3.275028 1.550316
      vertex -18.000000 3.275028 1.590186
    endloop
  endfacet
  facet normal -0.086769 -0.632001 -0.770095
    outer loop
      vertex -17.699076 3.564842 1.318436
      vertex -18.000000 3.275028 1.590186
      vertex -18.000000 3.564842 1.352342
    endloop
  endfacet
  facet normal 0.086769 -0.632001 -0.770095
    outer loop
      vertex -18.000000 3.564842 1.352342
      vertex -18.000000 3.275028 1.590186
      vertex -18.353850 3.275028 1.550316
    endloop
  endfacet
  facet normal 0.086769 -0.632001 -0.770095
    outer loop
      vertex -18.000000 3.564842 1.352342
      vertex -18.353850 3.275028 1.550316
      vertex -18.300924 3.564842 1.318436
    endloop
  endfacet
  facet normal 0.255956 -0.632001 -0.731479
    outer loop
      vertex -18.300924 3.564842 1.318436
      vertex -18.353850 3.275028 1.550316
      vertex -18.689956 3.275028 1.432708
    endloop
  endfacet
  facet normal 0.255956 -0.632001 -0.731479
    outer loop
      vertex -18.300924 3.564842 1.318436
      vertex -18.689956 3.275028 1.432708
      vertex -18.586759 3.564842 1.218418
    endloop
  endfacet
  facet normal 0.412308 -0.632001 -0.656184
    outer loop
      vertex -18.586759 3.564842 1.218418
      vertex -18.689956 3.275028 1.432708
      vertex -18.991465 3.275028 1.243257
    endloop
  endfacet
  facet normal 0.412308 -0.632001 -0.656184
    outer loop
      vertex -18.586759 3.564842 1.218418
      vertex -18.991465 3.275028 1.243257
      vertex -18.843171 3.564842 1.057303
    endloop
  endfacet
  facet normal 0.547985 -0.632001 -0.547985
    outer loop
      vertex -18.843171 3.564842 1.057303
      vertex -18.991465 3.275028 1.243257
      vertex -19.243257 3.275028 0.991465
    endloop
  endfacet
  facet normal 0.547985 -0.632001 -0.547985
    outer loop
      vertex -18.843171 3.564842 1.057303
      vertex -19.243257 3.275028 0.991465
      vertex -19.057303 3.564842 0.843171
    endloop
  endfacet
  facet normal 0.656184 -0.632001 -0.412308
    outer loop
      vertex -19.057303 3.564842 0.843171
      vertex -19.243257 3.275028 0.991465
      vertex -19.432708 3.275028 0.689956
    endloop
  endfacet
  facet normal 0.656184 -0.632001 -0.412308
    outer loop
      vertex -19.057303 3.564842 0.843171
      vertex -19.432708 3.275028 0.689956
      vertex -19.218418 3.564842 0.586759
    endloop
  endfacet
  facet normal 0.731479 -0.632001 -0.255956
    outer loop
      vertex -19.218418 3.564842 0.586759
      vertex -19.432708 3.275028 0.689956
      vertex -19.550316 3.275028 0.353850
    endloop
  endfacet
  facet normal 0.731479 -0.632001 -0.255956
    outer loop
      vertex -19.218418 3.564842 0.586759
      vertex -19.550316 3.275028 0.353850
      vertex -19.318436 3.564842 0.300924
    endloop
  endfacet
  facet normal 0.770095 -0.632001 -0.086769
    outer loop
      vertex -19.318436 3.564842 0.300924
      vertex -19.550316 3.275028 0.353850
      vertex -19.590186 3.275028 0.000000
    endloop
  endfacet
  facet normal 0.770095 -0.632001 -0.086769
    outer loop
      vertex -19.318436 3.564842 0.300924
      vertex -19.590186 3.275028 0.000000
      vertex -19.352342 3.564842 0.000000
    endloop
  endfacet
  facet normal 0.770095 -0.632001 0.086769
    outer loop
      vertex -19.352342 3.564842 0.000000
      vertex -19.590186 3.275028 0.000000
      vertex -19.550316 3.275028 -0.353850
    endloop
  endfacet
  facet normal 0.770095 -0.632001 0.086769
    outer loop
      vertex -19.352342 3.564842 0.000000
      vertex -19.550316 3.275028 -0.353850
      vertex -19.318436 3.564842 -0.300924
    endloop
  endfacet
  facet normal 0.731479 -0.632001 0.255956
    outer loop
      vertex -19.318436 3.564842 -0.300924
      vertex -19.550316 3.275028 -0.353850
      vertex -19.432708 3.275028 -0.689956
    endloop
  endfacet
  facet normal 0.731479 -0.632001 0.255956
    outer loop
      vertex -19.318436 3.564842 -0.300924
      vertex -19.432708 3.275028 -0.689956
      vertex -19.218418 3.564842 -0.586759
    endloop
  endfacet
  facet normal 0.656184 -0.632001 0.412308
    outer loop
      vertex -19.218418 3.564842 -0.586759
      vertex -19.432708 3.275028 -0.689956
      vertex -19.243257 3.275028 -0.991465
    endloop
  endfacet
  facet normal 0.656184 -0.632001 0.412308
    outer loop
      vertex -19.218418 3.564842 -0.586759
      vertex -19.243257 3.275028 -0.991465
      vertex -19.057303 3.564842 -0.843171
    endloop
  endfacet
  facet normal 0.547985 -0.632001 0.547985
    outer loop
      vertex -19.057303 3.564842 -0.843171
      vertex -19.243257 3.275028 -0.991465
      vertex -18.991465 3.275028 -1.243257
    endloop
  endfacet
  facet normal 0.547985 -0.632001 0.547985
    outer loop
      vertex -19.057303 3.564842 -0.843171
      vertex -18.991465 3.275028 -1.243257
      vertex -18.843171 3.564842 -1.057303
    endloop
  endfacet
  facet normal 0.412308 -0.632001 0.656184
    outer loop
      vertex -18.843171 3.564842 -1.057303
      vertex -18.991465 3.275028 -1.243257
      vertex -18.689956 3.275028 -1.432708
    endloop
  endfacet
  facet normal 0.412308 -0.632001 0.656184
    outer loop
      vertex -18.843171 3.564842 -1.057303
      vertex -18.689956 3.275028 -1.432708
      vertex -18.586759 3.564842 -1.218418
    endloop
  endfacet
  facet normal 0.255956 -0.632001 0.731479
    outer loop
      vertex -18.586759 3.564842 -1.218418
      vertex -18.689956 3.275028 -1.432708
      vertex -18.353850 3.275028 -1.550316
    endloop
  endfacet
  facet normal 0.255956 -0.632001 0.731479
    outer loop
      vertex -18.586759 3.564842 -1.218418
      vertex -18.353850 3.275028 -1.550316
      vertex -18.300924 3.564842 -1.318436
    endloop
  endfacet
  facet normal 0.086769 -0.632001 0.770095
    outer loop
      vertex -18.300924 3.564842 -1.318436
      vertex -18.353850 3.275028 -1.550316
      vertex -18.000000 3.275028 -1.590186
    endloop
  endfacet
  facet normal 0.086769 -0.632001 0.770095
    outer loop
      vertex -18.300924 3.564842 -1.318436
      vertex -18.000000 3.275028 -1.590186
      vertex -18.000000 3.564842 -1.352342
    endloop
  endfacet
  facet normal -0.086769 -0.632001 0.770095
    outer loop
      vertex -18.000000 3.564842 -1.352342
      vertex -18.000000 3.275028 -1.590186
      vertex -17.646150 3.275028 -1.550316
    endloop
  endfacet
  facet normal -0.086769 -0.632001 0.770095
    outer loop
      vertex -18.000000 3.564842 -1.352342
      vertex -17.646150 3.275028 -1.550316
      vertex -17.699076 3.564842 -1.318436
    endloop
  endfacet
  facet normal -0.255956 -0.632001 0.731479
    outer loop
      vertex -17.699076 3.564842 -1.318436
      vertex -17.646150 3.275028 -1.550316
      vertex -17.310044 3.275028 -1.432708
    endloop
  endfacet
  facet normal -0.255956 -0.632001 0.731479
    outer loop
      vertex -17.699076 3.564842 -1.318436
      vertex -17.310044 3.275028 -1.432708
      vertex -17.413241 3.564842 -1.218418
    endloop
  endfacet
  facet normal -0.412308 -0.632001 0.656184
    outer loop
      vertex -17.413241 3.564842 -1.218418
      vertex -17.310044 3.275028 -1.432708
      vertex -17.008535 3.275028 -1.243257
    endloop
  endfacet
  facet normal -0.412308 -0.632001 0.656184
    outer loop
      vertex -17.413241 3.564842 -1.218418
      vertex -17.008535 3.275028 -1.243257
      vertex -17.156829 3.564842 -1.057303
    endloop
  endfacet
  facet normal -0.547985 -0.632001 0.547985
    outer loop
      vertex -17.156829 3.564842 -1.057303
      vertex -17.008535 3.275028 -1.243257
      vertex -16.756743 3.275028 -0.991465
    endloop
  endfacet
  facet normal -0.547985 -0.632001 0.547985
    outer loop
      vertex -17.156829 3.564842 -1.057303
      vertex -16.756743 3.275028 -0.991465
      vertex -16.942697 3.564842 -0.843171
    endloop
  endfacet
  facet normal -0.656184 -0.632001 0.412308
    outer loop
      vertex -16.942697 3.564842 -0.843171
      vertex -16.756743 3.275028 -0.991465
      vertex -16.567292 3.275028 -0.689956
    endloop
  endfacet
  facet normal -0.656184 -0.632001 0.412308
    outer loop
      vertex -16.942697 3.564842 -0.843171
      vertex -16.567292 3.275028 -0.689956
      vertex -16.781582 3.564842 -0.586759
    endloop
  endfacet
  facet normal -0.731479 -0.632001 0.255956
    outer loop
      vertex -16.781582 3.564842 -0.586759
      vertex -16.567292 3.275028 -0.689956
      vertex -16.449684 3.275028 -0.353850
    endloop
  endfacet
  facet normal -0.731479 -0.632001 0.255956
    outer loop
      vertex -16.781582 3.564842 -0.586759
      vertex -16.449684 3.275028 -0.353850
      vertex -16.681564 3.564842 -0.300924
    endloop
  endfacet
  facet normal -0.770095 -0.632001 0.086769
    outer loop
      vertex -16.681564 3.564842 -0.300924
      vertex -16.449684 3.275028 -0.353850
      vertex -16.409814 3.275028 0.000000
    endloop
  endfacet
  facet normal -0.770095 -0.632001 0.086769
    outer loop
      vertex -16.681564 3.564842 -0.300924
      vertex -16.409814 3.275028 0.000000
      vertex -16.647658 3.564842 0.000000
    endloop
  endfacet
  facet normal -0.877599 -0.469087 -0.098882
    outer loop
      vertex -16.409814 3.275028 0.000000
      vertex -16.233080 2.944382 0.000000
      vertex -16.277381 2.944382 0.393177
    endloop
  endfacet
  facet normal -0.877599 -0.469087 -0.098882
    outer loop
      vertex -16.409814 3.275028 0.000000
      vertex -16.277381 2.944382 0.393177
      vertex -16.449684 3.275028 0.353850
    endloop
  endfacet
  facet normal -0.833593 -0.469087 -0.291687
    outer loop
      vertex -16.449684 3.275028 0.353850
      vertex -16.277381 2.944382 0.393177
      vertex -16.408060 2.944382 0.766638
    endloop
  endfacet
  facet normal -0.833593 -0.469087 -0.291687
    outer loop
      vertex -16.449684 3.275028 0.353850
      vertex -16.408060 2.944382 0.766638
      vertex -16.567292 3.275028 0.689956
    endloop
  endfacet
  facet normal -0.747786 -0.469087 -0.469865
    outer loop
      vertex -16.567292 3.275028 0.689956
      vertex -16.408060 2.944382 0.766638
      vertex -16.618567 2.944382 1.101656
    endloop
  endfacet
  facet normal -0.747786 -0.469087 -0.469865
    outer loop
      vertex -16.567292 3.275028 0.689956
      vertex -16.618567 2.944382 1.101656
      vertex -16.756743 3.275028 0.991465
    endloop
  endfacet
  facet normal -0.624483 -0.469087 -0.624483
    outer loop
      vertex -16.756743 3.275028 0.991465
      vertex -16.618567 2.944382 1.101656
      vertex -16.898344 2.944382 1.381433
    endloop
  endfacet
  facet normal -0.624483 -0.469087 -0.624483
    outer loop
      vertex -16.756743 3.275028 0.991465
      vertex -16.898344 2.944382 1.381433
      vertex -17.008535 3.275028 1.243257
    endloop
  endfacet
  facet normal -0.469865 -0.469087 -0.747786
    outer loop
      vertex -17.008535 3.275028 1.243257
      vertex -16.898344 2.944382 1.381433
      vertex -17.233362 2.944382 1.591940
    endloop
  endfacet
  facet normal -0.469865 -0.469087 -0.747786
    outer loop
      vertex -17.008535 3.275028 1.243257
      vertex -17.233362 2.944382 1.591940
      vertex -17.310044 3.275028 1.432708
    endloop
  endfacet
  facet normal -0.291687 -0.469087 -0.833593
    outer loop
      vertex -17.310044 3.275028 1.432708
      vertex -17.233362 2.944382 1.591940
      vertex -17.606823 2.944382 1.722619
    endloop
  endfacet
  facet normal -0.291687 -0.469087 -0.833593
    outer loop
      vertex -17.310044 3.275028 1.432708
      vertex -17.606823 2.944382 1.722619
      vertex -17.646150 3.275028 1.550316
    endloop
  endfacet
  facet normal -0.098882 -0.469087 -0.877599
    outer loop
      vertex -17.646150 3.275028 1.550316
      vertex -17.606823 2.944382 1.722619
      vertex -18.000000 2.944382 1.766920
    endloop
  endfacet
  facet normal -0.098882 -0.469087 -0.877599
    outer loop
      vertex -17.646150 3.275028 1.550316
      vertex -18.000000 2.944382 1.766920
      vertex -18.000000 3.275028 1.590186
    endloop
  endfacet
  facet normal 0.098882 -0.469087 -0.877599
    outer loop
      vertex -18.000000 3.275028 1.590186
      vertex -18.000000 2.944382 1.766920
      vertex -18.393177 2.944382 1.722619
    endloop
  endfacet
  facet normal 0.098882 -0.469087 -0.877599
    outer loop
      vertex -18.000000 3.275028 1.590186
      vertex -18.393177 2.944382 1.722619
      vertex -18.353850 3.275028 1.550316
    endloop
  endfacet
  facet normal 0.291687 -0.469087 -0.833593
    outer loop
      vertex -18.353850 3.275028 1.550316
      vertex -18.393177 2.944382 1.722619
      vertex -18.766638 2.944382 1.591940
    endloop
  endfacet
  facet normal 0.291687 -0.469087 -0.833593
    outer loop
      vertex -18.353850 3.275028 1.550316
      vertex -18.766638 2.944382 1.591940
      vertex -18.689956 3.275028 1.432708
    endloop
  endfacet
  facet normal 0.469865 -0.469087 -0.747786
    outer loop
      vertex -18.689956 3.275028 1.432708
      vertex -18.766638 2.944382 1.591940
      vertex -19.101656 2.944382 1.381433
    endloop
  endfacet
  facet normal 0.469865 -0.469087 -0.747786
    outer loop
      vertex -18.689956 3.275028 1.432708
      vertex -19.101656 2.944382 1.381433
      vertex -18.991465 3.275028 1.243257
    endloop
  endfacet
  facet normal 0.624483 -0.469087 -0.624483
    outer loop
      vertex -18.991465 3.275028 1.243257
      vertex -19.101656 2.944382 1.381433
      vertex -19.381433 2.944382 1.101656
    endloop
  endfacet
  facet normal 0.624483 -0.469087 -0.624483
    outer loop
      vertex -18.991465 3.275028 1.243257
      vertex -19.381433 2.944382 1.101656
      vertex -19.243257 3.275028 0.991465
    endloop
  endfacet
  facet normal 0.747786 -0.469087 -0.469865
    outer loop
      vertex -19.243257 3.275028 0.991465
      vertex -19.381433 2.944382 1.101656
      vertex -19.591940 2.944382 0.766638
    endloop
  endfacet
  facet normal 0.747786 -0.469087 -0.469865
    outer loop
      vertex -19.243257 3.275028 0.991465
      vertex -19.591940 2.944382 0.766638
      vertex -19.432708 3.275028 0.689956
    endloop
  endfacet
  facet normal 0.833593 -0.469087 -0.291687
    outer loop
      vertex -19.432708 3.275028 0.689956
      vertex -19.591940 2.944382 0.766638
      vertex -19.722619 2.944382 0.393177
    endloop
  endfacet
  facet normal 0.833593 -0.469087 -0.291687
    outer loop
      vertex -19.432708 3.275028 0.689956
      vertex -19.722619 2.944382 0.393177
      vertex -19.550316 3.275028 0.353850
    endloop
  endfacet
  facet normal 0.877599 -0.469087 -0.098882
    outer loop
      vertex -19.550316 3.275028 0.353850
      vertex -19.722619 2.944382 0.393177
      vertex -19.766920 2.944382 0.000000
    endloop
  endfacet
  facet normal 0.877599 -0.469087 -0.098882
    outer loop
      vertex -19.550316 3.275028 0.353850
      vertex -19.766920 2.944382 0.000000
      vertex -19.590186 3.275028 0.000000
    endloop
  endfacet
  facet normal 0.877599 -0.469087 0.098882
    outer loop
      vertex -19.590186 3.275028 0.000000
      vertex -19.766920 2.944382 0.000000
      vertex -19.722619 2.944382 -0.393177
    endloop
  endfacet
  facet normal 0.877599 -0.469087 0.098882
    outer loop
      vertex -19.590186 3.275028 0.000000
      vertex -19.722619 2.944382 -0.393177
      vertex -19.550316 3.275028 -0.353850
    endloop
  endfacet
  facet normal 0.833593 -0.469087 0.291687
    outer loop
      vertex -19.550316 3.275028 -0.353850
      vertex -19.722619 2.944382 -0.393177
      vertex -19.591940 2.944382 -0.766638
    endloop
  endfacet
  facet normal 0.833593 -0.469087 0.291687
    outer loop
      vertex -19.550316 3.275028 -0.353850
      vertex -19.591940 2.944382 -0.766638
      vertex -19.432708 3.275028 -0.689956
    endloop
  endfacet
  facet normal 0.747786 -0.469087 0.469865
    outer loop
      vertex -19.432708 3.275028 -0.689956
      vertex -19.591940 2.944382 -0.766638
      vertex -19.381433 2.944382 -1.101656
    endloop
  endfacet
  facet normal 0.747786 -0.469087 0.469865
    outer loop
      vertex -19.432708 3.275028 -0.689956
      vertex -19.381433 2.944382 -1.101656
      vertex -19.243257 3.275028 -0.991465
    endloop
  endfacet
  facet normal 0.624483 -0.469087 0.624483
    outer loop
      vertex -19.243257 3.275028 -0.991465
      vertex -19.381433 2.944382 -1.101656
      vertex -19.101656 2.944382 -1.381433
    endloop
  endfacet
  facet normal 0.624483 -0.469087 0.624483
    outer loop
      vertex -19.243257 3.275028 -0.991465
      vertex -19.101656 2.944382 -1.381433
      vertex -18.991465 3.275028 -1.243257
    endloop
  endfacet
  facet normal 0.469865 -0.469087 0.747786
    outer loop
      vertex -18.991465 3.275028 -1.243257
      vertex -19.101656 2.944382 -1.381433
      vertex -18.766638 2.944382 -1.591940
    endloop
  endfacet
  facet normal 0.469865 -0.469087 0.747786
    outer loop
      vertex -18.991465 3.275028 -1.243257
      vertex -18.766638 2.944382 -1.591940
      vertex -18.689956 3.275028 -1.432708
    endloop
  endfacet
  facet normal 0.291687 -0.469087 0.833593
    outer loop
      vertex -18.689956 3.275028 -1.432708
      vertex -18.766638 2.944382 -1.591940
      vertex -18.393177 2.944382 -1.722619
    endloop
  endfacet
  facet normal 0.291687 -0.469087 0.833593
    outer loop
      vertex -18.689956 3.275028 -1.432708
      vertex -18.393177 2.944382 -1.722619
      vertex -18.353850 3.275028 -1.550316
    endloop
  endfacet
  facet normal 0.098882 -0.469087 0.877599
    outer loop
      vertex -18.353850 3.275028 -1.550316
      vertex -18.393177 2.944382 -1.722619
      vertex -18.000000 2.944382 -1.766920
    endloop
  endfacet
  facet normal 0.098882 -0.469087 0.877599
    outer loop
      vertex -18.353850 3.275028 -1.550316
      vertex -18.000000 2.944382 -1.766920
      vertex -18.000000 3.275028 -1.590186
    endloop
  endfacet
  facet normal -0.098882 -0.469087 0.877599
    outer loop
      vertex -18.000000 3.275028 -1.590186
      vertex -18.000000 2.944382 -1.766920
      vertex -17.606823 2.944382 -1.722619
    endloop
  endfacet
  facet normal -0.098882 -0.469087 0.877599
    outer loop
      vertex -18.000000 3.275028 -1.590186
      vertex -17.606823 2.944382 -1.722619
      vertex -17.646150 3.275028 -1.550316
    endloop
  endfacet
  facet normal -0.291687 -0.469087 0.833593
    outer loop
      vertex -17.646150 3.275028 -1.550316
      vertex -17.606823 2.944382 -1.722619
      vertex -17.233362 2.944382 -1.591940
    endloop
  endfacet
  facet normal -0.291687 -0.469087 0.833593
    outer loop
      vertex -17.646150 3.275028 -1.550316
      vertex -17.233362 2.944382 -1.591940
      vertex -17.310044 3.275028 -1.432708
    endloop
  endfacet
  facet normal -0.469865 -0.469087 0.747786
    outer loop
      vertex -17.310044 3.275028 -1.432708
      vertex -17.233362 2.944382 -1.591940
      vertex -16.898344 2.944382 -1.381433
    endloop
  endfacet
  facet normal -0.469865 -0.469087 0.747786
    outer loop
      vertex -17.310044 3.275028 -1.432708
      vertex -16.898344 2.944382 -1.381433
      vertex -17.008535 3.275028 -1.243257
    endloop
  endfacet
  facet normal -0.624483 -0.469087 0.624483
    outer loop
      vertex -17.008535 3.275028 -1.243257
      vertex -16.898344 2.944382 -1.381433
      vertex -16.618567 2.944382 -1.101656
    endloop
  endfacet
  facet normal -0.624483 -0.469087 0.624483
    outer loop
      vertex -17.008535 3.275028 -1.243257
      vertex -16.618567 2.944382 -1.101656
      vertex -16.756743 3.275028 -0.991465
    endloop
  endfacet
  facet normal -0.747786 -0.469087 0.469865
    outer loop
      vertex -16.756743 3.275028 -0.991465
      vertex -16.618567 2.944382 -1.101656
      vertex -16.408060 2.944382 -0.766638
    endloop
  endfacet
  facet normal -0.747786 -0.469087 0.469865
    outer loop
      vertex -16.756743 3.275028 -0.991465
      vertex -16.408060 2.944382 -0.766638
      vertex -16.567292 3.275028 -0.689956
    endloop
  endfacet
  facet normal -0.833593 -0.469087 0.291687
    outer loop
      vertex -16.567292 3.275028 -0.689956
      vertex -16.408060 2.944382 -0.766638
      vertex -16.277381 2.944382 -0.393177
    endloop
  endfacet
  facet normal -0.833593 -0.469087 0.291687
    outer loop
      vertex -16.567292 3.275028 -0.689956
      vertex -16.277381 2.944382 -0.393177
      vertex -16.449684 3.275028 -0.353850
    endloop
  endfacet
  facet normal -0.877599 -0.469087 0.098882
    outer loop
      vertex -16.449684 3.275028 -0.353850
      vertex -16.277381 2.944382 -0.393177
      vertex -16.233080 2.944382 0.000000
    endloop
  endfacet
  facet normal -0.877599 -0.469087 0.098882
    outer loop
      vertex -16.449684 3.275028 -0.353850
      vertex -16.233080 2.944382 0.000000
      vertex -16.409814 3.275028 0.000000
    endloop
  endfacet
  facet normal -0.951426 -0.288612 -0.107200
    outer loop
      vertex -16.233080 2.944382 0.000000
      vertex -16.124248 2.585610 0.000000
      vertex -16.171277 2.585610 0.417394
    endloop
  endfacet
  facet normal -0.951426 -0.288612 -0.107200
    outer loop
      vertex -16.233080 2.944382 0.000000
      vertex -16.171277 2.585610 0.417394
      vertex -16.277381 2.944382 0.393177
    endloop
  endfacet
  facet normal -0.903717 -0.288612 -0.316224
    outer loop
      vertex -16.277381 2.944382 0.393177
      vertex -16.171277 2.585610 0.417394
      vertex -16.310006 2.585610 0.813858
    endloop
  endfacet
  facet normal -0.903717 -0.288612 -0.316224
    outer loop
      vertex -16.277381 2.944382 0.393177
      vertex -16.310006 2.585610 0.813858
      vertex -16.408060 2.944382 0.766638
    endloop
  endfacet
  facet normal -0.810693 -0.288612 -0.509392
    outer loop
      vertex -16.408060 2.944382 0.766638
      vertex -16.310006 2.585610 0.813858
      vertex -16.533478 2.585610 1.169512
    endloop
  endfacet
  facet normal -0.810693 -0.288612 -0.509392
    outer loop
      vertex -16.408060 2.944382 0.766638
      vertex -16.533478 2.585610 1.169512
      vertex -16.618567 2.944382 1.101656
    endloop
  endfacet
  facet normal -0.677017 -0.288612 -0.677017
    outer loop
      vertex -16.618567 2.944382 1.101656
      vertex -16.533478 2.585610 1.169512
      vertex -16.830488 2.585610 1.466522
    endloop
  endfacet
  facet normal -0.677017 -0.288612 -0.677017
    outer loop
      vertex -16.618567 2.944382 1.101656
      vertex -16.830488 2.585610 1.466522
      vertex -16.898344 2.944382 1.381433
    endloop
  endfacet
  facet normal -0.509392 -0.288612 -0.810693
    outer loop
      vertex -16.898344 2.944382 1.381433
      vertex -16.830488 2.585610 1.466522
      vertex -17.186142 2.585610 1.689994
    endloop
  endfacet
  facet normal -0.509392 -0.288612 -0.810693
    outer loop
      vertex -16.898344 2.944382 1.381433
      vertex -17.186142 2.585610 1.689994
      vertex -17.233362 2.944382 1.591940
    endloop
  endfacet
  facet normal -0.316224 -0.288612 -0.903717
    outer loop
      vertex -17.233362 2.944382 1.591940
      vertex -17.186142 2.585610 1.689994
      vertex -17.582606 2.585610 1.828723
    endloop
  endfacet
  facet normal -0.316224 -0.288612 -0.903717
    outer loop
      vertex -17.233362 2.944382 1.591940
      vertex -17.582606 2.585610 1.828723
      vertex -17.606823 2.944382 1.722619
    endloop
  endfacet
  facet normal -0.107200 -0.288612 -0.951426
    outer loop
      vertex -17.606823 2.944382 1.722619
      vertex -17.582606 2.585610 1.828723
      vertex -18.000000 2.585610 1.875752
    endloop
  endfacet
  facet normal -0.107200 -0.288612 -0.951426
    outer loop
      vertex -17.606823 2.944382 1.722619
      vertex -18.000000 2.585610 1.875752
      vertex -18.000000 2.944382 1.766920
    endloop
  endfacet
  facet normal 0.107200 -0.288612 -0.951426
    outer loop
      vertex -18.000000 2.944382 1.766920
      vertex -18.000000 2.585610 1.875752
      vertex -18.417394 2.585610 1.828723
    endloop
  endfacet
  facet normal 0.107200 -0.288612 -0.951426
    outer loop
      vertex -18.000000 2.944382 1.766920
      vertex -18.417394 2.585610 1.828723
      vertex -18.393177 2.944382 1.722619
    endloop
  endfacet
  facet normal 0.316224 -0.288612 -0.903717
    outer loop
      vertex -18.393177 2.944382 1.722619
      vertex -18.417394 2.585610 1.828723
      vertex -18.813858 2.585610 1.689994
    endloop
  endfacet
  facet normal 0.316224 -0.288612 -0.903717
    outer loop
      vertex -18.393177 2.944382 1.722619
      vertex -18.813858 2.585610 1.689994
      vertex -18.766638 2.944382 1.591940
    endloop
  endfacet
  facet normal 0.509392 -0.288612 -0.810693
    outer loop
      vertex -18.766638 2.944382 1.591940
      vertex -18.813858 2.585610 1.689994
      vertex -19.169512 2.585610 1.466522
    endloop
  endfacet
  facet normal 0.509392 -0.288612 -0.810693
    outer loop
      vertex -18.766638 2.944382 1.591940
      vertex -19.169512 2.585610 1.466522
      vertex -19.101656 2.944382 1.381433
    endloop
  endfacet
  facet normal 0.677017 -0.288612 -0.677017
    outer loop
      vertex -19.101656 2.944382 1.381433
      vertex -19.169512 2.585610 1.466522
      vertex -19.466522 2.585610 1.169512
    endloop
  endfacet
  facet normal 0.677017 -0.288612 -0.677017
    outer loop
      vertex -19.101656 2.944382 1.381433
      vertex -19.466522 2.585610 1.169512
      vertex -19.381433 2.944382 1.101656
    endloop
  endfacet
  facet normal 0.810693 -0.288612 -0.509392
    outer loop
      vertex -19.381433 2.944382 1.101656
      vertex -19.466522 2.585610 1.169512
      vertex -19.689994 2.585610 0.813858
    endloop
  endfacet
  facet normal 0.810693 -0.288612 -0.509392
    outer loop
      vertex -19.381433 2.944382 1.101656
      vertex -19.689994 2.585610 0.813858
      vertex -19.591940 2.944382 0.766638
    endloop
  endfacet
  facet normal 0.903717 -0.288612 -0.316224
    outer loop
      vertex -19.591940 2.944382 0.766638
      vertex -19.689994 2.585610 0.813858
      vertex -19.828723 2.585610 0.417394
    endloop
  endfacet
  facet normal 0.903717 -0.288612 -0.316224
    outer loop
      vertex -19.591940 2.944382 0.766638
      vertex -19.828723 2.585610 0.417394
      vertex -19.722619 2.944382 0.393177
    endloop
  endfacet
  facet normal 0.951426 -0.288612 -0.107200
    outer loop
      vertex -19.722619 2.944382 0.393177
      vertex -19.828723 2.585610 0.417394
      vertex -19.875752 2.585610 0.000000
    endloop
  endfacet
  facet normal 0.951426 -0.288612 -0.107200
    outer loop
      vertex -19.722619 2.944382 0.393177
      vertex -19.875752 2.585610 0.000000
      vertex -19.766920 2.944382 0.000000
    endloop
  endfacet
  facet normal 0.951426 -0.288612 0.107200
    outer loop
      vertex -19.766920 2.944382 0.000000
      vertex -19.875752 2.585610 0.000000
      vertex -19.828723 2.585610 -0.417394
    endloop
  endfacet
  facet normal 0.951426 -0.288612 0.107200
    outer loop
      vertex -19.766920 2.944382 0.000000
      vertex -19.828723 2.585610 -0.417394
      vertex -19.722619 2.944382 -0.393177
    endloop
  endfacet
  facet normal 0.903717 -0.288612 0.316224
    outer loop
      vertex -19.722619 2.944382 -0.393177
      vertex -19.828723 2.585610 -0.417394
      vertex -19.689994 2.585610 -0.813858
    endloop
  endfacet
  facet normal 0.903717 -0.288612 0.316224
    outer loop
      vertex -19.722619 2.944382 -0.393177
      vertex -19.689994 2.585610 -0.813858
      vertex -19.591940 2.944382 -0.766638
    endloop
  endfacet
  facet normal 0.810693 -0.288612 0.509392
    outer loop
      vertex -19.591940 2.944382 -0.766638
      vertex -19.689994 2.585610 -0.813858
      vertex -19.466522 2.585610 -1.169512
    endloop
  endfacet
  facet normal 0.810693 -0.288612 0.509392
    outer loop
      vertex -19.591940 2.944382 -0.766638
      vertex -19.466522 2.585610 -1.169512
      vertex -19.381433 2.944382 -1.101656
    endloop
  endfacet
  facet normal 0.677017 -0.288612 0.677017
    outer loop
      vertex -19.381433 2.944382 -1.101656
      vertex -19.466522 2.585610 -1.169512
      vertex -19.169512 2.585610 -1.466522
    endloop
  endfacet
  facet normal 0.677017 -0.288612 0.677017
    outer loop
      vertex -19.381433 2.944382 -1.101656
      vertex -19.169512 2.585610 -1.466522
      vertex -19.101656 2.944382 -1.381433
    endloop
  endfacet
  facet normal 0.509392 -0.288612 0.810693
    outer loop
      vertex -19.101656 2.944382 -1.381433
      vertex -19.169512 2.585610 -1.466522
      vertex -18.813858 2.585610 -1.689994
    endloop
  endfacet
  facet normal 0.509392 -0.288612 0.810693
    outer loop
      vertex -19.101656 2.944382 -1.381433
      vertex -18.813858 2.585610 -1.689994
      vertex -18.766638 2.944382 -1.591940
    endloop
  endfacet
  facet normal 0.316224 -0.288612 0.903717
    outer loop
      vertex -18.766638 2.944382 -1.591940
      vertex -18.813858 2.585610 -1.689994
      vertex -18.417394 2.585610 -1.828723
    endloop
  endfacet
  facet normal 0.316224 -0.288612 0.903717
    outer loop
      vertex -18.766638 2.944382 -1.591940
      vertex -18.417394 2.585610 -1.828723
      vertex -18.393177 2.944382 -1.722619
    endloop
  endfacet
  facet normal 0.107200 -0.288612 0.951426
    outer loop
      vertex -18.393177 2.944382 -1.722619
      vertex -18.417394 2.585610 -1.828723
      vertex -18.000000 2.585610 -1.875752
    endloop
  endfacet
  facet normal 0.107200 -0.288612 0.951426
    outer loop
      vertex -18.393177 2.944382 -1.722619
      vertex -18.000000 2.585610 -1.875752
      vertex -18.000000 2.944382 -1.766920
    endloop
  endfacet
  facet normal -0.107200 -0.288612 0.951426
    outer loop
      vertex -18.000000 2.944382 -1.766920
      vertex -18.000000 2.585610 -1.875752
      vertex -17.582606 2.585610 -1.828723
    endloop
  endfacet
  facet normal -0.107200 -0.288612 0.951426
    outer loop
      vertex -18.000000 2.944382 -1.766920
      vertex -17.582606 2.585610 -1.828723
      vertex -17.606823 2.944382 -1.722619
    endloop
  endfacet
  facet normal -0.316224 -0.288612 0.903717
    outer loop
      vertex -17.606823 2.944382 -1.722619
      vertex -17.582606 2.585610 -1.828723
      vertex -17.186142 2.585610 -1.689994
    endloop
  endfacet
  facet normal -0.316224 -0.288612 0.903717
    outer loop
      vertex -17.606823 2.944382 -1.722619
      vertex -17.186142 2.585610 -1.689994
      vertex -17.233362 2.944382 -1.591940
    endloop
  endfacet
  facet normal -0.509392 -0.288612 0.810693
    outer loop
      vertex -17.233362 2.944382 -1.591940
      vertex -17.186142 2.585610 -1.689994
      vertex -16.830488 2.585610 -1.466522
    endloop
  endfacet
  facet normal -0.509392 -0.288612 0.810693
    outer loop
      vertex -17.233362 2.944382 -1.591940
      vertex -16.830488 2.585610 -1.466522
      vertex -16.898344 2.944382 -1.381433
    endloop
  endfacet
  facet normal -0.677017 -0.288612 0.677017
    outer loop
      vertex -16.898344 2.944382 -1.381433
      vertex -16.830488 2.585610 -1.466522
      vertex -16.533478 2.585610 -1.169512
    endloop
  endfacet
  facet normal -0.677017 -0.288612 0.677017
    outer loop
      vertex -16.898344 2.944382 -1.381433
      vertex -16.533478 2.585610 -1.169512
      vertex -16.618567 2.944382 -1.101656
    endloop
  endfacet
  facet normal -0.810693 -0.288612 0.509392
    outer loop
      vertex -16.618567 2.944382 -1.101656
      vertex -16.533478 2.585610 -1.169512
      vertex -16.310006 2.585610 -0.813858
    endloop
  endfacet
  facet normal -0.810693 -0.288612 0.509392
    outer loop
      vertex -16.618567 2.944382 -1.101656
      vertex -16.310006 2.585610 -0.813858
      vertex -16.408060 2.944382 -0.766638
    endloop
  endfacet
  facet normal -0.903717 -0.288612 0.316224
    outer loop
      vertex -16.408060 2.944382 -0.766638
      vertex -16.310006 2.585610 -0.813858
      vertex -16.171277 2.585610 -0.417394
    endloop
  endfacet
  facet normal -0.903717 -0.288612 0.316224
    outer loop
      vertex -16.408060 2.944382 -0.766638
      vertex -16.171277 2.585610 -0.417394
      vertex -16.277381 2.944382 -0.393177
    endloop
  endfacet
  facet normal -0.951426 -0.288612 0.107200
    outer loop
      vertex -16.277381 2.944382 -0.393177
      vertex -16.171277 2.585610 -0.417394
      vertex -16.124248 2.585610 0.000000
    endloop
  endfacet
  facet normal -0.951426 -0.288612 0.107200
    outer loop
      vertex -16.277381 2.944382 -0.393177
      vertex -16.124248 2.585610 0.000000
      vertex -16.233080 2.944382 0.000000
    endloop
  endfacet
  facet normal -0.988987 -0.097407 -0.111432
    outer loop
      vertex -16.124248 2.585610 0.000000
      vertex -16.087500 2.212500 0.000000
      vertex -16.135450 2.212500 0.425571
    endloop
  endfacet
  facet normal -0.988987 -0.097407 -0.111432
    outer loop
      vertex -16.124248 2.585610 0.000000
      vertex -16.135450 2.212500 0.425571
      vertex -16.171277 2.585610 0.417394
    endloop
  endfacet
  facet normal -0.939395 -0.097407 -0.328708
    outer loop
      vertex -16.171277 2.585610 0.417394
      vertex -16.135450 2.212500 0.425571
      vertex -16.276897 2.212500 0.829803
    endloop
  endfacet
  facet normal -0.939395 -0.097407 -0.328708
    outer loop
      vertex -16.171277 2.585610 0.417394
      vertex -16.276897 2.212500 0.829803
      vertex -16.310006 2.585610 0.813858
    endloop
  endfacet
  facet normal -0.842698 -0.097407 -0.529502
    outer loop
      vertex -16.310006 2.585610 0.813858
      vertex -16.276897 2.212500 0.829803
      vertex -16.504747 2.212500 1.192424
    endloop
  endfacet
  facet normal -0.842698 -0.097407 -0.529502
    outer loop
      vertex -16.310006 2.585610 0.813858
      vertex -16.504747 2.212500 1.192424
      vertex -16.533478 2.585610 1.169512
    endloop
  endfacet
  facet normal -0.703744 -0.097407 -0.703744
    outer loop
      vertex -16.533478 2.585610 1.169512
      vertex -16.504747 2.212500 1.192424
      vertex -16.807576 2.212500 1.495253
    endloop
  endfacet
  facet normal -0.703744 -0.097407 -0.703744
    outer loop
      vertex -16.533478 2.585610 1.169512
      vertex -16.807576 2.212500 1.495253
      vertex -16.830488 2.585610 1.466522
    endloop
  endfacet
  facet normal -0.529502 -0.097407 -0.842698
    outer loop
      vertex -16.830488 2.585610 1.466522
      vertex -16.807576 2.212500 1.495253
      vertex -17.170197 2.212500 1.723103
    endloop
  endfacet
  facet normal -0.529502 -0.097407 -0.842698
    outer loop
      vertex -16.830488 2.585610 1.466522
      vertex -17.170197 2.212500 1.723103
      vertex -17.186142 2.585610 1.689994
    endloop
  endfacet
  facet normal -0.328708 -0.097407 -0.939395
    outer loop
      vertex -17.186142 2.585610 1.689994
      vertex -17.170197 2.212500 1.723103
      vertex -17.574429 2.212500 1.864550
    endloop
  endfacet
  facet normal -0.328708 -0.097407 -0.939395
    outer loop
      vertex -17.186142 2.585610 1.689994
      vertex -17.574429 2.212500 1.864550
      vertex -17.582606 2.585610 1.828723
    endloop
  endfacet
  facet normal -0.111432 -0.097407 -0.988987
    outer loop
      vertex -17.582606 2.585610 1.828723
      vertex -17.574429 2.212500 1.864550
      vertex -18.000000 2.212500 1.912500
    endloop
  endfacet
  facet normal -0.111432 -0.097407 -0.988987
    outer loop
      vertex -17.582606 2.585610 1.828723
      vertex -18.000000 2.212500 1.912500
      vertex -18.000000 2.585610 1.875752
    endloop
  endfacet
  facet normal 0.111432 -0.097407 -0.988987
    outer loop
      vertex -18.000000 2.585610 1.875752
      vertex -18.000000 2.212500 1.912500
      vertex -18.425571 2.212500 1.864550
    endloop
  endfacet
  facet normal 0.111432 -0.097407 -0.988987
    outer loop
      vertex -18.000000 2.585610 1.875752
      vertex -18.425571 2.212500 1.864550
      vertex -18.417394 2.585610 1.828723
    endloop
  endfacet
  facet normal 0.328708 -0.097407 -0.939395
    outer loop
      vertex -18.417394 2.585610 1.828723
      vertex -18.425571 2.212500 1.864550
      vertex -18.829803 2.212500 1.723103
    endloop
  endfacet
  facet normal 0.328708 -0.097407 -0.939395
    outer loop
      vertex -18.417394 2.585610 1.828723
      vertex -18.829803 2.212500 1.723103
      vertex -18.813858 2.585610 1.689994
    endloop
  endfacet
  facet normal 0.529502 -0.097407 -0.842698
    outer loop
      vertex -18.813858 2.585610 1.689994
      vertex -18.829803 2.212500 1.723103
      vertex -19.192424 2.212500 1.495253
    endloop
  endfacet
  facet normal 0.529502 -0.097407 -0.842698
    outer loop
      vertex -18.813858 2.585610 1.689994
      vertex -19.192424 2.212500 1.495253
      vertex -19.169512 2.585610 1.466522
    endloop
  endfacet
  facet normal 0.703744 -0.097407 -0.703744
    outer loop
      vertex -19.169512 2.585610 1.466522
      vertex -19.192424 2.212500 1.495253
      vertex -19.495253 2.212500 1.192424
    endloop
  endfacet
  facet normal 0.703744 -0.097407 -0.703744
    outer loop
      vertex -19.169512 2.585610 1.466522
      vertex -19.495253 2.212500 1.192424
      vertex -19.466522 2.585610 1.169512
    endloop
  endfacet
  facet normal 0.842698 -0.097407 -0.529502
    outer loop
      vertex -19.466522 2.585610 1.169512
      vertex -19.495253 2.212500 1.192424
      vertex -19.723103 2.212500 0.829803
    endloop
  endfacet
  facet normal 0.842698 -0.097407 -0.529502
    outer loop
      vertex -19.466522 2.585610 1.169512
      vertex -19.723103 2.212500 0.829803
      vertex -19.689994 2.585610 0.813858
    endloop
  endfacet
  facet normal 0.939395 -0.097407 -0.328708
    outer loop
      vertex -19.689994 2.585610 0.813858
      vertex -19.723103 2.212500 0.829803
      vertex -19.864550 2.212500 0.425571
    endloop
  endfacet
  facet normal 0.939395 -0.097407 -0.328708
    outer loop
      vertex -19.689994 2.585610 0.813858
      vertex -19.864550 2.212500 0.425571
      vertex -19.828723 2.585610 0.417394
    endloop
  endfacet
  facet normal 0.988987 -0.097407 -0.111432
    outer loop
      vertex -19.828723 2.585610 0.417394
      vertex -19.864550 2.212500 0.425571
      vertex -19.912500 2.212500 0.000000
    endloop
  endfacet
  facet normal 0.988987 -0.097407 -0.111432
    outer loop
      vertex -19.828723 2.585610 0.417394
      vertex -19.912500 2.212500 0.000000
      vertex -19.875752 2.585610 0.000000
    endloop
  endfacet
  facet normal 0.988987 -0.097407 0.111432
    outer loop
      vertex -19.875752 2.585610 0.000000
      vertex -19.912500 2.212500 0.000000
      vertex -19.864550 2.212500 -0.425571
    endloop
  endfacet
  facet normal 0.988987 -0.097407 0.111432
    outer loop
      vertex -19.875752 2.585610 0.000000
      vertex -19.864550 2.212500 -0.425571
      vertex -19.828723 2.585610 -0.417394
    endloop
  endfacet
  facet normal 0.939395 -0.097407 0.328708
    outer loop
      vertex -19.828723 2.585610 -0.417394
      vertex -19.864550 2.212500 -0.425571
      vertex -19.723103 2.212500 -0.829803
    endloop
  endfacet
  facet normal 0.939395 -0.097407 0.328708
    outer loop
      vertex -19.828723 2.585610 -0.417394
      vertex -19.723103 2.212500 -0.829803
      vertex -19.689994 2.585610 -0.813858
    endloop
  endfacet
  facet normal 0.842698 -0.097407 0.529502
    outer loop
      vertex -19.689994 2.585610 -0.813858
      vertex -19.723103 2.212500 -0.829803
      vertex -19.495253 2.212500 -1.192424
    endloop
  endfacet
  facet normal 0.842698 -0.097407 0.529502
    outer loop
      vertex -19.689994 2.585610 -0.813858
      vertex -19.495253 2.212500 -1.192424
      vertex -19.466522 2.585610 -1.169512
    endloop
  endfacet
  facet normal 0.703744 -0.097407 0.703744
    outer loop
      vertex -19.466522 2.585610 -1.169512
      vertex -19.495253 2.212500 -1.192424
      vertex -19.192424 2.212500 -1.495253
    endloop
  endfacet
  facet normal 0.703744 -0.097407 0.703744
    outer loop
      vertex -19.466522 2.585610 -1.169512
      vertex -19.192424 2.212500 -1.495253
      vertex -19.169512 2.585610 -1.466522
    endloop
  endfacet
  facet normal 0.529502 -0.097407 0.842698
    outer loop
      vertex -19.169512 2.585610 -1.466522
      vertex -19.192424 2.212500 -1.495253
      vertex -18.829803 2.212500 -1.723103
    endloop
  endfacet
  facet normal 0.529502 -0.097407 0.842698
    outer loop
      vertex -19.169512 2.585610 -1.466522
      vertex -18.829803 2.212500 -1.723103
      vertex -18.813858 2.585610 -1.689994
    endloop
  endfacet
  facet normal 0.328708 -0.097407 0.939395
    outer loop
      vertex -18.813858 2.585610 -1.689994
      vertex -18.829803 2.212500 -1.723103
      vertex -18.425571 2.212500 -1.864550
    endloop
  endfacet
  facet normal 0.328708 -0.097407 0.939395
    outer loop
      vertex -18.813858 2.585610 -1.689994
      vertex -18.425571 2.212500 -1.864550
      vertex -18.417394 2.585610 -1.828723
    endloop
  endfacet
  facet normal 0.111432 -0.097407 0.988987
    outer loop
      vertex -18.417394 2.585610 -1.828723
      vertex -18.425571 2.212500 -1.864550
      vertex -18.000000 2.212500 -1.912500
    endloop
  endfacet
  facet normal 0.111432 -0.097407 0.988987
    outer loop
      vertex -18.417394 2.585610 -1.828723
      vertex -18.000000 2.212500 -1.912500
      vertex -18.000000 2.585610 -1.875752
    endloop
  endfacet
  facet normal -0.111432 -0.097407 0.988987
    outer loop
      vertex -18.000000 2.585610 -1.875752
      vertex -18.000000 2.212500 -1.912500
      vertex -17.574429 2.212500 -1.864550
    endloop
  endfacet
  facet normal -0.111432 -0.097407 0.988987
    outer loop
      vertex -18.000000 2.585610 -1.875752
      vertex -17.574429 2.212500 -1.864550
      vertex -17.582606 2.585610 -1.828723
    endloop
  endfacet
  facet normal -0.328708 -0.097407 0.939395
    outer loop
      vertex -17.582606 2.585610 -1.828723
      vertex -17.574429 2.212500 -1.864550
      vertex -17.170197 2.212500 -1.723103
    endloop
  endfacet
  facet normal -0.328708 -0.097407 0.939395
    outer loop
      vertex -17.582606 2.585610 -1.828723
      vertex -17.170197 2.212500 -1.723103
      vertex -17.186142 2.585610 -1.689994
    endloop
  endfacet
  facet normal -0.529502 -0.097407 0.842698
    outer loop
      vertex -17.186142 2.585610 -1.689994
      vertex -17.170197 2.212500 -1.723103
      vertex -16.807576 2.212500 -1.495253
    endloop
  endfacet
  facet normal -0.529502 -0.097407 0.842698
    outer loop
      vertex -17.186142 2.585610 -1.689994
      vertex -16.807576 2.212500 -1.495253
      vertex -16.830488 2.585610 -1.466522
    endloop
  endfacet
  facet normal -0.703744 -0.097407 0.703744
    outer loop
      vertex -16.830488 2.585610 -1.466522
      vertex -16.807576 2.212500 -1.495253
      vertex -16.504747 2.212500 -1.192424
    endloop
  endfacet
  facet normal -0.703744 -0.097407 0.703744
    outer loop
      vertex -16.830488 2.585610 -1.466522
      vertex -16.504747 2.212500 -1.192424
      vertex -16.533478 2.585610 -1.169512
    endloop
  endfacet
  facet normal -0.842698 -0.097407 0.529502
    outer loop
      vertex -16.533478 2.585610 -1.169512
      vertex -16.504747 2.212500 -1.192424
      vertex -16.276897 2.212500 -0.829803
    endloop
  endfacet
  facet normal -0.842698 -0.097407 0.529502
    outer loop
      vertex -16.533478 2.585610 -1.169512
      vertex -16.276897 2.212500 -0.829803
      vertex -16.310006 2.585610 -0.813858
    endloop
  endfacet
  facet normal -0.939395 -0.097407 0.328708
    outer loop
      vertex -16.310006 2.585610 -0.813858
      vertex -16.276897 2.212500 -0.829803
      vertex -16.135450 2.212500 -0.425571
    endloop
  endfacet
  facet normal -0.939395 -0.097407 0.328708
    outer loop
      vertex -16.310006 2.585610 -0.813858
      vertex -16.135450 2.212500 -0.425571
      vertex -16.171277 2.585610 -0.417394
    endloop
  endfacet
  facet normal -0.988987 -0.097407 0.111432
    outer loop
      vertex -16.171277 2.585610 -0.417394
      vertex -16.135450 2.212500 -0.425571
      vertex -16.087500 2.212500 0.000000
    endloop
  endfacet
  facet normal -0.988987 -0.097407 0.111432
    outer loop
      vertex -16.171277 2.585610 -0.417394
      vertex -16.087500 2.212500 0.000000
      vertex -16.124248 2.585610 0.000000
    endloop
  endfacet
  facet normal 0.000000 -1.000000 0.000000
    outer loop
      vertex 0.000000 2.212500 0.000000
      vertex 2.350000 2.212500 0.000000
      vertex 2.291081 2.212500 0.522924
    endloop
  endfacet
  facet normal 0.000000 1.000000 0.000000
    outer loop
      vertex 0.000000 -0.125000 0.000000
      vertex 2.291081 -0.125000 0.522924
      vertex 2.350000 -0.125000 0.000000
    endloop
  endfacet
  facet normal -0.993712 0.000000 -0.111964
    outer loop
      vertex 2.350000 -0.125000 0.000000
      vertex 2.291081 -0.125000 0.522924
      vertex 2.291081 2.212500 0.522924
    endloop
  endfacet
  facet normal -0.993712 0.000000 -0.111964
    outer loop
      vertex 2.350000 -0.125000 0.000000
      vertex 2.291081 2.212500 0.522924
      vertex 2.350000 2.212500 0.000000
    endloop
  endfacet
  facet normal 0.000000 -1.000000 0.000000
    outer loop
      vertex 0.000000 2.212500 0.000000
      vertex 2.291081 2.212500 0.522924
      vertex 2.117277 2.212500 1.019627
    endloop
  endfacet
  facet normal 0.000000 1.000000 0.000000
    outer loop
      vertex 0.000000 -0.125000 0.000000
      vertex 2.117277 -0.125000 1.019627
      vertex 2.291081 -0.125000 0.522924
    endloop
  endfacet
  facet normal -0.943883 0.000000 -0.330279
    outer loop
      vertex 2.291081 -0.125000 0.522924
      vertex 2.117277 -0.125000 1.019627
      vertex 2.117277 2.212500 1.019627
    endloop
  endfacet
  facet normal -0.943883 0.000000 -0.330279
    outer loop
      vertex 2.291081 -0.125000 0.522924
      vertex 2.117277 2.212500 1.019627
      vertex 2.291081 2.212500 0.522924
    endloop
  endfacet
  facet normal 0.000000 -1.000000 0.000000
    outer loop
      vertex 0.000000 2.212500 0.000000
      vertex 2.117277 2.212500 1.019627
      vertex 1.837304 2.212500 1.465201
    endloop
  endfacet
  facet normal 0.000000 1.000000 0.000000
    outer loop
      vertex 0.000000 -0.125000 0.000000
      vertex 1.837304 -0.125000 1.465201
      vertex 2.117277 -0.125000 1.019627
    endloop
  endfacet
  facet normal -0.846724 0.000000 -0.532032
    outer loop
      vertex 2.117277 -0.125000 1.019627
      vertex 1.837304 -0.125000 1.465201
      vertex 1.837304 2.212500 1.465201
    endloop
  endfacet
  facet normal -0.846724 0.000000 -0.532032
    outer loop
      vertex 2.117277 -0.125000 1.019627
      vertex 1.837304 2.212500 1.465201
      vertex 2.117277 2.212500 1.019627
    endloop
  endfacet
  facet normal 0.000000 -1.000000 0.000000
    outer loop
      vertex 0.000000 2.212500 0.000000
      vertex 1.837304 2.212500 1.465201
      vertex 1.465201 2.212500 1.837304
    endloop
  endfacet
  facet normal 0.000000 1.000000 0.000000
    outer loop
      vertex 0.000000 -0.125000 0.000000
      vertex 1.465201 -0.125000 1.837304
      vertex 1.837304 -0.125000 1.465201
    endloop
  endfacet
  facet normal -0.707107 0.000000 -0.707107
    outer loop
      vertex 1.837304 -0.125000 1.465201
      vertex 1.465201 -0.125000 1.837304
      vertex 1.465201 2.212500 1.837304
    endloop
  endfacet
  facet normal -0.707107 0.000000 -0.707107
    outer loop
      vertex 1.837304 -0.125000 1.465201
      vertex 1.465201 2.212500 1.837304
      vertex 1.837304 2.212500 1.465201
    endloop
  endfacet
  facet normal 0.000000 -1.000000 0.000000
    outer loop
      vertex 0.000000 2.212500 0.000000
      vertex 1.465201 2.212500 1.837304
      vertex 1.019627 2.212500 2.117277
    endloop
  endfacet
  facet normal 0.000000 1.000000 0.000000
    outer loop
      vertex 0.000000 -0.125000 0.000000
      vertex 1.019627 -0.125000 2.117277
      vertex 1.465201 -0.125000 1.837304
    endloop
  endfacet
  facet normal -0.532032 0.000000 -0.846724
    outer loop
      vertex 1.465201 -0.125000 1.837304
      vertex 1.019627 -0.125000 2.117277
      vertex 1.019627 2.212500 2.117277
    endloop
  endfacet
  facet normal -0.532032 0.000000 -0.846724
    outer loop
      vertex 1.465201 -0.125000 1.837304
      vertex 1.019627 2.212500 2.117277
      vertex 1.465201 2.212500 1.837304
    endloop
  endfacet
  facet normal 0.000000 -1.000000 0.000000
    outer loop
      vertex 0.000000 2.212500 0.000000
      vertex 1.019627 2.212500 2.117277
      vertex 0.522924 2.212500 2.291081
    endloop
  endfacet
  facet normal 0.000000 1.000000 0.000000
    outer loop
      vertex 0.000000 -0.125000 0.000000
      vertex 0.522924 -0.125000 2.291081
      vertex 1.019627 -0.125000 2.117277
    endloop
  endfacet
  facet normal -0.330279 0.000000 -0.943883
    outer loop
      vertex 1.019627 -0.125000 2.117277
      vertex 0.522924 -0.125000 2.291081
      vertex 0.522924 2.212500 2.291081
    endloop
  endfacet
  facet normal -0.330279 0.000000 -0.943883
    outer loop
      vertex 1.019627 -0.125000 2.117277
      vertex 0.522924 2.212500 2.291081
      vertex 1.019627 2.212500 2.117277
    endloop
  endfacet
  facet normal 0.000000 -1.000000 0.000000
    outer loop
      vertex 0.000000 2.212500 0.000000
      vertex 0.522924 2.212500 2.291081
      vertex 0.000000 2.212500 2.350000
    endloop
  endfacet
  facet normal 0.000000 1.000000 0.000000
    outer loop
      vertex 0.000000 -0.125000 0.000000
      vertex 0.000000 -0.125000 2.350000
      vertex 0.522924 -0.125000 2.291081
    endloop
  endfacet
  facet normal -0.111964 0.000000 -0.993712
    outer loop
      vertex 0.522924 -0.125000 2.291081
      vertex 0.000000 -0.125000 2.350000
      vertex 0.000000 2.212500 2.350000
    endloop
  endfacet
  facet normal -0.111964 0.000000 -0.993712
    outer loop
      vertex 0.522924 -0.125000 2.291081
      vertex 0.000000 2.212500 2.350000
      vertex 0.522924 2.212500 2.291081
    endloop
  endfacet
  facet normal 0.000000 -1.000000 0.000000
    outer loop
      vertex 0.000000 2.212500 0.000000
      vertex 0.000000 2.212500 2.350000
      vertex -0.522924 2.212500 2.291081
    endloop
  endfacet
  facet normal 0.000000 1.000000 0.000000
    outer loop
      vertex 0.000000 -0.125000 0.000000
      vertex -0.522924 -0.125000 2.291081
      vertex 0.000000 -0.125000 2.350000
    endloop
  endfacet
  facet normal 0.111964 0.000000 -0.993712
    outer loop
      vertex 0.000000 -0.125000 2.350000
      vertex -0.522924 -0.125000 2.291081
      vertex -0.522924 2.212500 2.291081
    endloop
  endfacet
  facet normal 0.111964 0.000000 -0.993712
    outer loop
      vertex 0.000000 -0.125000 2.350000
      vertex -0.522924 2.212500 2.291081
      vertex 0.000000 2.212500 2.350000
    endloop
  endfacet
  facet normal 0.000000 -1.000000 0.000000
    outer loop
      vertex 0.000000 2.212500 0.000000
      vertex -0.522924 2.212500 2.291081
      vertex -1.019627 2.212500 2.117277
    endloop
  endfacet
  facet normal 0.000000 1.000000 0.000000
    outer loop
      vertex 0.000000 -0.125000 0.000000
      vertex -1.019627 -0.125000 2.117277
      vertex -0.522924 -0.125000 2.291081
    endloop
  endfacet
  facet normal 0.330279 0.000000 -0.943883
    outer loop
      vertex -0.522924 -0.125000 2.291081
      vertex -1.019627 -0.125000 2.117277
      vertex -1.019627 2.212500 2.117277
    endloop
  endfacet
  facet normal 0.330279 0.000000 -0.943883
    outer loop
      vertex -0.522924 -0.125000 2.291081
      vertex -1.019627 2.212500 2.117277
      vertex -0.522924 2.212500 2.291081
    endloop
  endfacet
  facet normal 0.000000 -1.000000 0.000000
    outer loop
      vertex 0.000000 2.212500 0.000000
      vertex -1.019627 2.212500 2.117277
      vertex -1.465201 2.212500 1.837304
    endloop
  endfacet
  facet normal 0.000000 1.000000 0.000000
    outer loop
      vertex 0.000000 -0.125000 0.000000
      vertex -1.465201 -0.125000 1.837304
      vertex -1.019627 -0.125000 2.117277
    endloop
  endfacet
  facet normal 0.532032 0.000000 -0.846724
    outer loop
      vertex -1.019627 -0.125000 2.117277
      vertex -1.465201 -0.125000 1.837304
      vertex -1.465201 2.212500 1.837304
    endloop
  endfacet
  facet normal 0.532032 0.000000 -0.846724
    outer loop
      vertex -1.019627 -0.125000 2.117277
      vertex -1.465201 2.212500 1.837304
      vertex -1.019627 2.212500 2.117277
    endloop
  endfacet
  facet normal 0.000000 -1.000000 0.000000
    outer loop
      vertex 0.000000 2.212500 0.000000
      vertex -1.465201 2.212500 1.837304
      vertex -1.837304 2.212500 1.465201
    endloop
  endfacet
  facet normal 0.000000 1.000000 0.000000
    outer loop
      vertex 0.000000 -0.125000 0.000000
      vertex -1.837304 -0.125000 1.465201
      vertex -1.465201 -0.125000 1.837304
    endloop
  endfacet
  facet normal 0.707107 0.000000 -0.707107
    outer loop
      vertex -1.465201 -0.125000 1.837304
      vertex -1.837304 -0.125000 1.465201
      vertex -1.837304 2.212500 1.465201
    endloop
  endfacet
  facet normal 0.707107 0.000000 -0.707107
    outer loop
      vertex -1.465201 -0.125000 1.837304
      vertex -1.837304 2.212500 1.465201
      vertex -1.465201 2.212500 1.837304
    endloop
  endfacet
  facet normal 0.000000 -1.000000 0.000000
    outer loop
      vertex 0.000000 2.212500 0.000000
      vertex -1.837304 2.212500 1.465201
      vertex -2.117277 2.212500 1.019627
    endloop
  endfacet
  facet normal 0.000000 1.000000 0.000000
    outer loop
      vertex 0.000000 -0.125000 0.000000
      vertex -2.117277 -0.125000 1.019627
      vertex -1.837304 -0.125000 1.465201
    endloop
  endfacet
  facet normal 0.846724 0.000000 -0.532032
    outer loop
      vertex -1.837304 -0.125000 1.465201
      vertex -2.117277 -0.125000 1.019627
      vertex -2.117277 2.212500 1.019627
    endloop
  endfacet
  facet normal 0.846724 0.000000 -0.532032
    outer loop
      vertex -1.837304 -0.125000 1.465201
      vertex -2.117277 2.212500 1.019627
      vertex -1.837304 2.212500 1.465201
    endloop
  endfacet
  facet normal 0.000000 -1.000000 0.000000
    outer loop
      vertex 0.000000 2.212500 0.000000
      vertex -2.117277 2.212500 1.019627
      vertex -2.291081 2.212500 0.522924
    endloop
  endfacet
  facet normal 0.000000 1.000000 0.000000
    outer loop
      vertex 0.000000 -0.125000 0.000000
      vertex -2.291081 -0.125000 0.522924
      vertex -2.117277 -0.125000 1.019627
    endloop
  endfacet
  facet normal 0.943883 0.000000 -0.330279
    outer loop
      vertex -2.117277 -0.125000 1.019627
      vertex -2.291081 -0.125000 0.522924
      vertex -2.291081 2.212500 0.522924
    endloop
  endfacet
  facet normal 0.943883 0.000000 -0.330279
    outer loop
      vertex -2.117277 -0.125000 1.019627
      vertex -2.291081 2.212500 0.522924
      vertex -2.117277 2.212500 1.019627
    endloop
  endfacet
  facet normal 0.000000 -1.000000 0.000000
    outer loop
      vertex 0.000000 2.212500 0.000000
      vertex -2.291081 2.212500 0.522924
      vertex -2.350000 2.212500 0.000000
    endloop
  endfacet
  facet normal 0.000000 1.000000 0.000000
    outer loop
      vertex 0.000000 -0.125000 0.000000
      vertex -2.350000 -0.125000 0.000000
      vertex -2.291081 -0.125000 0.522924
    endloop
  endfacet
  facet normal 0.993712 0.000000 -0.111964
    outer loop
      vertex -2.291081 -0.125000 0.522924
      vertex -2.350000 -0.125000 0.000000
      vertex -2.350000 2.212500 0.000000
    endloop
  endfacet
  facet normal 0.993712 0.000000 -0.111964
    outer loop
      vertex -2.291081 -0.125000 0.522924
      vertex -2.350000 2.212500 0.000000
      vertex -2.291081 2.212500 0.522924
    endloop
  endfacet
  facet normal 0.000000 -1.000000 0.000000
    outer loop
      vertex 0.000000 2.212500 0.000000
      vertex -2.350000 2.212500 0.000000
      vertex -2.291081 2.212500 -0.522924
    endloop
  endfacet
  facet normal 0.000000 1.000000 0.000000
    outer loop
      vertex 0.000000 -0.125000 0.000000
      vertex -2.291081 -0.125000 -0.522924
      vertex -2.350000 -0.125000 0.000000
    endloop
  endfacet
  facet normal 0.993712 0.000000 0.111964
    outer loop
      vertex -2.350000 -0.125000 0.000000
      vertex -2.291081 -0.125000 -0.522924
      vertex -2.291081 2.212500 -0.522924
    endloop
  endfacet
  facet normal 0.993712 0.000000 0.111964
    outer loop
      vertex -2.350000 -0.125000 0.000000
      vertex -2.291081 2.212500 -0.522924
      vertex -2.350000 2.212500 0.000000
    endloop
  endfacet
  facet normal 0.000000 -1.000000 0.000000
    outer loop
      vertex 0.000000 2.212500 0.000000
      vertex -2.291081 2.212500 -0.522924
      vertex -2.117277 2.212500 -1.019627
    endloop
  endfacet
  facet normal 0.000000 1.000000 0.000000
    outer loop
      vertex 0.000000 -0.125000 0.000000
      vertex -2.117277 -0.125000 -1.019627
      vertex -2.291081 -0.125000 -0.522924
    endloop
  endfacet
  facet normal 0.943883 0.000000 0.330279
    outer loop
      vertex -2.291081 -0.125000 -0.522924
      vertex -2.117277 -0.125000 -1.019627
      vertex -2.117277 2.212500 -1.019627
    endloop
  endfacet
  facet normal 0.943883 0.000000 0.330279
    outer loop
      vertex -2.291081 -0.125000 -0.522924
      vertex -2.117277 2.212500 -1.019627
      vertex -2.291081 2.212500 -0.522924
    endloop
  endfacet
  facet normal 0.000000 -1.000000 0.000000
    outer loop
      vertex 0.000000 2.212500 0.000000
      vertex -2.117277 2.212500 -1.019627
      vertex -1.837304 2.212500 -1.465201
    endloop
  endfacet
  facet normal 0.000000 1.000000 0.000000
    outer loop
      vertex 0.000000 -0.125000 0.000000
      vertex -1.837304 -0.125000 -1.465201
      vertex -2.117277 -0.125000 -1.019627
    endloop
  endfacet
  facet normal 0.846724 0.000000 0.532032
    outer loop
      vertex -2.117277 -0.125000 -1.019627
      vertex -1.837304 -0.125000 -1.465201
      vertex -1.837304 2.212500 -1.465201
    endloop
  endfacet
  facet normal 0.846724 0.000000 0.532032
    outer loop
      vertex -2.117277 -0.125000 -1.019627
      vertex -1.837304 2.212500 -1.465201
      vertex -2.117277 2.212500 -1.019627
    endloop
  endfacet
  facet normal 0.000000 -1.000000 0.000000
    outer loop
      vertex 0.000000 2.212500 0.000000
      vertex -1.837304 2.212500 -1.465201
      vertex -1.465201 2.212500 -1.837304
    endloop
  endfacet
  facet normal 0.000000 1.000000 0.000000
    outer loop
      vertex 0.000000 -0.125000 0.000000
      vertex -1.465201 -0.125000 -1.837304
      vertex -1.837304 -0.125000 -1.465201
    endloop
  endfacet
  facet normal 0.707107 0.000000 0.707107
    outer loop
      vertex -1.837304 -0.125000 -1.465201
      vertex -1.465201 -0.125000 -1.837304
      vertex -1.465201 2.212500 -1.837304
    endloop
  endfacet
  facet normal 0.707107 0.000000 0.707107
    outer loop
      vertex -1.837304 -0.125000 -1.465201
      vertex -1.465201 2.212500 -1.837304
      vertex -1.837304 2.212500 -1.465201
    endloop
  endfacet
  facet normal 0.000000 -1.000000 0.000000
    outer loop
      vertex 0.000000 2.212500 0.000000
      vertex -1.465201 2.212500 -1.837304
      vertex -1.019627 2.212500 -2.117277
    endloop
  endfacet
  facet normal 0.000000 1.000000 0.000000
    outer loop
      vertex 0.000000 -0.125000 0.000000
      vertex -1.019627 -0.125000 -2.117277
      vertex -1.465201 -0.125000 -1.837304
    endloop
  endfacet
  facet normal 0.532032 0.000000 0.846724
    outer loop
      vertex -1.465201 -0.125000 -1.837304
      vertex -1.019627 -0.125000 -2.117277
      vertex -1.019627 2.212500 -2.117277
    endloop
  endfacet
  facet normal 0.532032 0.000000 0.846724
    outer loop
      vertex -1.465201 -0.125000 -1.837304
      vertex -1.019627 2.212500 -2.117277
      vertex -1.465201 2.212500 -1.837304
    endloop
  endfacet
  facet normal 0.000000 -1.000000 0.000000
    outer loop
      vertex 0.000000 2.212500 0.000000
      vertex -1.019627 2.212500 -2.117277
      vertex -0.522924 2.212500 -2.291081
    endloop
  endfacet
  facet normal 0.000000 1.000000 0.000000
    outer loop
      vertex 0.000000 -0.125000 0.000000
      vertex -0.522924 -0.125000 -2.291081
      vertex -1.019627 -0.125000 -2.117277
    endloop
  endfacet
  facet normal 0.330279 0.000000 0.943883
    outer loop
      vertex -1.019627 -0.125000 -2.117277
      vertex -0.522924 -0.125000 -2.291081
      vertex -0.522924 2.212500 -2.291081
    endloop
  endfacet
  facet normal 0.330279 0.000000 0.943883
    outer loop
      vertex -1.019627 -0.125000 -2.117277
      vertex -0.522924 2.212500 -2.291081
      vertex -1.019627 2.212500 -2.117277
    endloop
  endfacet
  facet normal 0.000000 -1.000000 0.000000
    outer loop
      vertex 0.000000 2.212500 0.000000
      vertex -0.522924 2.212500 -2.291081
      vertex -0.000000 2.212500 -2.350000
    endloop
  endfacet
  facet normal 0.000000 1.000000 0.000000
    outer loop
      vertex 0.000000 -0.125000 0.000000
      vertex -0.000000 -0.125000 -2.350000
      vertex -0.522924 -0.125000 -2.291081
    endloop
  endfacet
  facet normal 0.111964 0.000000 0.993712
    outer loop
      vertex -0.522924 -0.125000 -2.291081
      vertex -0.000000 -0.125000 -2.350000
      vertex -0.000000 2.212500 -2.350000
    endloop
  endfacet
  facet normal 0.111964 0.000000 0.993712
    outer loop
      vertex -0.522924 -0.125000 -2.291081
      vertex -0.000000 2.212500 -2.350000
      vertex -0.522924 2.212500 -2.291081
    endloop
  endfacet
  facet normal 0.000000 -1.000000 0.000000
    outer loop
      vertex 0.000000 2.212500 0.000000
      vertex -0.000000 2.212500 -2.350000
      vertex 0.522924 2.212500 -2.291081
    endloop
  endfacet
  facet normal 0.000000 1.000000 0.000000
    outer loop
      vertex 0.000000 -0.125000 0.000000
      vertex 0.522924 -0.125000 -2.291081
      vertex -0.000000 -0.125000 -2.350000
    endloop
  endfacet
  facet normal -0.111964 0.000000 0.993712
    outer loop
      vertex -0.000000 -0.125000 -2.350000
      vertex 0.522924 -0.125000 -2.291081
      vertex 0.522924 2.212500 -2.291081
    endloop
  endfacet
  facet normal -0.111964 0.000000 0.993712
    outer loop
      vertex -0.000000 -0.125000 -2.350000
      vertex 0.522924 2.212500 -2.291081
      vertex -0.000000 2.212500 -2.350000
    endloop
  endfacet
  facet normal 0.000000 -1.000000 0.000000
    outer loop
      vertex 0.000000 2.212500 0.000000
      vertex 0.522924 2.212500 -2.291081
      vertex 1.019627 2.212500 -2.117277
    endloop
  endfacet
  facet normal 0.000000 1.000000 0.000000
    outer loop
      vertex 0.000000 -0.125000 0.000000
      vertex 1.019627 -0.125000 -2.117277
      vertex 0.522924 -0.125000 -2.291081
    endloop
  endfacet
  facet normal -0.330279 0.000000 0.943883
    outer loop
      vertex 0.522924 -0.125000 -2.291081
      vertex 1.019627 -0.125000 -2.117277
      vertex 1.019627 2.212500 -2.117277
    endloop
  endfacet
  facet normal -0.330279 0.000000 0.943883
    outer loop
      vertex 0.522924 -0.125000 -2.291081
      vertex 1.019627 2.212500 -2.117277
      vertex 0.522924 2.212500 -2.291081
    endloop
  endfacet
  facet normal 0.000000 -1.000000 0.000000
    outer loop
      vertex 0.000000 2.212500 0.000000
      vertex 1.019627 2.212500 -2.117277
      vertex 1.465201 2.212500 -1.837304
    endloop
  endfacet
  facet normal 0.000000 1.000000 0.000000
    outer loop
      vertex 0.000000 -0.125000 0.000000
      vertex 1.465201 -0.125000 -1.837304
      vertex 1.019627 -0.125000 -2.117277
    endloop
  endfacet
  facet normal -0.532032 0.000000 0.846724
    outer loop
      vertex 1.019627 -0.125000 -2.117277
      vertex 1.465201 -0.125000 -1.837304
      vertex 1.465201 2.212500 -1.837304
    endloop
  endfacet
  facet normal -0.532032 0.000000 0.846724
    outer loop
      vertex 1.019627 -0.125000 -2.117277
      vertex 1.465201 2.212500 -1.837304
      vertex 1.019627 2.212500 -2.117277
    endloop
  endfacet
  facet normal 0.000000 -1.000000 0.000000
    outer loop
      vertex 0.000000 2.212500 0.000000
      vertex 1.465201 2.212500 -1.837304
      vertex 1.837304 2.212500 -1.465201
    endloop
  endfacet
  facet normal 0.000000 1.000000 0.000000
    outer loop
      vertex 0.000000 -0.125000 0.000000
      vertex 1.837304 -0.125000 -1.465201
      vertex 1.465201 -0.125000 -1.837304
    endloop
  endfacet
  facet normal -0.707107 0.000000 0.707107
    outer loop
      vertex 1.465201 -0.125000 -1.837304
      vertex 1.837304 -0.125000 -1.465201
      vertex 1.837304 2.212500 -1.465201
    endloop
  endfacet
  facet normal -0.707107 0.000000 0.707107
    outer loop
      vertex 1.465201 -0.125000 -1.837304
      vertex 1.837304 2.212500 -1.465201
      vertex 1.465201 2.212500 -1.837304
    endloop
  endfacet
  facet normal 0.000000 -1.000000 0.000000
    outer loop
      vertex 0.000000 2.212500 0.000000
      vertex 1.837304 2.212500 -1.465201
      vertex 2.117277 2.212500 -1.019627
    endloop
  endfacet
  facet normal 0.000000 1.000000 0.000000
    outer loop
      vertex 0.000000 -0.125000 0.000000
      vertex 2.117277 -0.125000 -1.019627
      vertex 1.837304 -0.125000 -1.465201
    endloop
  endfacet
  facet normal -0.846724 0.000000 0.532032
    outer loop
      vertex 1.837304 -0.125000 -1.465201
      vertex 2.117277 -0.125000 -1.019627
      vertex 2.117277 2.212500 -1.019627
    endloop
  endfacet
  facet normal -0.846724 0.000000 0.532032
    outer loop
      vertex 1.837304 -0.125000 -1.465201
      vertex 2.117277 2.212500 -1.019627
      vertex 1.837304 2.212500 -1.465201
    endloop
  endfacet
  facet normal 0.000000 -1.000000 0.000000
    outer loop
      vertex 0.000000 2.212500 0.000000
      vertex 2.117277 2.212500 -1.019627
      vertex 2.291081 2.212500 -0.522924
    endloop
  endfacet
  facet normal 0.000000 1.000000 0.000000
    outer loop
      vertex 0.000000 -0.125000 0.000000
      vertex 2.291081 -0.125000 -0.522924
      vertex 2.117277 -0.125000 -1.019627
    endloop
  endfacet
  facet normal -0.943883 0.000000 0.330279
    outer loop
      vertex 2.117277 -0.125000 -1.019627
      vertex 2.291081 -0.125000 -0.522924
      vertex 2.291081 2.212500 -0.522924
    endloop
  endfacet
  facet normal -0.943883 0.000000 0.330279
    outer loop
      vertex 2.117277 -0.125000 -1.019627
      vertex 2.291081 2.212500 -0.522924
      vertex 2.117277 2.212500 -1.019627
    endloop
  endfacet
  facet normal 0.000000 -1.000000 0.000000
    outer loop
      vertex 0.000000 2.212500 0.000000
      vertex 2.291081 2.212500 -0.522924
      vertex 2.350000 2.212500 0.000000
    endloop
  endfacet
  facet normal 0.000000 1.000000 0.000000
    outer loop
      vertex 0.000000 -0.125000 0.000000
      vertex 2.350000 -0.125000 0.000000
      vertex 2.291081 -0.125000 -0.522924
    endloop
  endfacet
  facet normal -0.993712 0.000000 0.111964
    outer loop
      vertex 2.291081 -0.125000 -0.522924
      vertex 2.350000 -0.125000 0.000000
      vertex 2.350000 2.212500 0.000000
    endloop
  endfacet
  facet normal -0.993712 0.000000 0.111964
    outer loop
      vertex 2.291081 -0.125000 -0.522924
      vertex 2.350000 2.212500 0.000000
      vertex 2.291081 2.212500 -0.522924
    endloop
  endfacet
  facet normal -0.098011 -0.995124 -0.011043
    outer loop
      vertex 0.000000 4.125000 0.000000
      vertex 0.373110 4.088252 0.000000
      vertex 0.363756 4.088252 0.083025
    endloop
  endfacet
  facet normal -0.093096 -0.995124 -0.032576
    outer loop
      vertex 0.000000 4.125000 0.000000
      vertex 0.363756 4.088252 0.083025
      vertex 0.336161 4.088252 0.161886
    endloop
  endfacet
  facet normal -0.083514 -0.995124 -0.052475
    outer loop
      vertex 0.000000 4.125000 0.000000
      vertex 0.336161 4.088252 0.161886
      vertex 0.291709 4.088252 0.232630
    endloop
  endfacet
  facet normal -0.069743 -0.995124 -0.069743
    outer loop
      vertex 0.000000 4.125000 0.000000
      vertex 0.291709 4.088252 0.232630
      vertex 0.232630 4.088252 0.291709
    endloop
  endfacet
  facet normal -0.052475 -0.995124 -0.083514
    outer loop
      vertex 0.000000 4.125000 0.000000
      vertex 0.232630 4.088252 0.291709
      vertex 0.161886 4.088252 0.336161
    endloop
  endfacet
  facet normal -0.032576 -0.995124 -0.093096
    outer loop
      vertex 0.000000 4.125000 0.000000
      vertex 0.161886 4.088252 0.336161
      vertex 0.083025 4.088252 0.363756
    endloop
  endfacet
  facet normal -0.011043 -0.995124 -0.098011
    outer loop
      vertex 0.000000 4.125000 0.000000
      vertex 0.083025 4.088252 0.363756
      vertex 0.000000 4.088252 0.373110
    endloop
  endfacet
  facet normal 0.011043 -0.995124 -0.098011
    outer loop
      vertex 0.000000 4.125000 0.000000
      vertex 0.000000 4.088252 0.373110
      vertex -0.083025 4.088252 0.363756
    endloop
  endfacet
  facet normal 0.032576 -0.995124 -0.093096
    outer loop
      vertex 0.000000 4.125000 0.000000
      vertex -0.083025 4.088252 0.363756
      vertex -0.161886 4.088252 0.336161
    endloop
  endfacet
  facet normal 0.052475 -0.995124 -0.083514
    outer loop
      vertex 0.000000 4.125000 0.000000
      vertex -0.161886 4.088252 0.336161
      vertex -0.232630 4.088252 0.291709
    endloop
  endfacet
  facet normal 0.069743 -0.995124 -0.069743
    outer loop
      vertex 0.000000 4.125000 0.000000
      vertex -0.232630 4.088252 0.291709
      vertex -0.291709 4.088252 0.232630
    endloop
  endfacet
  facet normal 0.083514 -0.995124 -0.052475
    outer loop
      vertex 0.000000 4.125000 0.000000
      vertex -0.291709 4.088252 0.232630
      vertex -0.336161 4.088252 0.161886
    endloop
  endfacet
  facet normal 0.093096 -0.995124 -0.032576
    outer loop
      vertex 0.000000 4.125000 0.000000
      vertex -0.336161 4.088252 0.161886
      vertex -0.363756 4.088252 0.083025
    endloop
  endfacet
  facet normal 0.098011 -0.995124 -0.011043
    outer loop
      vertex 0.000000 4.125000 0.000000
      vertex -0.363756 4.088252 0.083025
      vertex -0.373110 4.088252 0.000000
    endloop
  endfacet
  facet normal 0.098011 -0.995124 0.011043
    outer loop
      vertex 0.000000 4.125000 0.000000
      vertex -0.373110 4.088252 0.000000
      vertex -0.363756 4.088252 -0.083025
    endloop
  endfacet
  facet normal 0.093096 -0.995124 0.032576
    outer loop
      vertex 0.000000 4.125000 0.000000
      vertex -0.363756 4.088252 -0.083025
      vertex -0.336161 4.088252 -0.161886
    endloop
  endfacet
  facet normal 0.083514 -0.995124 0.052475
    outer loop
      vertex 0.000000 4.125000 0.000000
      vertex -0.336161 4.088252 -0.161886
      vertex -0.291709 4.088252 -0.232630
    endloop
  endfacet
  facet normal 0.069743 -0.995124 0.069743
    outer loop
      vertex 0.000000 4.125000 0.000000
      vertex -0.291709 4.088252 -0.232630
      vertex -0.232630 4.088252 -0.291709
    endloop
  endfacet
  facet normal 0.052475 -0.995124 0.083514
    outer loop
      vertex 0.000000 4.125000 0.000000
      vertex -0.232630 4.088252 -0.291709
      vertex -0.161886 4.088252 -0.336161
    endloop
  endfacet
  facet normal 0.032576 -0.995124 0.093096
    outer loop
      vertex 0.000000 4.125000 0.000000
      vertex -0.161886 4.088252 -0.336161
      vertex -0.083025 4.088252 -0.363756
    endloop
  endfacet
  facet normal 0.011043 -0.995124 0.098011
    outer loop
      vertex 0.000000 4.125000 0.000000
      vertex -0.083025 4.088252 -0.363756
      vertex -0.000000 4.088252 -0.373110
    endloop
  endfacet
  facet normal -0.011043 -0.995124 0.098011
    outer loop
      vertex 0.000000 4.125000 0.000000
      vertex -0.000000 4.088252 -0.373110
      vertex 0.083025 4.088252 -0.363756
    endloop
  endfacet
  facet normal -0.032576 -0.995124 0.093096
    outer loop
      vertex 0.000000 4.125000 0.000000
      vertex 0.083025 4.088252 -0.363756
      vertex 0.161886 4.088252 -0.336161
    endloop
  endfacet
  facet normal -0.052475 -0.995124 0.083514
    outer loop
      vertex 0.000000 4.125000 0.000000
      vertex 0.161886 4.088252 -0.336161
      vertex 0.232630 4.088252 -0.291709
    endloop
  endfacet
  facet normal -0.069743 -0.995124 0.069743
    outer loop
      vertex 0.000000 4.125000 0.000000
      vertex 0.232630 4.088252 -0.291709
      vertex 0.291709 4.088252 -0.232630
    endloop
  endfacet
  facet normal -0.083514 -0.995124 0.052475
    outer loop
      vertex 0.000000 4.125000 0.000000
      vertex 0.291709 4.088252 -0.232630
      vertex 0.336161 4.088252 -0.161886
    endloop
  endfacet
  facet normal -0.093096 -0.995124 0.032576
    outer loop
      vertex 0.000000 4.125000 0.000000
      vertex 0.336161 4.088252 -0.161886
      vertex 0.363756 4.088252 -0.083025
    endloop
  endfacet
  facet normal -0.098011 -0.995124 0.011043
    outer loop
      vertex 0.000000 4.125000 0.000000
      vertex 0.363756 4.088252 -0.083025
      vertex 0.373110 4.088252 0.000000
    endloop
  endfacet
  facet normal -0.290130 -0.956429 -0.032690
    outer loop
      vertex 0.373110 4.088252 0.000000
      vertex 0.731882 3.979420 0.000000
      vertex 0.713532 3.979420 0.162859
    endloop
  endfacet
  facet normal -0.290130 -0.956429 -0.032690
    outer loop
      vertex 0.373110 4.088252 0.000000
      vertex 0.713532 3.979420 0.162859
      vertex 0.363756 4.088252 0.083025
    endloop
  endfacet
  facet normal -0.275581 -0.956429 -0.096430
    outer loop
      vertex 0.363756 4.088252 0.083025
      vertex 0.713532 3.979420 0.162859
      vertex 0.659403 3.979420 0.317552
    endloop
  endfacet
  facet normal -0.275581 -0.956429 -0.096430
    outer loop
      vertex 0.363756 4.088252 0.083025
      vertex 0.659403 3.979420 0.317552
      vertex 0.336161 4.088252 0.161886
    endloop
  endfacet
  facet normal -0.247214 -0.956429 -0.155335
    outer loop
      vertex 0.336161 4.088252 0.161886
      vertex 0.659403 3.979420 0.317552
      vertex 0.572208 3.979420 0.456321
    endloop
  endfacet
  facet normal -0.247214 -0.956429 -0.155335
    outer loop
      vertex 0.336161 4.088252 0.161886
      vertex 0.572208 3.979420 0.456321
      vertex 0.291709 4.088252 0.232630
    endloop
  endfacet
  facet normal -0.206451 -0.956429 -0.206451
    outer loop
      vertex 0.291709 4.088252 0.232630
      vertex 0.572208 3.979420 0.456321
      vertex 0.456321 3.979420 0.572208
    endloop
  endfacet
  facet normal -0.206451 -0.956429 -0.206451
    outer loop
      vertex 0.291709 4.088252 0.232630
      vertex 0.456321 3.979420 0.572208
      vertex 0.232630 4.088252 0.291709
    endloop
  endfacet
  facet normal -0.155335 -0.956429 -0.247214
    outer loop
      vertex 0.232630 4.088252 0.291709
      vertex 0.456321 3.979420 0.572208
      vertex 0.317552 3.979420 0.659403
    endloop
  endfacet
  facet normal -0.155335 -0.956429 -0.247214
    outer loop
      vertex 0.232630 4.088252 0.291709
      vertex 0.317552 3.979420 0.659403
      vertex 0.161886 4.088252 0.336161
    endloop
  endfacet
  facet normal -0.096430 -0.956429 -0.275581
    outer loop
      vertex 0.161886 4.088252 0.336161
      vertex 0.317552 3.979420 0.659403
      vertex 0.162859 3.979420 0.713532
    endloop
  endfacet
  facet normal -0.096430 -0.956429 -0.275581
    outer loop
      vertex 0.161886 4.088252 0.336161
      vertex 0.162859 3.979420 0.713532
      vertex 0.083025 4.088252 0.363756
    endloop
  endfacet
  facet normal -0.032690 -0.956429 -0.290130
    outer loop
      vertex 0.083025 4.088252 0.363756
      vertex 0.162859 3.979420 0.713532
      vertex 0.000000 3.979420 0.731882
    endloop
  endfacet
  facet normal -0.032690 -0.956429 -0.290130
    outer loop
      vertex 0.083025 4.088252 0.363756
      vertex 0.000000 3.979420 0.731882
      vertex 0.000000 4.088252 0.373110
    endloop
  endfacet
  facet normal 0.032690 -0.956429 -0.290130
    outer loop
      vertex 0.000000 4.088252 0.373110
      vertex 0.000000 3.979420 0.731882
      vertex -0.162859 3.979420 0.713532
    endloop
  endfacet
  facet normal 0.032690 -0.956429 -0.290130
    outer loop
      vertex 0.000000 4.088252 0.373110
      vertex -0.162859 3.979420 0.713532
      vertex -0.083025 4.088252 0.363756
    endloop
  endfacet
  facet normal 0.096430 -0.956429 -0.275581
    outer loop
      vertex -0.083025 4.088252 0.363756
      vertex -0.162859 3.979420 0.713532
      vertex -0.317552 3.979420 0.659403
    endloop
  endfacet
  facet normal 0.096430 -0.956429 -0.275581
    outer loop
      vertex -0.083025 4.088252 0.363756
      vertex -0.317552 3.979420 0.659403
      vertex -0.161886 4.088252 0.336161
    endloop
  endfacet
  facet normal 0.155335 -0.956429 -0.247214
    outer loop
      vertex -0.161886 4.088252 0.336161
      vertex -0.317552 3.979420 0.659403
      vertex -0.456321 3.979420 0.572208
    endloop
  endfacet
  facet normal 0.155335 -0.956429 -0.247214
    outer loop
      vertex -0.161886 4.088252 0.336161
      vertex -0.456321 3.979420 0.572208
      vertex -0.232630 4.088252 0.291709
    endloop
  endfacet
  facet normal 0.206451 -0.956429 -0.206451
    outer loop
      vertex -0.232630 4.088252 0.291709
      vertex -0.456321 3.979420 0.572208
      vertex -0.572208 3.979420 0.456321
    endloop
  endfacet
  facet normal 0.206451 -0.956429 -0.206451
    outer loop
      vertex -0.232630 4.088252 0.291709
      vertex -0.572208 3.979420 0.456321
      vertex -0.291709 4.088252 0.232630
    endloop
  endfacet
  facet normal 0.247214 -0.956429 -0.155335
    outer loop
      vertex -0.291709 4.088252 0.232630
      vertex -0.572208 3.979420 0.456321
      vertex -0.659403 3.979420 0.317552
    endloop
  endfacet
  facet normal 0.247214 -0.956429 -0.155335
    outer loop
      vertex -0.291709 4.088252 0.232630
      vertex -0.659403 3.979420 0.317552
      vertex -0.336161 4.088252 0.161886
    endloop
  endfacet
  facet normal 0.275581 -0.956429 -0.096430
    outer loop
      vertex -0.336161 4.088252 0.161886
      vertex -0.659403 3.979420 0.317552
      vertex -0.713532 3.979420 0.162859
    endloop
  endfacet
  facet normal 0.275581 -0.956429 -0.096430
    outer loop
      vertex -0.336161 4.088252 0.161886
      vertex -0.713532 3.979420 0.162859
      vertex -0.363756 4.088252 0.083025
    endloop
  endfacet
  facet normal 0.290130 -0.956429 -0.032690
    outer loop
      vertex -0.363756 4.088252 0.083025
      vertex -0.713532 3.979420 0.162859
      vertex -0.731882 3.979420 0.000000
    endloop
  endfacet
  facet normal 0.290130 -0.956429 -0.032690
    outer loop
      vertex -0.363756 4.088252 0.083025
      vertex -0.731882 3.979420 0.000000
      vertex -0.373110 4.088252 0.000000
    endloop
  endfacet
  facet normal 0.290130 -0.956429 0.032690
    outer loop
      vertex -0.373110 4.088252 0.000000
      vertex -0.731882 3.979420 0.000000
      vertex -0.713532 3.979420 -0.162859
    endloop
  endfacet
  facet normal 0.290130 -0.956429 0.032690
    outer loop
      vertex -0.373110 4.088252 0.000000
      vertex -0.713532 3.979420 -0.162859
      vertex -0.363756 4.088252 -0.083025
    endloop
  endfacet
  facet normal 0.275581 -0.956429 0.096430
    outer loop
      vertex -0.363756 4.088252 -0.083025
      vertex -0.713532 3.979420 -0.162859
      vertex -0.659403 3.979420 -0.317552
    endloop
  endfacet
  facet normal 0.275581 -0.956429 0.096430
    outer loop
      vertex -0.363756 4.088252 -0.083025
      vertex -0.659403 3.979420 -0.317552
      vertex -0.336161 4.088252 -0.161886
    endloop
  endfacet
  facet normal 0.247214 -0.956429 0.155335
    outer loop
      vertex -0.336161 4.088252 -0.161886
      vertex -0.659403 3.979420 -0.317552
      vertex -0.572208 3.979420 -0.456321
    endloop
  endfacet
  facet normal 0.247214 -0.956429 0.155335
    outer loop
      vertex -0.336161 4.088252 -0.161886
      vertex -0.572208 3.979420 -0.456321
      vertex -0.291709 4.088252 -0.232630
    endloop
  endfacet
  facet normal 0.206451 -0.956429 0.206451
    outer loop
      vertex -0.291709 4.088252 -0.232630
      vertex -0.572208 3.979420 -0.456321
      vertex -0.456321 3.979420 -0.572208
    endloop
  endfacet
  facet normal 0.206451 -0.956429 0.206451
    outer loop
      vertex -0.291709 4.088252 -0.232630
      vertex -0.456321 3.979420 -0.572208
      vertex -0.232630 4.088252 -0.291709
    endloop
  endfacet
  facet normal 0.155335 -0.956429 0.247214
    outer loop
      vertex -0.232630 4.088252 -0.291709
      vertex -0.456321 3.979420 -0.572208
      vertex -0.317552 3.979420 -0.659403
    endloop
  endfacet
  facet normal 0.155335 -0.956429 0.247214
    outer loop
      vertex -0.232630 4.088252 -0.291709
      vertex -0.317552 3.979420 -0.659403
      vertex -0.161886 4.088252 -0.336161
    endloop
  endfacet
  facet normal 0.096430 -0.956429 0.275581
    outer loop
      vertex -0.161886 4.088252 -0.336161
      vertex -0.317552 3.979420 -0.659403
      vertex -0.162859 3.979420 -0.713532
    endloop
  endfacet
  facet normal 0.096430 -0.956429 0.275581
    outer loop
      vertex -0.161886 4.088252 -0.336161
      vertex -0.162859 3.979420 -0.713532
      vertex -0.083025 4.088252 -0.363756
    endloop
  endfacet
  facet normal 0.032690 -0.956429 0.290130
    outer loop
      vertex -0.083025 4.088252 -0.363756
      vertex -0.162859 3.979420 -0.713532
      vertex -0.000000 3.979420 -0.731882
    endloop
  endfacet
  facet normal 0.032690 -0.956429 0.290130
    outer loop
      vertex -0.083025 4.088252 -0.363756
      vertex -0.000000 3.979420 -0.731882
      vertex -0.000000 4.088252 -0.373110
    endloop
  endfacet
  facet normal -0.032690 -0.956429 0.290130
    outer loop
      vertex -0.000000 4.088252 -0.373110
      vertex -0.000000 3.979420 -0.731882
      vertex 0.162859 3.979420 -0.713532
    endloop
  endfacet
  facet normal -0.032690 -0.956429 0.290130
    outer loop
      vertex -0.000000 4.088252 -0.373110
      vertex 0.162859 3.979420 -0.713532
      vertex 0.083025 4.088252 -0.363756
    endloop
  endfacet
  facet normal -0.096430 -0.956429 0.275581
    outer loop
      vertex 0.083025 4.088252 -0.363756
      vertex 0.162859 3.979420 -0.713532
      vertex 0.317552 3.979420 -0.659403
    endloop
  endfacet
  facet normal -0.096430 -0.956429 0.275581
    outer loop
      vertex 0.083025 4.088252 -0.363756
      vertex 0.317552 3.979420 -0.659403
      vertex 0.161886 4.088252 -0.336161
    endloop
  endfacet
  facet normal -0.155335 -0.956429 0.247214
    outer loop
      vertex 0.161886 4.088252 -0.336161
      vertex 0.317552 3.979420 -0.659403
      vertex 0.456321 3.979420 -0.572208
    endloop
  endfacet
  facet normal -0.155335 -0.956429 0.247214
    outer loop
      vertex 0.161886 4.088252 -0.336161
      vertex 0.456321 3.979420 -0.572208
      vertex 0.232630 4.088252 -0.291709
    endloop
  endfacet
  facet normal -0.206451 -0.956429 0.206451
    outer loop
      vertex 0.232630 4.088252 -0.291709
      vertex 0.456321 3.979420 -0.572208
      vertex 0.572208 3.979420 -0.456321
    endloop
  endfacet
  facet normal -0.206451 -0.956429 0.206451
    outer loop
      vertex 0.232630 4.088252 -0.291709
      vertex 0.572208 3.979420 -0.456321
      vertex 0.291709 4.088252 -0.232630
    endloop
  endfacet
  facet normal -0.247214 -0.956429 0.155335
    outer loop
      vertex 0.291709 4.088252 -0.232630
      vertex 0.572208 3.979420 -0.456321
      vertex 0.659403 3.979420 -0.317552
    endloop
  endfacet
  facet normal -0.247214 -0.956429 0.155335
    outer loop
      vertex 0.291709 4.088252 -0.232630
      vertex 0.659403 3.979420 -0.317552
      vertex 0.336161 4.088252 -0.161886
    endloop
  endfacet
  facet normal -0.275581 -0.956429 0.096430
    outer loop
      vertex 0.336161 4.088252 -0.161886
      vertex 0.659403 3.979420 -0.317552
      vertex 0.713532 3.979420 -0.162859
    endloop
  endfacet
  facet normal -0.275581 -0.956429 0.096430
    outer loop
      vertex 0.336161 4.088252 -0.161886
      vertex 0.713532 3.979420 -0.162859
      vertex 0.363756 4.088252 -0.083025
    endloop
  endfacet
  facet normal -0.290130 -0.956429 0.032690
    outer loop
      vertex 0.363756 4.088252 -0.083025
      vertex 0.713532 3.979420 -0.162859
      vertex 0.731882 3.979420 0.000000
    endloop
  endfacet
  facet normal -0.290130 -0.956429 0.032690
    outer loop
      vertex 0.363756 4.088252 -0.083025
      vertex 0.731882 3.979420 0.000000
      vertex 0.373110 4.088252 0.000000
    endloop
  endfacet
  facet normal -0.470733 -0.880680 -0.053039
    outer loop
      vertex 0.731882 3.979420 0.000000
      vertex 1.062528 3.802686 0.000000
      vertex 1.035888 3.802686 0.236435
    endloop
  endfacet
  facet normal -0.470733 -0.880680 -0.053039
    outer loop
      vertex 0.731882 3.979420 0.000000
      vertex 1.035888 3.802686 0.236435
      vertex 0.713532 3.979420 0.162859
    endloop
  endfacet
  facet normal -0.447129 -0.880680 -0.156457
    outer loop
      vertex 0.713532 3.979420 0.162859
      vertex 1.035888 3.802686 0.236435
      vertex 0.957305 3.802686 0.461014
    endloop
  endfacet
  facet normal -0.447129 -0.880680 -0.156457
    outer loop
      vertex 0.713532 3.979420 0.162859
      vertex 0.957305 3.802686 0.461014
      vertex 0.659403 3.979420 0.317552
    endloop
  endfacet
  facet normal -0.401103 -0.880680 -0.252030
    outer loop
      vertex 0.659403 3.979420 0.317552
      vertex 0.957305 3.802686 0.461014
      vertex 0.830718 3.802686 0.662475
    endloop
  endfacet
  facet normal -0.401103 -0.880680 -0.252030
    outer loop
      vertex 0.659403 3.979420 0.317552
      vertex 0.830718 3.802686 0.662475
      vertex 0.572208 3.979420 0.456321
    endloop
  endfacet
  facet normal -0.334965 -0.880680 -0.334965
    outer loop
      vertex 0.572208 3.979420 0.456321
      vertex 0.830718 3.802686 0.662475
      vertex 0.662475 3.802686 0.830718
    endloop
  endfacet
  facet normal -0.334965 -0.880680 -0.334965
    outer loop
      vertex 0.572208 3.979420 0.456321
      vertex 0.662475 3.802686 0.830718
      vertex 0.456321 3.979420 0.572208
    endloop
  endfacet
  facet normal -0.252030 -0.880680 -0.401103
    outer loop
      vertex 0.456321 3.979420 0.572208
      vertex 0.662475 3.802686 0.830718
      vertex 0.461014 3.802686 0.957305
    endloop
  endfacet
  facet normal -0.252030 -0.880680 -0.401103
    outer loop
      vertex 0.456321 3.979420 0.572208
      vertex 0.461014 3.802686 0.957305
      vertex 0.317552 3.979420 0.659403
    endloop
  endfacet
  facet normal -0.156457 -0.880680 -0.447129
    outer loop
      vertex 0.317552 3.979420 0.659403
      vertex 0.461014 3.802686 0.957305
      vertex 0.236435 3.802686 1.035888
    endloop
  endfacet
  facet normal -0.156457 -0.880680 -0.447129
    outer loop
      vertex 0.317552 3.979420 0.659403
      vertex 0.236435 3.802686 1.035888
      vertex 0.162859 3.979420 0.713532
    endloop
  endfacet
  facet normal -0.053039 -0.880680 -0.470733
    outer loop
      vertex 0.162859 3.979420 0.713532
      vertex 0.236435 3.802686 1.035888
      vertex 0.000000 3.802686 1.062528
    endloop
  endfacet
  facet normal -0.053039 -0.880680 -0.470733
    outer loop
      vertex 0.162859 3.979420 0.713532
      vertex 0.000000 3.802686 1.062528
      vertex 0.000000 3.979420 0.731882
    endloop
  endfacet
  facet normal 0.053039 -0.880680 -0.470733
    outer loop
      vertex 0.000000 3.979420 0.731882
      vertex 0.000000 3.802686 1.062528
      vertex -0.236435 3.802686 1.035888
    endloop
  endfacet
  facet normal 0.053039 -0.880680 -0.470733
    outer loop
      vertex 0.000000 3.979420 0.731882
      vertex -0.236435 3.802686 1.035888
      vertex -0.162859 3.979420 0.713532
    endloop
  endfacet
  facet normal 0.156457 -0.880680 -0.447129
    outer loop
      vertex -0.162859 3.979420 0.713532
      vertex -0.236435 3.802686 1.035888
      vertex -0.461014 3.802686 0.957305
    endloop
  endfacet
  facet normal 0.156457 -0.880680 -0.447129
    outer loop
      vertex -0.162859 3.979420 0.713532
      vertex -0.461014 3.802686 0.957305
      vertex -0.317552 3.979420 0.659403
    endloop
  endfacet
  facet normal 0.252030 -0.880680 -0.401103
    outer loop
      vertex -0.317552 3.979420 0.659403
      vertex -0.461014 3.802686 0.957305
      vertex -0.662475 3.802686 0.830718
    endloop
  endfacet
  facet normal 0.252030 -0.880680 -0.401103
    outer loop
      vertex -0.317552 3.979420 0.659403
      vertex -0.662475 3.802686 0.830718
      vertex -0.456321 3.979420 0.572208
    endloop
  endfacet
  facet normal 0.334965 -0.880680 -0.334965
    outer loop
      vertex -0.456321 3.979420 0.572208
      vertex -0.662475 3.802686 0.830718
      vertex -0.830718 3.802686 0.662475
    endloop
  endfacet
  facet normal 0.334965 -0.880680 -0.334965
    outer loop
      vertex -0.456321 3.979420 0.572208
      vertex -0.830718 3.802686 0.662475
      vertex -0.572208 3.979420 0.456321
    endloop
  endfacet
  facet normal 0.401103 -0.880680 -0.252030
    outer loop
      vertex -0.572208 3.979420 0.456321
      vertex -0.830718 3.802686 0.662475
      vertex -0.957305 3.802686 0.461014
    endloop
  endfacet
  facet normal 0.401103 -0.880680 -0.252030
    outer loop
      vertex -0.572208 3.979420 0.456321
      vertex -0.957305 3.802686 0.461014
      vertex -0.659403 3.979420 0.317552
    endloop
  endfacet
  facet normal 0.447129 -0.880680 -0.156457
    outer loop
      vertex -0.659403 3.979420 0.317552
      vertex -0.957305 3.802686 0.461014
      vertex -1.035888 3.802686 0.236435
    endloop
  endfacet
  facet normal 0.447129 -0.880680 -0.156457
    outer loop
      vertex -0.659403 3.979420 0.317552
      vertex -1.035888 3.802686 0.236435
      vertex -0.713532 3.979420 0.162859
    endloop
  endfacet
  facet normal 0.470733 -0.880680 -0.053039
    outer loop
      vertex -0.713532 3.979420 0.162859
      vertex -1.035888 3.802686 0.236435
      vertex -1.062528 3.802686 0.000000
    endloop
  endfacet
  facet normal 0.470733 -0.880680 -0.053039
    outer loop
      vertex -0.713532 3.979420 0.162859
      vertex -1.062528 3.802686 0.000000
      vertex -0.731882 3.979420 0.000000
    endloop
  endfacet
  facet normal 0.470733 -0.880680 0.053039
    outer loop
      vertex -0.731882 3.979420 0.000000
      vertex -1.062528 3.802686 0.000000
      vertex -1.035888 3.802686 -0.236435
    endloop
  endfacet
  facet normal 0.470733 -0.880680 0.053039
    outer loop
      vertex -0.731882 3.979420 0.000000
      vertex -1.035888 3.802686 -0.236435
      vertex -0.713532 3.979420 -0.162859
    endloop
  endfacet
  facet normal 0.447129 -0.880680 0.156457
    outer loop
      vertex -0.713532 3.979420 -0.162859
      vertex -1.035888 3.802686 -0.236435
      vertex -0.957305 3.802686 -0.461014
    endloop
  endfacet
  facet normal 0.447129 -0.880680 0.156457
    outer loop
      vertex -0.713532 3.979420 -0.162859
      vertex -0.957305 3.802686 -0.461014
      vertex -0.659403 3.979420 -0.317552
    endloop
  endfacet
  facet normal 0.401103 -0.880680 0.252030
    outer loop
      vertex -0.659403 3.979420 -0.317552
      vertex -0.957305 3.802686 -0.461014
      vertex -0.830718 3.802686 -0.662475
    endloop
  endfacet
  facet normal 0.401103 -0.880680 0.252030
    outer loop
      vertex -0.659403 3.979420 -0.317552
      vertex -0.830718 3.802686 -0.662475
      vertex -0.572208 3.979420 -0.456321
    endloop
  endfacet
  facet normal 0.334965 -0.880680 0.334965
    outer loop
      vertex -0.572208 3.979420 -0.456321
      vertex -0.830718 3.802686 -0.662475
      vertex -0.662475 3.802686 -0.830718
    endloop
  endfacet
  facet normal 0.334965 -0.880680 0.334965
    outer loop
      vertex -0.572208 3.979420 -0.456321
      vertex -0.662475 3.802686 -0.830718
      vertex -0.456321 3.979420 -0.572208
    endloop
  endfacet
  facet normal 0.252030 -0.880680 0.401103
    outer loop
      vertex -0.456321 3.979420 -0.572208
      vertex -0.662475 3.802686 -0.830718
      vertex -0.461014 3.802686 -0.957305
    endloop
  endfacet
  facet normal 0.252030 -0.880680 0.401103
    outer loop
      vertex -0.456321 3.979420 -0.572208
      vertex -0.461014 3.802686 -0.957305
      vertex -0.317552 3.979420 -0.659403
    endloop
  endfacet
  facet normal 0.156457 -0.880680 0.447129
    outer loop
      vertex -0.317552 3.979420 -0.659403
      vertex -0.461014 3.802686 -0.957305
      vertex -0.236435 3.802686 -1.035888
    endloop
  endfacet
  facet normal 0.156457 -0.880680 0.447129
    outer loop
      vertex -0.317552 3.979420 -0.659403
      vertex -0.236435 3.802686 -1.035888
      vertex -0.162859 3.979420 -0.713532
    endloop
  endfacet
  facet normal 0.053039 -0.880680 0.470733
    outer loop
      vertex -0.162859 3.979420 -0.713532
      vertex -0.236435 3.802686 -1.035888
      vertex -0.000000 3.802686 -1.062528
    endloop
  endfacet
  facet normal 0.053039 -0.880680 0.470733
    outer loop
      vertex -0.162859 3.979420 -0.713532
      vertex -0.000000 3.802686 -1.062528
      vertex -0.000000 3.979420 -0.731882
    endloop
  endfacet
  facet normal -0.053039 -0.880680 0.470733
    outer loop
      vertex -0.000000 3.979420 -0.731882
      vertex -0.000000 3.802686 -1.062528
      vertex 0.236435 3.802686 -1.035888
    endloop
  endfacet
  facet normal -0.053039 -0.880680 0.470733
    outer loop
      vertex -0.000000 3.979420 -0.731882
      vertex 0.236435 3.802686 -1.035888
      vertex 0.162859 3.979420 -0.713532
    endloop
  endfacet
  facet normal -0.156457 -0.880680 0.447129
    outer loop
      vertex 0.162859 3.979420 -0.713532
      vertex 0.236435 3.802686 -1.035888
      vertex 0.461014 3.802686 -0.957305
    endloop
  endfacet
  facet normal -0.156457 -0.880680 0.447129
    outer loop
      vertex 0.162859 3.979420 -0.713532
      vertex 0.461014 3.802686 -0.957305
      vertex 0.317552 3.979420 -0.659403
    endloop
  endfacet
  facet normal -0.252030 -0.880680 0.401103
    outer loop
      vertex 0.317552 3.979420 -0.659403
      vertex 0.461014 3.802686 -0.957305
      vertex 0.662475 3.802686 -0.830718
    endloop
  endfacet
  facet normal -0.252030 -0.880680 0.401103
    outer loop
      vertex 0.317552 3.979420 -0.659403
      vertex 0.662475 3.802686 -0.830718
      vertex 0.456321 3.979420 -0.572208
    endloop
  endfacet
  facet normal -0.334965 -0.880680 0.334965
    outer loop
      vertex 0.456321 3.979420 -0.572208
      vertex 0.662475 3.802686 -0.830718
      vertex 0.830718 3.802686 -0.662475
    endloop
  endfacet
  facet normal -0.334965 -0.880680 0.334965
    outer loop
      vertex 0.456321 3.979420 -0.572208
      vertex 0.830718 3.802686 -0.662475
      vertex 0.572208 3.979420 -0.456321
    endloop
  endfacet
  facet normal -0.401103 -0.880680 0.252030
    outer loop
      vertex 0.572208 3.979420 -0.456321
      vertex 0.830718 3.802686 -0.662475
      vertex 0.957305 3.802686 -0.461014
    endloop
  endfacet
  facet normal -0.401103 -0.880680 0.252030
    outer loop
      vertex 0.572208 3.979420 -0.456321
      vertex 0.957305 3.802686 -0.461014
      vertex 0.659403 3.979420 -0.317552
    endloop
  endfacet
  facet normal -0.447129 -0.880680 0.156457
    outer loop
      vertex 0.659403 3.979420 -0.317552
      vertex 0.957305 3.802686 -0.461014
      vertex 1.035888 3.802686 -0.236435
    endloop
  endfacet
  facet normal -0.447129 -0.880680 0.156457
    outer loop
      vertex 0.659403 3.979420 -0.317552
      vertex 1.035888 3.802686 -0.236435
      vertex 0.713532 3.979420 -0.162859
    endloop
  endfacet
  facet normal -0.470733 -0.880680 0.053039
    outer loop
      vertex 0.713532 3.979420 -0.162859
      vertex 1.035888 3.802686 -0.236435
      vertex 1.062528 3.802686 0.000000
    endloop
  endfacet
  facet normal -0.470733 -0.880680 0.053039
    outer loop
      vertex 0.713532 3.979420 -0.162859
      vertex 1.062528 3.802686 0.000000
      vertex 0.731882 3.979420 0.000000
    endloop
  endfacet
  facet normal -0.632779 -0.771043 -0.071297
    outer loop
      vertex 1.062528 3.802686 0.000000
      vertex 1.352342 3.564842 0.000000
      vertex 1.318436 3.564842 0.300924
    endloop
  endfacet
  facet normal -0.632779 -0.771043 -0.071297
    outer loop
      vertex 1.062528 3.802686 0.000000
      vertex 1.318436 3.564842 0.300924
      vertex 1.035888 3.802686 0.236435
    endloop
  endfacet
  facet normal -0.601049 -0.771043 -0.210316
    outer loop
      vertex 1.035888 3.802686 0.236435
      vertex 1.318436 3.564842 0.300924
      vertex 1.218418 3.564842 0.586759
    endloop
  endfacet
  facet normal -0.601049 -0.771043 -0.210316
    outer loop
      vertex 1.035888 3.802686 0.236435
      vertex 1.218418 3.564842 0.586759
      vertex 0.957305 3.802686 0.461014
    endloop
  endfacet
  facet normal -0.539179 -0.771043 -0.338789
    outer loop
      vertex 0.957305 3.802686 0.461014
      vertex 1.218418 3.564842 0.586759
      vertex 1.057303 3.564842 0.843171
    endloop
  endfacet
  facet normal -0.539179 -0.771043 -0.338789
    outer loop
      vertex 0.957305 3.802686 0.461014
      vertex 1.057303 3.564842 0.843171
      vertex 0.830718 3.802686 0.662475
    endloop
  endfacet
  facet normal -0.450273 -0.771043 -0.450273
    outer loop
      vertex 0.830718 3.802686 0.662475
      vertex 1.057303 3.564842 0.843171
      vertex 0.843171 3.564842 1.057303
    endloop
  endfacet
  facet normal -0.450273 -0.771043 -0.450273
    outer loop
      vertex 0.830718 3.802686 0.662475
      vertex 0.843171 3.564842 1.057303
      vertex 0.662475 3.802686 0.830718
    endloop
  endfacet
  facet normal -0.338789 -0.771043 -0.539179
    outer loop
      vertex 0.662475 3.802686 0.830718
      vertex 0.843171 3.564842 1.057303
      vertex 0.586759 3.564842 1.218418
    endloop
  endfacet
  facet normal -0.338789 -0.771043 -0.539179
    outer loop
      vertex 0.662475 3.802686 0.830718
      vertex 0.586759 3.564842 1.218418
      vertex 0.461014 3.802686 0.957305
    endloop
  endfacet
  facet normal -0.210316 -0.771043 -0.601049
    outer loop
      vertex 0.461014 3.802686 0.957305
      vertex 0.586759 3.564842 1.218418
      vertex 0.300924 3.564842 1.318436
    endloop
  endfacet
  facet normal -0.210316 -0.771043 -0.601049
    outer loop
      vertex 0.461014 3.802686 0.957305
      vertex 0.300924 3.564842 1.318436
      vertex 0.236435 3.802686 1.035888
    endloop
  endfacet
  facet normal -0.071297 -0.771043 -0.632779
    outer loop
      vertex 0.236435 3.802686 1.035888
      vertex 0.300924 3.564842 1.318436
      vertex 0.000000 3.564842 1.352342
    endloop
  endfacet
  facet normal -0.071297 -0.771043 -0.632779
    outer loop
      vertex 0.236435 3.802686 1.035888
      vertex 0.000000 3.564842 1.352342
      vertex 0.000000 3.802686 1.062528
    endloop
  endfacet
  facet normal 0.071297 -0.771043 -0.632779
    outer loop
      vertex 0.000000 3.802686 1.062528
      vertex 0.000000 3.564842 1.352342
      vertex -0.300924 3.564842 1.318436
    endloop
  endfacet
  facet normal 0.071297 -0.771043 -0.632779
    outer loop
      vertex 0.000000 3.802686 1.062528
      vertex -0.300924 3.564842 1.318436
      vertex -0.236435 3.802686 1.035888
    endloop
  endfacet
  facet normal 0.210316 -0.771043 -0.601049
    outer loop
      vertex -0.236435 3.802686 1.035888
      vertex -0.300924 3.564842 1.318436
      vertex -0.586759 3.564842 1.218418
    endloop
  endfacet
  facet normal 0.210316 -0.771043 -0.601049
    outer loop
      vertex -0.236435 3.802686 1.035888
      vertex -0.586759 3.564842 1.218418
      vertex -0.461014 3.802686 0.957305
    endloop
  endfacet
  facet normal 0.338789 -0.771043 -0.539179
    outer loop
      vertex -0.461014 3.802686 0.957305
      vertex -0.586759 3.564842 1.218418
      vertex -0.843171 3.564842 1.057303
    endloop
  endfacet
  facet normal 0.338789 -0.771043 -0.539179
    outer loop
      vertex -0.461014 3.802686 0.957305
      vertex -0.843171 3.564842 1.057303
      vertex -0.662475 3.802686 0.830718
    endloop
  endfacet
  facet normal 0.450273 -0.771043 -0.450273
    outer loop
      vertex -0.662475 3.802686 0.830718
      vertex -0.843171 3.564842 1.057303
      vertex -1.057303 3.564842 0.843171
    endloop
  endfacet
  facet normal 0.450273 -0.771043 -0.450273
    outer loop
      vertex -0.662475 3.802686 0.830718
      vertex -1.057303 3.564842 0.843171
      vertex -0.830718 3.802686 0.662475
    endloop
  endfacet
  facet normal 0.539179 -0.771043 -0.338789
    outer loop
      vertex -0.830718 3.802686 0.662475
      vertex -1.057303 3.564842 0.843171
      vertex -1.218418 3.564842 0.586759
    endloop
  endfacet
  facet normal 0.539179 -0.771043 -0.338789
    outer loop
      vertex -0.830718 3.802686 0.662475
      vertex -1.218418 3.564842 0.586759
      vertex -0.957305 3.802686 0.461014
    endloop
  endfacet
  facet normal 0.601049 -0.771043 -0.210316
    outer loop
      vertex -0.957305 3.802686 0.461014
      vertex -1.218418 3.564842 0.586759
      vertex -1.318436 3.564842 0.300924
    endloop
  endfacet
  facet normal 0.601049 -0.771043 -0.210316
    outer loop
      vertex -0.957305 3.802686 0.461014
      vertex -1.318436 3.564842 0.300924
      vertex -1.035888 3.802686 0.236435
    endloop
  endfacet
  facet normal 0.632779 -0.771043 -0.071297
    outer loop
      vertex -1.035888 3.802686 0.236435
      vertex -1.318436 3.564842 0.300924
      vertex -1.352342 3.564842 0.000000
    endloop
  endfacet
  facet normal 0.632779 -0.771043 -0.071297
    outer loop
      vertex -1.035888 3.802686 0.236435
      vertex -1.352342 3.564842 0.000000
      vertex -1.062528 3.802686 0.000000
    endloop
  endfacet
  facet normal 0.632779 -0.771043 0.071297
    outer loop
      vertex -1.062528 3.802686 0.000000
      vertex -1.352342 3.564842 0.000000
      vertex -1.318436 3.564842 -0.300924
    endloop
  endfacet
  facet normal 0.632779 -0.771043 0.071297
    outer loop
      vertex -1.062528 3.802686 0.000000
      vertex -1.318436 3.564842 -0.300924
      vertex -1.035888 3.802686 -0.236435
    endloop
  endfacet
  facet normal 0.601049 -0.771043 0.210316
    outer loop
      vertex -1.035888 3.802686 -0.236435
      vertex -1.318436 3.564842 -0.300924
      vertex -1.218418 3.564842 -0.586759
    endloop
  endfacet
  facet normal 0.601049 -0.771043 0.210316
    outer loop
      vertex -1.035888 3.802686 -0.236435
      vertex -1.218418 3.564842 -0.586759
      vertex -0.957305 3.802686 -0.461014
    endloop
  endfacet
  facet normal 0.539179 -0.771043 0.338789
    outer loop
      vertex -0.957305 3.802686 -0.461014
      vertex -1.218418 3.564842 -0.586759
      vertex -1.057303 3.564842 -0.843171
    endloop
  endfacet
  facet normal 0.539179 -0.771043 0.338789
    outer loop
      vertex -0.957305 3.802686 -0.461014
      vertex -1.057303 3.564842 -0.843171
      vertex -0.830718 3.802686 -0.662475
    endloop
  endfacet
  facet normal 0.450273 -0.771043 0.450273
    outer loop
      vertex -0.830718 3.802686 -0.662475
      vertex -1.057303 3.564842 -0.843171
      vertex -0.843171 3.564842 -1.057303
    endloop
  endfacet
  facet normal 0.450273 -0.771043 0.450273
    outer loop
      vertex -0.830718 3.802686 -0.662475
      vertex -0.843171 3.564842 -1.057303
      vertex -0.662475 3.802686 -0.830718
    endloop
  endfacet
  facet normal 0.338789 -0.771043 0.539179
    outer loop
      vertex -0.662475 3.802686 -0.830718
      vertex -0.843171 3.564842 -1.057303
      vertex -0.586759 3.564842 -1.218418
    endloop
  endfacet
  facet normal 0.338789 -0.771043 0.539179
    outer loop
      vertex -0.662475 3.802686 -0.830718
      vertex -0.586759 3.564842 -1.218418
      vertex -0.461014 3.802686 -0.957305
    endloop
  endfacet
  facet normal 0.210316 -0.771043 0.601049
    outer loop
      vertex -0.461014 3.802686 -0.957305
      vertex -0.586759 3.564842 -1.218418
      vertex -0.300924 3.564842 -1.318436
    endloop
  endfacet
  facet normal 0.210316 -0.771043 0.601049
    outer loop
      vertex -0.461014 3.802686 -0.957305
      vertex -0.300924 3.564842 -1.318436
      vertex -0.236435 3.802686 -1.035888
    endloop
  endfacet
  facet normal 0.071297 -0.771043 0.632779
    outer loop
      vertex -0.236435 3.802686 -1.035888
      vertex -0.300924 3.564842 -1.318436
      vertex -0.000000 3.564842 -1.352342
    endloop
  endfacet
  facet normal 0.071297 -0.771043 0.632779
    outer loop
      vertex -0.236435 3.802686 -1.035888
      vertex -0.000000 3.564842 -1.352342
      vertex -0.000000 3.802686 -1.062528
    endloop
  endfacet
  facet normal -0.071297 -0.771043 0.632779
    outer loop
      vertex -0.000000 3.802686 -1.062528
      vertex -0.000000 3.564842 -1.352342
      vertex 0.300924 3.564842 -1.318436
    endloop
  endfacet
  facet normal -0.071297 -0.771043 0.632779
    outer loop
      vertex -0.000000 3.802686 -1.062528
      vertex 0.300924 3.564842 -1.318436
      vertex 0.236435 3.802686 -1.035888
    endloop
  endfacet
  facet normal -0.210316 -0.771043 0.601049
    outer loop
      vertex 0.236435 3.802686 -1.035888
      vertex 0.300924 3.564842 -1.318436
      vertex 0.586759 3.564842 -1.218418
    endloop
  endfacet
  facet normal -0.210316 -0.771043 0.601049
    outer loop
      vertex 0.236435 3.802686 -1.035888
      vertex 0.586759 3.564842 -1.218418
      vertex 0.461014 3.802686 -0.957305
    endloop
  endfacet
  facet normal -0.338789 -0.771043 0.539179
    outer loop
      vertex 0.461014 3.802686 -0.957305
      vertex 0.586759 3.564842 -1.218418
      vertex 0.843171 3.564842 -1.057303
    endloop
  endfacet
  facet normal -0.338789 -0.771043 0.539179
    outer loop
      vertex 0.461014 3.802686 -0.957305
      vertex 0.843171 3.564842 -1.057303
      vertex 0.662475 3.802686 -0.830718
    endloop
  endfacet
  facet normal -0.450273 -0.771043 0.450273
    outer loop
      vertex 0.662475 3.802686 -0.830718
      vertex 0.843171 3.564842 -1.057303
      vertex 1.057303 3.564842 -0.843171
    endloop
  endfacet
  facet normal -0.450273 -0.771043 0.450273
    outer loop
      vertex 0.662475 3.802686 -0.830718
      vertex 1.057303 3.564842 -0.843171
      vertex 0.830718 3.802686 -0.662475
    endloop
  endfacet
  facet normal -0.539179 -0.771043 0.338789
    outer loop
      vertex 0.830718 3.802686 -0.662475
      vertex 1.057303 3.564842 -0.843171
      vertex 1.218418 3.564842 -0.586759
    endloop
  endfacet
  facet normal -0.539179 -0.771043 0.338789
    outer loop
      vertex 0.830718 3.802686 -0.662475
      vertex 1.218418 3.564842 -0.586759
      vertex 0.957305 3.802686 -0.461014
    endloop
  endfacet
  facet normal -0.601049 -0.771043 0.210316
    outer loop
      vertex 0.957305 3.802686 -0.461014
      vertex 1.218418 3.564842 -0.586759
      vertex 1.318436 3.564842 -0.300924
    endloop
  endfacet
  facet normal -0.601049 -0.771043 0.210316
    outer loop
      vertex 0.957305 3.802686 -0.461014
      vertex 1.318436 3.564842 -0.300924
      vertex 1.035888 3.802686 -0.236435
    endloop
  endfacet
  facet normal -0.632779 -0.771043 0.071297
    outer loop
      vertex 1.035888 3.802686 -0.236435
      vertex 1.318436 3.564842 -0.300924
      vertex 1.352342 3.564842 0.000000
    endloop
  endfacet
  facet normal -0.632779 -0.771043 0.071297
    outer loop
      vertex 1.035888 3.802686 -0.236435
      vertex 1.352342 3.564842 0.000000
      vertex 1.062528 3.802686 0.000000
    endloop
  endfacet
  facet normal -0.770095 -0.632001 -0.086769
    outer loop
      vertex 1.352342 3.564842 0.000000
      vertex 1.590186 3.275028 0.000000
      vertex 1.550316 3.275028 0.353850
    endloop
  endfacet
  facet normal -0.770095 -0.632001 -0.086769
    outer loop
      vertex 1.352342 3.564842 0.000000
      vertex 1.550316 3.275028 0.353850
      vertex 1.318436 3.564842 0.300924
    endloop
  endfacet
  facet normal -0.731479 -0.632001 -0.255956
    outer loop
      vertex 1.318436 3.564842 0.300924
      vertex 1.550316 3.275028 0.353850
      vertex 1.432708 3.275028 0.689956
    endloop
  endfacet
  facet normal -0.731479 -0.632001 -0.255956
    outer loop
      vertex 1.318436 3.564842 0.300924
      vertex 1.432708 3.275028 0.689956
      vertex 1.218418 3.564842 0.586759
    endloop
  endfacet
  facet normal -0.656184 -0.632001 -0.412308
    outer loop
      vertex 1.218418 3.564842 0.586759
      vertex 1.432708 3.275028 0.689956
      vertex 1.243257 3.275028 0.991465
    endloop
  endfacet
  facet normal -0.656184 -0.632001 -0.412308
    outer loop
      vertex 1.218418 3.564842 0.586759
      vertex 1.243257 3.275028 0.991465
      vertex 1.057303 3.564842 0.843171
    endloop
  endfacet
  facet normal -0.547985 -0.632001 -0.547985
    outer loop
      vertex 1.057303 3.564842 0.843171
      vertex 1.243257 3.275028 0.991465
      vertex 0.991465 3.275028 1.243257
    endloop
  endfacet
  facet normal -0.547985 -0.632001 -0.547985
    outer loop
      vertex 1.057303 3.564842 0.843171
      vertex 0.991465 3.275028 1.243257
      vertex 0.843171 3.564842 1.057303
    endloop
  endfacet
  facet normal -0.412308 -0.632001 -0.656184
    outer loop
      vertex 0.843171 3.564842 1.057303
      vertex 0.991465 3.275028 1.243257
      vertex 0.689956 3.275028 1.432708
    endloop
  endfacet
  facet normal -0.412308 -0.632001 -0.656184
    outer loop
      vertex 0.843171 3.564842 1.057303
      vertex 0.689956 3.275028 1.432708
      vertex 0.586759 3.564842 1.218418
    endloop
  endfacet
  facet normal -0.255956 -0.632001 -0.731479
    outer loop
      vertex 0.586759 3.564842 1.218418
      vertex 0.689956 3.275028 1.432708
      vertex 0.353850 3.275028 1.550316
    endloop
  endfacet
  facet normal -0.255956 -0.632001 -0.731479
    outer loop
      vertex 0.586759 3.564842 1.218418
      vertex 0.353850 3.275028 1.550316
      vertex 0.300924 3.564842 1.318436
    endloop
  endfacet
  facet normal -0.086769 -0.632001 -0.770095
    outer loop
      vertex 0.300924 3.564842 1.318436
      vertex 0.353850 3.275028 1.550316
      vertex 0.000000 3.275028 1.590186
    endloop
  endfacet
  facet normal -0.086769 -0.632001 -0.770095
    outer loop
      vertex 0.300924 3.564842 1.318436
      vertex 0.000000 3.275028 1.590186
      vertex 0.000000 3.564842 1.352342
    endloop
  endfacet
  facet normal 0.086769 -0.632001 -0.770095
    outer loop
      vertex 0.000000 3.564842 1.352342
      vertex 0.000000 3.275028 1.590186
      vertex -0.353850 3.275028 1.550316
    endloop
  endfacet
  facet normal 0.086769 -0.632001 -0.770095
    outer loop
      vertex 0.000000 3.564842 1.352342
      vertex -0.353850 3.275028 1.550316
      vertex -0.300924 3.564842 1.318436
    endloop
  endfacet
  facet normal 0.255956 -0.632001 -0.731479
    outer loop
      vertex -0.300924 3.564842 1.318436
      vertex -0.353850 3.275028 1.550316
      vertex -0.689956 3.275028 1.432708
    endloop
  endfacet
  facet normal 0.255956 -0.632001 -0.731479
    outer loop
      vertex -0.300924 3.564842 1.318436
      vertex -0.689956 3.275028 1.432708
      vertex -0.586759 3.564842 1.218418
    endloop
  endfacet
  facet normal 0.412308 -0.632001 -0.656184
    outer loop
      vertex -0.586759 3.564842 1.218418
      vertex -0.689956 3.275028 1.432708
      vertex -0.991465 3.275028 1.243257
    endloop
  endfacet
  facet normal 0.412308 -0.632001 -0.656184
    outer loop
      vertex -0.586759 3.564842 1.218418
      vertex -0.991465 3.275028 1.243257
      vertex -0.843171 3.564842 1.057303
    endloop
  endfacet
  facet normal 0.547985 -0.632001 -0.547985
    outer loop
      vertex -0.843171 3.564842 1.057303
      vertex -0.991465 3.275028 1.243257
      vertex -1.243257 3.275028 0.991465
    endloop
  endfacet
  facet normal 0.547985 -0.632001 -0.547985
    outer loop
      vertex -0.843171 3.564842 1.057303
      vertex -1.243257 3.275028 0.991465
      vertex -1.057303 3.564842 0.843171
    endloop
  endfacet
  facet normal 0.656184 -0.632001 -0.412308
    outer loop
      vertex -1.057303 3.564842 0.843171
      vertex -1.243257 3.275028 0.991465
      vertex -1.432708 3.275028 0.689956
    endloop
  endfacet
  facet normal 0.656184 -0.632001 -0.412308
    outer loop
      vertex -1.057303 3.564842 0.843171
      vertex -1.432708 3.275028 0.689956
      vertex -1.218418 3.564842 0.586759
    endloop
  endfacet
  facet normal 0.731479 -0.632001 -0.255956
    outer loop
      vertex -1.218418 3.564842 0.586759
      vertex -1.432708 3.275028 0.689956
      vertex -1.550316 3.275028 0.353850
    endloop
  endfacet
  facet normal 0.731479 -0.632001 -0.255956
    outer loop
      vertex -1.218418 3.564842 0.586759
      vertex -1.550316 3.275028 0.353850
      vertex -1.318436 3.564842 0.300924
    endloop
  endfacet
  facet normal 0.770095 -0.632001 -0.086769
    outer loop
      vertex -1.318436 3.564842 0.300924
      vertex -1.550316 3.275028 0.353850
      vertex -1.590186 3.275028 0.000000
    endloop
  endfacet
  facet normal 0.770095 -0.632001 -0.086769
    outer loop
      vertex -1.318436 3.564842 0.300924
      vertex -1.590186 3.275028 0.000000
      vertex -1.352342 3.564842 0.000000
    endloop
  endfacet
  facet normal 0.770095 -0.632001 0.086769
    outer loop
      vertex -1.352342 3.564842 0.000000
      vertex -1.590186 3.275028 0.000000
      vertex -1.550316 3.275028 -0.353850
    endloop
  endfacet
  facet normal 0.770095 -0.632001 0.086769
    outer loop
      vertex -1.352342 3.564842 0.000000
      vertex -1.550316 3.275028 -0.353850
      vertex -1.318436 3.564842 -0.300924
    endloop
  endfacet
  facet normal 0.731479 -0.632001 0.255956
    outer loop
      vertex -1.318436 3.564842 -0.300924
      vertex -1.550316 3.275028 -0.353850
      vertex -1.432708 3.275028 -0.689956
    endloop
  endfacet
  facet normal 0.731479 -0.632001 0.255956
    outer loop
      vertex -1.318436 3.564842 -0.300924
      vertex -1.432708 3.275028 -0.689956
      vertex -1.218418 3.564842 -0.586759
    endloop
  endfacet
  facet normal 0.656184 -0.632001 0.412308
    outer loop
      vertex -1.218418 3.564842 -0.586759
      vertex -1.432708 3.275028 -0.689956
      vertex -1.243257 3.275028 -0.991465
    endloop
  endfacet
  facet normal 0.656184 -0.632001 0.412308
    outer loop
      vertex -1.218418 3.564842 -0.586759
      vertex -1.243257 3.275028 -0.991465
      vertex -1.057303 3.564842 -0.843171
    endloop
  endfacet
  facet normal 0.547985 -0.632001 0.547985
    outer loop
      vertex -1.057303 3.564842 -0.843171
      vertex -1.243257 3.275028 -0.991465
      vertex -0.991465 3.275028 -1.243257
    endloop
  endfacet
  facet normal 0.547985 -0.632001 0.547985
    outer loop
      vertex -1.057303 3.564842 -0.843171
      vertex -0.991465 3.275028 -1.243257
      vertex -0.843171 3.564842 -1.057303
    endloop
  endfacet
  facet normal 0.412308 -0.632001 0.656184
    outer loop
      vertex -0.843171 3.564842 -1.057303
      vertex -0.991465 3.275028 -1.243257
      vertex -0.689956 3.275028 -1.432708
    endloop
  endfacet
  facet normal 0.412308 -0.632001 0.656184
    outer loop
      vertex -0.843171 3.564842 -1.057303
      vertex -0.689956 3.275028 -1.432708
      vertex -0.586759 3.564842 -1.218418
    endloop
  endfacet
  facet normal 0.255956 -0.632001 0.731479
    outer loop
      vertex -0.586759 3.564842 -1.218418
      vertex -0.689956 3.275028 -1.432708
      vertex -0.353850 3.275028 -1.550316
    endloop
  endfacet
  facet normal 0.255956 -0.632001 0.731479
    outer loop
      vertex -0.586759 3.564842 -1.218418
      vertex -0.353850 3.275028 -1.550316
      vertex -0.300924 3.564842 -1.318436
    endloop
  endfacet
  facet normal 0.086769 -0.632001 0.770095
    outer loop
      vertex -0.300924 3.564842 -1.318436
      vertex -0.353850 3.275028 -1.550316
      vertex -0.000000 3.275028 -1.590186
    endloop
  endfacet
  facet normal 0.086769 -0.632001 0.770095
    outer loop
      vertex -0.300924 3.564842 -1.318436
      vertex -0.000000 3.275028 -1.590186
      vertex -0.000000 3.564842 -1.352342
    endloop
  endfacet
  facet normal -0.086769 -0.632001 0.770095
    outer loop
      vertex -0.000000 3.564842 -1.352342
      vertex -0.000000 3.275028 -1.590186
      vertex 0.353850 3.275028 -1.550316
    endloop
  endfacet
  facet normal -0.086769 -0.632001 0.770095
    outer loop
      vertex -0.000000 3.564842 -1.352342
      vertex 0.353850 3.275028 -1.550316
      vertex 0.300924 3.564842 -1.318436
    endloop
  endfacet
  facet normal -0.255956 -0.632001 0.731479
    outer loop
      vertex 0.300924 3.564842 -1.318436
      vertex 0.353850 3.275028 -1.550316
      vertex 0.689956 3.275028 -1.432708
    endloop
  endfacet
  facet normal -0.255956 -0.632001 0.731479
    outer loop
      vertex 0.300924 3.564842 -1.318436
      vertex 0.689956 3.275028 -1.432708
      vertex 0.586759 3.564842 -1.218418
    endloop
  endfacet
  facet normal -0.412308 -0.632001 0.656184
    outer loop
      vertex 0.586759 3.564842 -1.218418
      vertex 0.689956 3.275028 -1.432708
      vertex 0.991465 3.275028 -1.243257
    endloop
  endfacet
  facet normal -0.412308 -0.632001 0.656184
    outer loop
      vertex 0.586759 3.564842 -1.218418
      vertex 0.991465 3.275028 -1.243257
      vertex 0.843171 3.564842 -1.057303
    endloop
  endfacet
  facet normal -0.547985 -0.632001 0.547985
    outer loop
      vertex 0.843171 3.564842 -1.057303
      vertex 0.991465 3.275028 -1.243257
      vertex 1.243257 3.275028 -0.991465
    endloop
  endfacet
  facet normal -0.547985 -0.632001 0.547985
    outer loop
      vertex 0.843171 3.564842 -1.057303
      vertex 1.243257 3.275028 -0.991465
      vertex 1.057303 3.564842 -0.843171
    endloop
  endfacet
  facet normal -0.656184 -0.632001 0.412308
    outer loop
      vertex 1.057303 3.564842 -0.843171
      vertex 1.243257 3.275028 -0.991465
      vertex 1.432708 3.275028 -0.689956
    endloop
  endfacet
  facet normal -0.656184 -0.632001 0.412308
    outer loop
      vertex 1.057303 3.564842 -0.843171
      vertex 1.432708 3.275028 -0.689956
      vertex 1.218418 3.564842 -0.586759
    endloop
  endfacet
  facet normal -0.731479 -0.632001 0.255956
    outer loop
      vertex 1.218418 3.564842 -0.586759
      vertex 1.432708 3.275028 -0.689956
      vertex 1.550316 3.275028 -0.353850
    endloop
  endfacet
  facet normal -0.731479 -0.632001 0.255956
    outer loop
      vertex 1.218418 3.564842 -0.586759
      vertex 1.550316 3.275028 -0.353850
      vertex 1.318436 3.564842 -0.300924
    endloop
  endfacet
  facet normal -0.770095 -0.632001 0.086769
    outer loop
      vertex 1.318436 3.564842 -0.300924
      vertex 1.550316 3.275028 -0.353850
      vertex 1.590186 3.275028 0.000000
    endloop
  endfacet
  facet normal -0.770095 -0.632001 0.086769
    outer loop
      vertex 1.318436 3.564842 -0.300924
      vertex 1.590186 3.275028 0.000000
      vertex 1.352342 3.564842 0.000000
    endloop
  endfacet
  facet normal -0.877599 -0.469087 -0.098882
    outer loop
      vertex 1.590186 3.275028 0.000000
      vertex 1.766920 2.944382 0.000000
      vertex 1.722619 2.944382 0.393177
    endloop
  endfacet
  facet normal -0.877599 -0.469087 -0.098882
    outer loop
      vertex 1.590186 3.275028 0.000000
      vertex 1.722619 2.944382 0.393177
      vertex 1.550316 3.275028 0.353850
    endloop
  endfacet
  facet normal -0.833593 -0.469087 -0.291687
    outer loop
      vertex 1.550316 3.275028 0.353850
      vertex 1.722619 2.944382 0.393177
      vertex 1.591940 2.944382 0.766638
    endloop
  endfacet
  facet normal -0.833593 -0.469087 -0.291687
    outer loop
      vertex 1.550316 3.275028 0.353850
      vertex 1.591940 2.944382 0.766638
      vertex 1.432708 3.275028 0.689956
    endloop
  endfacet
  facet normal -0.747786 -0.469087 -0.469865
    outer loop
      vertex 1.432708 3.275028 0.689956
      vertex 1.591940 2.944382 0.766638
      vertex 1.381433 2.944382 1.101656
    endloop
  endfacet
  facet normal -0.747786 -0.469087 -0.469865
    outer loop
      vertex 1.432708 3.275028 0.689956
      vertex 1.381433 2.944382 1.101656
      vertex 1.243257 3.275028 0.991465
    endloop
  endfacet
  facet normal -0.624483 -0.469087 -0.624483
    outer loop
      vertex 1.243257 3.275028 0.991465
      vertex 1.381433 2.944382 1.101656
      vertex 1.101656 2.944382 1.381433
    endloop
  endfacet
  facet normal -0.624483 -0.469087 -0.624483
    outer loop
      vertex 1.243257 3.275028 0.991465
      vertex 1.101656 2.944382 1.381433
      vertex 0.991465 3.275028 1.243257
    endloop
  endfacet
  facet normal -0.469865 -0.469087 -0.747786
    outer loop
      vertex 0.991465 3.275028 1.243257
      vertex 1.101656 2.944382 1.381433
      vertex 0.766638 2.944382 1.591940
    endloop
  endfacet
  facet normal -0.469865 -0.469087 -0.747786
    outer loop
      vertex 0.991465 3.275028 1.243257
      vertex 0.766638 2.944382 1.591940
      vertex 0.689956 3.275028 1.432708
    endloop
  endfacet
  facet normal -0.291687 -0.469087 -0.833593
    outer loop
      vertex 0.689956 3.275028 1.432708
      vertex 0.766638 2.944382 1.591940
      vertex 0.393177 2.944382 1.722619
    endloop
  endfacet
  facet normal -0.291687 -0.469087 -0.833593
    outer loop
      vertex 0.689956 3.275028 1.432708
      vertex 0.393177 2.944382 1.722619
      vertex 0.353850 3.275028 1.550316
    endloop
  endfacet
  facet normal -0.098882 -0.469087 -0.877599
    outer loop
      vertex 0.353850 3.275028 1.550316
      vertex 0.393177 2.944382 1.722619
      vertex 0.000000 2.944382 1.766920
    endloop
  endfacet
  facet normal -0.098882 -0.469087 -0.877599
    outer loop
      vertex 0.353850 3.275028 1.550316
      vertex 0.000000 2.944382 1.766920
      vertex 0.000000 3.275028 1.590186
    endloop
  endfacet
  facet normal 0.098882 -0.469087 -0.877599
    outer loop
      vertex 0.000000 3.275028 1.590186
      vertex 0.000000 2.944382 1.766920
      vertex -0.393177 2.944382 1.722619
    endloop
  endfacet
  facet normal 0.098882 -0.469087 -0.877599
    outer loop
      vertex 0.000000 3.275028 1.590186
      vertex -0.393177 2.944382 1.722619
      vertex -0.353850 3.275028 1.550316
    endloop
  endfacet
  facet normal 0.291687 -0.469087 -0.833593
    outer loop
      vertex -0.353850 3.275028 1.550316
      vertex -0.393177 2.944382 1.722619
      vertex -0.766638 2.944382 1.591940
    endloop
  endfacet
  facet normal 0.291687 -0.469087 -0.833593
    outer loop
      vertex -0.353850 3.275028 1.550316
      vertex -0.766638 2.944382 1.591940
      vertex -0.689956 3.275028 1.432708
    endloop
  endfacet
  facet normal 0.469865 -0.469087 -0.747786
    outer loop
      vertex -0.689956 3.275028 1.432708
      vertex -0.766638 2.944382 1.591940
      vertex -1.101656 2.944382 1.381433
    endloop
  endfacet
  facet normal 0.469865 -0.469087 -0.747786
    outer loop
      vertex -0.689956 3.275028 1.432708
      vertex -1.101656 2.944382 1.381433
      vertex -0.991465 3.275028 1.243257
    endloop
  endfacet
  facet normal 0.624483 -0.469087 -0.624483
    outer loop
      vertex -0.991465 3.275028 1.243257
      vertex -1.101656 2.944382 1.381433
      vertex -1.381433 2.944382 1.101656
    endloop
  endfacet
  facet normal 0.624483 -0.469087 -0.624483
    outer loop
      vertex -0.991465 3.275028 1.243257
      vertex -1.381433 2.944382 1.101656
      vertex -1.243257 3.275028 0.991465
    endloop
  endfacet
  facet normal 0.747786 -0.469087 -0.469865
    outer loop
      vertex -1.243257 3.275028 0.991465
      vertex -1.381433 2.944382 1.101656
      vertex -1.591940 2.944382 0.766638
    endloop
  endfacet
  facet normal 0.747786 -0.469087 -0.469865
    outer loop
      vertex -1.243257 3.275028 0.991465
      vertex -1.591940 2.944382 0.766638
      vertex -1.432708 3.275028 0.689956
    endloop
  endfacet
  facet normal 0.833593 -0.469087 -0.291687
    outer loop
      vertex -1.432708 3.275028 0.689956
      vertex -1.591940 2.944382 0.766638
      vertex -1.722619 2.944382 0.393177
    endloop
  endfacet
  facet normal 0.833593 -0.469087 -0.291687
    outer loop
      vertex -1.432708 3.275028 0.689956
      vertex -1.722619 2.944382 0.393177
      vertex -1.550316 3.275028 0.353850
    endloop
  endfacet
  facet normal 0.877599 -0.469087 -0.098882
    outer loop
      vertex -1.550316 3.275028 0.353850
      vertex -1.722619 2.944382 0.393177
      vertex -1.766920 2.944382 0.000000
    endloop
  endfacet
  facet normal 0.877599 -0.469087 -0.098882
    outer loop
      vertex -1.550316 3.275028 0.353850
      vertex -1.766920 2.944382 0.000000
      vertex -1.590186 3.275028 0.000000
    endloop
  endfacet
  facet normal 0.877599 -0.469087 0.098882
    outer loop
      vertex -1.590186 3.275028 0.000000
      vertex -1.766920 2.944382 0.000000
      vertex -1.722619 2.944382 -0.393177
    endloop
  endfacet
  facet normal 0.877599 -0.469087 0.098882
    outer loop
      vertex -1.590186 3.275028 0.000000
      vertex -1.722619 2.944382 -0.393177
      vertex -1.550316 3.275028 -0.353850
    endloop
  endfacet
  facet normal 0.833593 -0.469087 0.291687
    outer loop
      vertex -1.550316 3.275028 -0.353850
      vertex -1.722619 2.944382 -0.393177
      vertex -1.591940 2.944382 -0.766638
    endloop
  endfacet
  facet normal 0.833593 -0.469087 0.291687
    outer loop
      vertex -1.550316 3.275028 -0.353850
      vertex -1.591940 2.944382 -0.766638
      vertex -1.432708 3.275028 -0.689956
    endloop
  endfacet
  facet normal 0.747786 -0.469087 0.469865
    outer loop
      vertex -1.432708 3.275028 -0.689956
      vertex -1.591940 2.944382 -0.766638
      vertex -1.381433 2.944382 -1.101656
    endloop
  endfacet
  facet normal 0.747786 -0.469087 0.469865
    outer loop
      vertex -1.432708 3.275028 -0.689956
      vertex -1.381433 2.944382 -1.101656
      vertex -1.243257 3.275028 -0.991465
    endloop
  endfacet
  facet normal 0.624483 -0.469087 0.624483
    outer loop
      vertex -1.243257 3.275028 -0.991465
      vertex -1.381433 2.944382 -1.101656
      vertex -1.101656 2.944382 -1.381433
    endloop
  endfacet
  facet normal 0.624483 -0.469087 0.624483
    outer loop
      vertex -1.243257 3.275028 -0.991465
      vertex -1.101656 2.944382 -1.381433
      vertex -0.991465 3.275028 -1.243257
    endloop
  endfacet
  facet normal 0.469865 -0.469087 0.747786
    outer loop
      vertex -0.991465 3.275028 -1.243257
      vertex -1.101656 2.944382 -1.381433
      vertex -0.766638 2.944382 -1.591940
    endloop
  endfacet
  facet normal 0.469865 -0.469087 0.747786
    outer loop
      vertex -0.991465 3.275028 -1.243257
      vertex -0.766638 2.944382 -1.591940
      vertex -0.689956 3.275028 -1.432708
    endloop
  endfacet
  facet normal 0.291687 -0.469087 0.833593
    outer loop
      vertex -0.689956 3.275028 -1.432708
      vertex -0.766638 2.944382 -1.591940
      vertex -0.393177 2.944382 -1.722619
    endloop
  endfacet
  facet normal 0.291687 -0.469087 0.833593
    outer loop
      vertex -0.689956 3.275028 -1.432708
      vertex -0.393177 2.944382 -1.722619
      vertex -0.353850 3.275028 -1.550316
    endloop
  endfacet
  facet normal 0.098882 -0.469087 0.877599
    outer loop
      vertex -0.353850 3.275028 -1.550316
      vertex -0.393177 2.944382 -1.722619
      vertex -0.000000 2.944382 -1.766920
    endloop
  endfacet
  facet normal 0.098882 -0.469087 0.877599
    outer loop
      vertex -0.353850 3.275028 -1.550316
      vertex -0.000000 2.944382 -1.766920
      vertex -0.000000 3.275028 -1.590186
    endloop
  endfacet
  facet normal -0.098882 -0.469087 0.877599
    outer loop
      vertex -0.000000 3.275028 -1.590186
      vertex -0.000000 2.944382 -1.766920
      vertex 0.393177 2.944382 -1.722619
    endloop
  endfacet
  facet normal -0.098882 -0.469087 0.877599
    outer loop
      vertex -0.000000 3.275028 -1.590186
      vertex 0.393177 2.944382 -1.722619
      vertex 0.353850 3.275028 -1.550316
    endloop
  endfacet
  facet normal -0.291687 -0.469087 0.833593
    outer loop
      vertex 0.353850 3.275028 -1.550316
      vertex 0.393177 2.944382 -1.722619
      vertex 0.766638 2.944382 -1.591940
    endloop
  endfacet
  facet normal -0.291687 -0.469087 0.833593
    outer loop
      vertex 0.353850 3.275028 -1.550316
      vertex 0.766638 2.944382 -1.591940
      vertex 0.689956 3.275028 -1.432708
    endloop
  endfacet
  facet normal -0.469865 -0.469087 0.747786
    outer loop
      vertex 0.689956 3.275028 -1.432708
      vertex 0.766638 2.944382 -1.591940
      vertex 1.101656 2.944382 -1.381433
    endloop
  endfacet
  facet normal -0.469865 -0.469087 0.747786
    outer loop
      vertex 0.689956 3.275028 -1.432708
      vertex 1.101656 2.944382 -1.381433
      vertex 0.991465 3.275028 -1.243257
    endloop
  endfacet
  facet normal -0.624483 -0.469087 0.624483
    outer loop
      vertex 0.991465 3.275028 -1.243257
      vertex 1.101656 2.944382 -1.381433
      vertex 1.381433 2.944382 -1.101656
    endloop
  endfacet
  facet normal -0.624483 -0.469087 0.624483
    outer loop
      vertex 0.991465 3.275028 -1.243257
      vertex 1.381433 2.944382 -1.101656
      vertex 1.243257 3.275028 -0.991465
    endloop
  endfacet
  facet normal -0.747786 -0.469087 0.469865
    outer loop
      vertex 1.243257 3.275028 -0.991465
      vertex 1.381433 2.944382 -1.101656
      vertex 1.591940 2.944382 -0.766638
    endloop
  endfacet
  facet normal -0.747786 -0.469087 0.469865
    outer loop
      vertex 1.243257 3.275028 -0.991465
      vertex 1.591940 2.944382 -0.766638
      vertex 1.432708 3.275028 -0.689956
    endloop
  endfacet
  facet normal -0.833593 -0.469087 0.291687
    outer loop
      vertex 1.432708 3.275028 -0.689956
      vertex 1.591940 2.944382 -0.766638
      vertex 1.722619 2.944382 -0.393177
    endloop
  endfacet
  facet normal -0.833593 -0.469087 0.291687
    outer loop
      vertex 1.432708 3.275028 -0.689956
      vertex 1.722619 2.944382 -0.393177
      vertex 1.550316 3.275028 -0.353850
    endloop
  endfacet
  facet normal -0.877599 -0.469087 0.098882
    outer loop
      vertex 1.550316 3.275028 -0.353850
      vertex 1.722619 2.944382 -0.393177
      vertex 1.766920 2.944382 0.000000
    endloop
  endfacet
  facet normal -0.877599 -0.469087 0.098882
    outer loop
      vertex 1.550316 3.275028 -0.353850
      vertex 1.766920 2.944382 0.000000
      vertex 1.590186 3.275028 0.000000
    endloop
  endfacet
  facet normal -0.951426 -0.288612 -0.107200
    outer loop
      vertex 1.766920 2.944382 0.000000
      vertex 1.875752 2.585610 0.000000
      vertex 1.828723 2.585610 0.417394
    endloop
  endfacet
  facet normal -0.951426 -0.288612 -0.107200
    outer loop
      vertex 1.766920 2.944382 0.000000
      vertex 1.828723 2.585610 0.417394
      vertex 1.722619 2.944382 0.393177
    endloop
  endfacet
  facet normal -0.903717 -0.288612 -0.316224
    outer loop
      vertex 1.722619 2.944382 0.393177
      vertex 1.828723 2.585610 0.417394
      vertex 1.689994 2.585610 0.813858
    endloop
  endfacet
  facet normal -0.903717 -0.288612 -0.316224
    outer loop
      vertex 1.722619 2.944382 0.393177
      vertex 1.689994 2.585610 0.813858
      vertex 1.591940 2.944382 0.766638
    endloop
  endfacet
  facet normal -0.810693 -0.288612 -0.509392
    outer loop
      vertex 1.591940 2.944382 0.766638
      vertex 1.689994 2.585610 0.813858
      vertex 1.466522 2.585610 1.169512
    endloop
  endfacet
  facet normal -0.810693 -0.288612 -0.509392
    outer loop
      vertex 1.591940 2.944382 0.766638
      vertex 1.466522 2.585610 1.169512
      vertex 1.381433 2.944382 1.101656
    endloop
  endfacet
  facet normal -0.677017 -0.288612 -0.677017
    outer loop
      vertex 1.381433 2.944382 1.101656
      vertex 1.466522 2.585610 1.169512
      vertex 1.169512 2.585610 1.466522
    endloop
  endfacet
  facet normal -0.677017 -0.288612 -0.677017
    outer loop
      vertex 1.381433 2.944382 1.101656
      vertex 1.169512 2.585610 1.466522
      vertex 1.101656 2.944382 1.381433
    endloop
  endfacet
  facet normal -0.509392 -0.288612 -0.810693
    outer loop
      vertex 1.101656 2.944382 1.381433
      vertex 1.169512 2.585610 1.466522
      vertex 0.813858 2.585610 1.689994
    endloop
  endfacet
  facet normal -0.509392 -0.288612 -0.810693
    outer loop
      vertex 1.101656 2.944382 1.381433
      vertex 0.813858 2.585610 1.689994
      vertex 0.766638 2.944382 1.591940
    endloop
  endfacet
  facet normal -0.316224 -0.288612 -0.903717
    outer loop
      vertex 0.766638 2.944382 1.591940
      vertex 0.813858 2.585610 1.689994
      vertex 0.417394 2.585610 1.828723
    endloop
  endfacet
  facet normal -0.316224 -0.288612 -0.903717
    outer loop
      vertex 0.766638 2.944382 1.591940
      vertex 0.417394 2.585610 1.828723
      vertex 0.393177 2.944382 1.722619
    endloop
  endfacet
  facet normal -0.107200 -0.288612 -0.951426
    outer loop
      vertex 0.393177 2.944382 1.722619
      vertex 0.417394 2.585610 1.828723
      vertex 0.000000 2.585610 1.875752
    endloop
  endfacet
  facet normal -0.107200 -0.288612 -0.951426
    outer loop
      vertex 0.393177 2.944382 1.722619
      vertex 0.000000 2.585610 1.875752
      vertex 0.000000 2.944382 1.766920
    endloop
  endfacet
  facet normal 0.107200 -0.288612 -0.951426
    outer loop
      vertex 0.000000 2.944382 1.766920
      vertex 0.000000 2.585610 1.875752
      vertex -0.417394 2.585610 1.828723
    endloop
  endfacet
  facet normal 0.107200 -0.288612 -0.951426
    outer loop
      vertex 0.000000 2.944382 1.766920
      vertex -0.417394 2.585610 1.828723
      vertex -0.393177 2.944382 1.722619
    endloop
  endfacet
  facet normal 0.316224 -0.288612 -0.903717
    outer loop
      vertex -0.393177 2.944382 1.722619
      vertex -0.417394 2.585610 1.828723
      vertex -0.813858 2.585610 1.689994
    endloop
  endfacet
  facet normal 0.316224 -0.288612 -0.903717
    outer loop
      vertex -0.393177 2.944382 1.722619
      vertex -0.813858 2.585610 1.689994
      vertex -0.766638 2.944382 1.591940
    endloop
  endfacet
  facet normal 0.509392 -0.288612 -0.810693
    outer loop
      vertex -0.766638 2.944382 1.591940
      vertex -0.813858 2.585610 1.689994
      vertex -1.169512 2.585610 1.466522
    endloop
  endfacet
  facet normal 0.509392 -0.288612 -0.810693
    outer loop
      vertex -0.766638 2.944382 1.591940
      vertex -1.169512 2.585610 1.466522
      vertex -1.101656 2.944382 1.381433
    endloop
  endfacet
  facet normal 0.677017 -0.288612 -0.677017
    outer loop
      vertex -1.101656 2.944382 1.381433
      vertex -1.169512 2.585610 1.466522
      vertex -1.466522 2.585610 1.169512
    endloop
  endfacet
  facet normal 0.677017 -0.288612 -0.677017
    outer loop
      vertex -1.101656 2.944382 1.381433
      vertex -1.466522 2.585610 1.169512
      vertex -1.381433 2.944382 1.101656
    endloop
  endfacet
  facet normal 0.810693 -0.288612 -0.509392
    outer loop
      vertex -1.381433 2.944382 1.101656
      vertex -1.466522 2.585610 1.169512
      vertex -1.689994 2.585610 0.813858
    endloop
  endfacet
  facet normal 0.810693 -0.288612 -0.509392
    outer loop
      vertex -1.381433 2.944382 1.101656
      vertex -1.689994 2.585610 0.813858
      vertex -1.591940 2.944382 0.766638
    endloop
  endfacet
  facet normal 0.903717 -0.288612 -0.316224
    outer loop
      vertex -1.591940 2.944382 0.766638
      vertex -1.689994 2.585610 0.813858
      vertex -1.828723 2.585610 0.417394
    endloop
  endfacet
  facet normal 0.903717 -0.288612 -0.316224
    outer loop
      vertex -1.591940 2.944382 0.766638
      vertex -1.828723 2.585610 0.417394
      vertex -1.722619 2.944382 0.393177
    endloop
  endfacet
  facet normal 0.951426 -0.288612 -0.107200
    outer loop
      vertex -1.722619 2.944382 0.393177
      vertex -1.828723 2.585610 0.417394
      vertex -1.875752 2.585610 0.000000
    endloop
  endfacet
  facet normal 0.951426 -0.288612 -0.107200
    outer loop
      vertex -1.722619 2.944382 0.393177
      vertex -1.875752 2.585610 0.000000
      vertex -1.766920 2.944382 0.000000
    endloop
  endfacet
  facet normal 0.951426 -0.288612 0.107200
    outer loop
      vertex -1.766920 2.944382 0.000000
      vertex -1.875752 2.585610 0.000000
      vertex -1.828723 2.585610 -0.417394
    endloop
  endfacet
  facet normal 0.951426 -0.288612 0.107200
    outer loop
      vertex -1.766920 2.944382 0.000000
      vertex -1.828723 2.585610 -0.417394
      vertex -1.722619 2.944382 -0.393177
    endloop
  endfacet
  facet normal 0.903717 -0.288612 0.316224
    outer loop
      vertex -1.722619 2.944382 -0.393177
      vertex -1.828723 2.585610 -0.417394
      vertex -1.689994 2.585610 -0.813858
    endloop
  endfacet
  facet normal 0.903717 -0.288612 0.316224
    outer loop
      vertex -1.722619 2.944382 -0.393177
      vertex -1.689994 2.585610 -0.813858
      vertex -1.591940 2.944382 -0.766638
    endloop
  endfacet
  facet normal 0.810693 -0.288612 0.509392
    outer loop
      vertex -1.591940 2.944382 -0.766638
      vertex -1.689994 2.585610 -0.813858
      vertex -1.466522 2.585610 -1.169512
    endloop
  endfacet
  facet normal 0.810693 -0.288612 0.509392
    outer loop
      vertex -1.591940 2.944382 -0.766638
      vertex -1.466522 2.585610 -1.169512
      vertex -1.381433 2.944382 -1.101656
    endloop
  endfacet
  facet normal 0.677017 -0.288612 0.677017
    outer loop
      vertex -1.381433 2.944382 -1.101656
      vertex -1.466522 2.585610 -1.169512
      vertex -1.169512 2.585610 -1.466522
    endloop
  endfacet
  facet normal 0.677017 -0.288612 0.677017
    outer loop
      vertex -1.381433 2.944382 -1.101656
      vertex -1.169512 2.585610 -1.466522
      vertex -1.101656 2.944382 -1.381433
    endloop
  endfacet
  facet normal 0.509392 -0.288612 0.810693
    outer loop
      vertex -1.101656 2.944382 -1.381433
      vertex -1.169512 2.585610 -1.466522
      vertex -0.813858 2.585610 -1.689994
    endloop
  endfacet
  facet normal 0.509392 -0.288612 0.810693
    outer loop
      vertex -1.101656 2.944382 -1.381433
      vertex -0.813858 2.585610 -1.689994
      vertex -0.766638 2.944382 -1.591940
    endloop
  endfacet
  facet normal 0.316224 -0.288612 0.903717
    outer loop
      vertex -0.766638 2.944382 -1.591940
      vertex -0.813858 2.585610 -1.689994
      vertex -0.417394 2.585610 -1.828723
    endloop
  endfacet
  facet normal 0.316224 -0.288612 0.903717
    outer loop
      vertex -0.766638 2.944382 -1.591940
      vertex -0.417394 2.585610 -1.828723
      vertex -0.393177 2.944382 -1.722619
    endloop
  endfacet
  facet normal 0.107200 -0.288612 0.951426
    outer loop
      vertex -0.393177 2.944382 -1.722619
      vertex -0.417394 2.585610 -1.828723
      vertex -0.000000 2.585610 -1.875752
    endloop
  endfacet
  facet normal 0.107200 -0.288612 0.951426
    outer loop
      vertex -0.393177 2.944382 -1.722619
      vertex -0.000000 2.585610 -1.875752
      vertex -0.000000 2.944382 -1.766920
    endloop
  endfacet
  facet normal -0.107200 -0.288612 0.951426
    outer loop
      vertex -0.000000 2.944382 -1.766920
      vertex -0.000000 2.585610 -1.875752
      vertex 0.417394 2.585610 -1.828723
    endloop
  endfacet
  facet normal -0.107200 -0.288612 0.951426
    outer loop
      vertex -0.000000 2.944382 -1.766920
      vertex 0.417394 2.585610 -1.828723
      vertex 0.393177 2.944382 -1.722619
    endloop
  endfacet
  facet normal -0.316224 -0.288612 0.903717
    outer loop
      vertex 0.393177 2.944382 -1.722619
      vertex 0.417394 2.585610 -1.828723
      vertex 0.813858 2.585610 -1.689994
    endloop
  endfacet
  facet normal -0.316224 -0.288612 0.903717
    outer loop
      vertex 0.393177 2.944382 -1.722619
      vertex 0.813858 2.585610 -1.689994
      vertex 0.766638 2.944382 -1.591940
    endloop
  endfacet
  facet normal -0.509392 -0.288612 0.810693
    outer loop
      vertex 0.766638 2.944382 -1.591940
      vertex 0.813858 2.585610 -1.689994
      vertex 1.169512 2.585610 -1.466522
    endloop
  endfacet
  facet normal -0.509392 -0.288612 0.810693
    outer loop
      vertex 0.766638 2.944382 -1.591940
      vertex 1.169512 2.585610 -1.466522
      vertex 1.101656 2.944382 -1.381433
    endloop
  endfacet
  facet normal -0.677017 -0.288612 0.677017
    outer loop
      vertex 1.101656 2.944382 -1.381433
      vertex 1.169512 2.585610 -1.466522
      vertex 1.466522 2.585610 -1.169512
    endloop
  endfacet
  facet normal -0.677017 -0.288612 0.677017
    outer loop
      vertex 1.101656 2.944382 -1.381433
      vertex 1.466522 2.585610 -1.169512
      vertex 1.381433 2.944382 -1.101656
    endloop
  endfacet
  facet normal -0.810693 -0.288612 0.509392
    outer loop
      vertex 1.381433 2.944382 -1.101656
      vertex 1.466522 2.585610 -1.169512
      vertex 1.689994 2.585610 -0.813858
    endloop
  endfacet
  facet normal -0.810693 -0.288612 0.509392
    outer loop
      vertex 1.381433 2.944382 -1.101656
      vertex 1.689994 2.585610 -0.813858
      vertex 1.591940 2.944382 -0.766638
    endloop
  endfacet
  facet normal -0.903717 -0.288612 0.316224
    outer loop
      vertex 1.591940 2.944382 -0.766638
      vertex 1.689994 2.585610 -0.813858
      vertex 1.828723 2.585610 -0.417394
    endloop
  endfacet
  facet normal -0.903717 -0.288612 0.316224
    outer loop
      vertex 1.591940 2.944382 -0.766638
      vertex 1.828723 2.585610 -0.417394
      vertex 1.722619 2.944382 -0.393177
    endloop
  endfacet
  facet normal -0.951426 -0.288612 0.107200
    outer loop
      vertex 1.722619 2.944382 -0.393177
      vertex 1.828723 2.585610 -0.417394
      vertex 1.875752 2.585610 0.000000
    endloop
  endfacet
  facet normal -0.951426 -0.288612 0.107200
    outer loop
      vertex 1.722619 2.944382 -0.393177
      vertex 1.875752 2.585610 0.000000
      vertex 1.766920 2.944382 0.000000
    endloop
  endfacet
  facet normal -0.988987 -0.097407 -0.111432
    outer loop
      vertex 1.875752 2.585610 0.000000
      vertex 1.912500 2.212500 0.000000
      vertex 1.864550 2.212500 0.425571
    endloop
  endfacet
  facet normal -0.988987 -0.097407 -0.111432
    outer loop
      vertex 1.875752 2.585610 0.000000
      vertex 1.864550 2.212500 0.425571
      vertex 1.828723 2.585610 0.417394
    endloop
  endfacet
  facet normal -0.939395 -0.097407 -0.328708
    outer loop
      vertex 1.828723 2.585610 0.417394
      vertex 1.864550 2.212500 0.425571
      vertex 1.723103 2.212500 0.829803
    endloop
  endfacet
  facet normal -0.939395 -0.097407 -0.328708
    outer loop
      vertex 1.828723 2.585610 0.417394
      vertex 1.723103 2.212500 0.829803
      vertex 1.689994 2.585610 0.813858
    endloop
  endfacet
  facet normal -0.842698 -0.097407 -0.529502
    outer loop
      vertex 1.689994 2.585610 0.813858
      vertex 1.723103 2.212500 0.829803
      vertex 1.495253 2.212500 1.192424
    endloop
  endfacet
  facet normal -0.842698 -0.097407 -0.529502
    outer loop
      vertex 1.689994 2.585610 0.813858
      vertex 1.495253 2.212500 1.192424
      vertex 1.466522 2.585610 1.169512
    endloop
  endfacet
  facet normal -0.703744 -0.097407 -0.703744
    outer loop
      vertex 1.466522 2.585610 1.169512
      vertex 1.495253 2.212500 1.192424
      vertex 1.192424 2.212500 1.495253
    endloop
  endfacet
  facet normal -0.703744 -0.097407 -0.703744
    outer loop
      vertex 1.466522 2.585610 1.169512
      vertex 1.192424 2.212500 1.495253
      vertex 1.169512 2.585610 1.466522
    endloop
  endfacet
  facet normal -0.529502 -0.097407 -0.842698
    outer loop
      vertex 1.169512 2.585610 1.466522
      vertex 1.192424 2.212500 1.495253
      vertex 0.829803 2.212500 1.723103
    endloop
  endfacet
  facet normal -0.529502 -0.097407 -0.842698
    outer loop
      vertex 1.169512 2.585610 1.466522
      vertex 0.829803 2.212500 1.723103
      vertex 0.813858 2.585610 1.689994
    endloop
  endfacet
  facet normal -0.328708 -0.097407 -0.939395
    outer loop
      vertex 0.813858 2.585610 1.689994
      vertex 0.829803 2.212500 1.723103
      vertex 0.425571 2.212500 1.864550
    endloop
  endfacet
  facet normal -0.328708 -0.097407 -0.939395
    outer loop
      vertex 0.813858 2.585610 1.689994
      vertex 0.425571 2.212500 1.864550
      vertex 0.417394 2.585610 1.828723
    endloop
  endfacet
  facet normal -0.111432 -0.097407 -0.988987
    outer loop
      vertex 0.417394 2.585610 1.828723
      vertex 0.425571 2.212500 1.864550
      vertex 0.000000 2.212500 1.912500
    endloop
  endfacet
  facet normal -0.111432 -0.097407 -0.988987
    outer loop
      vertex 0.417394 2.585610 1.828723
      vertex 0.000000 2.212500 1.912500
      vertex 0.000000 2.585610 1.875752
    endloop
  endfacet
  facet normal 0.111432 -0.097407 -0.988987
    outer loop
      vertex 0.000000 2.585610 1.875752
      vertex 0.000000 2.212500 1.912500
      vertex -0.425571 2.212500 1.864550
    endloop
  endfacet
  facet normal 0.111432 -0.097407 -0.988987
    outer loop
      vertex 0.000000 2.585610 1.875752
      vertex -0.425571 2.212500 1.864550
      vertex -0.417394 2.585610 1.828723
    endloop
  endfacet
  facet normal 0.328708 -0.097407 -0.939395
    outer loop
      vertex -0.417394 2.585610 1.828723
      vertex -0.425571 2.212500 1.864550
      vertex -0.829803 2.212500 1.723103
    endloop
  endfacet
  facet normal 0.328708 -0.097407 -0.939395
    outer loop
      vertex -0.417394 2.585610 1.828723
      vertex -0.829803 2.212500 1.723103
      vertex -0.813858 2.585610 1.689994
    endloop
  endfacet
  facet normal 0.529502 -0.097407 -0.842698
    outer loop
      vertex -0.813858 2.585610 1.689994
      vertex -0.829803 2.212500 1.723103
      vertex -1.192424 2.212500 1.495253
    endloop
  endfacet
  facet normal 0.529502 -0.097407 -0.842698
    outer loop
      vertex -0.813858 2.585610 1.689994
      vertex -1.192424 2.212500 1.495253
      vertex -1.169512 2.585610 1.466522
    endloop
  endfacet
  facet normal 0.703744 -0.097407 -0.703744
    outer loop
      vertex -1.169512 2.585610 1.466522
      vertex -1.192424 2.212500 1.495253
      vertex -1.495253 2.212500 1.192424
    endloop
  endfacet
  facet normal 0.703744 -0.097407 -0.703744
    outer loop
      vertex -1.169512 2.585610 1.466522
      vertex -1.495253 2.212500 1.192424
      vertex -1.466522 2.585610 1.169512
    endloop
  endfacet
  facet normal 0.842698 -0.097407 -0.529502
    outer loop
      vertex -1.466522 2.585610 1.169512
      vertex -1.495253 2.212500 1.192424
      vertex -1.723103 2.212500 0.829803
    endloop
  endfacet
  facet normal 0.842698 -0.097407 -0.529502
    outer loop
      vertex -1.466522 2.585610 1.169512
      vertex -1.723103 2.212500 0.829803
      vertex -1.689994 2.585610 0.813858
    endloop
  endfacet
  facet normal 0.939395 -0.097407 -0.328708
    outer loop
      vertex -1.689994 2.585610 0.813858
      vertex -1.723103 2.212500 0.829803
      vertex -1.864550 2.212500 0.425571
    endloop
  endfacet
  facet normal 0.939395 -0.097407 -0.328708
    outer loop
      vertex -1.689994 2.585610 0.813858
      vertex -1.864550 2.212500 0.425571
      vertex -1.828723 2.585610 0.417394
    endloop
  endfacet
  facet normal 0.988987 -0.097407 -0.111432
    outer loop
      vertex -1.828723 2.585610 0.417394
      vertex -1.864550 2.212500 0.425571
      vertex -1.912500 2.212500 0.000000
    endloop
  endfacet
  facet normal 0.988987 -0.097407 -0.111432
    outer loop
      vertex -1.828723 2.585610 0.417394
      vertex -1.912500 2.212500 0.000000
      vertex -1.875752 2.585610 0.000000
    endloop
  endfacet
  facet normal 0.988987 -0.097407 0.111432
    outer loop
      vertex -1.875752 2.585610 0.000000
      vertex -1.912500 2.212500 0.000000
      vertex -1.864550 2.212500 -0.425571
    endloop
  endfacet
  facet normal 0.988987 -0.097407 0.111432
    outer loop
      vertex -1.875752 2.585610 0.000000
      vertex -1.864550 2.212500 -0.425571
      vertex -1.828723 2.585610 -0.417394
    endloop
  endfacet
  facet normal 0.939395 -0.097407 0.328708
    outer loop
      vertex -1.828723 2.585610 -0.417394
      vertex -1.864550 2.212500 -0.425571
      vertex -1.723103 2.212500 -0.829803
    endloop
  endfacet
  facet normal 0.939395 -0.097407 0.328708
    outer loop
      vertex -1.828723 2.585610 -0.417394
      vertex -1.723103 2.212500 -0.829803
      vertex -1.689994 2.585610 -0.813858
    endloop
  endfacet
  facet normal 0.842698 -0.097407 0.529502
    outer loop
      vertex -1.689994 2.585610 -0.813858
      vertex -1.723103 2.212500 -0.829803
      vertex -1.495253 2.212500 -1.192424
    endloop
  endfacet
  facet normal 0.842698 -0.097407 0.529502
    outer loop
      vertex -1.689994 2.585610 -0.813858
      vertex -1.495253 2.212500 -1.192424
      vertex -1.466522 2.585610 -1.169512
    endloop
  endfacet
  facet normal 0.703744 -0.097407 0.703744
    outer loop
      vertex -1.466522 2.585610 -1.169512
      vertex -1.495253 2.212500 -1.192424
      vertex -1.192424 2.212500 -1.495253
    endloop
  endfacet
  facet normal 0.703744 -0.097407 0.703744
    outer loop
      vertex -1.466522 2.585610 -1.169512
      vertex -1.192424 2.212500 -1.495253
      vertex -1.169512 2.585610 -1.466522
    endloop
  endfacet
  facet normal 0.529502 -0.097407 0.842698
    outer loop
      vertex -1.169512 2.585610 -1.466522
      vertex -1.192424 2.212500 -1.495253
      vertex -0.829803 2.212500 -1.723103
    endloop
  endfacet
  facet normal 0.529502 -0.097407 0.842698
    outer loop
      vertex -1.169512 2.585610 -1.466522
      vertex -0.829803 2.212500 -1.723103
      vertex -0.813858 2.585610 -1.689994
    endloop
  endfacet
  facet normal 0.328708 -0.097407 0.939395
    outer loop
      vertex -0.813858 2.585610 -1.689994
      vertex -0.829803 2.212500 -1.723103
      vertex -0.425571 2.212500 -1.864550
    endloop
  endfacet
  facet normal 0.328708 -0.097407 0.939395
    outer loop
      vertex -0.813858 2.585610 -1.689994
      vertex -0.425571 2.212500 -1.864550
      vertex -0.417394 2.585610 -1.828723
    endloop
  endfacet
  facet normal 0.111432 -0.097407 0.988987
    outer loop
      vertex -0.417394 2.585610 -1.828723
      vertex -0.425571 2.212500 -1.864550
      vertex -0.000000 2.212500 -1.912500
    endloop
  endfacet
  facet normal 0.111432 -0.097407 0.988987
    outer loop
      vertex -0.417394 2.585610 -1.828723
      vertex -0.000000 2.212500 -1.912500
      vertex -0.000000 2.585610 -1.875752
    endloop
  endfacet
  facet normal -0.111432 -0.097407 0.988987
    outer loop
      vertex -0.000000 2.585610 -1.875752
      vertex -0.000000 2.212500 -1.912500
      vertex 0.425571 2.212500 -1.864550
    endloop
  endfacet
  facet normal -0.111432 -0.097407 0.988987
    outer loop
      vertex -0.000000 2.585610 -1.875752
      vertex 0.425571 2.212500 -1.864550
      vertex 0.417394 2.585610 -1.828723
    endloop
  endfacet
  facet normal -0.328708 -0.097407 0.939395
    outer loop
      vertex 0.417394 2.585610 -1.828723
      vertex 0.425571 2.212500 -1.864550
      vertex 0.829803 2.212500 -1.723103
    endloop
  endfacet
  facet normal -0.328708 -0.097407 0.939395
    outer loop
      vertex 0.417394 2.585610 -1.828723
      vertex 0.829803 2.212500 -1.723103
      vertex 0.813858 2.585610 -1.689994
    endloop
  endfacet
  facet normal -0.529502 -0.097407 0.842698
    outer loop
      vertex 0.813858 2.585610 -1.689994
      vertex 0.829803 2.212500 -1.723103
      vertex 1.192424 2.212500 -1.495253
    endloop
  endfacet
  facet normal -0.529502 -0.097407 0.842698
    outer loop
      vertex 0.813858 2.585610 -1.689994
      vertex 1.192424 2.212500 -1.495253
      vertex 1.169512 2.585610 -1.466522
    endloop
  endfacet
  facet normal -0.703744 -0.097407 0.703744
    outer loop
      vertex 1.169512 2.585610 -1.466522
      vertex 1.192424 2.212500 -1.495253
      vertex 1.495253 2.212500 -1.192424
    endloop
  endfacet
  facet normal -0.703744 -0.097407 0.703744
    outer loop
      vertex 1.169512 2.585610 -1.466522
      vertex 1.495253 2.212500 -1.192424
      vertex 1.466522 2.585610 -1.169512
    endloop
  endfacet
  facet normal -0.842698 -0.097407 0.529502
    outer loop
      vertex 1.466522 2.585610 -1.169512
      vertex 1.495253 2.212500 -1.192424
      vertex 1.723103 2.212500 -0.829803
    endloop
  endfacet
  facet normal -0.842698 -0.097407 0.529502
    outer loop
      vertex 1.466522 2.585610 -1.169512
      vertex 1.723103 2.212500 -0.829803
      vertex 1.689994 2.585610 -0.813858
    endloop
  endfacet
  facet normal -0.939395 -0.097407 0.328708
    outer loop
      vertex 1.689994 2.585610 -0.813858
      vertex 1.723103 2.212500 -0.829803
      vertex 1.864550 2.212500 -0.425571
    endloop
  endfacet
  facet normal -0.939395 -0.097407 0.328708
    outer loop
      vertex 1.689994 2.585610 -0.813858
      vertex 1.864550 2.212500 -0.425571
      vertex 1.828723 2.585610 -0.417394
    endloop
  endfacet
  facet normal -0.988987 -0.097407 0.111432
    outer loop
      vertex 1.828723 2.585610 -0.417394
      vertex 1.864550 2.212500 -0.425571
      vertex 1.912500 2.212500 0.000000
    endloop
  endfacet
  facet normal -0.988987 -0.097407 0.111432
    outer loop
      vertex 1.828723 2.585610 -0.417394
      vertex 1.912500 2.212500 0.000000
      vertex 1.875752 2.585610 0.000000
    endloop
  endfacet
  facet normal 0.000000 -1.000000 0.000000
    outer loop
      vertex 18.000000 2.212500 0.000000
      vertex 20.350000 2.212500 0.000000
      vertex 20.291081 2.212500 0.522924
    endloop
  endfacet
  facet normal 0.000000 1.000000 0.000000
    outer loop
      vertex 18.000000 -0.125000 0.000000
      vertex 20.291081 -0.125000 0.522924
      vertex 20.350000 -0.125000 0.000000
    endloop
  endfacet
  facet normal -0.993712 0.000000 -0.111964
    outer loop
      vertex 20.350000 -0.125000 0.000000
      vertex 20.291081 -0.125000 0.522924
      vertex 20.291081 2.212500 0.522924
    endloop
  endfacet
  facet normal -0.993712 0.000000 -0.111964
    outer loop
      vertex 20.350000 -0.125000 0.000000
      vertex 20.291081 2.212500 0.522924
      vertex 20.350000 2.212500 0.000000
    endloop
  endfacet
  facet normal 0.000000 -1.000000 0.000000
    outer loop
      vertex 18.000000 2.212500 0.000000
      vertex 20.291081 2.212500 0.522924
      vertex 20.117277 2.212500 1.019627
    endloop
  endfacet
  facet normal 0.000000 1.000000 0.000000
    outer loop
      vertex 18.000000 -0.125000 0.000000
      vertex 20.117277 -0.125000 1.019627
      vertex 20.291081 -0.125000 0.522924
    endloop
  endfacet
  facet normal -0.943883 0.000000 -0.330279
    outer loop
      vertex 20.291081 -0.125000 0.522924
      vertex 20.117277 -0.125000 1.019627
      vertex 20.117277 2.212500 1.019627
    endloop
  endfacet
  facet normal -0.943883 0.000000 -0.330279
    outer loop
      vertex 20.291081 -0.125000 0.522924
      vertex 20.117277 2.212500 1.019627
      vertex 20.291081 2.212500 0.522924
    endloop
  endfacet
  facet normal 0.000000 -1.000000 0.000000
    outer loop
      vertex 18.000000 2.212500 0.000000
      vertex 20.117277 2.212500 1.019627
      vertex 19.837304 2.212500 1.465201
    endloop
  endfacet
  facet normal 0.000000 1.000000 0.000000
    outer loop
      vertex 18.000000 -0.125000 0.000000
      vertex 19.837304 -0.125000 1.465201
      vertex 20.117277 -0.125000 1.019627
    endloop
  endfacet
  facet normal -0.846724 0.000000 -0.532032
    outer loop
      vertex 20.117277 -0.125000 1.019627
      vertex 19.837304 -0.125000 1.465201
      vertex 19.837304 2.212500 1.465201
    endloop
  endfacet
  facet normal -0.846724 0.000000 -0.532032
    outer loop
      vertex 20.117277 -0.125000 1.019627
      vertex 19.837304 2.212500 1.465201
      vertex 20.117277 2.212500 1.019627
    endloop
  endfacet
  facet normal 0.000000 -1.000000 0.000000
    outer loop
      vertex 18.000000 2.212500 0.000000
      vertex 19.837304 2.212500 1.465201
      vertex 19.465201 2.212500 1.837304
    endloop
  endfacet
  facet normal 0.000000 1.000000 0.000000
    outer loop
      vertex 18.000000 -0.125000 0.000000
      vertex 19.465201 -0.125000 1.837304
      vertex 19.837304 -0.125000 1.465201
    endloop
  endfacet
  facet normal -0.707107 0.000000 -0.707107
    outer loop
      vertex 19.837304 -0.125000 1.465201
      vertex 19.465201 -0.125000 1.837304
      vertex 19.465201 2.212500 1.837304
    endloop
  endfacet
  facet normal -0.707107 0.000000 -0.707107
    outer loop
      vertex 19.837304 -0.125000 1.465201
      vertex 19.465201 2.212500 1.837304
      vertex 19.837304 2.212500 1.465201
    endloop
  endfacet
  facet normal 0.000000 -1.000000 0.000000
    outer loop
      vertex 18.000000 2.212500 0.000000
      vertex 19.465201 2.212500 1.837304
      vertex 19.019627 2.212500 2.117277
    endloop
  endfacet
  facet normal 0.000000 1.000000 0.000000
    outer loop
      vertex 18.000000 -0.125000 0.000000
      vertex 19.019627 -0.125000 2.117277
      vertex 19.465201 -0.125000 1.837304
    endloop
  endfacet
  facet normal -0.532032 0.000000 -0.846724
    outer loop
      vertex 19.465201 -0.125000 1.837304
      vertex 19.019627 -0.125000 2.117277
      vertex 19.019627 2.212500 2.117277
    endloop
  endfacet
  facet normal -0.532032 0.000000 -0.846724
    outer loop
      vertex 19.465201 -0.125000 1.837304
      vertex 19.019627 2.212500 2.117277
      vertex 19.465201 2.212500 1.837304
    endloop
  endfacet
  facet normal 0.000000 -1.000000 0.000000
    outer loop
      vertex 18.000000 2.212500 0.000000
      vertex 19.019627 2.212500 2.117277
      vertex 18.522924 2.212500 2.291081
    endloop
  endfacet
  facet normal 0.000000 1.000000 0.000000
    outer loop
      vertex 18.000000 -0.125000 0.000000
      vertex 18.522924 -0.125000 2.291081
      vertex 19.019627 -0.125000 2.117277
    endloop
  endfacet
  facet normal -0.330279 0.000000 -0.943883
    outer loop
      vertex 19.019627 -0.125000 2.117277
      vertex 18.522924 -0.125000 2.291081
      vertex 18.522924 2.212500 2.291081
    endloop
  endfacet
  facet normal -0.330279 0.000000 -0.943883
    outer loop
      vertex 19.019627 -0.125000 2.117277
      vertex 18.522924 2.212500 2.291081
      vertex 19.019627 2.212500 2.117277
    endloop
  endfacet
  facet normal 0.000000 -1.000000 0.000000
    outer loop
      vertex 18.000000 2.212500 0.000000
      vertex 18.522924 2.212500 2.291081
      vertex 18.000000 2.212500 2.350000
    endloop
  endfacet
  facet normal 0.000000 1.000000 0.000000
    outer loop
      vertex 18.000000 -0.125000 0.000000
      vertex 18.000000 -0.125000 2.350000
      vertex 18.522924 -0.125000 2.291081
    endloop
  endfacet
  facet normal -0.111964 0.000000 -0.993712
    outer loop
      vertex 18.522924 -0.125000 2.291081
      vertex 18.000000 -0.125000 2.350000
      vertex 18.000000 2.212500 2.350000
    endloop
  endfacet
  facet normal -0.111964 0.000000 -0.993712
    outer loop
      vertex 18.522924 -0.125000 2.291081
      vertex 18.000000 2.212500 2.350000
      vertex 18.522924 2.212500 2.291081
    endloop
  endfacet
  facet normal 0.000000 -1.000000 0.000000
    outer loop
      vertex 18.000000 2.212500 0.000000
      vertex 18.000000 2.212500 2.350000
      vertex 17.477076 2.212500 2.291081
    endloop
  endfacet
  facet normal 0.000000 1.000000 0.000000
    outer loop
      vertex 18.000000 -0.125000 0.000000
      vertex 17.477076 -0.125000 2.291081
      vertex 18.000000 -0.125000 2.350000
    endloop
  endfacet
  facet normal 0.111964 0.000000 -0.993712
    outer loop
      vertex 18.000000 -0.125000 2.350000
      vertex 17.477076 -0.125000 2.291081
      vertex 17.477076 2.212500 2.291081
    endloop
  endfacet
  facet normal 0.111964 0.000000 -0.993712
    outer loop
      vertex 18.000000 -0.125000 2.350000
      vertex 17.477076 2.212500 2.291081
      vertex 18.000000 2.212500 2.350000
    endloop
  endfacet
  facet normal 0.000000 -1.000000 0.000000
    outer loop
      vertex 18.000000 2.212500 0.000000
      vertex 17.477076 2.212500 2.291081
      vertex 16.980373 2.212500 2.117277
    endloop
  endfacet
  facet normal 0.000000 1.000000 0.000000
    outer loop
      vertex 18.000000 -0.125000 0.000000
      vertex 16.980373 -0.125000 2.117277
      vertex 17.477076 -0.125000 2.291081
    endloop
  endfacet
  facet normal 0.330279 0.000000 -0.943883
    outer loop
      vertex 17.477076 -0.125000 2.291081
      vertex 16.980373 -0.125000 2.117277
      vertex 16.980373 2.212500 2.117277
    endloop
  endfacet
  facet normal 0.330279 0.000000 -0.943883
    outer loop
      vertex 17.477076 -0.125000 2.291081
      vertex 16.980373 2.212500 2.117277
      vertex 17.477076 2.212500 2.291081
    endloop
  endfacet
  facet normal 0.000000 -1.000000 0.000000
    outer loop
      vertex 18.000000 2.212500 0.000000
      vertex 16.980373 2.212500 2.117277
      vertex 16.534799 2.212500 1.837304
    endloop
  endfacet
  facet normal 0.000000 1.000000 0.000000
    outer loop
      vertex 18.000000 -0.125000 0.000000
      vertex 16.534799 -0.125000 1.837304
      vertex 16.980373 -0.125000 2.117277
    endloop
  endfacet
  facet normal 0.532032 0.000000 -0.846724
    outer loop
      vertex 16.980373 -0.125000 2.117277
      vertex 16.534799 -0.125000 1.837304
      vertex 16.534799 2.212500 1.837304
    endloop
  endfacet
  facet normal 0.532032 0.000000 -0.846724
    outer loop
      vertex 16.980373 -0.125000 2.117277
      vertex 16.534799 2.212500 1.837304
      vertex 16.980373 2.212500 2.117277
    endloop
  endfacet
  facet normal 0.000000 -1.000000 0.000000
    outer loop
      vertex 18.000000 2.212500 0.000000
      vertex 16.534799 2.212500 1.837304
      vertex 16.162696 2.212500 1.465201
    endloop
  endfacet
  facet normal 0.000000 1.000000 0.000000
    outer loop
      vertex 18.000000 -0.125000 0.000000
      vertex 16.162696 -0.125000 1.465201
      vertex 16.534799 -0.125000 1.837304
    endloop
  endfacet
  facet normal 0.707107 0.000000 -0.707107
    outer loop
      vertex 16.534799 -0.125000 1.837304
      vertex 16.162696 -0.125000 1.465201
      vertex 16.162696 2.212500 1.465201
    endloop
  endfacet
  facet normal 0.707107 0.000000 -0.707107
    outer loop
      vertex 16.534799 -0.125000 1.837304
      vertex 16.162696 2.212500 1.465201
      vertex 16.534799 2.212500 1.837304
    endloop
  endfacet
  facet normal 0.000000 -1.000000 0.000000
    outer loop
      vertex 18.000000 2.212500 0.000000
      vertex 16.162696 2.212500 1.465201
      vertex 15.882723 2.212500 1.019627
    endloop
  endfacet
  facet normal 0.000000 1.000000 0.000000
    outer loop
      vertex 18.000000 -0.125000 0.000000
      vertex 15.882723 -0.125000 1.019627
      vertex 16.162696 -0.125000 1.465201
    endloop
  endfacet
  facet normal 0.846724 0.000000 -0.532032
    outer loop
      vertex 16.162696 -0.125000 1.465201
      vertex 15.882723 -0.125000 1.019627
      vertex 15.882723 2.212500 1.019627
    endloop
  endfacet
  facet normal 0.846724 0.000000 -0.532032
    outer loop
      vertex 16.162696 -0.125000 1.465201
      vertex 15.882723 2.212500 1.019627
      vertex 16.162696 2.212500 1.465201
    endloop
  endfacet
  facet normal 0.000000 -1.000000 0.000000
    outer loop
      vertex 18.000000 2.212500 0.000000
      vertex 15.882723 2.212500 1.019627
      vertex 15.708919 2.212500 0.522924
    endloop
  endfacet
  facet normal 0.000000 1.000000 0.000000
    outer loop
      vertex 18.000000 -0.125000 0.000000
      vertex 15.708919 -0.125000 0.522924
      vertex 15.882723 -0.125000 1.019627
    endloop
  endfacet
  facet normal 0.943883 0.000000 -0.330279
    outer loop
      vertex 15.882723 -0.125000 1.019627
      vertex 15.708919 -0.125000 0.522924
      vertex 15.708919 2.212500 0.522924
    endloop
  endfacet
  facet normal 0.943883 0.000000 -0.330279
    outer loop
      vertex 15.882723 -0.125000 1.019627
      vertex 15.708919 2.212500 0.522924
      vertex 15.882723 2.212500 1.019627
    endloop
  endfacet
  facet normal 0.000000 -1.000000 0.000000
    outer loop
      vertex 18.000000 2.212500 0.000000
      vertex 15.708919 2.212500 0.522924
      vertex 15.650000 2.212500 0.000000
    endloop
  endfacet
  facet normal 0.000000 1.000000 0.000000
    outer loop
      vertex 18.000000 -0.125000 0.000000
      vertex 15.650000 -0.125000 0.000000
      vertex 15.708919 -0.125000 0.522924
    endloop
  endfacet
  facet normal 0.993712 0.000000 -0.111964
    outer loop
      vertex 15.708919 -0.125000 0.522924
      vertex 15.650000 -0.125000 0.000000
      vertex 15.650000 2.212500 0.000000
    endloop
  endfacet
  facet normal 0.993712 0.000000 -0.111964
    outer loop
      vertex 15.708919 -0.125000 0.522924
      vertex 15.650000 2.212500 0.000000
      vertex 15.708919 2.212500 0.522924
    endloop
  endfacet
  facet normal 0.000000 -1.000000 0.000000
    outer loop
      vertex 18.000000 2.212500 0.000000
      vertex 15.650000 2.212500 0.000000
      vertex 15.708919 2.212500 -0.522924
    endloop
  endfacet
  facet normal 0.000000 1.000000 0.000000
    outer loop
      vertex 18.000000 -0.125000 0.000000
      vertex 15.708919 -0.125000 -0.522924
      vertex 15.650000 -0.125000 0.000000
    endloop
  endfacet
  facet normal 0.993712 0.000000 0.111964
    outer loop
      vertex 15.650000 -0.125000 0.000000
      vertex 15.708919 -0.125000 -0.522924
      vertex 15.708919 2.212500 -0.522924
    endloop
  endfacet
  facet normal 0.993712 0.000000 0.111964
    outer loop
      vertex 15.650000 -0.125000 0.000000
      vertex 15.708919 2.212500 -0.522924
      vertex 15.650000 2.212500 0.000000
    endloop
  endfacet
  facet normal 0.000000 -1.000000 0.000000
    outer loop
      vertex 18.000000 2.212500 0.000000
      vertex 15.708919 2.212500 -0.522924
      vertex 15.882723 2.212500 -1.019627
    endloop
  endfacet
  facet normal 0.000000 1.000000 0.000000
    outer loop
      vertex 18.000000 -0.125000 0.000000
      vertex 15.882723 -0.125000 -1.019627
      vertex 15.708919 -0.125000 -0.522924
    endloop
  endfacet
  facet normal 0.943883 0.000000 0.330279
    outer loop
      vertex 15.708919 -0.125000 -0.522924
      vertex 15.882723 -0.125000 -1.019627
      vertex 15.882723 2.212500 -1.019627
    endloop
  endfacet
  facet normal 0.943883 0.000000 0.330279
    outer loop
      vertex 15.708919 -0.125000 -0.522924
      vertex 15.882723 2.212500 -1.019627
      vertex 15.708919 2.212500 -0.522924
    endloop
  endfacet
  facet normal 0.000000 -1.000000 0.000000
    outer loop
      vertex 18.000000 2.212500 0.000000
      vertex 15.882723 2.212500 -1.019627
      vertex 16.162696 2.212500 -1.465201
    endloop
  endfacet
  facet normal 0.000000 1.000000 0.000000
    outer loop
      vertex 18.000000 -0.125000 0.000000
      vertex 16.162696 -0.125000 -1.465201
      vertex 15.882723 -0.125000 -1.019627
    endloop
  endfacet
  facet normal 0.846724 0.000000 0.532032
    outer loop
      vertex 15.882723 -0.125000 -1.019627
      vertex 16.162696 -0.125000 -1.465201
      vertex 16.162696 2.212500 -1.465201
    endloop
  endfacet
  facet normal 0.846724 0.000000 0.532032
    outer loop
      vertex 15.882723 -0.125000 -1.019627
      vertex 16.162696 2.212500 -1.465201
      vertex 15.882723 2.212500 -1.019627
    endloop
  endfacet
  facet normal 0.000000 -1.000000 0.000000
    outer loop
      vertex 18.000000 2.212500 0.000000
      vertex 16.162696 2.212500 -1.465201
      vertex 16.534799 2.212500 -1.837304
    endloop
  endfacet
  facet normal 0.000000 1.000000 0.000000
    outer loop
      vertex 18.000000 -0.125000 0.000000
      vertex 16.534799 -0.125000 -1.837304
      vertex 16.162696 -0.125000 -1.465201
    endloop
  endfacet
  facet normal 0.707107 0.000000 0.707107
    outer loop
      vertex 16.162696 -0.125000 -1.465201
      vertex 16.534799 -0.125000 -1.837304
      vertex 16.534799 2.212500 -1.837304
    endloop
  endfacet
  facet normal 0.707107 0.000000 0.707107
    outer loop
      vertex 16.162696 -0.125000 -1.465201
      vertex 16.534799 2.212500 -1.837304
      vertex 16.162696 2.212500 -1.465201
    endloop
  endfacet
  facet normal 0.000000 -1.000000 0.000000
    outer loop
      vertex 18.000000 2.212500 0.000000
      vertex 16.534799 2.212500 -1.837304
      vertex 16.980373 2.212500 -2.117277
    endloop
  endfacet
  facet normal 0.000000 1.000000 0.000000
    outer loop
      vertex 18.000000 -0.125000 0.000000
      vertex 16.980373 -0.125000 -2.117277
      vertex 16.534799 -0.125000 -1.837304
    endloop
  endfacet
  facet normal 0.532032 0.000000 0.846724
    outer loop
      vertex 16.534799 -0.125000 -1.837304
      vertex 16.980373 -0.125000 -2.117277
      vertex 16.980373 2.212500 -2.117277
    endloop
  endfacet
  facet normal 0.532032 0.000000 0.846724
    outer loop
      vertex 16.534799 -0.125000 -1.837304
      vertex 16.980373 2.212500 -2.117277
      vertex 16.534799 2.212500 -1.837304
    endloop
  endfacet
  facet normal 0.000000 -1.000000 0.000000
    outer loop
      vertex 18.000000 2.212500 0.000000
      vertex 16.980373 2.212500 -2.117277
      vertex 17.477076 2.212500 -2.291081
    endloop
  endfacet
  facet normal 0.000000 1.000000 0.000000
    outer loop
      vertex 18.000000 -0.125000 0.000000
      vertex 17.477076 -0.125000 -2.291081
      vertex 16.980373 -0.125000 -2.117277
    endloop
  endfacet
  facet normal 0.330279 0.000000 0.943883
    outer loop
      vertex 16.980373 -0.125000 -2.117277
      vertex 17.477076 -0.125000 -2.291081
      vertex 17.477076 2.212500 -2.291081
    endloop
  endfacet
  facet normal 0.330279 0.000000 0.943883
    outer loop
      vertex 16.980373 -0.125000 -2.117277
      vertex 17.477076 2.212500 -2.291081
      vertex 16.980373 2.212500 -2.117277
    endloop
  endfacet
  facet normal 0.000000 -1.000000 0.000000
    outer loop
      vertex 18.000000 2.212500 0.000000
      vertex 17.477076 2.212500 -2.291081
      vertex 18.000000 2.212500 -2.350000
    endloop
  endfacet
  facet normal 0.000000 1.000000 0.000000
    outer loop
      vertex 18.000000 -0.125000 0.000000
      vertex 18.000000 -0.125000 -2.350000
      vertex 17.477076 -0.125000 -2.291081
    endloop
  endfacet
  facet normal 0.111964 0.000000 0.993712
    outer loop
      vertex 17.477076 -0.125000 -2.291081
      vertex 18.000000 -0.125000 -2.350000
      vertex 18.000000 2.212500 -2.350000
    endloop
  endfacet
  facet normal 0.111964 0.000000 0.993712
    outer loop
      vertex 17.477076 -0.125000 -2.291081
      vertex 18.000000 2.212500 -2.350000
      vertex 17.477076 2.212500 -2.291081
    endloop
  endfacet
  facet normal 0.000000 -1.000000 0.000000
    outer loop
      vertex 18.000000 2.212500 0.000000
      vertex 18.000000 2.212500 -2.350000
      vertex 18.522924 2.212500 -2.291081
    endloop
  endfacet
  facet normal 0.000000 1.000000 0.000000
    outer loop
      vertex 18.000000 -0.125000 0.000000
      vertex 18.522924 -0.125000 -2.291081
      vertex 18.000000 -0.125000 -2.350000
    endloop
  endfacet
  facet normal -0.111964 0.000000 0.993712
    outer loop
      vertex 18.000000 -0.125000 -2.350000
      vertex 18.522924 -0.125000 -2.291081
      vertex 18.522924 2.212500 -2.291081
    endloop
  endfacet
  facet normal -0.111964 0.000000 0.993712
    outer loop
      vertex 18.000000 -0.125000 -2.350000
      vertex 18.522924 2.212500 -2.291081
      vertex 18.000000 2.212500 -2.350000
    endloop
  endfacet
  facet normal 0.000000 -1.000000 0.000000
    outer loop
      vertex 18.000000 2.212500 0.000000
      vertex 18.522924 2.212500 -2.291081
      vertex 19.019627 2.212500 -2.117277
    endloop
  endfacet
  facet normal 0.000000 1.000000 0.000000
    outer loop
      vertex 18.000000 -0.125000 0.000000
      vertex 19.019627 -0.125000 -2.117277
      vertex 18.522924 -0.125000 -2.291081
    endloop
  endfacet
  facet normal -0.330279 0.000000 0.943883
    outer loop
      vertex 18.522924 -0.125000 -2.291081
      vertex 19.019627 -0.125000 -2.117277
      vertex 19.019627 2.212500 -2.117277
    endloop
  endfacet
  facet normal -0.330279 0.000000 0.943883
    outer loop
      vertex 18.522924 -0.125000 -2.291081
      vertex 19.019627 2.212500 -2.117277
      vertex 18.522924 2.212500 -2.291081
    endloop
  endfacet
  facet normal 0.000000 -1.000000 0.000000
    outer loop
      vertex 18.000000 2.212500 0.000000
      vertex 19.019627 2.212500 -2.117277
      vertex 19.465201 2.212500 -1.837304
    endloop
  endfacet
  facet normal 0.000000 1.000000 0.000000
    outer loop
      vertex 18.000000 -0.125000 0.000000
      vertex 19.465201 -0.125000 -1.837304
      vertex 19.019627 -0.125000 -2.117277
    endloop
  endfacet
  facet normal -0.532032 0.000000 0.846724
    outer loop
      vertex 19.019627 -0.125000 -2.117277
      vertex 19.465201 -0.125000 -1.837304
      vertex 19.465201 2.212500 -1.837304
    endloop
  endfacet
  facet normal -0.532032 0.000000 0.846724
    outer loop
      vertex 19.019627 -0.125000 -2.117277
      vertex 19.465201 2.212500 -1.837304
      vertex 19.019627 2.212500 -2.117277
    endloop
  endfacet
  facet normal 0.000000 -1.000000 0.000000
    outer loop
      vertex 18.000000 2.212500 0.000000
      vertex 19.465201 2.212500 -1.837304
      vertex 19.837304 2.212500 -1.465201
    endloop
  endfacet
  facet normal 0.000000 1.000000 0.000000
    outer loop
      vertex 18.000000 -0.125000 0.000000
      vertex 19.837304 -0.125000 -1.465201
      vertex 19.465201 -0.125000 -1.837304
    endloop
  endfacet
  facet normal -0.707107 0.000000 0.707107
    outer loop
      vertex 19.465201 -0.125000 -1.837304
      vertex 19.837304 -0.125000 -1.465201
      vertex 19.837304 2.212500 -1.465201
    endloop
  endfacet
  facet normal -0.707107 0.000000 0.707107
    outer loop
      vertex 19.465201 -0.125000 -1.837304
      vertex 19.837304 2.212500 -1.465201
      vertex 19.465201 2.212500 -1.837304
    endloop
  endfacet
  facet normal 0.000000 -1.000000 0.000000
    outer loop
      vertex 18.000000 2.212500 0.000000
      vertex 19.837304 2.212500 -1.465201
      vertex 20.117277 2.212500 -1.019627
    endloop
  endfacet
  facet normal 0.000000 1.000000 0.000000
    outer loop
      vertex 18.000000 -0.125000 0.000000
      vertex 20.117277 -0.125000 -1.019627
      vertex 19.837304 -0.125000 -1.465201
    endloop
  endfacet
  facet normal -0.846724 0.000000 0.532032
    outer loop
      vertex 19.837304 -0.125000 -1.465201
      vertex 20.117277 -0.125000 -1.019627
      vertex 20.117277 2.212500 -1.019627
    endloop
  endfacet
  facet normal -0.846724 0.000000 0.532032
    outer loop
      vertex 19.837304 -0.125000 -1.465201
      vertex 20.117277 2.212500 -1.019627
      vertex 19.837304 2.212500 -1.465201
    endloop
  endfacet
  facet normal 0.000000 -1.000000 0.000000
    outer loop
      vertex 18.000000 2.212500 0.000000
      vertex 20.117277 2.212500 -1.019627
      vertex 20.291081 2.212500 -0.522924
    endloop
  endfacet
  facet normal 0.000000 1.000000 0.000000
    outer loop
      vertex 18.000000 -0.125000 0.000000
      vertex 20.291081 -0.125000 -0.522924
      vertex 20.117277 -0.125000 -1.019627
    endloop
  endfacet
  facet normal -0.943883 0.000000 0.330279
    outer loop
      vertex 20.117277 -0.125000 -1.019627
      vertex 20.291081 -0.125000 -0.522924
      vertex 20.291081 2.212500 -0.522924
    endloop
  endfacet
  facet normal -0.943883 0.000000 0.330279
    outer loop
      vertex 20.117277 -0.125000 -1.019627
      vertex 20.291081 2.212500 -0.522924
      vertex 20.117277 2.212500 -1.019627
    endloop
  endfacet
  facet normal 0.000000 -1.000000 0.000000
    outer loop
      vertex 18.000000 2.212500 0.000000
      vertex 20.291081 2.212500 -0.522924
      vertex 20.350000 2.212500 0.000000
    endloop
  endfacet
  facet normal 0.000000 1.000000 0.000000
    outer loop
      vertex 18.000000 -0.125000 0.000000
      vertex 20.350000 -0.125000 0.000000
      vertex 20.291081 -0.125000 -0.522924
    endloop
  endfacet
  facet normal -0.993712 0.000000 0.111964
    outer loop
      vertex 20.291081 -0.125000 -0.522924
      vertex 20.350000 -0.125000 0.000000
      vertex 20.350000 2.212500 0.000000
    endloop
  endfacet
  facet normal -0.993712 0.000000 0.111964
    outer loop
      vertex 20.291081 -0.125000 -0.522924
      vertex 20.350000 2.212500 0.000000
      vertex 20.291081 2.212500 -0.522924
    endloop
  endfacet
  facet normal -0.098011 -0.995124 -0.011043
    outer loop
      vertex 18.000000 4.125000 0.000000
      vertex 18.373110 4.088252 0.000000
      vertex 18.363756 4.088252 0.083025
    endloop
  endfacet
  facet normal -0.093096 -0.995124 -0.032576
    outer loop
      vertex 18.000000 4.125000 0.000000
      vertex 18.363756 4.088252 0.083025
      vertex 18.336161 4.088252 0.161886
    endloop
  endfacet
  facet normal -0.083514 -0.995124 -0.052475
    outer loop
      vertex 18.000000 4.125000 0.000000
      vertex 18.336161 4.088252 0.161886
      vertex 18.291709 4.088252 0.232630
    endloop
  endfacet
  facet normal -0.069743 -0.995124 -0.069743
    outer loop
      vertex 18.000000 4.125000 0.000000
      vertex 18.291709 4.088252 0.232630
      vertex 18.232630 4.088252 0.291709
    endloop
  endfacet
  facet normal -0.052475 -0.995124 -0.083514
    outer loop
      vertex 18.000000 4.125000 0.000000
      vertex 18.232630 4.088252 0.291709
      vertex 18.161886 4.088252 0.336161
    endloop
  endfacet
  facet normal -0.032576 -0.995124 -0.093096
    outer loop
      vertex 18.000000 4.125000 0.000000
      vertex 18.161886 4.088252 0.336161
      vertex 18.083025 4.088252 0.363756
    endloop
  endfacet
  facet normal -0.011043 -0.995124 -0.098011
    outer loop
      vertex 18.000000 4.125000 0.000000
      vertex 18.083025 4.088252 0.363756
      vertex 18.000000 4.088252 0.373110
    endloop
  endfacet
  facet normal 0.011043 -0.995124 -0.098011
    outer loop
      vertex 18.000000 4.125000 0.000000
      vertex 18.000000 4.088252 0.373110
      vertex 17.916975 4.088252 0.363756
    endloop
  endfacet
  facet normal 0.032576 -0.995124 -0.093096
    outer loop
      vertex 18.000000 4.125000 0.000000
      vertex 17.916975 4.088252 0.363756
      vertex 17.838114 4.088252 0.336161
    endloop
  endfacet
  facet normal 0.052475 -0.995124 -0.083514
    outer loop
      vertex 18.000000 4.125000 0.000000
      vertex 17.838114 4.088252 0.336161
      vertex 17.767370 4.088252 0.291709
    endloop
  endfacet
  facet normal 0.069743 -0.995124 -0.069743
    outer loop
      vertex 18.000000 4.125000 0.000000
      vertex 17.767370 4.088252 0.291709
      vertex 17.708291 4.088252 0.232630
    endloop
  endfacet
  facet normal 0.083514 -0.995124 -0.052475
    outer loop
      vertex 18.000000 4.125000 0.000000
      vertex 17.708291 4.088252 0.232630
      vertex 17.663839 4.088252 0.161886
    endloop
  endfacet
  facet normal 0.093096 -0.995124 -0.032576
    outer loop
      vertex 18.000000 4.125000 0.000000
      vertex 17.663839 4.088252 0.161886
      vertex 17.636244 4.088252 0.083025
    endloop
  endfacet
  facet normal 0.098011 -0.995124 -0.011043
    outer loop
      vertex 18.000000 4.125000 0.000000
      vertex 17.636244 4.088252 0.083025
      vertex 17.626890 4.088252 0.000000
    endloop
  endfacet
  facet normal 0.098011 -0.995124 0.011043
    outer loop
      vertex 18.000000 4.125000 0.000000
      vertex 17.626890 4.088252 0.000000
      vertex 17.636244 4.088252 -0.083025
    endloop
  endfacet
  facet normal 0.093096 -0.995124 0.032576
    outer loop
      vertex 18.000000 4.125000 0.000000
      vertex 17.636244 4.088252 -0.083025
      vertex 17.663839 4.088252 -0.161886
    endloop
  endfacet
  facet normal 0.083514 -0.995124 0.052475
    outer loop
      vertex 18.000000 4.125000 0.000000
      vertex 17.663839 4.088252 -0.161886
      vertex 17.708291 4.088252 -0.232630
    endloop
  endfacet
  facet normal 0.069743 -0.995124 0.069743
    outer loop
      vertex 18.000000 4.125000 0.000000
      vertex 17.708291 4.088252 -0.232630
      vertex 17.767370 4.088252 -0.291709
    endloop
  endfacet
  facet normal 0.052475 -0.995124 0.083514
    outer loop
      vertex 18.000000 4.125000 0.000000
      vertex 17.767370 4.088252 -0.291709
      vertex 17.838114 4.088252 -0.336161
    endloop
  endfacet
  facet normal 0.032576 -0.995124 0.093096
    outer loop
      vertex 18.000000 4.125000 0.000000
      vertex 17.838114 4.088252 -0.336161
      vertex 17.916975 4.088252 -0.363756
    endloop
  endfacet
  facet normal 0.011043 -0.995124 0.098011
    outer loop
      vertex 18.000000 4.125000 0.000000
      vertex 17.916975 4.088252 -0.363756
      vertex 18.000000 4.088252 -0.373110
    endloop
  endfacet
  facet normal -0.011043 -0.995124 0.098011
    outer loop
      vertex 18.000000 4.125000 0.000000
      vertex 18.000000 4.088252 -0.373110
      vertex 18.083025 4.088252 -0.363756
    endloop
  endfacet
  facet normal -0.032576 -0.995124 0.093096
    outer loop
      vertex 18.000000 4.125000 0.000000
      vertex 18.083025 4.088252 -0.363756
      vertex 18.161886 4.088252 -0.336161
    endloop
  endfacet
  facet normal -0.052475 -0.995124 0.083514
    outer loop
      vertex 18.000000 4.125000 0.000000
      vertex 18.161886 4.088252 -0.336161
      vertex 18.232630 4.088252 -0.291709
    endloop
  endfacet
  facet normal -0.069743 -0.995124 0.069743
    outer loop
      vertex 18.000000 4.125000 0.000000
      vertex 18.232630 4.088252 -0.291709
      vertex 18.291709 4.088252 -0.232630
    endloop
  endfacet
  facet normal -0.083514 -0.995124 0.052475
    outer loop
      vertex 18.000000 4.125000 0.000000
      vertex 18.291709 4.088252 -0.232630
      vertex 18.336161 4.088252 -0.161886
    endloop
  endfacet
  facet normal -0.093096 -0.995124 0.032576
    outer loop
      vertex 18.000000 4.125000 0.000000
      vertex 18.336161 4.088252 -0.161886
      vertex 18.363756 4.088252 -0.083025
    endloop
  endfacet
  facet normal -0.098011 -0.995124 0.011043
    outer loop
      vertex 18.000000 4.125000 0.000000
      vertex 18.363756 4.088252 -0.083025
      vertex 18.373110 4.088252 0.000000
    endloop
  endfacet
  facet normal -0.290130 -0.956429 -0.032690
    outer loop
      vertex 18.373110 4.088252 0.000000
      vertex 18.731882 3.979420 0.000000
      vertex 18.713532 3.979420 0.162859
    endloop
  endfacet
  facet normal -0.290130 -0.956429 -0.032690
    outer loop
      vertex 18.373110 4.088252 0.000000
      vertex 18.713532 3.979420 0.162859
      vertex 18.363756 4.088252 0.083025
    endloop
  endfacet
  facet normal -0.275581 -0.956429 -0.096430
    outer loop
      vertex 18.363756 4.088252 0.083025
      vertex 18.713532 3.979420 0.162859
      vertex 18.659403 3.979420 0.317552
    endloop
  endfacet
  facet normal -0.275581 -0.956429 -0.096430
    outer loop
      vertex 18.363756 4.088252 0.083025
      vertex 18.659403 3.979420 0.317552
      vertex 18.336161 4.088252 0.161886
    endloop
  endfacet
  facet normal -0.247214 -0.956429 -0.155335
    outer loop
      vertex 18.336161 4.088252 0.161886
      vertex 18.659403 3.979420 0.317552
      vertex 18.572208 3.979420 0.456321
    endloop
  endfacet
  facet normal -0.247214 -0.956429 -0.155335
    outer loop
      vertex 18.336161 4.088252 0.161886
      vertex 18.572208 3.979420 0.456321
      vertex 18.291709 4.088252 0.232630
    endloop
  endfacet
  facet normal -0.206451 -0.956429 -0.206451
    outer loop
      vertex 18.291709 4.088252 0.232630
      vertex 18.572208 3.979420 0.456321
      vertex 18.456321 3.979420 0.572208
    endloop
  endfacet
  facet normal -0.206451 -0.956429 -0.206451
    outer loop
      vertex 18.291709 4.088252 0.232630
      vertex 18.456321 3.979420 0.572208
      vertex 18.232630 4.088252 0.291709
    endloop
  endfacet
  facet normal -0.155335 -0.956429 -0.247214
    outer loop
      vertex 18.232630 4.088252 0.291709
      vertex 18.456321 3.979420 0.572208
      vertex 18.317552 3.979420 0.659403
    endloop
  endfacet
  facet normal -0.155335 -0.956429 -0.247214
    outer loop
      vertex 18.232630 4.088252 0.291709
      vertex 18.317552 3.979420 0.659403
      vertex 18.161886 4.088252 0.336161
    endloop
  endfacet
  facet normal -0.096430 -0.956429 -0.275581
    outer loop
      vertex 18.161886 4.088252 0.336161
      vertex 18.317552 3.979420 0.659403
      vertex 18.162859 3.979420 0.713532
    endloop
  endfacet
  facet normal -0.096430 -0.956429 -0.275581
    outer loop
      vertex 18.161886 4.088252 0.336161
      vertex 18.162859 3.979420 0.713532
      vertex 18.083025 4.088252 0.363756
    endloop
  endfacet
  facet normal -0.032690 -0.956429 -0.290130
    outer loop
      vertex 18.083025 4.088252 0.363756
      vertex 18.162859 3.979420 0.713532
      vertex 18.000000 3.979420 0.731882
    endloop
  endfacet
  facet normal -0.032690 -0.956429 -0.290130
    outer loop
      vertex 18.083025 4.088252 0.363756
      vertex 18.000000 3.979420 0.731882
      vertex 18.000000 4.088252 0.373110
    endloop
  endfacet
  facet normal 0.032690 -0.956429 -0.290130
    outer loop
      vertex 18.000000 4.088252 0.373110
      vertex 18.000000 3.979420 0.731882
      vertex 17.837141 3.979420 0.713532
    endloop
  endfacet
  facet normal 0.032690 -0.956429 -0.290130
    outer loop
      vertex 18.000000 4.088252 0.373110
      vertex 17.837141 3.979420 0.713532
      vertex 17.916975 4.088252 0.363756
    endloop
  endfacet
  facet normal 0.096430 -0.956429 -0.275581
    outer loop
      vertex 17.916975 4.088252 0.363756
      vertex 17.837141 3.979420 0.713532
      vertex 17.682448 3.979420 0.659403
    endloop
  endfacet
  facet normal 0.096430 -0.956429 -0.275581
    outer loop
      vertex 17.916975 4.088252 0.363756
      vertex 17.682448 3.979420 0.659403
      vertex 17.838114 4.088252 0.336161
    endloop
  endfacet
  facet normal 0.155335 -0.956429 -0.247214
    outer loop
      vertex 17.838114 4.088252 0.336161
      vertex 17.682448 3.979420 0.659403
      vertex 17.543679 3.979420 0.572208
    endloop
  endfacet
  facet normal 0.155335 -0.956429 -0.247214
    outer loop
      vertex 17.838114 4.088252 0.336161
      vertex 17.543679 3.979420 0.572208
      vertex 17.767370 4.088252 0.291709
    endloop
  endfacet
  facet normal 0.206451 -0.956429 -0.206451
    outer loop
      vertex 17.767370 4.088252 0.291709
      vertex 17.543679 3.979420 0.572208
      vertex 17.427792 3.979420 0.456321
    endloop
  endfacet
  facet normal 0.206451 -0.956429 -0.206451
    outer loop
      vertex 17.767370 4.088252 0.291709
      vertex 17.427792 3.979420 0.456321
      vertex 17.708291 4.088252 0.232630
    endloop
  endfacet
  facet normal 0.247214 -0.956429 -0.155335
    outer loop
      vertex 17.708291 4.088252 0.232630
      vertex 17.427792 3.979420 0.456321
      vertex 17.340597 3.979420 0.317552
    endloop
  endfacet
  facet normal 0.247214 -0.956429 -0.155335
    outer loop
      vertex 17.708291 4.088252 0.232630
      vertex 17.340597 3.979420 0.317552
      vertex 17.663839 4.088252 0.161886
    endloop
  endfacet
  facet normal 0.275581 -0.956429 -0.096430
    outer loop
      vertex 17.663839 4.088252 0.161886
      vertex 17.340597 3.979420 0.317552
      vertex 17.286468 3.979420 0.162859
    endloop
  endfacet
  facet normal 0.275581 -0.956429 -0.096430
    outer loop
      vertex 17.663839 4.088252 0.161886
      vertex 17.286468 3.979420 0.162859
      vertex 17.636244 4.088252 0.083025
    endloop
  endfacet
  facet normal 0.290130 -0.956429 -0.032690
    outer loop
      vertex 17.636244 4.088252 0.083025
      vertex 17.286468 3.979420 0.162859
      vertex 17.268118 3.979420 0.000000
    endloop
  endfacet
  facet normal 0.290130 -0.956429 -0.032690
    outer loop
      vertex 17.636244 4.088252 0.083025
      vertex 17.268118 3.979420 0.000000
      vertex 17.626890 4.088252 0.000000
    endloop
  endfacet
  facet normal 0.290130 -0.956429 0.032690
    outer loop
      vertex 17.626890 4.088252 0.000000
      vertex 17.268118 3.979420 0.000000
      vertex 17.286468 3.979420 -0.162859
    endloop
  endfacet
  facet normal 0.290130 -0.956429 0.032690
    outer loop
      vertex 17.626890 4.088252 0.000000
      vertex 17.286468 3.979420 -0.162859
      vertex 17.636244 4.088252 -0.083025
    endloop
  endfacet
  facet normal 0.275581 -0.956429 0.096430
    outer loop
      vertex 17.636244 4.088252 -0.083025
      vertex 17.286468 3.979420 -0.162859
      vertex 17.340597 3.979420 -0.317552
    endloop
  endfacet
  facet normal 0.275581 -0.956429 0.096430
    outer loop
      vertex 17.636244 4.088252 -0.083025
      vertex 17.340597 3.979420 -0.317552
      vertex 17.663839 4.088252 -0.161886
    endloop
  endfacet
  facet normal 0.247214 -0.956429 0.155335
    outer loop
      vertex 17.663839 4.088252 -0.161886
      vertex 17.340597 3.979420 -0.317552
      vertex 17.427792 3.979420 -0.456321
    endloop
  endfacet
  facet normal 0.247214 -0.956429 0.155335
    outer loop
      vertex 17.663839 4.088252 -0.161886
      vertex 17.427792 3.979420 -0.456321
      vertex 17.708291 4.088252 -0.232630
    endloop
  endfacet
  facet normal 0.206451 -0.956429 0.206451
    outer loop
      vertex 17.708291 4.088252 -0.232630
      vertex 17.427792 3.979420 -0.456321
      vertex 17.543679 3.979420 -0.572208
    endloop
  endfacet
  facet normal 0.206451 -0.956429 0.206451
    outer loop
      vertex 17.708291 4.088252 -0.232630
      vertex 17.543679 3.979420 -0.572208
      vertex 17.767370 4.088252 -0.291709
    endloop
  endfacet
  facet normal 0.155335 -0.956429 0.247214
    outer loop
      vertex 17.767370 4.088252 -0.291709
      vertex 17.543679 3.979420 -0.572208
      vertex 17.682448 3.979420 -0.659403
    endloop
  endfacet
  facet normal 0.155335 -0.956429 0.247214
    outer loop
      vertex 17.767370 4.088252 -0.291709
      vertex 17.682448 3.979420 -0.659403
      vertex 17.838114 4.088252 -0.336161
    endloop
  endfacet
  facet normal 0.096430 -0.956429 0.275581
    outer loop
      vertex 17.838114 4.088252 -0.336161
      vertex 17.682448 3.979420 -0.659403
      vertex 17.837141 3.979420 -0.713532
    endloop
  endfacet
  facet normal 0.096430 -0.956429 0.275581
    outer loop
      vertex 17.838114 4.088252 -0.336161
      vertex 17.837141 3.979420 -0.713532
      vertex 17.916975 4.088252 -0.363756
    endloop
  endfacet
  facet normal 0.032690 -0.956429 0.290130
    outer loop
      vertex 17.916975 4.088252 -0.363756
      vertex 17.837141 3.979420 -0.713532
      vertex 18.000000 3.979420 -0.731882
    endloop
  endfacet
  facet normal 0.032690 -0.956429 0.290130
    outer loop
      vertex 17.916975 4.088252 -0.363756
      vertex 18.000000 3.979420 -0.731882
      vertex 18.000000 4.088252 -0.373110
    endloop
  endfacet
  facet normal -0.032690 -0.956429 0.290130
    outer loop
      vertex 18.000000 4.088252 -0.373110
      vertex 18.000000 3.979420 -0.731882
      vertex 18.162859 3.979420 -0.713532
    endloop
  endfacet
  facet normal -0.032690 -0.956429 0.290130
    outer loop
      vertex 18.000000 4.088252 -0.373110
      vertex 18.162859 3.979420 -0.713532
      vertex 18.083025 4.088252 -0.363756
    endloop
  endfacet
  facet normal -0.096430 -0.956429 0.275581
    outer loop
      vertex 18.083025 4.088252 -0.363756
      vertex 18.162859 3.979420 -0.713532
      vertex 18.317552 3.979420 -0.659403
    endloop
  endfacet
  facet normal -0.096430 -0.956429 0.275581
    outer loop
      vertex 18.083025 4.088252 -0.363756
      vertex 18.317552 3.979420 -0.659403
      vertex 18.161886 4.088252 -0.336161
    endloop
  endfacet
  facet normal -0.155335 -0.956429 0.247214
    outer loop
      vertex 18.161886 4.088252 -0.336161
      vertex 18.317552 3.979420 -0.659403
      vertex 18.456321 3.979420 -0.572208
    endloop
  endfacet
  facet normal -0.155335 -0.956429 0.247214
    outer loop
      vertex 18.161886 4.088252 -0.336161
      vertex 18.456321 3.979420 -0.572208
      vertex 18.232630 4.088252 -0.291709
    endloop
  endfacet
  facet normal -0.206451 -0.956429 0.206451
    outer loop
      vertex 18.232630 4.088252 -0.291709
      vertex 18.456321 3.979420 -0.572208
      vertex 18.572208 3.979420 -0.456321
    endloop
  endfacet
  facet normal -0.206451 -0.956429 0.206451
    outer loop
      vertex 18.232630 4.088252 -0.291709
      vertex 18.572208 3.979420 -0.456321
      vertex 18.291709 4.088252 -0.232630
    endloop
  endfacet
  facet normal -0.247214 -0.956429 0.155335
    outer loop
      vertex 18.291709 4.088252 -0.232630
      vertex 18.572208 3.979420 -0.456321
      vertex 18.659403 3.979420 -0.317552
    endloop
  endfacet
  facet normal -0.247214 -0.956429 0.155335
    outer loop
      vertex 18.291709 4.088252 -0.232630
      vertex 18.659403 3.979420 -0.317552
      vertex 18.336161 4.088252 -0.161886
    endloop
  endfacet
  facet normal -0.275581 -0.956429 0.096430
    outer loop
      vertex 18.336161 4.088252 -0.161886
      vertex 18.659403 3.979420 -0.317552
      vertex 18.713532 3.979420 -0.162859
    endloop
  endfacet
  facet normal -0.275581 -0.956429 0.096430
    outer loop
      vertex 18.336161 4.088252 -0.161886
      vertex 18.713532 3.979420 -0.162859
      vertex 18.363756 4.088252 -0.083025
    endloop
  endfacet
  facet normal -0.290130 -0.956429 0.032690
    outer loop
      vertex 18.363756 4.088252 -0.083025
      vertex 18.713532 3.979420 -0.162859
      vertex 18.731882 3.979420 0.000000
    endloop
  endfacet
  facet normal -0.290130 -0.956429 0.032690
    outer loop
      vertex 18.363756 4.088252 -0.083025
      vertex 18.731882 3.979420 0.000000
      vertex 18.373110 4.088252 0.000000
    endloop
  endfacet
  facet normal -0.470733 -0.880680 -0.053039
    outer loop
      vertex 18.731882 3.979420 0.000000
      vertex 19.062528 3.802686 0.000000
      vertex 19.035888 3.802686 0.236435
    endloop
  endfacet
  facet normal -0.470733 -0.880680 -0.053039
    outer loop
      vertex 18.731882 3.979420 0.000000
      vertex 19.035888 3.802686 0.236435
      vertex 18.713532 3.979420 0.162859
    endloop
  endfacet
  facet normal -0.447129 -0.880680 -0.156457
    outer loop
      vertex 18.713532 3.979420 0.162859
      vertex 19.035888 3.802686 0.236435
      vertex 18.957305 3.802686 0.461014
    endloop
  endfacet
  facet normal -0.447129 -0.880680 -0.156457
    outer loop
      vertex 18.713532 3.979420 0.162859
      vertex 18.957305 3.802686 0.461014
      vertex 18.659403 3.979420 0.317552
    endloop
  endfacet
  facet normal -0.401103 -0.880680 -0.252030
    outer loop
      vertex 18.659403 3.979420 0.317552
      vertex 18.957305 3.802686 0.461014
      vertex 18.830718 3.802686 0.662475
    endloop
  endfacet
  facet normal -0.401103 -0.880680 -0.252030
    outer loop
      vertex 18.659403 3.979420 0.317552
      vertex 18.830718 3.802686 0.662475
      vertex 18.572208 3.979420 0.456321
    endloop
  endfacet
  facet normal -0.334965 -0.880680 -0.334965
    outer loop
      vertex 18.572208 3.979420 0.456321
      vertex 18.830718 3.802686 0.662475
      vertex 18.662475 3.802686 0.830718
    endloop
  endfacet
  facet normal -0.334965 -0.880680 -0.334965
    outer loop
      vertex 18.572208 3.979420 0.456321
      vertex 18.662475 3.802686 0.830718
      vertex 18.456321 3.979420 0.572208
    endloop
  endfacet
  facet normal -0.252030 -0.880680 -0.401103
    outer loop
      vertex 18.456321 3.979420 0.572208
      vertex 18.662475 3.802686 0.830718
      vertex 18.461014 3.802686 0.957305
    endloop
  endfacet
  facet normal -0.252030 -0.880680 -0.401103
    outer loop
      vertex 18.456321 3.979420 0.572208
      vertex 18.461014 3.802686 0.957305
      vertex 18.317552 3.979420 0.659403
    endloop
  endfacet
  facet normal -0.156457 -0.880680 -0.447129
    outer loop
      vertex 18.317552 3.979420 0.659403
      vertex 18.461014 3.802686 0.957305
      vertex 18.236435 3.802686 1.035888
    endloop
  endfacet
  facet normal -0.156457 -0.880680 -0.447129
    outer loop
      vertex 18.317552 3.979420 0.659403
      vertex 18.236435 3.802686 1.035888
      vertex 18.162859 3.979420 0.713532
    endloop
  endfacet
  facet normal -0.053039 -0.880680 -0.470733
    outer loop
      vertex 18.162859 3.979420 0.713532
      vertex 18.236435 3.802686 1.035888
      vertex 18.000000 3.802686 1.062528
    endloop
  endfacet
  facet normal -0.053039 -0.880680 -0.470733
    outer loop
      vertex 18.162859 3.979420 0.713532
      vertex 18.000000 3.802686 1.062528
      vertex 18.000000 3.979420 0.731882
    endloop
  endfacet
  facet normal 0.053039 -0.880680 -0.470733
    outer loop
      vertex 18.000000 3.979420 0.731882
      vertex 18.000000 3.802686 1.062528
      vertex 17.763565 3.802686 1.035888
    endloop
  endfacet
  facet normal 0.053039 -0.880680 -0.470733
    outer loop
      vertex 18.000000 3.979420 0.731882
      vertex 17.763565 3.802686 1.035888
      vertex 17.837141 3.979420 0.713532
    endloop
  endfacet
  facet normal 0.156457 -0.880680 -0.447129
    outer loop
      vertex 17.837141 3.979420 0.713532
      vertex 17.763565 3.802686 1.035888
      vertex 17.538986 3.802686 0.957305
    endloop
  endfacet
  facet normal 0.156457 -0.880680 -0.447129
    outer loop
      vertex 17.837141 3.979420 0.713532
      vertex 17.538986 3.802686 0.957305
      vertex 17.682448 3.979420 0.659403
    endloop
  endfacet
  facet normal 0.252030 -0.880680 -0.401103
    outer loop
      vertex 17.682448 3.979420 0.659403
      vertex 17.538986 3.802686 0.957305
      vertex 17.337525 3.802686 0.830718
    endloop
  endfacet
  facet normal 0.252030 -0.880680 -0.401103
    outer loop
      vertex 17.682448 3.979420 0.659403
      vertex 17.337525 3.802686 0.830718
      vertex 17.543679 3.979420 0.572208
    endloop
  endfacet
  facet normal 0.334965 -0.880680 -0.334965
    outer loop
      vertex 17.543679 3.979420 0.572208
      vertex 17.337525 3.802686 0.830718
      vertex 17.169282 3.802686 0.662475
    endloop
  endfacet
  facet normal 0.334965 -0.880680 -0.334965
    outer loop
      vertex 17.543679 3.979420 0.572208
      vertex 17.169282 3.802686 0.662475
      vertex 17.427792 3.979420 0.456321
    endloop
  endfacet
  facet normal 0.401103 -0.880680 -0.252030
    outer loop
      vertex 17.427792 3.979420 0.456321
      vertex 17.169282 3.802686 0.662475
      vertex 17.042695 3.802686 0.461014
    endloop
  endfacet
  facet normal 0.401103 -0.880680 -0.252030
    outer loop
      vertex 17.427792 3.979420 0.456321
      vertex 17.042695 3.802686 0.461014
      vertex 17.340597 3.979420 0.317552
    endloop
  endfacet
  facet normal 0.447129 -0.880680 -0.156457
    outer loop
      vertex 17.340597 3.979420 0.317552
      vertex 17.042695 3.802686 0.461014
      vertex 16.964112 3.802686 0.236435
    endloop
  endfacet
  facet normal 0.447129 -0.880680 -0.156457
    outer loop
      vertex 17.340597 3.979420 0.317552
      vertex 16.964112 3.802686 0.236435
      vertex 17.286468 3.979420 0.162859
    endloop
  endfacet
  facet normal 0.470733 -0.880680 -0.053039
    outer loop
      vertex 17.286468 3.979420 0.162859
      vertex 16.964112 3.802686 0.236435
      vertex 16.937472 3.802686 0.000000
    endloop
  endfacet
  facet normal 0.470733 -0.880680 -0.053039
    outer loop
      vertex 17.286468 3.979420 0.162859
      vertex 16.937472 3.802686 0.000000
      vertex 17.268118 3.979420 0.000000
    endloop
  endfacet
  facet normal 0.470733 -0.880680 0.053039
    outer loop
      vertex 17.268118 3.979420 0.000000
      vertex 16.937472 3.802686 0.000000
      vertex 16.964112 3.802686 -0.236435
    endloop
  endfacet
  facet normal 0.470733 -0.880680 0.053039
    outer loop
      vertex 17.268118 3.979420 0.000000
      vertex 16.964112 3.802686 -0.236435
      vertex 17.286468 3.979420 -0.162859
    endloop
  endfacet
  facet normal 0.447129 -0.880680 0.156457
    outer loop
      vertex 17.286468 3.979420 -0.162859
      vertex 16.964112 3.802686 -0.236435
      vertex 17.042695 3.802686 -0.461014
    endloop
  endfacet
  facet normal 0.447129 -0.880680 0.156457
    outer loop
      vertex 17.286468 3.979420 -0.162859
      vertex 17.042695 3.802686 -0.461014
      vertex 17.340597 3.979420 -0.317552
    endloop
  endfacet
  facet normal 0.401103 -0.880680 0.252030
    outer loop
      vertex 17.340597 3.979420 -0.317552
      vertex 17.042695 3.802686 -0.461014
      vertex 17.169282 3.802686 -0.662475
    endloop
  endfacet
  facet normal 0.401103 -0.880680 0.252030
    outer loop
      vertex 17.340597 3.979420 -0.317552
      vertex 17.169282 3.802686 -0.662475
      vertex 17.427792 3.979420 -0.456321
    endloop
  endfacet
  facet normal 0.334965 -0.880680 0.334965
    outer loop
      vertex 17.427792 3.979420 -0.456321
      vertex 17.169282 3.802686 -0.662475
      vertex 17.337525 3.802686 -0.830718
    endloop
  endfacet
  facet normal 0.334965 -0.880680 0.334965
    outer loop
      vertex 17.427792 3.979420 -0.456321
      vertex 17.337525 3.802686 -0.830718
      vertex 17.543679 3.979420 -0.572208
    endloop
  endfacet
  facet normal 0.252030 -0.880680 0.401103
    outer loop
      vertex 17.543679 3.979420 -0.572208
      vertex 17.337525 3.802686 -0.830718
      vertex 17.538986 3.802686 -0.957305
    endloop
  endfacet
  facet normal 0.252030 -0.880680 0.401103
    outer loop
      vertex 17.543679 3.979420 -0.572208
      vertex 17.538986 3.802686 -0.957305
      vertex 17.682448 3.979420 -0.659403
    endloop
  endfacet
  facet normal 0.156457 -0.880680 0.447129
    outer loop
      vertex 17.682448 3.979420 -0.659403
      vertex 17.538986 3.802686 -0.957305
      vertex 17.763565 3.802686 -1.035888
    endloop
  endfacet
  facet normal 0.156457 -0.880680 0.447129
    outer loop
      vertex 17.682448 3.979420 -0.659403
      vertex 17.763565 3.802686 -1.035888
      vertex 17.837141 3.979420 -0.713532
    endloop
  endfacet
  facet normal 0.053039 -0.880680 0.470733
    outer loop
      vertex 17.837141 3.979420 -0.713532
      vertex 17.763565 3.802686 -1.035888
      vertex 18.000000 3.802686 -1.062528
    endloop
  endfacet
  facet normal 0.053039 -0.880680 0.470733
    outer loop
      vertex 17.837141 3.979420 -0.713532
      vertex 18.000000 3.802686 -1.062528
      vertex 18.000000 3.979420 -0.731882
    endloop
  endfacet
  facet normal -0.053039 -0.880680 0.470733
    outer loop
      vertex 18.000000 3.979420 -0.731882
      vertex 18.000000 3.802686 -1.062528
      vertex 18.236435 3.802686 -1.035888
    endloop
  endfacet
  facet normal -0.053039 -0.880680 0.470733
    outer loop
      vertex 18.000000 3.979420 -0.731882
      vertex 18.236435 3.802686 -1.035888
      vertex 18.162859 3.979420 -0.713532
    endloop
  endfacet
  facet normal -0.156457 -0.880680 0.447129
    outer loop
      vertex 18.162859 3.979420 -0.713532
      vertex 18.236435 3.802686 -1.035888
      vertex 18.461014 3.802686 -0.957305
    endloop
  endfacet
  facet normal -0.156457 -0.880680 0.447129
    outer loop
      vertex 18.162859 3.979420 -0.713532
      vertex 18.461014 3.802686 -0.957305
      vertex 18.317552 3.979420 -0.659403
    endloop
  endfacet
  facet normal -0.252030 -0.880680 0.401103
    outer loop
      vertex 18.317552 3.979420 -0.659403
      vertex 18.461014 3.802686 -0.957305
      vertex 18.662475 3.802686 -0.830718
    endloop
  endfacet
  facet normal -0.252030 -0.880680 0.401103
    outer loop
      vertex 18.317552 3.979420 -0.659403
      vertex 18.662475 3.802686 -0.830718
      vertex 18.456321 3.979420 -0.572208
    endloop
  endfacet
  facet normal -0.334965 -0.880680 0.334965
    outer loop
      vertex 18.456321 3.979420 -0.572208
      vertex 18.662475 3.802686 -0.830718
      vertex 18.830718 3.802686 -0.662475
    endloop
  endfacet
  facet normal -0.334965 -0.880680 0.334965
    outer loop
      vertex 18.456321 3.979420 -0.572208
      vertex 18.830718 3.802686 -0.662475
      vertex 18.572208 3.979420 -0.456321
    endloop
  endfacet
  facet normal -0.401103 -0.880680 0.252030
    outer loop
      vertex 18.572208 3.979420 -0.456321
      vertex 18.830718 3.802686 -0.662475
      vertex 18.957305 3.802686 -0.461014
    endloop
  endfacet
  facet normal -0.401103 -0.880680 0.252030
    outer loop
      vertex 18.572208 3.979420 -0.456321
      vertex 18.957305 3.802686 -0.461014
      vertex 18.659403 3.979420 -0.317552
    endloop
  endfacet
  facet normal -0.447129 -0.880680 0.156457
    outer loop
      vertex 18.659403 3.979420 -0.317552
      vertex 18.957305 3.802686 -0.461014
      vertex 19.035888 3.802686 -0.236435
    endloop
  endfacet
  facet normal -0.447129 -0.880680 0.156457
    outer loop
      vertex 18.659403 3.979420 -0.317552
      vertex 19.035888 3.802686 -0.236435
      vertex 18.713532 3.979420 -0.162859
    endloop
  endfacet
  facet normal -0.470733 -0.880680 0.053039
    outer loop
      vertex 18.713532 3.979420 -0.162859
      vertex 19.035888 3.802686 -0.236435
      vertex 19.062528 3.802686 0.000000
    endloop
  endfacet
  facet normal -0.470733 -0.880680 0.053039
    outer loop
      vertex 18.713532 3.979420 -0.162859
      vertex 19.062528 3.802686 0.000000
      vertex 18.731882 3.979420 0.000000
    endloop
  endfacet
  facet normal -0.632779 -0.771043 -0.071297
    outer loop
      vertex 19.062528 3.802686 0.000000
      vertex 19.352342 3.564842 0.000000
      vertex 19.318436 3.564842 0.300924
    endloop
  endfacet
  facet normal -0.632779 -0.771043 -0.071297
    outer loop
      vertex 19.062528 3.802686 0.000000
      vertex 19.318436 3.564842 0.300924
      vertex 19.035888 3.802686 0.236435
    endloop
  endfacet
  facet normal -0.601049 -0.771043 -0.210316
    outer loop
      vertex 19.035888 3.802686 0.236435
      vertex 19.318436 3.564842 0.300924
      vertex 19.218418 3.564842 0.586759
    endloop
  endfacet
  facet normal -0.601049 -0.771043 -0.210316
    outer loop
      vertex 19.035888 3.802686 0.236435
      vertex 19.218418 3.564842 0.586759
      vertex 18.957305 3.802686 0.461014
    endloop
  endfacet
  facet normal -0.539179 -0.771043 -0.338789
    outer loop
      vertex 18.957305 3.802686 0.461014
      vertex 19.218418 3.564842 0.586759
      vertex 19.057303 3.564842 0.843171
    endloop
  endfacet
  facet normal -0.539179 -0.771043 -0.338789
    outer loop
      vertex 18.957305 3.802686 0.461014
      vertex 19.057303 3.564842 0.843171
      vertex 18.830718 3.802686 0.662475
    endloop
  endfacet
  facet normal -0.450273 -0.771043 -0.450273
    outer loop
      vertex 18.830718 3.802686 0.662475
      vertex 19.057303 3.564842 0.843171
      vertex 18.843171 3.564842 1.057303
    endloop
  endfacet
  facet normal -0.450273 -0.771043 -0.450273
    outer loop
      vertex 18.830718 3.802686 0.662475
      vertex 18.843171 3.564842 1.057303
      vertex 18.662475 3.802686 0.830718
    endloop
  endfacet
  facet normal -0.338789 -0.771043 -0.539179
    outer loop
      vertex 18.662475 3.802686 0.830718
      vertex 18.843171 3.564842 1.057303
      vertex 18.586759 3.564842 1.218418
    endloop
  endfacet
  facet normal -0.338789 -0.771043 -0.539179
    outer loop
      vertex 18.662475 3.802686 0.830718
      vertex 18.586759 3.564842 1.218418
      vertex 18.461014 3.802686 0.957305
    endloop
  endfacet
  facet normal -0.210316 -0.771043 -0.601049
    outer loop
      vertex 18.461014 3.802686 0.957305
      vertex 18.586759 3.564842 1.218418
      vertex 18.300924 3.564842 1.318436
    endloop
  endfacet
  facet normal -0.210316 -0.771043 -0.601049
    outer loop
      vertex 18.461014 3.802686 0.957305
      vertex 18.300924 3.564842 1.318436
      vertex 18.236435 3.802686 1.035888
    endloop
  endfacet
  facet normal -0.071297 -0.771043 -0.632779
    outer loop
      vertex 18.236435 3.802686 1.035888
      vertex 18.300924 3.564842 1.318436
      vertex 18.000000 3.564842 1.352342
    endloop
  endfacet
  facet normal -0.071297 -0.771043 -0.632779
    outer loop
      vertex 18.236435 3.802686 1.035888
      vertex 18.000000 3.564842 1.352342
      vertex 18.000000 3.802686 1.062528
    endloop
  endfacet
  facet normal 0.071297 -0.771043 -0.632779
    outer loop
      vertex 18.000000 3.802686 1.062528
      vertex 18.000000 3.564842 1.352342
      vertex 17.699076 3.564842 1.318436
    endloop
  endfacet
  facet normal 0.071297 -0.771043 -0.632779
    outer loop
      vertex 18.000000 3.802686 1.062528
      vertex 17.699076 3.564842 1.318436
      vertex 17.763565 3.802686 1.035888
    endloop
  endfacet
  facet normal 0.210316 -0.771043 -0.601049
    outer loop
      vertex 17.763565 3.802686 1.035888
      vertex 17.699076 3.564842 1.318436
      vertex 17.413241 3.564842 1.218418
    endloop
  endfacet
  facet normal 0.210316 -0.771043 -0.601049
    outer loop
      vertex 17.763565 3.802686 1.035888
      vertex 17.413241 3.564842 1.218418
      vertex 17.538986 3.802686 0.957305
    endloop
  endfacet
  facet normal 0.338789 -0.771043 -0.539179
    outer loop
      vertex 17.538986 3.802686 0.957305
      vertex 17.413241 3.564842 1.218418
      vertex 17.156829 3.564842 1.057303
    endloop
  endfacet
  facet normal 0.338789 -0.771043 -0.539179
    outer loop
      vertex 17.538986 3.802686 0.957305
      vertex 17.156829 3.564842 1.057303
      vertex 17.337525 3.802686 0.830718
    endloop
  endfacet
  facet normal 0.450273 -0.771043 -0.450273
    outer loop
      vertex 17.337525 3.802686 0.830718
      vertex 17.156829 3.564842 1.057303
      vertex 16.942697 3.564842 0.843171
    endloop
  endfacet
  facet normal 0.450273 -0.771043 -0.450273
    outer loop
      vertex 17.337525 3.802686 0.830718
      vertex 16.942697 3.564842 0.843171
      vertex 17.169282 3.802686 0.662475
    endloop
  endfacet
  facet normal 0.539179 -0.771043 -0.338789
    outer loop
      vertex 17.169282 3.802686 0.662475
      vertex 16.942697 3.564842 0.843171
      vertex 16.781582 3.564842 0.586759
    endloop
  endfacet
  facet normal 0.539179 -0.771043 -0.338789
    outer loop
      vertex 17.169282 3.802686 0.662475
      vertex 16.781582 3.564842 0.586759
      vertex 17.042695 3.802686 0.461014
    endloop
  endfacet
  facet normal 0.601049 -0.771043 -0.210316
    outer loop
      vertex 17.042695 3.802686 0.461014
      vertex 16.781582 3.564842 0.586759
      vertex 16.681564 3.564842 0.300924
    endloop
  endfacet
  facet normal 0.601049 -0.771043 -0.210316
    outer loop
      vertex 17.042695 3.802686 0.461014
      vertex 16.681564 3.564842 0.300924
      vertex 16.964112 3.802686 0.236435
    endloop
  endfacet
  facet normal 0.632779 -0.771043 -0.071297
    outer loop
      vertex 16.964112 3.802686 0.236435
      vertex 16.681564 3.564842 0.300924
      vertex 16.647658 3.564842 0.000000
    endloop
  endfacet
  facet normal 0.632779 -0.771043 -0.071297
    outer loop
      vertex 16.964112 3.802686 0.236435
      vertex 16.647658 3.564842 0.000000
      vertex 16.937472 3.802686 0.000000
    endloop
  endfacet
  facet normal 0.632779 -0.771043 0.071297
    outer loop
      vertex 16.937472 3.802686 0.000000
      vertex 16.647658 3.564842 0.000000
      vertex 16.681564 3.564842 -0.300924
    endloop
  endfacet
  facet normal 0.632779 -0.771043 0.071297
    outer loop
      vertex 16.937472 3.802686 0.000000
      vertex 16.681564 3.564842 -0.300924
      vertex 16.964112 3.802686 -0.236435
    endloop
  endfacet
  facet normal 0.601049 -0.771043 0.210316
    outer loop
      vertex 16.964112 3.802686 -0.236435
      vertex 16.681564 3.564842 -0.300924
      vertex 16.781582 3.564842 -0.586759
    endloop
  endfacet
  facet normal 0.601049 -0.771043 0.210316
    outer loop
      vertex 16.964112 3.802686 -0.236435
      vertex 16.781582 3.564842 -0.586759
      vertex 17.042695 3.802686 -0.461014
    endloop
  endfacet
  facet normal 0.539179 -0.771043 0.338789
    outer loop
      vertex 17.042695 3.802686 -0.461014
      vertex 16.781582 3.564842 -0.586759
      vertex 16.942697 3.564842 -0.843171
    endloop
  endfacet
  facet normal 0.539179 -0.771043 0.338789
    outer loop
      vertex 17.042695 3.802686 -0.461014
      vertex 16.942697 3.564842 -0.843171
      vertex 17.169282 3.802686 -0.662475
    endloop
  endfacet
  facet normal 0.450273 -0.771043 0.450273
    outer loop
      vertex 17.169282 3.802686 -0.662475
      vertex 16.942697 3.564842 -0.843171
      vertex 17.156829 3.564842 -1.057303
    endloop
  endfacet
  facet normal 0.450273 -0.771043 0.450273
    outer loop
      vertex 17.169282 3.802686 -0.662475
      vertex 17.156829 3.564842 -1.057303
      vertex 17.337525 3.802686 -0.830718
    endloop
  endfacet
  facet normal 0.338789 -0.771043 0.539179
    outer loop
      vertex 17.337525 3.802686 -0.830718
      vertex 17.156829 3.564842 -1.057303
      vertex 17.413241 3.564842 -1.218418
    endloop
  endfacet
  facet normal 0.338789 -0.771043 0.539179
    outer loop
      vertex 17.337525 3.802686 -0.830718
      vertex 17.413241 3.564842 -1.218418
      vertex 17.538986 3.802686 -0.957305
    endloop
  endfacet
  facet normal 0.210316 -0.771043 0.601049
    outer loop
      vertex 17.538986 3.802686 -0.957305
      vertex 17.413241 3.564842 -1.218418
      vertex 17.699076 3.564842 -1.318436
    endloop
  endfacet
  facet normal 0.210316 -0.771043 0.601049
    outer loop
      vertex 17.538986 3.802686 -0.957305
      vertex 17.699076 3.564842 -1.318436
      vertex 17.763565 3.802686 -1.035888
    endloop
  endfacet
  facet normal 0.071297 -0.771043 0.632779
    outer loop
      vertex 17.763565 3.802686 -1.035888
      vertex 17.699076 3.564842 -1.318436
      vertex 18.000000 3.564842 -1.352342
    endloop
  endfacet
  facet normal 0.071297 -0.771043 0.632779
    outer loop
      vertex 17.763565 3.802686 -1.035888
      vertex 18.000000 3.564842 -1.352342
      vertex 18.000000 3.802686 -1.062528
    endloop
  endfacet
  facet normal -0.071297 -0.771043 0.632779
    outer loop
      vertex 18.000000 3.802686 -1.062528
      vertex 18.000000 3.564842 -1.352342
      vertex 18.300924 3.564842 -1.318436
    endloop
  endfacet
  facet normal -0.071297 -0.771043 0.632779
    outer loop
      vertex 18.000000 3.802686 -1.062528
      vertex 18.300924 3.564842 -1.318436
      vertex 18.236435 3.802686 -1.035888
    endloop
  endfacet
  facet normal -0.210316 -0.771043 0.601049
    outer loop
      vertex 18.236435 3.802686 -1.035888
      vertex 18.300924 3.564842 -1.318436
      vertex 18.586759 3.564842 -1.218418
    endloop
  endfacet
  facet normal -0.210316 -0.771043 0.601049
    outer loop
      vertex 18.236435 3.802686 -1.035888
      vertex 18.586759 3.564842 -1.218418
      vertex 18.461014 3.802686 -0.957305
    endloop
  endfacet
  facet normal -0.338789 -0.771043 0.539179
    outer loop
      vertex 18.461014 3.802686 -0.957305
      vertex 18.586759 3.564842 -1.218418
      vertex 18.843171 3.564842 -1.057303
    endloop
  endfacet
  facet normal -0.338789 -0.771043 0.539179
    outer loop
      vertex 18.461014 3.802686 -0.957305
      vertex 18.843171 3.564842 -1.057303
      vertex 18.662475 3.802686 -0.830718
    endloop
  endfacet
  facet normal -0.450273 -0.771043 0.450273
    outer loop
      vertex 18.662475 3.802686 -0.830718
      vertex 18.843171 3.564842 -1.057303
      vertex 19.057303 3.564842 -0.843171
    endloop
  endfacet
  facet normal -0.450273 -0.771043 0.450273
    outer loop
      vertex 18.662475 3.802686 -0.830718
      vertex 19.057303 3.564842 -0.843171
      vertex 18.830718 3.802686 -0.662475
    endloop
  endfacet
  facet normal -0.539179 -0.771043 0.338789
    outer loop
      vertex 18.830718 3.802686 -0.662475
      vertex 19.057303 3.564842 -0.843171
      vertex 19.218418 3.564842 -0.586759
    endloop
  endfacet
  facet normal -0.539179 -0.771043 0.338789
    outer loop
      vertex 18.830718 3.802686 -0.662475
      vertex 19.218418 3.564842 -0.586759
      vertex 18.957305 3.802686 -0.461014
    endloop
  endfacet
  facet normal -0.601049 -0.771043 0.210316
    outer loop
      vertex 18.957305 3.802686 -0.461014
      vertex 19.218418 3.564842 -0.586759
      vertex 19.318436 3.564842 -0.300924
    endloop
  endfacet
  facet normal -0.601049 -0.771043 0.210316
    outer loop
      vertex 18.957305 3.802686 -0.461014
      vertex 19.318436 3.564842 -0.300924
      vertex 19.035888 3.802686 -0.236435
    endloop
  endfacet
  facet normal -0.632779 -0.771043 0.071297
    outer loop
      vertex 19.035888 3.802686 -0.236435
      vertex 19.318436 3.564842 -0.300924
      vertex 19.352342 3.564842 0.000000
    endloop
  endfacet
  facet normal -0.632779 -0.771043 0.071297
    outer loop
      vertex 19.035888 3.802686 -0.236435
      vertex 19.352342 3.564842 0.000000
      vertex 19.062528 3.802686 0.000000
    endloop
  endfacet
  facet normal -0.770095 -0.632001 -0.086769
    outer loop
      vertex 19.352342 3.564842 0.000000
      vertex 19.590186 3.275028 0.000000
      vertex 19.550316 3.275028 0.353850
    endloop
  endfacet
  facet normal -0.770095 -0.632001 -0.086769
    outer loop
      vertex 19.352342 3.564842 0.000000
      vertex 19.550316 3.275028 0.353850
      vertex 19.318436 3.564842 0.300924
    endloop
  endfacet
  facet normal -0.731479 -0.632001 -0.255956
    outer loop
      vertex 19.318436 3.564842 0.300924
      vertex 19.550316 3.275028 0.353850
      vertex 19.432708 3.275028 0.689956
    endloop
  endfacet
  facet normal -0.731479 -0.632001 -0.255956
    outer loop
      vertex 19.318436 3.564842 0.300924
      vertex 19.432708 3.275028 0.689956
      vertex 19.218418 3.564842 0.586759
    endloop
  endfacet
  facet normal -0.656184 -0.632001 -0.412308
    outer loop
      vertex 19.218418 3.564842 0.586759
      vertex 19.432708 3.275028 0.689956
      vertex 19.243257 3.275028 0.991465
    endloop
  endfacet
  facet normal -0.656184 -0.632001 -0.412308
    outer loop
      vertex 19.218418 3.564842 0.586759
      vertex 19.243257 3.275028 0.991465
      vertex 19.057303 3.564842 0.843171
    endloop
  endfacet
  facet normal -0.547985 -0.632001 -0.547985
    outer loop
      vertex 19.057303 3.564842 0.843171
      vertex 19.243257 3.275028 0.991465
      vertex 18.991465 3.275028 1.243257
    endloop
  endfacet
  facet normal -0.547985 -0.632001 -0.547985
    outer loop
      vertex 19.057303 3.564842 0.843171
      vertex 18.991465 3.275028 1.243257
      vertex 18.843171 3.564842 1.057303
    endloop
  endfacet
  facet normal -0.412308 -0.632001 -0.656184
    outer loop
      vertex 18.843171 3.564842 1.057303
      vertex 18.991465 3.275028 1.243257
      vertex 18.689956 3.275028 1.432708
    endloop
  endfacet
  facet normal -0.412308 -0.632001 -0.656184
    outer loop
      vertex 18.843171 3.564842 1.057303
      vertex 18.689956 3.275028 1.432708
      vertex 18.586759 3.564842 1.218418
    endloop
  endfacet
  facet normal -0.255956 -0.632001 -0.731479
    outer loop
      vertex 18.586759 3.564842 1.218418
      vertex 18.689956 3.275028 1.432708
      vertex 18.353850 3.275028 1.550316
    endloop
  endfacet
  facet normal -0.255956 -0.632001 -0.731479
    outer loop
      vertex 18.586759 3.564842 1.218418
      vertex 18.353850 3.275028 1.550316
      vertex 18.300924 3.564842 1.318436
    endloop
  endfacet
  facet normal -0.086769 -0.632001 -0.770095
    outer loop
      vertex 18.300924 3.564842 1.318436
      vertex 18.353850 3.275028 1.550316
      vertex 18.000000 3.275028 1.590186
    endloop
  endfacet
  facet normal -0.086769 -0.632001 -0.770095
    outer loop
      vertex 18.300924 3.564842 1.318436
      vertex 18.000000 3.275028 1.590186
      vertex 18.000000 3.564842 1.352342
    endloop
  endfacet
  facet normal 0.086769 -0.632001 -0.770095
    outer loop
      vertex 18.000000 3.564842 1.352342
      vertex 18.000000 3.275028 1.590186
      vertex 17.646150 3.275028 1.550316
    endloop
  endfacet
  facet normal 0.086769 -0.632001 -0.770095
    outer loop
      vertex 18.000000 3.564842 1.352342
      vertex 17.646150 3.275028 1.550316
      vertex 17.699076 3.564842 1.318436
    endloop
  endfacet
  facet normal 0.255956 -0.632001 -0.731479
    outer loop
      vertex 17.699076 3.564842 1.318436
      vertex 17.646150 3.275028 1.550316
      vertex 17.310044 3.275028 1.432708
    endloop
  endfacet
  facet normal 0.255956 -0.632001 -0.731479
    outer loop
      vertex 17.699076 3.564842 1.318436
      vertex 17.310044 3.275028 1.432708
      vertex 17.413241 3.564842 1.218418
    endloop
  endfacet
  facet normal 0.412308 -0.632001 -0.656184
    outer loop
      vertex 17.413241 3.564842 1.218418
      vertex 17.310044 3.275028 1.432708
      vertex 17.008535 3.275028 1.243257
    endloop
  endfacet
  facet normal 0.412308 -0.632001 -0.656184
    outer loop
      vertex 17.413241 3.564842 1.218418
      vertex 17.008535 3.275028 1.243257
      vertex 17.156829 3.564842 1.057303
    endloop
  endfacet
  facet normal 0.547985 -0.632001 -0.547985
    outer loop
      vertex 17.156829 3.564842 1.057303
      vertex 17.008535 3.275028 1.243257
      vertex 16.756743 3.275028 0.991465
    endloop
  endfacet
  facet normal 0.547985 -0.632001 -0.547985
    outer loop
      vertex 17.156829 3.564842 1.057303
      vertex 16.756743 3.275028 0.991465
      vertex 16.942697 3.564842 0.843171
    endloop
  endfacet
  facet normal 0.656184 -0.632001 -0.412308
    outer loop
      vertex 16.942697 3.564842 0.843171
      vertex 16.756743 3.275028 0.991465
      vertex 16.567292 3.275028 0.689956
    endloop
  endfacet
  facet normal 0.656184 -0.632001 -0.412308
    outer loop
      vertex 16.942697 3.564842 0.843171
      vertex 16.567292 3.275028 0.689956
      vertex 16.781582 3.564842 0.586759
    endloop
  endfacet
  facet normal 0.731479 -0.632001 -0.255956
    outer loop
      vertex 16.781582 3.564842 0.586759
      vertex 16.567292 3.275028 0.689956
      vertex 16.449684 3.275028 0.353850
    endloop
  endfacet
  facet normal 0.731479 -0.632001 -0.255956
    outer loop
      vertex 16.781582 3.564842 0.586759
      vertex 16.449684 3.275028 0.353850
      vertex 16.681564 3.564842 0.300924
    endloop
  endfacet
  facet normal 0.770095 -0.632001 -0.086769
    outer loop
      vertex 16.681564 3.564842 0.300924
      vertex 16.449684 3.275028 0.353850
      vertex 16.409814 3.275028 0.000000
    endloop
  endfacet
  facet normal 0.770095 -0.632001 -0.086769
    outer loop
      vertex 16.681564 3.564842 0.300924
      vertex 16.409814 3.275028 0.000000
      vertex 16.647658 3.564842 0.000000
    endloop
  endfacet
  facet normal 0.770095 -0.632001 0.086769
    outer loop
      vertex 16.647658 3.564842 0.000000
      vertex 16.409814 3.275028 0.000000
      vertex 16.449684 3.275028 -0.353850
    endloop
  endfacet
  facet normal 0.770095 -0.632001 0.086769
    outer loop
      vertex 16.647658 3.564842 0.000000
      vertex 16.449684 3.275028 -0.353850
      vertex 16.681564 3.564842 -0.300924
    endloop
  endfacet
  facet normal 0.731479 -0.632001 0.255956
    outer loop
      vertex 16.681564 3.564842 -0.300924
      vertex 16.449684 3.275028 -0.353850
      vertex 16.567292 3.275028 -0.689956
    endloop
  endfacet
  facet normal 0.731479 -0.632001 0.255956
    outer loop
      vertex 16.681564 3.564842 -0.300924
      vertex 16.567292 3.275028 -0.689956
      vertex 16.781582 3.564842 -0.586759
    endloop
  endfacet
  facet normal 0.656184 -0.632001 0.412308
    outer loop
      vertex 16.781582 3.564842 -0.586759
      vertex 16.567292 3.275028 -0.689956
      vertex 16.756743 3.275028 -0.991465
    endloop
  endfacet
  facet normal 0.656184 -0.632001 0.412308
    outer loop
      vertex 16.781582 3.564842 -0.586759
      vertex 16.756743 3.275028 -0.991465
      vertex 16.942697 3.564842 -0.843171
    endloop
  endfacet
  facet normal 0.547985 -0.632001 0.547985
    outer loop
      vertex 16.942697 3.564842 -0.843171
      vertex 16.756743 3.275028 -0.991465
      vertex 17.008535 3.275028 -1.243257
    endloop
  endfacet
  facet normal 0.547985 -0.632001 0.547985
    outer loop
      vertex 16.942697 3.564842 -0.843171
      vertex 17.008535 3.275028 -1.243257
      vertex 17.156829 3.564842 -1.057303
    endloop
  endfacet
  facet normal 0.412308 -0.632001 0.656184
    outer loop
      vertex 17.156829 3.564842 -1.057303
      vertex 17.008535 3.275028 -1.243257
      vertex 17.310044 3.275028 -1.432708
    endloop
  endfacet
  facet normal 0.412308 -0.632001 0.656184
    outer loop
      vertex 17.156829 3.564842 -1.057303
      vertex 17.310044 3.275028 -1.432708
      vertex 17.413241 3.564842 -1.218418
    endloop
  endfacet
  facet normal 0.255956 -0.632001 0.731479
    outer loop
      vertex 17.413241 3.564842 -1.218418
      vertex 17.310044 3.275028 -1.432708
      vertex 17.646150 3.275028 -1.550316
    endloop
  endfacet
  facet normal 0.255956 -0.632001 0.731479
    outer loop
      vertex 17.413241 3.564842 -1.218418
      vertex 17.646150 3.275028 -1.550316
      vertex 17.699076 3.564842 -1.318436
    endloop
  endfacet
  facet normal 0.086769 -0.632001 0.770095
    outer loop
      vertex 17.699076 3.564842 -1.318436
      vertex 17.646150 3.275028 -1.550316
      vertex 18.000000 3.275028 -1.590186
    endloop
  endfacet
  facet normal 0.086769 -0.632001 0.770095
    outer loop
      vertex 17.699076 3.564842 -1.318436
      vertex 18.000000 3.275028 -1.590186
      vertex 18.000000 3.564842 -1.352342
    endloop
  endfacet
  facet normal -0.086769 -0.632001 0.770095
    outer loop
      vertex 18.000000 3.564842 -1.352342
      vertex 18.000000 3.275028 -1.590186
      vertex 18.353850 3.275028 -1.550316
    endloop
  endfacet
  facet normal -0.086769 -0.632001 0.770095
    outer loop
      vertex 18.000000 3.564842 -1.352342
      vertex 18.353850 3.275028 -1.550316
      vertex 18.300924 3.564842 -1.318436
    endloop
  endfacet
  facet normal -0.255956 -0.632001 0.731479
    outer loop
      vertex 18.300924 3.564842 -1.318436
      vertex 18.353850 3.275028 -1.550316
      vertex 18.689956 3.275028 -1.432708
    endloop
  endfacet
  facet normal -0.255956 -0.632001 0.731479
    outer loop
      vertex 18.300924 3.564842 -1.318436
      vertex 18.689956 3.275028 -1.432708
      vertex 18.586759 3.564842 -1.218418
    endloop
  endfacet
  facet normal -0.412308 -0.632001 0.656184
    outer loop
      vertex 18.586759 3.564842 -1.218418
      vertex 18.689956 3.275028 -1.432708
      vertex 18.991465 3.275028 -1.243257
    endloop
  endfacet
  facet normal -0.412308 -0.632001 0.656184
    outer loop
      vertex 18.586759 3.564842 -1.218418
      vertex 18.991465 3.275028 -1.243257
      vertex 18.843171 3.564842 -1.057303
    endloop
  endfacet
  facet normal -0.547985 -0.632001 0.547985
    outer loop
      vertex 18.843171 3.564842 -1.057303
      vertex 18.991465 3.275028 -1.243257
      vertex 19.243257 3.275028 -0.991465
    endloop
  endfacet
  facet normal -0.547985 -0.632001 0.547985
    outer loop
      vertex 18.843171 3.564842 -1.057303
      vertex 19.243257 3.275028 -0.991465
      vertex 19.057303 3.564842 -0.843171
    endloop
  endfacet
  facet normal -0.656184 -0.632001 0.412308
    outer loop
      vertex 19.057303 3.564842 -0.843171
      vertex 19.243257 3.275028 -0.991465
      vertex 19.432708 3.275028 -0.689956
    endloop
  endfacet
  facet normal -0.656184 -0.632001 0.412308
    outer loop
      vertex 19.057303 3.564842 -0.843171
      vertex 19.432708 3.275028 -0.689956
      vertex 19.218418 3.564842 -0.586759
    endloop
  endfacet
  facet normal -0.731479 -0.632001 0.255956
    outer loop
      vertex 19.218418 3.564842 -0.586759
      vertex 19.432708 3.275028 -0.689956
      vertex 19.550316 3.275028 -0.353850
    endloop
  endfacet
  facet normal -0.731479 -0.632001 0.255956
    outer loop
      vertex 19.218418 3.564842 -0.586759
      vertex 19.550316 3.275028 -0.353850
      vertex 19.318436 3.564842 -0.300924
    endloop
  endfacet
  facet normal -0.770095 -0.632001 0.086769
    outer loop
      vertex 19.318436 3.564842 -0.300924
      vertex 19.550316 3.275028 -0.353850
      vertex 19.590186 3.275028 0.000000
    endloop
  endfacet
  facet normal -0.770095 -0.632001 0.086769
    outer loop
      vertex 19.318436 3.564842 -0.300924
      vertex 19.590186 3.275028 0.000000
      vertex 19.352342 3.564842 0.000000
    endloop
  endfacet
  facet normal -0.877599 -0.469087 -0.098882
    outer loop
      vertex 19.590186 3.275028 0.000000
      vertex 19.766920 2.944382 0.000000
      vertex 19.722619 2.944382 0.393177
    endloop
  endfacet
  facet normal -0.877599 -0.469087 -0.098882
    outer loop
      vertex 19.590186 3.275028 0.000000
      vertex 19.722619 2.944382 0.393177
      vertex 19.550316 3.275028 0.353850
    endloop
  endfacet
  facet normal -0.833593 -0.469087 -0.291687
    outer loop
      vertex 19.550316 3.275028 0.353850
      vertex 19.722619 2.944382 0.393177
      vertex 19.591940 2.944382 0.766638
    endloop
  endfacet
  facet normal -0.833593 -0.469087 -0.291687
    outer loop
      vertex 19.550316 3.275028 0.353850
      vertex 19.591940 2.944382 0.766638
      vertex 19.432708 3.275028 0.689956
    endloop
  endfacet
  facet normal -0.747786 -0.469087 -0.469865
    outer loop
      vertex 19.432708 3.275028 0.689956
      vertex 19.591940 2.944382 0.766638
      vertex 19.381433 2.944382 1.101656
    endloop
  endfacet
  facet normal -0.747786 -0.469087 -0.469865
    outer loop
      vertex 19.432708 3.275028 0.689956
      vertex 19.381433 2.944382 1.101656
      vertex 19.243257 3.275028 0.991465
    endloop
  endfacet
  facet normal -0.624483 -0.469087 -0.624483
    outer loop
      vertex 19.243257 3.275028 0.991465
      vertex 19.381433 2.944382 1.101656
      vertex 19.101656 2.944382 1.381433
    endloop
  endfacet
  facet normal -0.624483 -0.469087 -0.624483
    outer loop
      vertex 19.243257 3.275028 0.991465
      vertex 19.101656 2.944382 1.381433
      vertex 18.991465 3.275028 1.243257
    endloop
  endfacet
  facet normal -0.469865 -0.469087 -0.747786
    outer loop
      vertex 18.991465 3.275028 1.243257
      vertex 19.101656 2.944382 1.381433
      vertex 18.766638 2.944382 1.591940
    endloop
  endfacet
  facet normal -0.469865 -0.469087 -0.747786
    outer loop
      vertex 18.991465 3.275028 1.243257
      vertex 18.766638 2.944382 1.591940
      vertex 18.689956 3.275028 1.432708
    endloop
  endfacet
  facet normal -0.291687 -0.469087 -0.833593
    outer loop
      vertex 18.689956 3.275028 1.432708
      vertex 18.766638 2.944382 1.591940
      vertex 18.393177 2.944382 1.722619
    endloop
  endfacet
  facet normal -0.291687 -0.469087 -0.833593
    outer loop
      vertex 18.689956 3.275028 1.432708
      vertex 18.393177 2.944382 1.722619
      vertex 18.353850 3.275028 1.550316
    endloop
  endfacet
  facet normal -0.098882 -0.469087 -0.877599
    outer loop
      vertex 18.353850 3.275028 1.550316
      vertex 18.393177 2.944382 1.722619
      vertex 18.000000 2.944382 1.766920
    endloop
  endfacet
  facet normal -0.098882 -0.469087 -0.877599
    outer loop
      vertex 18.353850 3.275028 1.550316
      vertex 18.000000 2.944382 1.766920
      vertex 18.000000 3.275028 1.590186
    endloop
  endfacet
  facet normal 0.098882 -0.469087 -0.877599
    outer loop
      vertex 18.000000 3.275028 1.590186
      vertex 18.000000 2.944382 1.766920
      vertex 17.606823 2.944382 1.722619
    endloop
  endfacet
  facet normal 0.098882 -0.469087 -0.877599
    outer loop
      vertex 18.000000 3.275028 1.590186
      vertex 17.606823 2.944382 1.722619
      vertex 17.646150 3.275028 1.550316
    endloop
  endfacet
  facet normal 0.291687 -0.469087 -0.833593
    outer loop
      vertex 17.646150 3.275028 1.550316
      vertex 17.606823 2.944382 1.722619
      vertex 17.233362 2.944382 1.591940
    endloop
  endfacet
  facet normal 0.291687 -0.469087 -0.833593
    outer loop
      vertex 17.646150 3.275028 1.550316
      vertex 17.233362 2.944382 1.591940
      vertex 17.310044 3.275028 1.432708
    endloop
  endfacet
  facet normal 0.469865 -0.469087 -0.747786
    outer loop
      vertex 17.310044 3.275028 1.432708
      vertex 17.233362 2.944382 1.591940
      vertex 16.898344 2.944382 1.381433
    endloop
  endfacet
  facet normal 0.469865 -0.469087 -0.747786
    outer loop
      vertex 17.310044 3.275028 1.432708
      vertex 16.898344 2.944382 1.381433
      vertex 17.008535 3.275028 1.243257
    endloop
  endfacet
  facet normal 0.624483 -0.469087 -0.624483
    outer loop
      vertex 17.008535 3.275028 1.243257
      vertex 16.898344 2.944382 1.381433
      vertex 16.618567 2.944382 1.101656
    endloop
  endfacet
  facet normal 0.624483 -0.469087 -0.624483
    outer loop
      vertex 17.008535 3.275028 1.243257
      vertex 16.618567 2.944382 1.101656
      vertex 16.756743 3.275028 0.991465
    endloop
  endfacet
  facet normal 0.747786 -0.469087 -0.469865
    outer loop
      vertex 16.756743 3.275028 0.991465
      vertex 16.618567 2.944382 1.101656
      vertex 16.408060 2.944382 0.766638
    endloop
  endfacet
  facet normal 0.747786 -0.469087 -0.469865
    outer loop
      vertex 16.756743 3.275028 0.991465
      vertex 16.408060 2.944382 0.766638
      vertex 16.567292 3.275028 0.689956
    endloop
  endfacet
  facet normal 0.833593 -0.469087 -0.291687
    outer loop
      vertex 16.567292 3.275028 0.689956
      vertex 16.408060 2.944382 0.766638
      vertex 16.277381 2.944382 0.393177
    endloop
  endfacet
  facet normal 0.833593 -0.469087 -0.291687
    outer loop
      vertex 16.567292 3.275028 0.689956
      vertex 16.277381 2.944382 0.393177
      vertex 16.449684 3.275028 0.353850
    endloop
  endfacet
  facet normal 0.877599 -0.469087 -0.098882
    outer loop
      vertex 16.449684 3.275028 0.353850
      vertex 16.277381 2.944382 0.393177
      vertex 16.233080 2.944382 0.000000
    endloop
  endfacet
  facet normal 0.877599 -0.469087 -0.098882
    outer loop
      vertex 16.449684 3.275028 0.353850
      vertex 16.233080 2.944382 0.000000
      vertex 16.409814 3.275028 0.000000
    endloop
  endfacet
  facet normal 0.877599 -0.469087 0.098882
    outer loop
      vertex 16.409814 3.275028 0.000000
      vertex 16.233080 2.944382 0.000000
      vertex 16.277381 2.944382 -0.393177
    endloop
  endfacet
  facet normal 0.877599 -0.469087 0.098882
    outer loop
      vertex 16.409814 3.275028 0.000000
      vertex 16.277381 2.944382 -0.393177
      vertex 16.449684 3.275028 -0.353850
    endloop
  endfacet
  facet normal 0.833593 -0.469087 0.291687
    outer loop
      vertex 16.449684 3.275028 -0.353850
      vertex 16.277381 2.944382 -0.393177
      vertex 16.408060 2.944382 -0.766638
    endloop
  endfacet
  facet normal 0.833593 -0.469087 0.291687
    outer loop
      vertex 16.449684 3.275028 -0.353850
      vertex 16.408060 2.944382 -0.766638
      vertex 16.567292 3.275028 -0.689956
    endloop
  endfacet
  facet normal 0.747786 -0.469087 0.469865
    outer loop
      vertex 16.567292 3.275028 -0.689956
      vertex 16.408060 2.944382 -0.766638
      vertex 16.618567 2.944382 -1.101656
    endloop
  endfacet
  facet normal 0.747786 -0.469087 0.469865
    outer loop
      vertex 16.567292 3.275028 -0.689956
      vertex 16.618567 2.944382 -1.101656
      vertex 16.756743 3.275028 -0.991465
    endloop
  endfacet
  facet normal 0.624483 -0.469087 0.624483
    outer loop
      vertex 16.756743 3.275028 -0.991465
      vertex 16.618567 2.944382 -1.101656
      vertex 16.898344 2.944382 -1.381433
    endloop
  endfacet
  facet normal 0.624483 -0.469087 0.624483
    outer loop
      vertex 16.756743 3.275028 -0.991465
      vertex 16.898344 2.944382 -1.381433
      vertex 17.008535 3.275028 -1.243257
    endloop
  endfacet
  facet normal 0.469865 -0.469087 0.747786
    outer loop
      vertex 17.008535 3.275028 -1.243257
      vertex 16.898344 2.944382 -1.381433
      vertex 17.233362 2.944382 -1.591940
    endloop
  endfacet
  facet normal 0.469865 -0.469087 0.747786
    outer loop
      vertex 17.008535 3.275028 -1.243257
      vertex 17.233362 2.944382 -1.591940
      vertex 17.310044 3.275028 -1.432708
    endloop
  endfacet
  facet normal 0.291687 -0.469087 0.833593
    outer loop
      vertex 17.310044 3.275028 -1.432708
      vertex 17.233362 2.944382 -1.591940
      vertex 17.606823 2.944382 -1.722619
    endloop
  endfacet
  facet normal 0.291687 -0.469087 0.833593
    outer loop
      vertex 17.310044 3.275028 -1.432708
      vertex 17.606823 2.944382 -1.722619
      vertex 17.646150 3.275028 -1.550316
    endloop
  endfacet
  facet normal 0.098882 -0.469087 0.877599
    outer loop
      vertex 17.646150 3.275028 -1.550316
      vertex 17.606823 2.944382 -1.722619
      vertex 18.000000 2.944382 -1.766920
    endloop
  endfacet
  facet normal 0.098882 -0.469087 0.877599
    outer loop
      vertex 17.646150 3.275028 -1.550316
      vertex 18.000000 2.944382 -1.766920
      vertex 18.000000 3.275028 -1.590186
    endloop
  endfacet
  facet normal -0.098882 -0.469087 0.877599
    outer loop
      vertex 18.000000 3.275028 -1.590186
      vertex 18.000000 2.944382 -1.766920
      vertex 18.393177 2.944382 -1.722619
    endloop
  endfacet
  facet normal -0.098882 -0.469087 0.877599
    outer loop
      vertex 18.000000 3.275028 -1.590186
      vertex 18.393177 2.944382 -1.722619
      vertex 18.353850 3.275028 -1.550316
    endloop
  endfacet
  facet normal -0.291687 -0.469087 0.833593
    outer loop
      vertex 18.353850 3.275028 -1.550316
      vertex 18.393177 2.944382 -1.722619
      vertex 18.766638 2.944382 -1.591940
    endloop
  endfacet
  facet normal -0.291687 -0.469087 0.833593
    outer loop
      vertex 18.353850 3.275028 -1.550316
      vertex 18.766638 2.944382 -1.591940
      vertex 18.689956 3.275028 -1.432708
    endloop
  endfacet
  facet normal -0.469865 -0.469087 0.747786
    outer loop
      vertex 18.689956 3.275028 -1.432708
      vertex 18.766638 2.944382 -1.591940
      vertex 19.101656 2.944382 -1.381433
    endloop
  endfacet
  facet normal -0.469865 -0.469087 0.747786
    outer loop
      vertex 18.689956 3.275028 -1.432708
      vertex 19.101656 2.944382 -1.381433
      vertex 18.991465 3.275028 -1.243257
    endloop
  endfacet
  facet normal -0.624483 -0.469087 0.624483
    outer loop
      vertex 18.991465 3.275028 -1.243257
      vertex 19.101656 2.944382 -1.381433
      vertex 19.381433 2.944382 -1.101656
    endloop
  endfacet
  facet normal -0.624483 -0.469087 0.624483
    outer loop
      vertex 18.991465 3.275028 -1.243257
      vertex 19.381433 2.944382 -1.101656
      vertex 19.243257 3.275028 -0.991465
    endloop
  endfacet
  facet normal -0.747786 -0.469087 0.469865
    outer loop
      vertex 19.243257 3.275028 -0.991465
      vertex 19.381433 2.944382 -1.101656
      vertex 19.591940 2.944382 -0.766638
    endloop
  endfacet
  facet normal -0.747786 -0.469087 0.469865
    outer loop
      vertex 19.243257 3.275028 -0.991465
      vertex 19.591940 2.944382 -0.766638
      vertex 19.432708 3.275028 -0.689956
    endloop
  endfacet
  facet normal -0.833593 -0.469087 0.291687
    outer loop
      vertex 19.432708 3.275028 -0.689956
      vertex 19.591940 2.944382 -0.766638
      vertex 19.722619 2.944382 -0.393177
    endloop
  endfacet
  facet normal -0.833593 -0.469087 0.291687
    outer loop
      vertex 19.432708 3.275028 -0.689956
      vertex 19.722619 2.944382 -0.393177
      vertex 19.550316 3.275028 -0.353850
    endloop
  endfacet
  facet normal -0.877599 -0.469087 0.098882
    outer loop
      vertex 19.550316 3.275028 -0.353850
      vertex 19.722619 2.944382 -0.393177
      vertex 19.766920 2.944382 0.000000
    endloop
  endfacet
  facet normal -0.877599 -0.469087 0.098882
    outer loop
      vertex 19.550316 3.275028 -0.353850
      vertex 19.766920 2.944382 0.000000
      vertex 19.590186 3.275028 0.000000
    endloop
  endfacet
  facet normal -0.951426 -0.288612 -0.107200
    outer loop
      vertex 19.766920 2.944382 0.000000
      vertex 19.875752 2.585610 0.000000
      vertex 19.828723 2.585610 0.417394
    endloop
  endfacet
  facet normal -0.951426 -0.288612 -0.107200
    outer loop
      vertex 19.766920 2.944382 0.000000
      vertex 19.828723 2.585610 0.417394
      vertex 19.722619 2.944382 0.393177
    endloop
  endfacet
  facet normal -0.903717 -0.288612 -0.316224
    outer loop
      vertex 19.722619 2.944382 0.393177
      vertex 19.828723 2.585610 0.417394
      vertex 19.689994 2.585610 0.813858
    endloop
  endfacet
  facet normal -0.903717 -0.288612 -0.316224
    outer loop
      vertex 19.722619 2.944382 0.393177
      vertex 19.689994 2.585610 0.813858
      vertex 19.591940 2.944382 0.766638
    endloop
  endfacet
  facet normal -0.810693 -0.288612 -0.509392
    outer loop
      vertex 19.591940 2.944382 0.766638
      vertex 19.689994 2.585610 0.813858
      vertex 19.466522 2.585610 1.169512
    endloop
  endfacet
  facet normal -0.810693 -0.288612 -0.509392
    outer loop
      vertex 19.591940 2.944382 0.766638
      vertex 19.466522 2.585610 1.169512
      vertex 19.381433 2.944382 1.101656
    endloop
  endfacet
  facet normal -0.677017 -0.288612 -0.677017
    outer loop
      vertex 19.381433 2.944382 1.101656
      vertex 19.466522 2.585610 1.169512
      vertex 19.169512 2.585610 1.466522
    endloop
  endfacet
  facet normal -0.677017 -0.288612 -0.677017
    outer loop
      vertex 19.381433 2.944382 1.101656
      vertex 19.169512 2.585610 1.466522
      vertex 19.101656 2.944382 1.381433
    endloop
  endfacet
  facet normal -0.509392 -0.288612 -0.810693
    outer loop
      vertex 19.101656 2.944382 1.381433
      vertex 19.169512 2.585610 1.466522
      vertex 18.813858 2.585610 1.689994
    endloop
  endfacet
  facet normal -0.509392 -0.288612 -0.810693
    outer loop
      vertex 19.101656 2.944382 1.381433
      vertex 18.813858 2.585610 1.689994
      vertex 18.766638 2.944382 1.591940
    endloop
  endfacet
  facet normal -0.316224 -0.288612 -0.903717
    outer loop
      vertex 18.766638 2.944382 1.591940
      vertex 18.813858 2.585610 1.689994
      vertex 18.417394 2.585610 1.828723
    endloop
  endfacet
  facet normal -0.316224 -0.288612 -0.903717
    outer loop
      vertex 18.766638 2.944382 1.591940
      vertex 18.417394 2.585610 1.828723
      vertex 18.393177 2.944382 1.722619
    endloop
  endfacet
  facet normal -0.107200 -0.288612 -0.951426
    outer loop
      vertex 18.393177 2.944382 1.722619
      vertex 18.417394 2.585610 1.828723
      vertex 18.000000 2.585610 1.875752
    endloop
  endfacet
  facet normal -0.107200 -0.288612 -0.951426
    outer loop
      vertex 18.393177 2.944382 1.722619
      vertex 18.000000 2.585610 1.875752
      vertex 18.000000 2.944382 1.766920
    endloop
  endfacet
  facet normal 0.107200 -0.288612 -0.951426
    outer loop
      vertex 18.000000 2.944382 1.766920
      vertex 18.000000 2.585610 1.875752
      vertex 17.582606 2.585610 1.828723
    endloop
  endfacet
  facet normal 0.107200 -0.288612 -0.951426
    outer loop
      vertex 18.000000 2.944382 1.766920
      vertex 17.582606 2.585610 1.828723
      vertex 17.606823 2.944382 1.722619
    endloop
  endfacet
  facet normal 0.316224 -0.288612 -0.903717
    outer loop
      vertex 17.606823 2.944382 1.722619
      vertex 17.582606 2.585610 1.828723
      vertex 17.186142 2.585610 1.689994
    endloop
  endfacet
  facet normal 0.316224 -0.288612 -0.903717
    outer loop
      vertex 17.606823 2.944382 1.722619
      vertex 17.186142 2.585610 1.689994
      vertex 17.233362 2.944382 1.591940
    endloop
  endfacet
  facet normal 0.509392 -0.288612 -0.810693
    outer loop
      vertex 17.233362 2.944382 1.591940
      vertex 17.186142 2.585610 1.689994
      vertex 16.830488 2.585610 1.466522
    endloop
  endfacet
  facet normal 0.509392 -0.288612 -0.810693
    outer loop
      vertex 17.233362 2.944382 1.591940
      vertex 16.830488 2.585610 1.466522
      vertex 16.898344 2.944382 1.381433
    endloop
  endfacet
  facet normal 0.677017 -0.288612 -0.677017
    outer loop
      vertex 16.898344 2.944382 1.381433
      vertex 16.830488 2.585610 1.466522
      vertex 16.533478 2.585610 1.169512
    endloop
  endfacet
  facet normal 0.677017 -0.288612 -0.677017
    outer loop
      vertex 16.898344 2.944382 1.381433
      vertex 16.533478 2.585610 1.169512
      vertex 16.618567 2.944382 1.101656
    endloop
  endfacet
  facet normal 0.810693 -0.288612 -0.509392
    outer loop
      vertex 16.618567 2.944382 1.101656
      vertex 16.533478 2.585610 1.169512
      vertex 16.310006 2.585610 0.813858
    endloop
  endfacet
  facet normal 0.810693 -0.288612 -0.509392
    outer loop
      vertex 16.618567 2.944382 1.101656
      vertex 16.310006 2.585610 0.813858
      vertex 16.408060 2.944382 0.766638
    endloop
  endfacet
  facet normal 0.903717 -0.288612 -0.316224
    outer loop
      vertex 16.408060 2.944382 0.766638
      vertex 16.310006 2.585610 0.813858
      vertex 16.171277 2.585610 0.417394
    endloop
  endfacet
  facet normal 0.903717 -0.288612 -0.316224
    outer loop
      vertex 16.408060 2.944382 0.766638
      vertex 16.171277 2.585610 0.417394
      vertex 16.277381 2.944382 0.393177
    endloop
  endfacet
  facet normal 0.951426 -0.288612 -0.107200
    outer loop
      vertex 16.277381 2.944382 0.393177
      vertex 16.171277 2.585610 0.417394
      vertex 16.124248 2.585610 0.000000
    endloop
  endfacet
  facet normal 0.951426 -0.288612 -0.107200
    outer loop
      vertex 16.277381 2.944382 0.393177
      vertex 16.124248 2.585610 0.000000
      vertex 16.233080 2.944382 0.000000
    endloop
  endfacet
  facet normal 0.951426 -0.288612 0.107200
    outer loop
      vertex 16.233080 2.944382 0.000000
      vertex 16.124248 2.585610 0.000000
      vertex 16.171277 2.585610 -0.417394
    endloop
  endfacet
  facet normal 0.951426 -0.288612 0.107200
    outer loop
      vertex 16.233080 2.944382 0.000000
      vertex 16.171277 2.585610 -0.417394
      vertex 16.277381 2.944382 -0.393177
    endloop
  endfacet
  facet normal 0.903717 -0.288612 0.316224
    outer loop
      vertex 16.277381 2.944382 -0.393177
      vertex 16.171277 2.585610 -0.417394
      vertex 16.310006 2.585610 -0.813858
    endloop
  endfacet
  facet normal 0.903717 -0.288612 0.316224
    outer loop
      vertex 16.277381 2.944382 -0.393177
      vertex 16.310006 2.585610 -0.813858
      vertex 16.408060 2.944382 -0.766638
    endloop
  endfacet
  facet normal 0.810693 -0.288612 0.509392
    outer loop
      vertex 16.408060 2.944382 -0.766638
      vertex 16.310006 2.585610 -0.813858
      vertex 16.533478 2.585610 -1.169512
    endloop
  endfacet
  facet normal 0.810693 -0.288612 0.509392
    outer loop
      vertex 16.408060 2.944382 -0.766638
      vertex 16.533478 2.585610 -1.169512
      vertex 16.618567 2.944382 -1.101656
    endloop
  endfacet
  facet normal 0.677017 -0.288612 0.677017
    outer loop
      vertex 16.618567 2.944382 -1.101656
      vertex 16.533478 2.585610 -1.169512
      vertex 16.830488 2.585610 -1.466522
    endloop
  endfacet
  facet normal 0.677017 -0.288612 0.677017
    outer loop
      vertex 16.618567 2.944382 -1.101656
      vertex 16.830488 2.585610 -1.466522
      vertex 16.898344 2.944382 -1.381433
    endloop
  endfacet
  facet normal 0.509392 -0.288612 0.810693
    outer loop
      vertex 16.898344 2.944382 -1.381433
      vertex 16.830488 2.585610 -1.466522
      vertex 17.186142 2.585610 -1.689994
    endloop
  endfacet
  facet normal 0.509392 -0.288612 0.810693
    outer loop
      vertex 16.898344 2.944382 -1.381433
      vertex 17.186142 2.585610 -1.689994
      vertex 17.233362 2.944382 -1.591940
    endloop
  endfacet
  facet normal 0.316224 -0.288612 0.903717
    outer loop
      vertex 17.233362 2.944382 -1.591940
      vertex 17.186142 2.585610 -1.689994
      vertex 17.582606 2.585610 -1.828723
    endloop
  endfacet
  facet normal 0.316224 -0.288612 0.903717
    outer loop
      vertex 17.233362 2.944382 -1.591940
      vertex 17.582606 2.585610 -1.828723
      vertex 17.606823 2.944382 -1.722619
    endloop
  endfacet
  facet normal 0.107200 -0.288612 0.951426
    outer loop
      vertex 17.606823 2.944382 -1.722619
      vertex 17.582606 2.585610 -1.828723
      vertex 18.000000 2.585610 -1.875752
    endloop
  endfacet
  facet normal 0.107200 -0.288612 0.951426
    outer loop
      vertex 17.606823 2.944382 -1.722619
      vertex 18.000000 2.585610 -1.875752
      vertex 18.000000 2.944382 -1.766920
    endloop
  endfacet
  facet normal -0.107200 -0.288612 0.951426
    outer loop
      vertex 18.000000 2.944382 -1.766920
      vertex 18.000000 2.585610 -1.875752
      vertex 18.417394 2.585610 -1.828723
    endloop
  endfacet
  facet normal -0.107200 -0.288612 0.951426
    outer loop
      vertex 18.000000 2.944382 -1.766920
      vertex 18.417394 2.585610 -1.828723
      vertex 18.393177 2.944382 -1.722619
    endloop
  endfacet
  facet normal -0.316224 -0.288612 0.903717
    outer loop
      vertex 18.393177 2.944382 -1.722619
      vertex 18.417394 2.585610 -1.828723
      vertex 18.813858 2.585610 -1.689994
    endloop
  endfacet
  facet normal -0.316224 -0.288612 0.903717
    outer loop
      vertex 18.393177 2.944382 -1.722619
      vertex 18.813858 2.585610 -1.689994
      vertex 18.766638 2.944382 -1.591940
    endloop
  endfacet
  facet normal -0.509392 -0.288612 0.810693
    outer loop
      vertex 18.766638 2.944382 -1.591940
      vertex 18.813858 2.585610 -1.689994
      vertex 19.169512 2.585610 -1.466522
    endloop
  endfacet
  facet normal -0.509392 -0.288612 0.810693
    outer loop
      vertex 18.766638 2.944382 -1.591940
      vertex 19.169512 2.585610 -1.466522
      vertex 19.101656 2.944382 -1.381433
    endloop
  endfacet
  facet normal -0.677017 -0.288612 0.677017
    outer loop
      vertex 19.101656 2.944382 -1.381433
      vertex 19.169512 2.585610 -1.466522
      vertex 19.466522 2.585610 -1.169512
    endloop
  endfacet
  facet normal -0.677017 -0.288612 0.677017
    outer loop
      vertex 19.101656 2.944382 -1.381433
      vertex 19.466522 2.585610 -1.169512
      vertex 19.381433 2.944382 -1.101656
    endloop
  endfacet
  facet normal -0.810693 -0.288612 0.509392
    outer loop
      vertex 19.381433 2.944382 -1.101656
      vertex 19.466522 2.585610 -1.169512
      vertex 19.689994 2.585610 -0.813858
    endloop
  endfacet
  facet normal -0.810693 -0.288612 0.509392
    outer loop
      vertex 19.381433 2.944382 -1.101656
      vertex 19.689994 2.585610 -0.813858
      vertex 19.591940 2.944382 -0.766638
    endloop
  endfacet
  facet normal -0.903717 -0.288612 0.316224
    outer loop
      vertex 19.591940 2.944382 -0.766638
      vertex 19.689994 2.585610 -0.813858
      vertex 19.828723 2.585610 -0.417394
    endloop
  endfacet
  facet normal -0.903717 -0.288612 0.316224
    outer loop
      vertex 19.591940 2.944382 -0.766638
      vertex 19.828723 2.585610 -0.417394
      vertex 19.722619 2.944382 -0.393177
    endloop
  endfacet
  facet normal -0.951426 -0.288612 0.107200
    outer loop
      vertex 19.722619 2.944382 -0.393177
      vertex 19.828723 2.585610 -0.417394
      vertex 19.875752 2.585610 0.000000
    endloop
  endfacet
  facet normal -0.951426 -0.288612 0.107200
    outer loop
      vertex 19.722619 2.944382 -0.393177
      vertex 19.875752 2.585610 0.000000
      vertex 19.766920 2.944382 0.000000
    endloop
  endfacet
  facet normal -0.988987 -0.097407 -0.111432
    outer loop
      vertex 19.875752 2.585610 0.000000
      vertex 19.912500 2.212500 0.000000
      vertex 19.864550 2.212500 0.425571
    endloop
  endfacet
  facet normal -0.988987 -0.097407 -0.111432
    outer loop
      vertex 19.875752 2.585610 0.000000
      vertex 19.864550 2.212500 0.425571
      vertex 19.828723 2.585610 0.417394
    endloop
  endfacet
  facet normal -0.939395 -0.097407 -0.328708
    outer loop
      vertex 19.828723 2.585610 0.417394
      vertex 19.864550 2.212500 0.425571
      vertex 19.723103 2.212500 0.829803
    endloop
  endfacet
  facet normal -0.939395 -0.097407 -0.328708
    outer loop
      vertex 19.828723 2.585610 0.417394
      vertex 19.723103 2.212500 0.829803
      vertex 19.689994 2.585610 0.813858
    endloop
  endfacet
  facet normal -0.842698 -0.097407 -0.529502
    outer loop
      vertex 19.689994 2.585610 0.813858
      vertex 19.723103 2.212500 0.829803
      vertex 19.495253 2.212500 1.192424
    endloop
  endfacet
  facet normal -0.842698 -0.097407 -0.529502
    outer loop
      vertex 19.689994 2.585610 0.813858
      vertex 19.495253 2.212500 1.192424
      vertex 19.466522 2.585610 1.169512
    endloop
  endfacet
  facet normal -0.703744 -0.097407 -0.703744
    outer loop
      vertex 19.466522 2.585610 1.169512
      vertex 19.495253 2.212500 1.192424
      vertex 19.192424 2.212500 1.495253
    endloop
  endfacet
  facet normal -0.703744 -0.097407 -0.703744
    outer loop
      vertex 19.466522 2.585610 1.169512
      vertex 19.192424 2.212500 1.495253
      vertex 19.169512 2.585610 1.466522
    endloop
  endfacet
  facet normal -0.529502 -0.097407 -0.842698
    outer loop
      vertex 19.169512 2.585610 1.466522
      vertex 19.192424 2.212500 1.495253
      vertex 18.829803 2.212500 1.723103
    endloop
  endfacet
  facet normal -0.529502 -0.097407 -0.842698
    outer loop
      vertex 19.169512 2.585610 1.466522
      vertex 18.829803 2.212500 1.723103
      vertex 18.813858 2.585610 1.689994
    endloop
  endfacet
  facet normal -0.328708 -0.097407 -0.939395
    outer loop
      vertex 18.813858 2.585610 1.689994
      vertex 18.829803 2.212500 1.723103
      vertex 18.425571 2.212500 1.864550
    endloop
  endfacet
  facet normal -0.328708 -0.097407 -0.939395
    outer loop
      vertex 18.813858 2.585610 1.689994
      vertex 18.425571 2.212500 1.864550
      vertex 18.417394 2.585610 1.828723
    endloop
  endfacet
  facet normal -0.111432 -0.097407 -0.988987
    outer loop
      vertex 18.417394 2.585610 1.828723
      vertex 18.425571 2.212500 1.864550
      vertex 18.000000 2.212500 1.912500
    endloop
  endfacet
  facet normal -0.111432 -0.097407 -0.988987
    outer loop
      vertex 18.417394 2.585610 1.828723
      vertex 18.000000 2.212500 1.912500
      vertex 18.000000 2.585610 1.875752
    endloop
  endfacet
  facet normal 0.111432 -0.097407 -0.988987
    outer loop
      vertex 18.000000 2.585610 1.875752
      vertex 18.000000 2.212500 1.912500
      vertex 17.574429 2.212500 1.864550
    endloop
  endfacet
  facet normal 0.111432 -0.097407 -0.988987
    outer loop
      vertex 18.000000 2.585610 1.875752
      vertex 17.574429 2.212500 1.864550
      vertex 17.582606 2.585610 1.828723
    endloop
  endfacet
  facet normal 0.328708 -0.097407 -0.939395
    outer loop
      vertex 17.582606 2.585610 1.828723
      vertex 17.574429 2.212500 1.864550
      vertex 17.170197 2.212500 1.723103
    endloop
  endfacet
  facet normal 0.328708 -0.097407 -0.939395
    outer loop
      vertex 17.582606 2.585610 1.828723
      vertex 17.170197 2.212500 1.723103
      vertex 17.186142 2.585610 1.689994
    endloop
  endfacet
  facet normal 0.529502 -0.097407 -0.842698
    outer loop
      vertex 17.186142 2.585610 1.689994
      vertex 17.170197 2.212500 1.723103
      vertex 16.807576 2.212500 1.495253
    endloop
  endfacet
  facet normal 0.529502 -0.097407 -0.842698
    outer loop
      vertex 17.186142 2.585610 1.689994
      vertex 16.807576 2.212500 1.495253
      vertex 16.830488 2.585610 1.466522
    endloop
  endfacet
  facet normal 0.703744 -0.097407 -0.703744
    outer loop
      vertex 16.830488 2.585610 1.466522
      vertex 16.807576 2.212500 1.495253
      vertex 16.504747 2.212500 1.192424
    endloop
  endfacet
  facet normal 0.703744 -0.097407 -0.703744
    outer loop
      vertex 16.830488 2.585610 1.466522
      vertex 16.504747 2.212500 1.192424
      vertex 16.533478 2.585610 1.169512
    endloop
  endfacet
  facet normal 0.842698 -0.097407 -0.529502
    outer loop
      vertex 16.533478 2.585610 1.169512
      vertex 16.504747 2.212500 1.192424
      vertex 16.276897 2.212500 0.829803
    endloop
  endfacet
  facet normal 0.842698 -0.097407 -0.529502
    outer loop
      vertex 16.533478 2.585610 1.169512
      vertex 16.276897 2.212500 0.829803
      vertex 16.310006 2.585610 0.813858
    endloop
  endfacet
  facet normal 0.939395 -0.097407 -0.328708
    outer loop
      vertex 16.310006 2.585610 0.813858
      vertex 16.276897 2.212500 0.829803
      vertex 16.135450 2.212500 0.425571
    endloop
  endfacet
  facet normal 0.939395 -0.097407 -0.328708
    outer loop
      vertex 16.310006 2.585610 0.813858
      vertex 16.135450 2.212500 0.425571
      vertex 16.171277 2.585610 0.417394
    endloop
  endfacet
  facet normal 0.988987 -0.097407 -0.111432
    outer loop
      vertex 16.171277 2.585610 0.417394
      vertex 16.135450 2.212500 0.425571
      vertex 16.087500 2.212500 0.000000
    endloop
  endfacet
  facet normal 0.988987 -0.097407 -0.111432
    outer loop
      vertex 16.171277 2.585610 0.417394
      vertex 16.087500 2.212500 0.000000
      vertex 16.124248 2.585610 0.000000
    endloop
  endfacet
  facet normal 0.988987 -0.097407 0.111432
    outer loop
      vertex 16.124248 2.585610 0.000000
      vertex 16.087500 2.212500 0.000000
      vertex 16.135450 2.212500 -0.425571
    endloop
  endfacet
  facet normal 0.988987 -0.097407 0.111432
    outer loop
      vertex 16.124248 2.585610 0.000000
      vertex 16.135450 2.212500 -0.425571
      vertex 16.171277 2.585610 -0.417394
    endloop
  endfacet
  facet normal 0.939395 -0.097407 0.328708
    outer loop
      vertex 16.171277 2.585610 -0.417394
      vertex 16.135450 2.212500 -0.425571
      vertex 16.276897 2.212500 -0.829803
    endloop
  endfacet
  facet normal 0.939395 -0.097407 0.328708
    outer loop
      vertex 16.171277 2.585610 -0.417394
      vertex 16.276897 2.212500 -0.829803
      vertex 16.310006 2.585610 -0.813858
    endloop
  endfacet
  facet normal 0.842698 -0.097407 0.529502
    outer loop
      vertex 16.310006 2.585610 -0.813858
      vertex 16.276897 2.212500 -0.829803
      vertex 16.504747 2.212500 -1.192424
    endloop
  endfacet
  facet normal 0.842698 -0.097407 0.529502
    outer loop
      vertex 16.310006 2.585610 -0.813858
      vertex 16.504747 2.212500 -1.192424
      vertex 16.533478 2.585610 -1.169512
    endloop
  endfacet
  facet normal 0.703744 -0.097407 0.703744
    outer loop
      vertex 16.533478 2.585610 -1.169512
      vertex 16.504747 2.212500 -1.192424
      vertex 16.807576 2.212500 -1.495253
    endloop
  endfacet
  facet normal 0.703744 -0.097407 0.703744
    outer loop
      vertex 16.533478 2.585610 -1.169512
      vertex 16.807576 2.212500 -1.495253
      vertex 16.830488 2.585610 -1.466522
    endloop
  endfacet
  facet normal 0.529502 -0.097407 0.842698
    outer loop
      vertex 16.830488 2.585610 -1.466522
      vertex 16.807576 2.212500 -1.495253
      vertex 17.170197 2.212500 -1.723103
    endloop
  endfacet
  facet normal 0.529502 -0.097407 0.842698
    outer loop
      vertex 16.830488 2.585610 -1.466522
      vertex 17.170197 2.212500 -1.723103
      vertex 17.186142 2.585610 -1.689994
    endloop
  endfacet
  facet normal 0.328708 -0.097407 0.939395
    outer loop
      vertex 17.186142 2.585610 -1.689994
      vertex 17.170197 2.212500 -1.723103
      vertex 17.574429 2.212500 -1.864550
    endloop
  endfacet
  facet normal 0.328708 -0.097407 0.939395
    outer loop
      vertex 17.186142 2.585610 -1.689994
      vertex 17.574429 2.212500 -1.864550
      vertex 17.582606 2.585610 -1.828723
    endloop
  endfacet
  facet normal 0.111432 -0.097407 0.988987
    outer loop
      vertex 17.582606 2.585610 -1.828723
      vertex 17.574429 2.212500 -1.864550
      vertex 18.000000 2.212500 -1.912500
    endloop
  endfacet
  facet normal 0.111432 -0.097407 0.988987
    outer loop
      vertex 17.582606 2.585610 -1.828723
      vertex 18.000000 2.212500 -1.912500
      vertex 18.000000 2.585610 -1.875752
    endloop
  endfacet
  facet normal -0.111432 -0.097407 0.988987
    outer loop
      vertex 18.000000 2.585610 -1.875752
      vertex 18.000000 2.212500 -1.912500
      vertex 18.425571 2.212500 -1.864550
    endloop
  endfacet
  facet normal -0.111432 -0.097407 0.988987
    outer loop
      vertex 18.000000 2.585610 -1.875752
      vertex 18.425571 2.212500 -1.864550
      vertex 18.417394 2.585610 -1.828723
    endloop
  endfacet
  facet normal -0.328708 -0.097407 0.939395
    outer loop
      vertex 18.417394 2.585610 -1.828723
      vertex 18.425571 2.212500 -1.864550
      vertex 18.829803 2.212500 -1.723103
    endloop
  endfacet
  facet normal -0.328708 -0.097407 0.939395
    outer loop
      vertex 18.417394 2.585610 -1.828723
      vertex 18.829803 2.212500 -1.723103
      vertex 18.813858 2.585610 -1.689994
    endloop
  endfacet
  facet normal -0.529502 -0.097407 0.842698
    outer loop
      vertex 18.813858 2.585610 -1.689994
      vertex 18.829803 2.212500 -1.723103
      vertex 19.192424 2.212500 -1.495253
    endloop
  endfacet
  facet normal -0.529502 -0.097407 0.842698
    outer loop
      vertex 18.813858 2.585610 -1.689994
      vertex 19.192424 2.212500 -1.495253
      vertex 19.169512 2.585610 -1.466522
    endloop
  endfacet
  facet normal -0.703744 -0.097407 0.703744
    outer loop
      vertex 19.169512 2.585610 -1.466522
      vertex 19.192424 2.212500 -1.495253
      vertex 19.495253 2.212500 -1.192424
    endloop
  endfacet
  facet normal -0.703744 -0.097407 0.703744
    outer loop
      vertex 19.169512 2.585610 -1.466522
      vertex 19.495253 2.212500 -1.192424
      vertex 19.466522 2.585610 -1.169512
    endloop
  endfacet
  facet normal -0.842698 -0.097407 0.529502
    outer loop
      vertex 19.466522 2.585610 -1.169512
      vertex 19.495253 2.212500 -1.192424
      vertex 19.723103 2.212500 -0.829803
    endloop
  endfacet
  facet normal -0.842698 -0.097407 0.529502
    outer loop
      vertex 19.466522 2.585610 -1.169512
      vertex 19.723103 2.212500 -0.829803
      vertex 19.689994 2.585610 -0.813858
    endloop
  endfacet
  facet normal -0.939395 -0.097407 0.328708
    outer loop
      vertex 19.689994 2.585610 -0.813858
      vertex 19.723103 2.212500 -0.829803
      vertex 19.864550 2.212500 -0.425571
    endloop
  endfacet
  facet normal -0.939395 -0.097407 0.328708
    outer loop
      vertex 19.689994 2.585610 -0.813858
      vertex 19.864550 2.212500 -0.425571
      vertex 19.828723 2.585610 -0.417394
    endloop
  endfacet
  facet normal -0.988987 -0.097407 0.111432
    outer loop
      vertex 19.828723 2.585610 -0.417394
      vertex 19.864550 2.212500 -0.425571
      vertex 19.912500 2.212500 0.000000
    endloop
  endfacet
  facet normal -0.988987 -0.097407 0.111432
    outer loop
      vertex 19.828723 2.585610 -0.417394
      vertex 19.912500 2.212500 0.000000
      vertex 19.875752 2.585610 0.000000
    endloop
  endfacet
endsolid neopixel_ws2812b_strip